,F_MAMH,F_MANH,F_SISO,F_TCPHONG
0,MI1003,UTH1,-5.0,NT
1,MI1003,A01,-5.0,NT
2,MI1003,A02,-5.0,NT
3,EE2003,N1HT,82.0,QT
4,EE2017,N1HT,84.0,QT
5,EE2035,N1HT,84.0,QT
6,EE2039,N1HT,84.0,QT
7,EE3001,N1HT,80.0,QT
8,EE3027,N1HT,80.0,QT
9,EE3009,N1HT,80.0,QT
10,EE3023,N1HT,24.0,M9
11,EE3181,N1HT,80.0,QT
12,EE3087,N1HT,86.0,QT
13,EE3131,N1HT,80.0,QT
14,EE3001,N1H2,20.0,QT
15,EE3027,N1H2,20.0,QT
16,EE3009,N1H2,20.0,QT
17,EE3023,N1H2,20.0,M9
18,EE2004,N1HT,80.0,QT
19,EE2018,N1HT,22.0,N
20,EE2036,N1HT,22.0,MD
21,EE2040,N1HT,30.0,D1
22,EE3002,N1HT,20.0,E
23,EE3028,N1HT,20.0,F
24,EE3010,N1HT,20.0,N
25,EE3088,N1HT,24.0,ET
26,EE3002,N1H2,20.0,E
27,EE3028,N1H2,20.0,F
28,EE3010,N1H2,20.0,N
29,EE3088,N1H2,20.0,ET
30,EE2018,N1H1,22.0,N
31,EE2018,N1H2,22.0,N
32,EE2018,N1H3,22.0,N
33,EE2036,N1H2,22.0,MD
34,EE2036,N1H3,22.0,MD
35,EE2036,N1H4,22.0,MD
36,EE2040,N1H2,30.0,D1
37,EE2040,N1H3,30.0,D1
38,EE3002,N1H1,20.0,E
39,EE3002,N1H3,20.0,E
40,EE3002,N1H4,20.0,E
41,EE3028,N1H1,20.0,F
42,EE3028,N1H3,20.0,F
43,EE3028,N1H4,20.0,F
44,EE3010,N1H1,20.0,N
45,EE3010,N1H3,20.0,N
46,EE3010,N1H4,20.0,N
47,EE3023,N1H3,24.0,M9
48,EE3023,N1H4,24.0,M9
49,EE3023,N1H1,24.0,M9
50,EE3088,N1H1,24.0,ET
51,EE3088,N1H3,24.0,ET
52,ME2005,L01,50.0,LH
53,ME2009,L01,75.0,LH
54,ME2115,L01,30.0,.
55,ME4019,L01,900.0,.
56,ME4071,CC01,100.0,
57,ME4071,L01,100.0,
58,ME4201,L01,60.0,LH
59,ME4203,CC01,60.0,QT
60,ME4221,L01,100.0,.
61,ME4053,L01,900.0,.
62,ME4081,L01,100.0,
63,ME4091,L01,100.0,.
64,ME4141,L01,60.0,LH
65,ME4311,L01,60.0,LH
66,ME3003,CC01,25.0,QT
67,ME3003,L01,75.0,LH
68,ME3033,L01,25.0,LH
69,ME3201,L01,25.0,LH
70,ME3207,L01,25.0,LH
71,ME3239,L01,50.0,LH
72,ME4007,CC01,30.0,QT
73,ME4007,L01,60.0,LH
74,ME1019,L01,60.0,LH
75,ME3105,L01,60.0,LH
76,ME4113,L01,100.0,.
77,ME4121,L01,100.0,
78,ME4533,L01,70.0,LH
79,ME4061,CC01,60.0,.
80,ME4061,L01,61.0,
81,ME4093,L01,100.0,.
82,ME4727,L01,900.0,.
83,ME3297,CC01,60.0,QT
84,ME3297,L01,60.0,LH
85,ME3299,L01,60.0,LH
86,ME4101,L01,100.0,.
87,ME4103,CC01,60.0,.
88,ME4103,L01,100.0,.
89,ME4611,L01,60.0,LH
90,ME4615,L01,60.0,LH
91,ME4617,L01,60.0,LH
92,ME4625,CC01,70.0,QT
93,ME4625,L01,70.0,LH
94,ME4641,CC01,60.0,QT
95,ME4641,L01,60.0,LH
96,IU2021,L01,60.0,LH
97,IU3011,L01,25.0,LH
98,IU3067,L01,25.0,LH
99,IU3087,L01,60.0,LH
100,IU4013,L01,60.0,
101,ME3281,L01,50.0,LH
102,ME1015,L01,60.0,LH
103,ME2089,L01,80.0,LH
104,ME2091,L01,70.0,LH
105,ME2117,L01,35.0,CM
106,ME2135,CC01,60.0,.
107,ME2135,L01,67.0,
108,ME2135,A01,60.0,.
109,ME2137,L01,40.0,TK
110,ME3027,L01,70.0,LH
111,ME3139,CC01,60.0,.
112,ME3139,L01,60.0,
113,ME3141,L01,40.0,TK
114,ME3215,L01,60.0,LH
115,ME4003,L01,60.0,LH
116,ME4047,L01,100.0,.
117,ME4049,L01,900.0,.
118,ME4085,L01,100.0,.
119,GE2035,CC01,60.0,QT
120,GE1027,CC01,60.0,QT
121,GE1013,A01,105.0,QT
122,GE2073,L01,60.0,LH
123,GE3211,L01,60.0,LH
124,GE3205,L01,60.0,LH
125,GE3207,L01,60.0,LH
126,GE3181,L01,60.0,LH
127,GE3137,L01,60.0,LH
128,GE4069,L01,60.0,LH
129,GE2035,L01,80.0,LH
130,GE2031,L01,60.0,LH
131,GE3183,L01,60.0,LH
132,GE2037,L01,60.0,LH
133,GE2043,L01,60.0,LH
134,GE1011,L01,60.0,LH
135,GE2041,L01,60.0,LH
136,GE2055,L01,60.0,LH
137,GE4141,L01,100.0,.
138,GE3145,L01,60.0,.
139,GE3157,L01,60.0,.
140,GE3159,L01,60.0,.
141,GE2057,L01,500.0,.
142,GE3175,L01,60.0,LH
143,GE1027,L01,60.0,LH
144,GE2099,L01,60.0,LH
145,GE3017,L01,60.0,LH
146,GE4091,L01,60.0,LH
147,GE4033,L01,60.0,LH
148,GE3177,L01,60.0,LH
149,GE2067,L01,60.0,LH
150,GE3013,L01,25.0,G1
151,GE2047,L01,60.0,LH
152,GE4145,L01,60.0,LH
153,GE2075,L01,30.0,.
154,GE2033,L01,20.0,LH
155,GE2069,L01,60.0,LH
156,GE3165,L01,60.0,LH
157,GE2065,L01,60.0,LH
158,GE3243,L01,60.0,LH
159,GE2035,A01,60.0,QT
160,GE1013,CC04,70.0,QT
161,GE2011,L01,60.0,LH
162,GE3209,L01,900.0,.
163,GE4085,L01,60.0,LH
164,TR3059,L01,60.0,LH
165,TR4087,L01,60.0,LH
166,TR4093,L01,60.0,.
167,TR4079,L01,100.0,
168,TR2011,L01,60.0,LH
169,TR4021,L01,30.0,LH
170,TR2033,L01,60.0,LH
171,TR4317,L01,100.0,.
172,TR3091,L01,60.0,LH
173,TR4051,L01,60.0,LH
174,TR4001,L01,25.0,LH
175,CH4051,CC01,25.0,QT
176,CH3421,CC01,60.0,QT
177,CH3429,CC01,20.0,QT
178,CH4053,CC01,60.0,.
179,CH4095,CC01,60.0,.
180,CH4007,CC01,60.0,.
181,CH4099,CC01,60.0,.
182,CH4125,CC01,65.0,QT
183,CH4091,CC01,60.0,QT
184,CH4085,CC01,60.0,QT
185,CH4079,CC01,80.0,QT
186,CH2003,CC01,60.0,QT
187,CH2113,CC01,60.0,QT
188,CH4061,CC01,60.0,QT
189,CH2051,CC01,60.0,QT
190,CH2043,CC01,60.0,QT
191,CH2041,CC01,35.0,L
192,CH4125,A01,70.0,QT
193,CH4079,A01,80.0,QT
194,CH4051,L01,25.0,LH
195,CH4087,L01,60.0,LH
196,CH3421,L01,60.0,LH
197,CH4139,L01,20.0,LH
198,CH4127,L01,60.0,LH
199,CH4137,L01,60.0,LH
200,CH4129,L01,60.0,LH
201,CH3399,L01,20.0,LH
202,CH3409,L01,20.0,LH
203,CH4053,L01,40.0,
204,CH4095,L01,40.0,
205,CH4103,L01,40.0,.
206,CH4057,L01,40.0,.
207,CH4007,L01,40.0,
208,CH4125,L01,75.0,LH
209,CH4091,L01,60.0,LH
210,CH4085,L01,60.0,LH
211,CH4079,L01,80.0,LH
212,CH2021,L01,80.0,LH
213,CH2003,L01,80.0,LH
214,CH2113,L01,85.0,LH
215,CH4145,L01,50.0,LH
216,CH4061,L01,60.0,LH
217,CH3133,L01,80.0,LH
218,CH4151,L01,60.0,LH
219,CH2051,L01,70.0,LH
220,CH2043,L01,60.0,LH
221,CH2027,L01,60.0,LH
222,CH2053,L01,25.0,H
223,CH2041,L01,35.0,L
224,CH4063,L01,60.0,LH
225,CH4153,L01,60.0,LH
226,CH4131,CC01,60.0,QT
227,CH4131,L01,60.0,LH
228,CH4081,L01,60.0,LH
229,EN1003,A04,60.0,QT
230,EN2061,CC01,60.0,QT
231,EN1005,CC01,60.0,QT
232,EN2039,CC01,60.0,QT
233,EN4023,L01,500.0,.
234,EN4027,L01,900.0,.
235,EN2047,L01,60.0,LH
236,EN2033,L01,90.0,LH
237,EN2055,L01,90.0,LH
238,EN2049,L01,60.0,LH
239,EN2039,L01,40.0,LH
240,EN3211,L01,60.0,LH
241,CO3141,CC01,60.0,QT
242,CO4029,CC01,60.0,
243,CO3119,CC01,60.0,.
244,CO4041,CC01,500.0,.
245,CO3091,CC01,60.0,.
246,CO3103,CC01,60.0,.
247,CO3105,CC01,60.0,.
248,CO3101,CC01,60.0,.
249,CO3137,CC01,35.0,QT
250,CO2013,CC01,80.0,QT
251,CO3133,CC01,60.0,QT
252,CO3135,CC01,60.0,QT
253,CO2011,CC01,60.0,QT
254,CO2035,CC01,60.0,QT
255,CO4029,A02,60.0,.
256,CO3105,A01,60.0,.
257,CO3101,A01,60.0,.
258,CO3141,L01,60.0,LH
259,CO4029,L01,97.0,
260,CO3119,L01,60.0,.
261,CO4041,L01,500.0,
262,CO3091,L01,500.0,
263,CO3103,L01,500.0,
264,CO3105,L01,60.0,.
265,CO3127,L01,60.0,.
266,CO3101,L01,500.0,
267,CO3137,L01,80.0,LH
268,CO2013,L01,80.0,LH
269,CO3133,L01,85.0,LH
270,CO3135,L01,85.0,LH
271,CO2037,L01,30.0,LH
272,CO2011,L01,100.0,LH
273,CO3087,L01,40.0,.
274,CO2035,L01,105.0,LH
275,CO3133,A01,60.0,QT
276,CO4311,L01,500.0,.
277,CO4315,L01,500.0,.
278,CO1029,L01,100.0,.
279,CO1031,L01,100.0,.
280,CO2043,L01,40.0,.
281,CO4029,A01,60.0,.
282,CO4347,A03,0.0,.
283,CO4337,A02,0.0,.
284,IM1003,CC01,70.0,QT
285,IM1003,L01,60.0,LH
286,IM1011,CC01,60.0,QT
287,IM1011,L01,60.0,LH
288,IM1019,A01,60.0,QT
289,IM1019,CC03,80.0,QT
290,IM1023,A01,60.0,QT
291,IM1025,A02,60.0,QT
292,IM3047,A01,60.0,QT
293,IM3047,CC02,61.0,QT
294,IM3047,CC01,70.0,QT
295,IM3047,L01,80.0,LH
296,IM3051,L01,60.0,LH
297,IM3063,CC01,60.0,QT
298,IM3073,L01,80.0,LH
299,IM4033,CC01,60.0,.
300,IM4033,L01,60.0,.
301,AS4007,A01,60.0,.
302,AS2001,L01,80.0,LH
303,AS1003,L01,60.0,LH
304,AS4007,L01,60.0,.
305,AS2031,L01,60.0,.
306,PH2005,A01,60.0,QT
307,PH1003,CC01,80.0,QT
308,AS4005,L01,60.0,.
309,PH1003,L01,120.0,LH
310,MA4071,CC01,60.0,.
311,MA3157,CC01,20.0,QT
312,MA3171,CC01,60.0,QT
313,MA3165,CC01,60.0,QT
314,MA1003,L01,60.0,LH
315,MA4071,L01,60.0,
316,MA4065,L01,60.0,LH
317,MA3021,L01,60.0,LH
318,MA3101,L01,60.0,LH
319,MA4113,L01,60.0,LH
320,MA5005,A01,60.0,.
321,MA2039,A01,20.0,QT
322,MA3129,A01,60.0,QT
323,MA2109,A01,60.0,
324,MA2119,A01,60.0,.
325,MA3127,A01,60.0,QT
326,MA2029,L01,100.0,.
327,IM1031,CC01,70.0,QT
328,IM1031,L01,80.0,LH
329,IM1021,A02,65.0,QT
330,CI3261,CC01,60.0,QT
331,CI3263,CC01,60.0,QT
332,CI4133,CC01,60.0,.
333,CI4235,CC01,100.0,.
334,CI2101,CC01,60.0,.
335,CI3289,CC01,60.0,QT
336,CI2099,CC01,60.0,QT
337,CI4153,L01,20.0,LH
338,CI3241,L01,60.0,LH
339,CI2137,L01,90.0,LH
340,CI2135,L01,80.0,LH
341,CI4145,L01,60.0,LH
342,CI4141,L01,60.0,LH
343,CI2095,L01,60.0,LH
344,CI4133,L01,40.0,
345,CI4157,L01,40.0,
346,CI4167,L01,40.0,
347,CI4171,L01,900.0,
348,CI4173,L01,40.0,
349,CI4175,L01,40.0,.
350,CI4235,L01,100.0,
351,CI4165,L01,60.0,LH
352,CI2045,L01,30.0,LH
353,CI2139,L01,90.0,LH
354,CI4131,L01,60.0,LH
355,CI2133,L01,80.0,LH
356,CI3231,L01,60.0,LH
357,CI4129,L01,60.0,LH
358,CI3289,L01,90.0,LH
359,CI3291,L01,90.0,LH
360,CI3061,L01,60.0,LH
361,CI4161,L01,60.0,LH
362,CI4197,L01,60.0,LH
363,CI4189,L01,60.0,LH
364,CI3269,L01,60.0,LH
365,CI4023,L01,60.0,LH
366,CI2149,L01,30.0,O6
367,CI2155,L01,25.0,CL
368,CI4187,L01,85.0,LH
369,CI3267,L01,60.0,LH
370,CI1007,L01,25.0,LH
371,CI2151,A01,60.0,QT
372,CI5001,A01,60.0,.
373,CI5013,A01,40.0,QT
374,CI2109,A01,60.0,.
375,CI4123,L01,40.0,.
376,CI3221,L01,40.0,.
377,CI4317,L01,900.0,.
378,CI4313,L01,900.0,.
379,CI4343,L01,900.0,.
380,EE3181,A01,100.0,
381,EE4007,A01,100.0,
382,EE4347,A01,100.0,
383,EE2033,A01,30.0,QT
384,EE3009,A01,25.0,QT
385,EE2003,A03,80.0,QT
386,EE2021,L01,90.0,LH
387,EE2019,L01,60.0,LH
388,EE4009,L01,500.0,
389,EE4011,L01,76.0,
390,EE4007,L01,65.0,
391,EE3013,L01,80.0,LH
392,EE2033,L01,60.0,LH
393,EE2009,L01,80.0,LH
394,EE3097,L01,72.0,LH
395,EE1005,L01,31.0,LH
396,EE3015,L01,60.0,LH
397,EE3025,L01,80.0,LH
398,EE1009,L01,90.0,LH
399,EE2081,L01,40.0,LH
400,EE3003,L01,60.0,LH
401,EE2025,L01,24.0,T1
402,EE2023,L01,30.0,M
403,EE3217,L01,60.0,LH
404,EE3185,A02,60.0,.
405,EE3183,A02,500.0,.
406,EE5001,A01,500.0,.
407,EE4337,L01,500.0,.
408,ME2006,L01,25.0,X2
409,ME2010,L01,25.0,X9
410,ME4202,L01,60.0,LH
411,ME4204,CC01,60.0,QT
412,ME3004,CC01,25.0,DL
413,ME3004,L01,25.0,DL
414,ME3034,L01,25.0,CC
415,ME3202,L01,25.0,
416,ME3208,L01,25.0,C2
417,ME3240,L01,25.0,
418,ME4008,CC01,30.0,C2
419,ME4008,L01,30.0,C2
420,ME4612,L01,60.0,LH
421,ME4618,L01,60.0,LH
422,IU3012,L01,25.0,NU
423,IU3068,L01,25.0,XL
424,ME3282,L01,25.0,TC
425,ME1016,L01,60.0,LH
426,ME2090,L01,40.0,TK
427,ME2092,L01,70.0,LH
428,ME3028,L01,35.0,TK
429,ME3216,L01,60.0,LH
430,ME4004,L01,60.0,LH
431,GE1028,CC01,60.0,QT
432,GE1014,A01,35.0,.
433,GE4070,L01,60.0,LH
434,GE2036,L01,80.0,LH
435,GE2032,L01,60.0,LH
436,GE2038,L01,60.0,LH
437,GE1012,L01,60.0,LH
438,GE2042,L01,60.0,LH
439,GE2056,L01,60.0,LH
440,GE1028,L01,60.0,LH
441,GE3178,L01,60.0,LH
442,GE2034,L01,20.0,DC
443,GE2036,A01,60.0,QT
444,GE1014,CC07,35.0,.
445,GE2012,L01,60.0,LH
446,GE4086,L01,60.0,LH
447,TR2012,L01,60.0,LH
448,TR4022,L01,30.0,GT
449,TR2034,L01,60.0,LH
450,TR4002,L01,25.0,GT
451,CH4052,CC01,25.0,""""
452,CH3430,CC01,20.0,MP
453,CH4052,L01,25.0,""""
454,CH4140,L01,20.0,V6
455,CH3400,L01,20.0,{}
456,CH3410,L01,20.0,{}
457,CH2022,L01,80.0,LH
458,CH2028,L01,20.0,LO
459,EN2050,L01,60.0,LH
460,CO3138,CC01,35.0,F2
461,CO2014,CC01,40.0,TH
462,CO2036,CC01,30.0,5
463,CO3138,L01,40.0,HM
464,CO2014,L01,40.0,HM
465,CO2038,L01,30.0,N5
466,CO2036,L01,35.0,N5
467,AS2002,L01,80.0,LH
468,AS1004,L01,60.0,LH
469,PH2006,A01,60.0,QT
470,MA3158,CC01,20.0,SI
471,MA3166,CC01,60.0,QT
472,MA1004,L01,60.0,LH
473,MA3022,L01,60.0,LH
474,MA3102,L01,60.0,LH
475,MA2040,A01,20.0,N8
476,MA3130,A01,60.0,QT
477,MA3128,A01,60.0,QT
478,CI3262,CC01,60.0,QT
479,CI3264,CC01,60.0,QT
480,CI2100,CC01,60.0,QT
481,CI4154,L01,20.0,VX
482,CI2138,L01,90.0,LH
483,CI2136,L01,80.0,LH
484,CI4146,L01,60.0,LH
485,CI2096,L01,30.0,Y
486,CI4166,L01,60.0,LH
487,CI2046,L01,30.0,VI
488,CI3062,L01,60.0,LH
489,CI4198,L01,60.0,LH
490,CI3270,L01,60.0,LH
491,CI1008,L01,25.0,HD
492,EE2034,A01,30.0,MD
493,EE3010,A01,25.0,N
494,EE2004,A03,80.0,QT
495,EE2022,L01,18.0,T4
496,EE2020,L01,30.0,G
497,EE3014,L01,20.0,ET
498,EE2034,L01,30.0,O2
499,EE2010,L01,40.0,ND
500,EE3098,L01,18.0,E
501,EE1006,L01,31.0,LH
502,EE1010,L01,30.0,T6
503,EE2082,L01,40.0,ND
504,CH2021,L02,80.0,LH
505,CH2022,L02,80.0,LH
506,CH2028,L02,20.0,LO
507,CH2028,L03,20.0,LO
508,CH2021,L03,80.0,LH
509,CH2022,L03,80.0,LH
510,CH4079,L02,80.0,LH
511,CH4079,L03,80.0,LH
512,CH4079,L04,80.0,LH
513,CH4079,L05,80.0,LH
514,CH4079,L06,70.0,LH
515,CH4079,L07,80.0,LH
516,CH4079,CC02,80.0,QT
517,CH4085,L02,60.0,LH
518,CH4125,CC02,60.0,QT
519,CH4125,L02,75.0,LH
520,CH4125,L03,75.0,LH
521,CH4125,L04,75.0,LH
522,CH4125,L05,75.0,LH
523,CI2096,L02,30.0,Y
524,CI2133,L02,80.0,LH
525,CI2137,L02,90.0,LH
526,CI2138,L02,90.0,LH
527,CO2014,L02,40.0,HM
528,CO2013,L02,80.0,LH
529,CO2014,L03,40.0,HM
530,CO2014,L04,40.0,HM
531,CO2036,L02,35.0,N5
532,CO2036,L03,35.0,N5
533,CO3138,L02,40.0,HM
534,EE1010,L02,30.0,T6
535,EE1010,L03,30.0,T6
536,EE1009,L02,90.0,LH
537,EE1010,L04,30.0,T6
538,EE1010,L05,30.0,T6
539,EE1010,L06,30.0,T6
540,EE2010,L02,40.0,ND
541,EE2009,L02,40.0,LH
542,EE2010,L03,40.0,ND
543,EE2020,L02,30.0,G
544,EE2019,L02,60.0,LH
545,EE2020,L03,30.0,G
546,EE2020,L04,30.0,G
547,EE2022,L02,18.0,T4
548,EE2022,L03,18.0,T4
549,EE2022,L04,18.0,T4
550,EE2022,L05,18.0,T4
551,EE2023,L02,30.0,M
552,EE2023,L03,30.0,M
553,EE2025,L02,24.0,T1
554,EE2025,L03,24.0,T1
555,EE2034,L02,30.0,O2
556,EE2033,L02,60.0,LH
557,EE2034,L03,30.0,O2
558,EE2034,L04,30.0,O2
559,EE3014,L02,20.0,ET
560,EE3014,L03,20.0,ET
561,EE3014,L04,20.0,ET
562,EE3098,L02,18.0,E
563,EE3098,L03,18.0,E
564,EE3098,L04,18.0,E
565,EE3031,CC01,60.0,QT
566,GE2036,CC01,60.0,QT
567,GE2035,L02,80.0,LH
568,GE2036,L02,80.0,LH
569,IM1031,L02,80.0,LH
570,IM3047,L02,80.0,LH
571,IM3047,L03,80.0,LH
572,ME2006,L02,25.0,X2
573,ME2010,L02,25.0,X9
574,ME2010,L03,25.0,X9
575,ME2090,L02,40.0,TK
576,ME2117,L02,35.0,CM
577,ME3004,L02,25.0,DL
578,ME3004,L03,25.0,DL
579,ME3028,L02,35.0,TK
580,ME3240,L02,25.0,
581,ME3282,L02,25.0,TC
582,ME3297,L02,60.0,LH
583,ME4008,L02,30.0,C2
584,ME4533,L02,70.0,LH
585,ME4617,L02,60.0,LH
586,ME4618,L02,60.0,LH
587,ME4625,L02,70.0,LH
588,ME4625,L03,70.0,LH
589,ME4625,L04,70.0,LH
590,ME4625,L05,70.0,LH
591,PH1003,L02,120.0,LH
592,PH1003,L03,120.0,LH
593,PH1003,L04,120.0,LH
594,TR4087,L02,60.0,LH
595,TR4087,L03,60.0,LH
596,GE1014,A02,35.0,.
597,GE1014,A03,35.0,.
598,GE1013,A02,70.0,QT
599,GE1014,A04,35.0,.
600,GE1014,A05,35.0,.
601,PH1003,CC02,80.0,QT
602,CO2014,CC02,40.0,TH
603,CO2013,CC02,40.0,QT
604,CO2014,CC03,40.0,TH
605,CO2036,CC02,30.0,5
606,CH1003,L17,120.0,LH
607,CH1003,L18,120.0,LH
608,CH1003,L19,120.0,LH
609,CH1003,CC07,70.0,QT
610,CH1003,CC08,70.0,QT
611,CH3001,CC03,20.0,;
612,CI1033,L08,70.0,LH
613,CI1069,L07,120.0,LH
614,CI2001,L02,80.0,LH
615,CI2001,L03,80.0,LH
616,CI2001,CC02,80.0,QT
617,CI2003,L06,75.0,LH
618,CI3243,L03,60.0,LH
619,CO1003,L02,80.0,LH
620,CO1007,L04,120.0,LH
621,CO2003,L04,70.0,LH
622,CO3011,L02,60.0,LH
623,CO3027,L02,60.0,LH
624,CO3029,L03,60.0,LH
625,CO3029,CC02,60.0,QT
626,CO3037,L02,80.0,LH
627,CO3043,L02,60.0,LH
628,CO3049,L02,80.0,LH
629,CO3061,L02,60.0,LH
630,CO3061,L03,60.0,LH
631,CO3061,CC02,60.0,QT
632,CO3065,L02,60.0,LH
633,CO3093,L03,80.0,LH
634,CO3117,L02,60.0,LH
635,CO3117,L03,60.0,LH
636,EE1007,CC03,60.0,QT
637,EE1007,L06,90.0,LH
638,EE2003,L04,120.0,LH
639,EE2005,L05,80.0,LH
640,EE2035,L06,110.0,LH
641,EE2039,L06,120.0,LH
642,EE3145,L02,60.0,LH
643,GE1013,CC02,70.0,QT
644,GE1013,CC03,70.0,QT
645,GE1013,L03,120.0,LH
646,GE1013,L04,120.0,LH
647,GE1013,L05,120.0,LH
648,GE1013,L06,120.0,LH
649,IM1013,L02,120.0,LH
650,IM1015,L03,80.0,LH
651,IM1019,L03,80.0,LH
652,IM1019,L04,80.0,LH
653,IM1019,L05,80.0,LH
654,IM1021,L02,120.0,LH
655,IM1021,L03,120.0,LH
656,IM1021,L04,120.0,LH
657,IM1021,L05,120.0,LH
658,IM1021,CC02,80.0,QT
659,IM1023,L02,120.0,LH
660,IM1025,L03,135.0,LH
661,IM1025,L04,135.0,LH
662,IM1025,L05,135.0,LH
663,IM1025,L06,135.0,LH
664,ME1021,CC03,70.0,QT
665,ME2003,CC02,80.0,QT
666,ME2177,L02,60.0,LH
667,ME3001,L02,75.0,LH
668,ME3001,CC02,50.0,QT
669,MT1005,L15,140.0,LH
670,MT1007,L09,140.0,LH
671,MT1007,L10,140.0,LH
672,MT1007,L08,140.0,LH
673,MT1009,L13,130.0,LH
674,MT1009,CC06,80.0,QT
675,ME2087,CC05,25.0,X1
676,ME2087,CC04,25.0,X1
677,CH1004,CC13,35.0,VC
678,CH1004,CC14,35.0,VC
679,CH1004,CC15,35.0,VC
680,CH1004,CC16,35.0,VC
681,CH1004,L49,40.0,HH
682,CH1004,L50,40.0,HH
683,CH1004,L51,40.0,HH
684,CH1004,L52,40.0,HH
685,CH1004,L53,40.0,HH
686,CH1004,L54,40.0,HH
687,CH1004,L55,36.0,HH
688,CH1004,L56,36.0,HH
689,CH1004,L57,36.0,HH
690,CI1034,L15,35.0,CI
691,CI1034,L16,35.0,CI
692,CI2002,CC03,40.0,S
693,CI2002,CC04,40.0,S
694,CI2002,L03,40.0,S
695,CI2002,L04,40.0,S
696,CI2002,L05,40.0,S
697,CI2002,L06,40.0,S
698,CI2004,L16,25.0,CL
699,CI2004,L17,25.0,CL
700,CO1004,L03,40.0,CI
701,CO1004,L04,40.0,CI
702,CO2004,L07,35.0,HM
703,CO2004,L08,35.0,HM
704,CO3038,L03,35.0,N5
705,CO3038,L04,35.0,N5
706,CO3050,L03,40.0,HM
707,CO3050,L04,40.0,HM
708,CO3094,L07,40.0,HM
709,CO3094,L08,40.0,HM
710,EE1008,CC05,30.0,B2
711,EE1008,CC06,30.0,B2
712,EE1008,L26,30.0,T2
713,EE1008,L27,30.0,T6
714,EE2004,L07,60.0,LH
715,EE2004,L08,60.0,LH
716,EE2006,L05,80.0,LH
717,EE2036,L21,22.0,T8
718,EE2036,L22,22.0,T8
719,EE2036,L23,22.0,T8
720,EE2036,L24,22.0,T8
721,EE2036,L25,22.0,T8
722,EE2040,L21,30.0,TB
723,EE2040,L22,30.0,TB
724,EE2040,L23,30.0,TB
725,EE2040,L24,30.0,TB
726,GE1014,CC03,35.0,.
727,GE1014,CC04,35.0,.
728,GE1014,CC05,35.0,.
729,GE1014,CC06,35.0,.
730,GE1014,L22,30.0,.
731,GE1014,L07,30.0,.
732,GE1014,L08,30.0,.
733,GE1014,L09,30.0,.
734,GE1014,L10,30.0,.
735,GE1014,L11,30.0,.
736,GE1014,L12,30.0,.
737,GE1014,L13,30.0,.
738,GE1014,L14,30.0,.
739,GE1014,L15,30.0,.
740,GE1014,L16,30.0,.
741,GE1014,L17,30.0,.
742,GE1014,L18,30.0,
743,GE1014,L19,30.0,
744,GE1014,L20,30.0,
745,GE1014,L21,30.0,
746,ME1022,CC03,70.0,QT
747,ME2004,CC02,80.0,QT
748,ME2178,L04,20.0,H#
749,ME2178,L05,20.0,H#
750,ME2178,L06,20.0,H#
751,ME3002,CC03,25.0,.
752,ME3002,CC04,25.0,.
753,ME3002,L03,25.0,.
754,ME3002,L04,25.0,.
755,AS2001,CC01,80.0,QT
756,AS2002,CC01,80.0,QT
757,AS2011,A01,80.0,QT
758,AS2011,L01,80.0,LH
759,AS2012,A01,80.0,QT
760,AS2012,L01,80.0,LH
761,AS2013,L01,80.0,LH
762,AS2033,CC01,80.0,QT
763,AS2045,CC01,50.0,QT
764,AS2045,L01,50.0,LH
765,AS2047,A01,50.0,QT
766,AS2048,A01,50.0,QT
767,AS2049,A01,60.0,QT
768,AS2049,A02,60.0,QT
769,AS2049,A03,60.0,QT
770,AS2050,A01,60.0,QT
771,AS2050,A02,60.0,QT
772,AS2050,A03,60.0,QT
773,AS2055,A01,60.0,QT
774,AS2055,L01,60.0,LH
775,AS2056,A01,30.0,KT
776,AS2056,A02,30.0,KT
777,AS2056,L01,30.0,AS
778,AS2056,L02,30.0,AS
779,AS2065,L01,80.0,LH
780,AS2067,L01,80.0,LH
781,AS2071,A01,80.0,QT
782,AS2071,CC01,80.0,QT
783,AS2071,CC02,80.0,QT
784,AS2071,L01,80.0,LH
785,AS2071,L02,80.0,LH
786,AS2071,L03,80.0,LH
787,AS2071,L04,80.0,LH
788,AS2071,L05,80.0,LH
789,AS2071,L06,80.0,LH
790,AS2072,A01,80.0,QT
791,AS2072,CC01,80.0,QT
792,AS2072,CC02,80.0,QT
793,AS2072,L01,80.0,LH
794,AS2072,L02,80.0,LH
795,AS2072,L03,80.0,LH
796,AS2072,L04,80.0,LH
797,AS2072,L05,80.0,LH
798,AS2072,L06,80.0,LH
799,AS3013,A01,60.0,QT
800,AS3014,A01,60.0,QT
801,AS3015,A01,60.0,QT
802,AS3015,L01,60.0,LH
803,AS3016,A01,60.0,QT
804,AS3016,L01,60.0,LH
805,AS3049,CC01,60.0,QT
806,AS3049,L01,60.0,LH
807,AS3050,CC01,60.0,QT
808,AS3050,L01,60.0,LH
809,AS3061,A01,60.0,QT
810,AS3061,L01,70.0,LH
811,AS3062,A01,60.0,QT
812,AS3062,L01,70.0,LH
813,AS3069,CC01,60.0,QT
814,AS3069,L01,60.0,LH
815,AS3070,CC01,60.0,QT
816,AS3070,L01,60.0,LH
817,AS3089,CC01,9000.0,.
818,AS3089,L01,9000.0,.
819,AS3149,A01,60.0,QT
820,AS3149,L01,60.0,LH
821,AS3159,L01,60.0,LH
822,AS3171,A01,9000.0,.
823,AS3171,L01,9000.0,.
824,AS3335,L01,-5.0,.
825,AS3345,L01,-5.0,.
826,AS4337,A01,9000.0,.
827,AS4337,L01,9000.0,.
828,AS4347,CC01,9000.0,.
829,AS4347,L01,9000.0,.
830,AS5009,CH01,80.0,QT
831,AS5023,CH01,56.0,QT
832,AS5059,CH01,80.0,.
833,AS5103,CH01,80.0,QT
834,AS5105,CH01,60.0,QT
835,AS5113,CH01,80.0,QT
836,AS5113,CH02,80.0,QT
837,AS5113,CH03,80.0,QT
838,AS5113,CH04,80.0,QT
839,AS5113,CH05,80.0,QT
840,AS5113,CH06,80.0,QT
841,AS5115,CH01,80.0,QT
842,AS5117,CH01,80.0,QT
843,AS5133,CH01,60.0,QT
844,AS5155,CH01,80.0,QT
845,AS5159,CH01,80.0,QT
846,AS5163,CH01,70.0,QT
847,AS5261,CH01,80.0,.
848,AS5273,CH01,80.0,.
849,AS5275,CH01,80.0,.
850,AS5277,CH01,80.0,.
851,AS5279,CH01,80.0,.
852,AS5295,CH01,80.0,QT
853,AS5297,CH01,56.0,QT
854,CH1003,A01,70.0,QT
855,CH1003,CC01,75.0,QT
856,CH1003,CC02,70.0,QT
857,CH1003,CC03,70.0,QT
858,CH1003,CC04,70.0,QT
859,CH1003,CC05,70.0,QT
860,CH1003,CC06,70.0,QT
861,CH1003,L01,120.0,LH
862,CH1003,L02,120.0,LH
863,CH1003,L03,120.0,LH
864,CH1003,L04,120.0,LH
865,CH1003,L05,120.0,LH
866,CH1003,L06,120.0,LH
867,CH1003,L07,120.0,LH
868,CH1003,L08,120.0,LH
869,CH1003,L09,120.0,LH
870,CH1003,L10,120.0,LH
871,CH1003,L11,120.0,LH
872,CH1003,L12,120.0,LH
873,CH1003,L13,120.0,LH
874,CH1003,L14,120.0,LH
875,CH1003,L15,120.0,LH
876,CH1003,L16,120.0,LH
877,CH1004,A01,35.0,VC
878,CH1004,CC01,35.0,VC
879,CH1004,CC02,35.0,VC
880,CH1004,CC03,35.0,VC
881,CH1004,CC04,35.0,VC
882,CH1004,CC05,35.0,VC
883,CH1004,CC06,35.0,VC
884,CH1004,CC07,35.0,VC
885,CH1004,CC08,35.0,VC
886,CH1004,CC09,35.0,VC
887,CH1004,CC10,35.0,VC
888,CH1004,CC11,35.0,VC
889,CH1004,CC12,35.0,VC
890,CH1004,L01,40.0,HH
891,CH1004,L02,40.0,HH
892,CH1004,L03,40.0,HH
893,CH1004,L04,40.0,HH
894,CH1004,L05,40.0,HH
895,CH1004,L06,40.0,HH
896,CH1004,L07,40.0,HH
897,CH1004,L08,40.0,HH
898,CH1004,L09,40.0,HH
899,CH1004,L10,40.0,HH
900,CH1004,L11,40.0,HH
901,CH1004,L12,40.0,HH
902,CH1004,L13,40.0,HH
903,CH1004,L14,40.0,HH
904,CH1004,L15,40.0,HH
905,CH1004,L16,40.0,HH
906,CH1004,L17,40.0,HH
907,CH1004,L18,40.0,HH
908,CH1004,L19,40.0,HH
909,CH1004,L20,40.0,HH
910,CH1004,L21,40.0,HH
911,CH1004,L22,40.0,HH
912,CH1004,L23,40.0,HH
913,CH1004,L24,40.0,HH
914,CH1004,L25,40.0,HH
915,CH1004,L26,40.0,HH
916,CH1004,L27,40.0,HH
917,CH1004,L28,40.0,HH
918,CH1004,L29,40.0,HH
919,CH1004,L30,40.0,HH
920,CH1004,L31,40.0,HH
921,CH1004,L32,40.0,HH
922,CH1004,L33,40.0,HH
923,CH1004,L34,40.0,HH
924,CH1004,L35,40.0,HH
925,CH1004,L36,40.0,HH
926,CH1004,L37,40.0,HH
927,CH1004,L38,40.0,HH
928,CH1004,L39,40.0,HH
929,CH1004,L40,40.0,HH
930,CH1004,L41,40.0,HH
931,CH1004,L42,40.0,HH
932,CH1004,L43,40.0,HH
933,CH1004,L44,40.0,HH
934,CH1004,L45,40.0,HH
935,CH1004,L46,40.0,HH
936,CH1004,L47,40.0,HH
937,CH1004,L48,40.0,HH
938,CH1005,CC01,80.0,QT
939,CH1005,L01,80.0,LH
940,CH1015,CC01,70.0,QT
941,CH1015,CC02,70.0,QT
942,CH1015,CC03,70.0,QT
943,CH1016,CC01,35.0,VC
944,CH1016,CC02,35.0,VC
945,CH1016,CC03,35.0,VC
946,CH1016,CC04,35.0,VC
947,CH1016,CC05,35.0,VC
948,CH1016,CC06,35.0,VC
949,CH2015,CC01,70.0,QT
950,CH2015,L01,80.0,LH
951,CH2019,A01,80.0,QT
952,CH2019,CC01,80.0,QT
953,CH2019,CC02,80.0,QT
954,CH2019,CC03,80.0,QT
955,CH2019,L01,80.0,LH
956,CH2019,L02,80.0,LH
957,CH2019,L03,80.0,LH
958,CH2021,CC01,70.0,QT
959,CH2022,CC01,70.0,QT
960,CH2027,CC01,80.0,QT
961,CH2028,CC01,20.0,LM
962,CH2033,CC01,80.0,QT
963,CH2033,L01,80.0,LH
964,CH2034,CC01,20.0,HS
965,CH2034,CC02,20.0,HS
966,CH2034,L01,20.0,HS
967,CH2034,L02,20.0,HS
968,CH2034,L03,20.0,HS
969,CH2035,CC01,80.0,QT
970,CH2035,L01,60.0,LH
971,CH2039,CC01,70.0,QT
972,CH2039,L01,80.0,LH
973,CH2045,CC01,70.0,QT
974,CH2045,L01,60.0,LH
975,CH2109,A01,70.0,QT
976,CH2109,CC01,70.0,QT
977,CH2109,CC02,70.0,QT
978,CH2109,CC03,70.0,QT
979,CH2109,CC04,70.0,QT
980,CH2109,L01,80.0,LH
981,CH2109,L02,80.0,LH
982,CH2109,L03,80.0,LH
983,CH2111,CC01,25.0,H
984,CH2111,CC04,25.0,H
985,CH2111,L01,25.0,H
986,CH2111,L02,25.0,H
987,CH2111,L03,25.0,H
988,CH2111,L04,25.0,H
989,CH2115,CC01,40.0,P
990,CH2115,L01,40.0,P
991,CH2115,L02,40.0,P
992,CH2155,CC01,40.0,P
993,CH2155,CC03,40.0,P
994,CH2155,CC04,40.0,P
995,CH2155,CC05,40.0,P
996,CH2155,CC06,40.0,P
997,CH2155,L01,40.0,P
998,CH2155,L02,40.0,P
999,CH2155,L03,40.0,P
1000,CH2155,L04,40.0,P
1001,CH2155,L05,40.0,P
1002,CH2159,CC01,20.0,;
1003,CH2159,CC02,20.0,;
1004,CH2159,CC04,20.0,;
1005,CH2159,L01,18.0,;
1006,CH2159,L02,18.0,;
1007,CH2159,L03,18.0,;
1008,CH3001,CC01,20.0,;
1009,CH3001,L02,18.0,;
1010,CH3001,L03,18.0,;
1011,CH3015,CC01,25.0,MB
1012,CH3015,CC02,25.0,MB
1013,CH3015,CC03,25.0,MB
1014,CH3015,CC04,25.0,MB
1015,CH3015,CC05,25.0,MB
1016,CH3015,L01,25.0,B3
1017,CH3015,L02,25.0,B3
1018,CH3015,L03,25.0,B3
1019,CH3015,L04,25.0,B1
1020,CH3015,L05,25.0,B1
1021,CH3015,L06,25.0,B3
1022,CH3015,L07,25.0,B1
1023,CH3015,L08,25.0,B3
1024,CH3015,L09,25.0,B1
1025,CH3015,L10,25.0,B3
1026,CH3015,L11,25.0,B1
1027,CH3017,CC01,60.0,QT
1028,CH3017,L01,60.0,LH
1029,CH3019,CC01,60.0,QT
1030,CH3019,L01,60.0,LH
1031,CH3020,CC01,20.0,LM
1032,CH3020,CC02,20.0,LM
1033,CH3020,L01,20.0,LM
1034,CH3020,L02,20.0,LM
1035,CH3020,L03,20.0,LM
1036,CH3053,CC01,60.0,QT
1037,CH3053,L01,60.0,LH
1038,CH3321,A01,60.0,QT
1039,CH3321,CC01,60.0,QT
1040,CH3321,CC02,60.0,QT
1041,CH3321,L01,60.0,LH
1042,CH3321,L02,60.0,LH
1043,CH3321,L03,60.0,LH
1044,CH3321,L04,60.0,LH
1045,CH3327,A01,70.0,QT
1046,CH3327,CC01,70.0,QT
1047,CH3327,L01,80.0,LH
1048,CH3329,CC01,70.0,QT
1049,CH3329,L01,80.0,LH
1050,CH3331,CC01,60.0,QT
1051,CH3331,L01,60.0,LH
1052,CH3337,A01,70.0,QT
1053,CH3337,L01,80.0,LH
1054,CH3341,CC01,80.0,QT
1055,CH3341,L01,90.0,LH
1056,CH3347,A01,70.0,QT
1057,CH3347,CC01,70.0,QT
1058,CH3347,CC02,70.0,QT
1059,CH3347,L01,80.0,LH
1060,CH3347,L02,80.0,LH
1061,CH3347,L03,80.0,LH
1062,CH3349,A01,80.0,QT
1063,CH3349,CC01,80.0,QT
1064,CH3349,CC02,80.0,QT
1065,CH3349,L01,80.0,LH
1066,CH3349,L02,80.0,LH
1067,CH3349,L03,80.0,LH
1068,CH3355,L01,-5.0,.
1069,CH3359,CC01,60.0,QT
1070,CH3359,L01,60.0,LH
1071,CH3360,CC01,20.0,{}
1072,CH3360,CC02,20.0,{}
1073,CH3360,L01,20.0,{}
1074,CH3360,L02,20.0,{}
1075,CH3360,L03,20.0,{}
1076,CH3361,CC01,80.0,QT
1077,CH3361,L01,80.0,LH
1078,CH3362,CC01,20.0,S2
1079,CH3362,CC02,20.0,S2
1080,CH3362,L01,20.0,S2
1081,CH3362,L02,20.0,S2
1082,CH3362,L03,20.0,S2
1083,CH3379,CC01,24.0,J
1084,CH3379,L01,24.0,J
1085,CH3379,L02,24.0,J
1086,CH3389,A01,80.0,QT
1087,CH3389,CC01,80.0,QT
1088,CH3389,CC02,80.0,QT
1089,CH3389,L01,100.0,LH
1090,CH3389,L02,100.0,LH
1091,CH3389,L03,100.0,LH
1092,CH4001,CC01,18.0,CP
1093,CH4001,CC02,18.0,CP
1094,CH4001,L01,18.0,CP
1095,CH4001,L03,18.0,CP
1096,CH4001,L04,18.0,CP
1097,CH4097,CC01,80.0,QT
1098,CH4097,L01,120.0,LH
1099,CH4097,L02,120.0,LH
1100,CH4107,CC01,60.0,QT
1101,CH4108,CC01,20.0,CP
1102,CH4113,L01,60.0,LH
1103,CH4115,CC01,60.0,QT
1104,CH4115,L01,60.0,LH
1105,CH4357,A01,9000.0,.
1106,CH4357,CC01,9000.0,.
1107,CH4357,L01,9000.0,.
1108,CH4367,CC01,9000.0,.
1109,CH4367,L01,9000.0,.
1110,CH4377,CC01,9000.0,.
1111,CH4377,L01,9000.0,.
1112,CH5311,CH01,56.0,QT
1113,CH5407,CH01,80.0,QT
1114,CH5597,CH01,80.0,.
1115,CH5599,CH01,80.0,.
1116,CH5601,CH01,80.0,QT
1117,CH5603,CH01,60.0,QT
1118,CH5605,CH01,80.0,QT
1119,CH5607,CH01,80.0,QT
1120,CH5671,CH01,80.0,QT
1121,CH5677,CH01,80.0,.
1122,CH5679,CH01,80.0,.
1123,CH5683,CH01,50.0,QT
1124,CH5685,CH01,50.0,QT
1125,CH5699,CH01,80.0,QT
1126,CH5703,CH01,80.0,QT
1127,CH5711,CH01,56.0,QT
1128,CH5721,CH01,80.0,QT
1129,CH5723,CH01,80.0,QT
1130,CH5745,CH01,80.0,QT
1131,CH5767,CH01,50.0,QT
1132,CI1003,A01,60.0,QT
1133,CI1003,CC01,70.0,QT
1134,CI1003,CC02,70.0,QT
1135,CI1003,CC03,70.0,QT
1136,CI1003,CC04,70.0,QT
1137,CI1003,CC05,70.0,QT
1138,CI1003,CC06,70.0,QT
1139,CI1003,CC07,70.0,QT
1140,CI1003,L01,70.0,LH
1141,CI1003,L02,70.0,LH
1142,CI1003,L03,70.0,LH
1143,CI1003,L04,70.0,LH
1144,CI1003,L05,70.0,LH
1145,CI1003,L06,70.0,LH
1146,CI1003,L07,70.0,LH
1147,CI1003,L08,70.0,LH
1148,CI1003,L09,70.0,LH
1149,CI1003,L10,70.0,LH
1150,CI1003,L11,70.0,LH
1151,CI1003,L12,70.0,LH
1152,CI1003,L13,70.0,LH
1153,CI1004,A01,35.0,TH
1154,CI1004,A02,35.0,TH
1155,CI1004,CC01,35.0,TH
1156,CI1004,CC02,35.0,TH
1157,CI1004,CC03,35.0,TH
1158,CI1004,CC04,35.0,TH
1159,CI1004,CC05,35.0,TH
1160,CI1004,CC06,35.0,TH
1161,CI1004,CC07,35.0,TH
1162,CI1004,CC08,35.0,TH
1163,CI1004,CC09,35.0,TH
1164,CI1004,CC10,35.0,TH
1165,CI1004,CC11,35.0,TH
1166,CI1004,CC12,35.0,TH
1167,CI1004,CC13,35.0,TH
1168,CI1004,CC14,35.0,TH
1169,CI1004,L01,35.0,CI
1170,CI1004,L02,35.0,CI
1171,CI1004,L03,35.0,CI
1172,CI1004,L04,35.0,CI
1173,CI1004,L05,35.0,CI
1174,CI1004,L06,35.0,CI
1175,CI1004,L07,35.0,CI
1176,CI1004,L08,35.0,CI
1177,CI1004,L09,35.0,CI
1178,CI1004,L10,35.0,CI
1179,CI1004,L11,35.0,CI
1180,CI1004,L12,35.0,CI
1181,CI1004,L13,35.0,CI
1182,CI1004,L14,35.0,CI
1183,CI1004,L15,35.0,CI
1184,CI1004,L16,35.0,CI
1185,CI1004,L17,35.0,CI
1186,CI1004,L18,35.0,CI
1187,CI1004,L19,35.0,CI
1188,CI1004,L20,35.0,CI
1189,CI1004,L21,35.0,CI
1190,CI1004,L22,35.0,CI
1191,CI1004,L23,35.0,CI
1192,CI1004,L24,35.0,CI
1193,CI1004,L25,35.0,CI
1194,CI1004,L26,35.0,CI
1195,CI1033,CC01,70.0,QT
1196,CI1033,L01,70.0,LH
1197,CI1033,L02,70.0,LH
1198,CI1033,L03,70.0,LH
1199,CI1033,L04,70.0,LH
1200,CI1033,L05,70.0,LH
1201,CI1033,L06,70.0,LH
1202,CI1033,L07,70.0,LH
1203,CI1034,CC01,35.0,TH
1204,CI1034,CC02,35.0,TH
1205,CI1034,L01,35.0,CI
1206,CI1034,L02,35.0,CI
1207,CI1034,L03,35.0,CI
1208,CI1034,L04,35.0,CI
1209,CI1034,L05,35.0,CI
1210,CI1034,L06,35.0,CI
1211,CI1034,L07,35.0,CI
1212,CI1034,L08,35.0,CI
1213,CI1034,L09,35.0,CI
1214,CI1034,L10,35.0,CI
1215,CI1034,L11,35.0,CI
1216,CI1034,L12,35.0,CI
1217,CI1034,L13,35.0,CI
1218,CI1034,L14,35.0,CI
1219,CI1067,CC01,70.0,QT
1220,CI1067,L01,80.0,BO
1221,CI1067,L02,80.0,BO
1222,CI1069,CC01,80.0,QT
1223,CI1069,CC02,80.0,QT
1224,CI1069,L01,120.0,LH
1225,CI1069,L02,120.0,LH
1226,CI1069,L03,120.0,LH
1227,CI1069,L04,120.0,LH
1228,CI1069,L05,120.0,LH
1229,CI1069,L06,120.0,LH
1230,CI1077,L01,80.0,LH
1231,CI1077,L02,80.0,LH
1232,CI1078,L01,80.0,LH
1233,CI1078,L02,80.0,LH
1234,CI2001,A01,80.0,QT
1235,CI2001,CC01,80.0,QT
1236,CI2001,L01,80.0,LH
1237,CI2002,A01,40.0,S
1238,CI2002,CC01,40.0,S
1239,CI2002,CC02,40.0,S
1240,CI2002,L01,40.0,S
1241,CI2002,L02,40.0,S
1242,CI2003,A01,75.0,QT
1243,CI2003,CC01,75.0,QT
1244,CI2003,L01,75.0,LH
1245,CI2003,L02,75.0,LH
1246,CI2003,L03,75.0,LH
1247,CI2003,L04,75.0,LH
1248,CI2003,L05,75.0,LH
1249,CI2003,TN01,75.0,QT
1250,CI2004,A01,25.0,C
1251,CI2004,A02,25.0,C
1252,CI2004,CC01,25.0,C
1253,CI2004,L01,25.0,CL
1254,CI2004,L02,25.0,CL
1255,CI2004,L03,25.0,CL
1256,CI2004,L04,25.0,CL
1257,CI2004,L05,25.0,CL
1258,CI2004,L06,25.0,CL
1259,CI2004,L07,25.0,CL
1260,CI2004,L08,25.0,CL
1261,CI2004,L09,25.0,CL
1262,CI2004,L10,25.0,CL
1263,CI2004,L11,25.0,CL
1264,CI2004,L12,25.0,CL
1265,CI2004,L13,25.0,CL
1266,CI2004,L14,25.0,CL
1267,CI2004,L15,25.0,CL
1268,CI2007,A01,65.0,QT
1269,CI2007,CC01,80.0,QT
1270,CI2007,L01,80.0,LH
1271,CI2007,L02,80.0,LH
1272,CI2007,L03,80.0,LH
1273,CI2007,L04,80.0,LH
1274,CI2007,L05,80.0,LH
1275,CI2008,A01,40.0,S
1276,CI2008,A02,40.0,S
1277,CI2008,CC01,40.0,S
1278,CI2008,L01,40.0,S
1279,CI2008,L02,40.0,S
1280,CI2008,L03,40.0,S
1281,CI2008,L04,40.0,S
1282,CI2008,L05,40.0,S
1283,CI2008,L06,40.0,S
1284,CI2008,L07,40.0,S
1285,CI2008,L08,40.0,S
1286,CI2008,L09,40.0,S
1287,CI2008,L10,40.0,S
1288,CI2037,A01,70.0,QT
1289,CI2037,CC01,70.0,QT
1290,CI2037,L01,70.0,LH
1291,CI2037,L02,71.0,LH
1292,CI2037,L03,70.0,LH
1293,CI2037,L04,70.0,LH
1294,CI2037,L05,70.0,LH
1295,CI2037,L06,70.0,LH
1296,CI2037,L07,70.0,LH
1297,CI2038,A01,35.0,VX
1298,CI2038,A02,35.0,VX
1299,CI2038,CC01,35.0,VX
1300,CI2038,CC02,35.0,VX
1301,CI2038,L01,35.0,VX
1302,CI2038,L02,35.0,VX
1303,CI2038,L03,35.0,VX
1304,CI2038,L04,35.0,VX
1305,CI2038,L05,35.0,VX
1306,CI2038,L06,35.0,VX
1307,CI2038,L07,35.0,VX
1308,CI2038,L08,35.0,VX
1309,CI2038,L09,35.0,VX
1310,CI2038,L10,35.0,VX
1311,CI2038,L11,35.0,VX
1312,CI2038,L12,35.0,VX
1313,CI2038,L13,35.0,VX
1314,CI2038,L14,35.0,VX
1315,CI2103,CC01,60.0,QT
1316,CI2103,L01,60.0,LH
1317,CI2103,L02,60.0,LH
1318,CI2105,CC01,60.0,QT
1319,CI2105,L01,60.0,BO
1320,CI2105,L02,60.0,BO
1321,CI2107,CC01,60.0,QT
1322,CI2107,L01,60.0,BO
1323,CI2107,L02,60.0,BO
1324,CI2123,CC01,70.0,QT
1325,CI2123,L01,80.0,LH
1326,CI2123,L02,80.0,LH
1327,CI2133,A01,50.0,QT
1328,CI2139,A01,50.0,QT
1329,CI2141,L01,80.0,LH
1330,CI2143,L01,80.0,LH
1331,CI2144,L01,40.0,VI
1332,CI2145,A01,50.0,QT
1333,CI2145,CC01,80.0,QT
1334,CI2145,L01,120.0,LH
1335,CI2145,L02,120.0,LH
1336,CI2147,L01,30.0,A1
1337,CI2147,L02,30.0,A1
1338,CI2151,CC01,80.0,QT
1339,CI2151,L01,80.0,LH
1340,CI2151,L02,80.0,LH
1341,CI2151,L03,80.0,LH
1342,CI2151,L04,80.0,LH
1343,CI2161,L01,80.0,LH
1344,CI2161,L02,80.0,LH
1345,CI2162,L01,80.0,LH
1346,CI2162,L02,80.0,LH
1347,CI2163,L01,80.0,LH
1348,CI2163,L02,80.0,LH
1349,CI2164,L01,80.0,LH
1350,CI2164,L02,80.0,LH
1351,CI3003,L01,40.0,LH
1352,CI3004,L01,40.0,VI
1353,CI3013,L01,60.0,LH
1354,CI3014,L01,20.0,TL
1355,CI3014,L02,20.0,TL
1356,CI3021,L01,60.0,LH
1357,CI3022,L01,60.0,LH
1358,CI3043,CC01,60.0,QT
1359,CI3043,L01,60.0,LH
1360,CI3043,L02,60.0,LH
1361,CI3057,L01,60.0,LH
1362,CI3058,L01,30.0,VX
1363,CI3163,L01,60.0,LH
1364,CI3241,A01,60.0,QT
1365,CI3243,CC01,60.0,QT
1366,CI3243,L01,60.0,LH
1367,CI3243,L02,60.0,LH
1368,CI3245,L01,60.0,LH
1369,CI3246,L01,60.0,LH
1370,CI3247,L01,60.0,LH
1371,CI3248,L01,60.0,LH
1372,CI3249,L01,60.0,.
1373,CI3249,L02,60.0,.
1374,CI3255,L01,30.0,HD
1375,CI3257,L01,80.0,LH
1376,CI3261,L01,60.0,LH
1377,CI3262,L01,60.0,LH
1378,CI3263,L01,60.0,LH
1379,CI3264,L01,60.0,LH
1380,CI3265,L01,60.0,LH
1381,CI3266,L01,60.0,LH
1382,CI3293,CC01,60.0,QT
1383,CI3293,L01,60.0,LH
1384,CI3293,L02,60.0,LH
1385,CI3293,L03,60.0,LH
1386,CI3294,CC01,60.0,QT
1387,CI3294,L01,60.0,LH
1388,CI3294,L02,60.0,LH
1389,CI3294,L03,60.0,LH
1390,CI3295,CC01,80.0,QT
1391,CI3485,CC01,-5.0,.
1392,CI3485,L01,-5.0,.
1393,CI4201,A01,60.0,QT
1394,CI4209,CC01,60.0,QT
1395,CI4417,L01,9000.0,.
1396,CI4427,L01,9000.0,.
1397,CI4437,L01,9000.0,.
1398,CI4447,CC01,9000.0,.
1399,CI4447,L01,9000.0,.
1400,CI4457,L01,9000.0,.
1401,CI4467,L01,9000.0,.
1402,CI4487,CC01,9000.0,.
1403,CI4487,L01,9000.0,.
1404,CI5015,A01,9000.0,.
1405,CI5017,A01,9000.0,.
1406,CI5027,A01,9000.0,.
1407,CI5035,A01,60.0,QT
1408,CI5037,A01,60.0,QT
1409,CI5137,CH01,50.0,QT
1410,CI5139,CH01,80.0,QT
1411,CI5141,CH01,80.0,QT
1412,CI5165,CH01,56.0,QT
1413,CI5169,CH01,56.0,QT
1414,CI5239,CH01,60.0,QT
1415,CI5239,IM01,40.0,QT
1416,CI5247,CH01,56.0,QT
1417,CI5249,CH01,56.0,QT
1418,CI5251,CH01,50.0,QT
1419,CI5253,CH01,56.0,QT
1420,CI5259,CH01,60.0,QT
1421,CI5273,CH01,56.0,QT
1422,CI5323,CH01,80.0,.
1423,CI5325,CH01,80.0,.
1424,CI5325,IM01,80.0,.
1425,CI5331,CH01,80.0,.
1426,CI5333,CH01,80.0,.
1427,CI5351,CH01,80.0,.
1428,CI5353,CH01,80.0,.
1429,CI5367,CH01,80.0,QT
1430,CI5379,CH01,80.0,QT
1431,CI5381,CH01,80.0,QT
1432,CI5387,CH01,80.0,QT
1433,CI5389,CH01,80.0,QT
1434,CI5451,CH01,60.0,QT
1435,CI5779,CH01,80.0,QT
1436,CI5781,CH01,80.0,QT
1437,CI5799,CH01,50.0,QT
1438,CI5805,CH01,80.0,QT
1439,CO1003,CC01,80.0,QT
1440,CO1003,L01,80.0,LH
1441,CO1004,CC01,40.0,MT
1442,CO1004,L01,40.0,HM
1443,CO1004,L02,40.0,HM
1444,CO1007,A01,90.0,QT
1445,CO1007,CC01,81.0,QT
1446,CO1007,CC02,80.0,QT
1447,CO1007,CC03,81.0,QT
1448,CO1007,CC04,80.0,QT
1449,CO1007,L01,120.0,LH
1450,CO1007,L02,120.0,LH
1451,CO1007,L03,120.0,LH
1452,CO1025,CC01,80.0,QT
1453,CO1025,CC02,80.0,QT
1454,CO1025,L01,120.0,LH
1455,CO1025,L02,120.0,LH
1456,CO1026,CC01,40.0,5
1457,CO1026,CC02,40.0,5
1458,CO1026,CC03,40.0,5
1459,CO1026,CC04,40.0,5
1460,CO1026,L01,40.0,N6
1461,CO1026,L02,40.0,N6
1462,CO1026,L03,40.0,N6
1463,CO1026,L04,40.0,N6
1464,CO1027,A01,80.0,QT
1465,CO1027,CC01,80.0,QT
1466,CO1027,CC02,80.0,QT
1467,CO1027,CC03,80.0,QT
1468,CO1027,CC04,80.0,QT
1469,CO1027,CC05,80.0,QT
1470,CO1027,CC06,80.0,QT
1471,CO1027,L01,120.0,LH
1472,CO1027,L02,120.0,LH
1473,CO1027,L03,120.0,LH
1474,CO1027,L04,120.0,LH
1475,CO1028,A01,40.0,TH
1476,CO1028,A02,40.0,TH
1477,CO1028,CC01,40.0,MQ
1478,CO1028,CC02,40.0,TH
1479,CO1028,CC03,40.0,TH
1480,CO1028,CC04,40.0,MQ
1481,CO1028,CC05,40.0,TH
1482,CO1028,CC06,40.0,MQ
1483,CO1028,CC07,40.0,TH
1484,CO1028,CC08,40.0,MQ
1485,CO1028,CC09,40.0,TH
1486,CO1028,CC10,40.0,MQ
1487,CO1028,CC11,40.0,MQ
1488,CO1028,CC12,40.0,TH
1489,CO1028,L01,40.0,CI
1490,CO1028,L02,40.0,HM
1491,CO1028,L03,40.0,HM
1492,CO1028,L04,40.0,HM
1493,CO1028,L05,40.0,CI
1494,CO1028,L06,40.0,HM
1495,CO1028,L07,40.0,CI
1496,CO1028,L08,40.0,CI
1497,CO1028,L09,40.0,CI
1498,CO1028,L10,40.0,HM
1499,CO1028,L11,40.0,CI
1500,CO1028,L12,40.0,HM
1501,CO2001,A01,80.0,QT
1502,CO2001,A02,80.0,QT
1503,CO2001,CC01,80.0,QT
1504,CO2001,CC02,80.0,QT
1505,CO2001,CC03,80.0,QT
1506,CO2001,CC04,80.0,QT
1507,CO2001,CC05,80.0,QT
1508,CO2001,CC06,80.0,QT
1509,CO2001,CC07,80.0,QT
1510,CO2001,L01,120.0,LH
1511,CO2001,L02,120.0,LH
1512,CO2001,L03,120.0,LH
1513,CO2001,L04,120.0,LH
1514,CO2001,L05,120.0,LH
1515,CO2001,TN01,80.0,QT
1516,CO2003,A01,50.0,QT
1517,CO2003,CC01,81.0,QT
1518,CO2003,CC02,81.0,QT
1519,CO2003,L01,80.0,LH
1520,CO2003,L02,80.0,LH
1521,CO2003,L03,80.0,LH
1522,CO2004,A01,40.0,MT
1523,CO2004,CC01,40.0,MT
1524,CO2004,CC02,40.0,MT
1525,CO2004,CC03,40.0,MT
1526,CO2004,CC04,40.0,MT
1527,CO2004,L01,40.0,CI
1528,CO2004,L02,40.0,CI
1529,CO2004,L03,40.0,HM
1530,CO2004,L04,40.0,HM
1531,CO2004,L05,40.0,CI
1532,CO2004,L06,40.0,CI
1533,CO2007,A01,80.0,QT
1534,CO2007,CC01,81.0,QT
1535,CO2007,CC02,81.0,QT
1536,CO2007,L01,120.0,LH
1537,CO2008,A01,40.0,5
1538,CO2008,CC01,40.0,5
1539,CO2008,CC02,40.0,5
1540,CO2008,CC03,40.0,5
1541,CO2008,CC04,40.0,5
1542,CO2008,L01,40.0,N5
1543,CO2008,L02,40.0,N5
1544,CO2008,L03,40.0,N5
1545,CO2017,A01,80.0,QT
1546,CO2017,CC01,80.0,QT
1547,CO2017,CC02,80.0,QT
1548,CO2017,CC03,80.0,QT
1549,CO2017,CC04,82.0,QT
1550,CO2017,L01,120.0,LH
1551,CO2017,L02,120.0,LH
1552,CO2017,L03,120.0,LH
1553,CO2017,TN01,80.0,QT
1554,CO2018,A01,40.0,TH
1555,CO2018,A02,40.0,TH
1556,CO2018,CC01,40.0,TH
1557,CO2018,CC02,40.0,TH
1558,CO2018,CC03,40.0,TH
1559,CO2018,CC04,40.0,TH
1560,CO2018,CC05,40.0,TH
1561,CO2018,CC06,40.0,MT
1562,CO2018,CC07,40.0,MT
1563,CO2018,CC08,40.0,MT
1564,CO2018,L01,40.0,CI
1565,CO2018,L02,40.0,HM
1566,CO2018,L03,40.0,HM
1567,CO2018,L04,40.0,CI
1568,CO2018,L05,40.0,HM
1569,CO2018,L06,40.0,CI
1570,CO2018,L07,40.0,HM
1571,CO2018,L08,40.0,HM
1572,CO2018,L09,40.0,HM
1573,CO2018,TN01,40.0,TH
1574,CO2018,TN02,40.0,TH
1575,CO2039,A01,80.0,QT
1576,CO2039,CC01,70.0,QT
1577,CO2039,CC02,81.0,QT
1578,CO2039,CC03,80.0,QT
1579,CO2039,L01,120.0,LH
1580,CO2039,L02,120.0,LH
1581,CO2039,L03,120.0,LH
1582,CO2039,TN01,60.0,QT
1583,CO3001,A01,60.0,QT
1584,CO3001,CC01,60.0,QT
1585,CO3001,CC02,60.0,QT
1586,CO3001,CC03,60.0,QT
1587,CO3001,L01,80.0,LH
1588,CO3001,L02,80.0,LH
1589,CO3005,A01,60.0,QT
1590,CO3005,A02,60.0,QT
1591,CO3005,A03,60.0,QT
1592,CO3005,CC01,60.0,QT
1593,CO3005,CC02,60.0,QT
1594,CO3005,CC03,60.0,QT
1595,CO3005,CC04,60.0,QT
1596,CO3005,CC05,60.0,QT
1597,CO3005,CC06,60.0,QT
1598,CO3005,L01,80.0,LH
1599,CO3005,L02,80.0,LH
1600,CO3005,L03,80.0,LH
1601,CO3005,L04,80.0,LH
1602,CO3005,L05,80.0,LH
1603,CO3005,L06,80.0,LH
1604,CO3005,TN01,60.0,QT
1605,CO3011,A01,60.0,QT
1606,CO3011,CC01,60.0,QT
1607,CO3011,L01,60.0,LH
1608,CO3015,A01,80.0,QT
1609,CO3015,CC01,80.0,QT
1610,CO3015,L01,150.0,LH
1611,CO3017,CC01,60.0,QT
1612,CO3017,L01,80.0,LH
1613,CO3021,CC01,60.0,QT
1614,CO3021,L01,80.0,LH
1615,CO3027,A01,60.0,QT
1616,CO3027,CC01,60.0,QT
1617,CO3027,L01,60.0,LH
1618,CO3029,CC01,60.0,QT
1619,CO3029,L01,60.0,LH
1620,CO3029,L02,60.0,LH
1621,CO3037,L01,80.0,LH
1622,CO3037,TN01,80.0,QT
1623,CO3038,L01,40.0,N5
1624,CO3038,L02,40.0,N5
1625,CO3038,TN01,40.0,F2
1626,CO3041,CC01,60.0,QT
1627,CO3043,CC01,60.0,QT
1628,CO3043,L01,60.0,LH
1629,CO3045,A01,60.0,QT
1630,CO3045,CC01,60.0,QT
1631,CO3045,L01,70.0,LH
1632,CO3049,A01,80.0,QT
1633,CO3049,CC01,80.0,QT
1634,CO3049,L01,80.0,LH
1635,CO3050,A01,40.0,MT
1636,CO3050,CC01,40.0,TH
1637,CO3050,CC02,40.0,TH
1638,CO3050,L01,40.0,HM
1639,CO3050,L02,40.0,HM
1640,CO3057,CC01,60.0,QT
1641,CO3057,L01,80.0,LH
1642,CO3059,A01,60.0,QT
1643,CO3059,L01,60.0,LH
1644,CO3061,A01,60.0,QT
1645,CO3061,CC01,60.0,QT
1646,CO3061,L01,60.0,LH
1647,CO3065,A01,60.0,QT
1648,CO3065,CC01,60.0,QT
1649,CO3065,L01,60.0,LH
1650,CO3069,A01,80.0,QT
1651,CO3069,L01,80.0,LH
1652,CO3070,A01,40.0,TH
1653,CO3070,L01,40.0,HM
1654,CO3070,L02,40.0,HM
1655,CO3085,CC01,60.0,QT
1656,CO3085,L01,70.0,LH
1657,CO3085,TN01,60.0,QT
1658,CO3086,CC01,60.0,QT
1659,CO3086,L01,60.0,LH
1660,CO3086,L02,60.0,LH
1661,CO3086,TN01,60.0,QT
1662,CO3093,A01,60.0,QT
1663,CO3093,CC01,60.0,QT
1664,CO3093,CC02,60.0,QT
1665,CO3093,CC03,60.0,QT
1666,CO3093,L01,80.0,LH
1667,CO3093,L02,80.0,LH
1668,CO3094,A01,30.0,TH
1669,CO3094,CC01,30.0,TH
1670,CO3094,CC02,30.0,TH
1671,CO3094,CC03,30.0,MQ
1672,CO3094,CC04,30.0,TH
1673,CO3094,CC05,30.0,MQ
1674,CO3094,CC06,30.0,MQ
1675,CO3094,L01,40.0,HM
1676,CO3094,L02,40.0,HM
1677,CO3094,L03,40.0,HM
1678,CO3094,L04,40.0,HM
1679,CO3097,A01,80.0,QT
1680,CO3097,CC01,80.0,QT
1681,CO3097,CC02,80.0,QT
1682,CO3097,L01,80.0,LH
1683,CO3097,L02,80.0,LH
1684,CO3098,A01,40.0,5
1685,CO3098,CC01,40.0,5
1686,CO3098,CC02,40.0,5
1687,CO3098,CC03,40.0,5
1688,CO3098,CC04,40.0,5
1689,CO3098,L01,40.0,N5
1690,CO3098,L02,40.0,N5
1691,CO3098,L03,40.0,N5
1692,CO3098,L04,40.0,N5
1693,CO3107,A01,9000.0,.
1694,CO3107,CC01,9000.0,.
1695,CO3107,L01,9000.0,.
1696,CO3107,TN01,9000.0,.
1697,CO3109,A01,9000.0,.
1698,CO3109,CC01,9000.0,.
1699,CO3109,L01,9000.0,.
1700,CO3109,TN01,9000.0,.
1701,CO3111,A01,9000.0,.
1702,CO3111,CC01,9000.0,.
1703,CO3111,L01,9000.0,.
1704,CO3111,TN01,9000.0,.
1705,CO3115,CC01,60.0,QT
1706,CO3115,L01,81.0,LH
1707,CO3117,CC01,81.0,QT
1708,CO3117,L01,80.0,LH
1709,CO3335,A01,-5.0,.
1710,CO3335,CC01,-5.0,.
1711,CO3335,L01,-5.0,.
1712,CO3345,CC01,-5.0,.
1713,CO3345,L01,-5.0,.
1714,CO4031,CC01,60.0,QT
1715,CO4031,L01,82.0,LH
1716,CO4031,L02,82.0,LH
1717,CO4033,L01,65.0,LH
1718,CO4037,L01,60.0,LH
1719,CO4337,A01,9000.0,.
1720,CO4337,CC01,9000.0,.
1721,CO4337,L01,9000.0,.
1722,CO4337,TN01,9000.0,.
1723,CO4347,A01,9000.0,.
1724,CO4347,CC01,9000.0,.
1725,CO4347,L01,9000.0,.
1726,CO5077,CH01,80.0,QT
1727,CO5085,CH01,80.0,QT
1728,CO5105,CH01,80.0,QT
1729,CO5107,CH01,80.0,.
1730,CO5107,IM01,80.0,.
1731,CO5109,CH01,80.0,.
1732,CO5109,IM01,80.0,.
1733,CO5113,CH01,60.0,QT
1734,CO5117,CH01,80.0,QT
1735,CO5119,IM01,40.0,QT
1736,CO5125,CH01,80.0,QT
1737,CO5135,CH01,80.0,QT
1738,CO5161,CH01,80.0,QT
1739,CO5165,CH01,50.0,QT
1740,CO5175,CH01,80.0,QT
1741,CO5177,CH01,80.0,QT
1742,CO5185,CH01,80.0,QT
1743,EE1007,A01,60.0,QT
1744,EE1007,CC01,60.0,QT
1745,EE1007,CC02,60.0,QT
1746,EE1007,L01,130.0,LH
1747,EE1007,L02,140.0,LH
1748,EE1007,L03,140.0,LH
1749,EE1007,L04,140.0,LH
1750,EE1007,L05,130.0,LH
1751,EE1008,A01,30.0,B2
1752,EE1008,CC01,30.0,B2
1753,EE1008,CC02,30.0,B2
1754,EE1008,CC03,30.0,B2
1755,EE1008,CC04,30.0,B2
1756,EE1008,L01,26.0,T2
1757,EE1008,L02,26.0,T2
1758,EE1008,L03,26.0,T2
1759,EE1008,L04,26.0,T2
1760,EE1008,L05,26.0,T6
1761,EE1008,L06,26.0,T6
1762,EE1008,L07,26.0,T2
1763,EE1008,L08,26.0,T6
1764,EE1008,L09,26.0,T6
1765,EE1008,L10,26.0,T2
1766,EE1008,L11,26.0,T2
1767,EE1008,L12,26.0,T2
1768,EE1008,L13,26.0,T2
1769,EE1008,L14,26.0,T6
1770,EE1008,L15,26.0,T6
1771,EE1008,L16,26.0,T6
1772,EE1008,L17,26.0,T6
1773,EE1008,L18,26.0,T2
1774,EE1008,L19,26.0,T6
1775,EE1008,L20,26.0,T2
1776,EE1008,L21,26.0,T6
1777,EE1008,L22,26.0,T6
1778,EE1008,L23,26.0,T6
1779,EE1008,L24,26.0,T6
1780,EE1008,L25,26.0,T6
1781,EE1029,CC01,60.0,QT
1782,EE1030,CC01,30.0,XG
1783,EE2003,A01,80.0,QT
1784,EE2003,A02,80.0,QT
1785,EE2003,L01,120.0,LH
1786,EE2003,L02,120.0,LH
1787,EE2003,L03,120.0,LH
1788,EE2004,A01,80.0,QT
1789,EE2004,A02,80.0,QT
1790,EE2004,L01,60.0,LH
1791,EE2004,L02,60.0,LH
1792,EE2004,L03,60.0,LH
1793,EE2004,L04,60.0,LH
1794,EE2004,L05,60.0,LH
1795,EE2004,L06,60.0,LH
1796,EE2005,A01,80.0,QT
1797,EE2005,A02,80.0,QT
1798,EE2005,A03,80.0,QT
1799,EE2005,L01,80.0,LH
1800,EE2005,L02,80.0,LH
1801,EE2005,L03,80.0,LH
1802,EE2005,L04,80.0,LH
1803,EE2006,A01,80.0,QT
1804,EE2006,A02,80.0,QT
1805,EE2006,A03,80.0,QT
1806,EE2006,L01,80.0,LH
1807,EE2006,L02,80.0,LH
1808,EE2006,L03,80.0,LH
1809,EE2006,L04,80.0,LH
1810,EE2009,A01,60.0,QT
1811,EE2010,A01,40.0,I
1812,EE2010,A02,40.0,I
1813,EE2011,L01,120.0,LH
1814,EE2012,L01,120.0,LH
1815,EE2015,A01,60.0,QT
1816,EE2015,L01,60.0,LH
1817,EE2015,L02,60.0,LH
1818,EE2015,L03,60.0,LH
1819,EE2016,A01,30.0,V1
1820,EE2016,L01,30.0,V1
1821,EE2016,L02,30.0,V1
1822,EE2016,L03,30.0,V1
1823,EE2016,L04,30.0,V1
1824,EE2016,L05,30.0,V1
1825,EE2016,L06,30.0,V1
1826,EE2017,A01,75.0,QT
1827,EE2017,L01,75.0,LH
1828,EE2017,L02,75.0,LH
1829,EE2017,L03,75.0,LH
1830,EE2017,L04,75.0,LH
1831,EE2017,L05,75.0,LH
1832,EE2018,L01,25.0,T7
1833,EE2018,L02,25.0,T7
1834,EE2018,L03,25.0,T7
1835,EE2018,L04,25.0,T7
1836,EE2018,L05,25.0,T7
1837,EE2018,L06,25.0,T7
1838,EE2018,L07,25.0,T7
1839,EE2018,L08,25.0,T7
1840,EE2018,L09,25.0,T7
1841,EE2018,L10,25.0,T7
1842,EE2018,L11,25.0,T7
1843,EE2018,L12,25.0,T7
1844,EE2018,L13,25.0,T7
1845,EE2018,L14,25.0,T7
1846,EE2018,L15,25.0,T7
1847,EE2031,A01,60.0,QT
1848,EE2031,A02,60.0,QT
1849,EE2031,A03,60.0,QT
1850,EE2031,A04,60.0,QT
1851,EE2032,A01,30.0,MD
1852,EE2032,A02,30.0,MD
1853,EE2032,A03,30.0,MD
1854,EE2032,A04,30.0,MD
1855,EE2032,A05,30.0,MD
1856,EE2032,A06,30.0,MD
1857,EE2032,A07,30.0,MD
1858,EE2032,A08,30.0,MD
1859,EE2035,A01,75.0,QT
1860,EE2035,A02,75.0,QT
1861,EE2035,A03,75.0,QT
1862,EE2035,L01,125.0,LH
1863,EE2035,L02,125.0,LH
1864,EE2035,L03,125.0,LH
1865,EE2035,L04,125.0,LH
1866,EE2035,L05,125.0,LH
1867,EE2036,A01,25.0,MD
1868,EE2036,A02,25.0,MD
1869,EE2036,A03,25.0,MD
1870,EE2036,A04,25.0,MD
1871,EE2036,A05,25.0,MD
1872,EE2036,A06,25.0,MD
1873,EE2036,A07,25.0,MD
1874,EE2036,A08,25.0,MD
1875,EE2036,A09,25.0,MD
1876,EE2036,L01,24.0,T8
1877,EE2036,L02,24.0,T8
1878,EE2036,L03,24.0,T8
1879,EE2036,L04,24.0,T8
1880,EE2036,L05,24.0,T8
1881,EE2036,L06,24.0,T8
1882,EE2036,L07,24.0,T8
1883,EE2036,L08,24.0,T8
1884,EE2036,L09,24.0,T8
1885,EE2036,L10,24.0,T8
1886,EE2036,L11,24.0,T8
1887,EE2036,L12,24.0,T8
1888,EE2036,L13,24.0,T8
1889,EE2036,L14,24.0,T8
1890,EE2036,L15,24.0,T8
1891,EE2036,L16,24.0,T8
1892,EE2036,L17,24.0,T8
1893,EE2036,L18,24.0,T8
1894,EE2036,L19,24.0,T8
1895,EE2036,L20,24.0,T8
1896,EE2039,A01,75.0,QT
1897,EE2039,A02,75.0,QT
1898,EE2039,A03,75.0,QT
1899,EE2039,L01,120.0,LH
1900,EE2039,L02,120.0,LH
1901,EE2039,L03,120.0,LH
1902,EE2039,L04,120.0,LH
1903,EE2039,L05,120.0,LH
1904,EE2040,A01,25.0,XG
1905,EE2040,A02,25.0,D1
1906,EE2040,A03,25.0,XG
1907,EE2040,A04,25.0,XG
1908,EE2040,A05,25.0,D1
1909,EE2040,A06,25.0,XG
1910,EE2040,A07,25.0,XG
1911,EE2040,A08,25.0,XG
1912,EE2040,A09,25.0,XG
1913,EE2040,L01,30.0,TB
1914,EE2040,L02,30.0,T2
1915,EE2040,L03,30.0,TB
1916,EE2040,L04,30.0,TB
1917,EE2040,L05,30.0,TB
1918,EE2040,L06,30.0,T2
1919,EE2040,L07,30.0,T2
1920,EE2040,L08,30.0,TB
1921,EE2040,L09,30.0,TB
1922,EE2040,L10,30.0,TB
1923,EE2040,L11,30.0,TB
1924,EE2040,L12,30.0,TB
1925,EE2040,L13,30.0,TB
1926,EE2040,L14,30.0,T2
1927,EE2040,L15,30.0,TB
1928,EE2040,L16,30.0,TB
1929,EE2040,L17,30.0,T2
1930,EE2040,L18,30.0,T2
1931,EE2040,L19,30.0,TB
1932,EE2040,L20,30.0,T2
1933,EE2109,A01,25.0,MA
1934,EE2119,A01,24.0,Tº
1935,EE2401,CC01,80.0,QT
1936,EE2402,CC01,80.0,QT
1937,EE2409,CC01,80.0,QT
1938,EE2409,CC02,80.0,QT
1939,EE2409,CC03,80.0,QT
1940,EE2411,CC01,80.0,QT
1941,EE2411,CC02,80.0,QT
1942,EE2411,CC03,80.0,QT
1943,EE2412,CC01,20.0,XG
1944,EE2412,CC02,20.0,B2
1945,EE2412,CC03,20.0,B2
1946,EE2412,CC04,20.0,XG
1947,EE2412,CC05,20.0,B2
1948,EE2412,CC06,20.0,B2
1949,EE2412,CC07,20.0,XG
1950,EE2412,CC08,20.0,B2
1951,EE2412,CC09,20.0,B2
1952,EE2415,CC01,80.0,QT
1953,EE2415,CC02,80.0,QT
1954,EE2415,CC03,80.0,QT
1955,EE2416,CC01,40.0,I
1956,EE2416,CC02,40.0,I
1957,EE2416,CC03,40.0,I
1958,EE2416,CC04,40.0,I
1959,EE2416,CC05,40.0,I
1960,EE2416,CC06,40.0,I
1961,EE2419,CC01,80.0,QT
1962,EE2419,CC02,80.0,QT
1963,EE2419,CC03,80.0,QT
1964,EE2420,CC01,20.0,D1
1965,EE2420,CC02,20.0,D1
1966,EE2420,CC03,20.0,D1
1967,EE2420,CC04,20.0,D1
1968,EE2420,CC05,20.0,D1
1969,EE2420,CC06,20.0,D1
1970,EE2420,CC07,20.0,D1
1971,EE2420,CC08,20.0,D1
1972,EE2420,CC09,20.0,D1
1973,EE2421,CC01,60.0,.
1974,EE2421,CC02,60.0,.
1975,EE3001,L01,72.0,LH
1976,EE3001,L02,72.0,LH
1977,EE3001,L03,72.0,LH
1978,EE3001,L04,72.0,LH
1979,EE3002,L01,18.0,E
1980,EE3002,L03,18.0,E
1981,EE3002,L04,18.0,E
1982,EE3002,L05,18.0,E
1983,EE3002,L06,18.0,E
1984,EE3002,L07,18.0,E
1985,EE3002,L08,18.0,E
1986,EE3002,L09,18.0,E
1987,EE3002,L10,18.0,E
1988,EE3002,L11,18.0,E
1989,EE3002,L12,18.0,E
1990,EE3002,L14,18.0,E
1991,EE3002,L15,18.0,E
1992,EE3002,L16,18.0,E
1993,EE3005,A01,60.0,QT
1994,EE3005,L01,60.0,LH
1995,EE3005,L02,60.0,LH
1996,EE3005,L03,60.0,LH
1997,EE3005,L04,60.0,LH
1998,EE3006,A01,30.0,G2
1999,EE3006,L01,30.0,G2
2000,EE3006,L02,30.0,G2
2001,EE3006,L03,30.0,G2
2002,EE3006,L04,30.0,G2
2003,EE3006,L05,30.0,G2
2004,EE3006,L06,30.0,G2
2005,EE3006,L07,30.0,G2
2006,EE3006,L08,30.0,G2
2007,EE3007,A01,50.0,QT
2008,EE3007,L01,60.0,LH
2009,EE3007,L02,60.0,LH
2010,EE3007,L03,60.0,LH
2011,EE3007,L04,60.0,LH
2012,EE3008,A01,30.0,G
2013,EE3008,L01,30.0,G
2014,EE3008,L02,30.0,G
2015,EE3008,L03,30.0,G
2016,EE3008,L04,30.0,G
2017,EE3008,L05,30.0,G
2018,EE3008,L06,30.0,G
2019,EE3008,L07,30.0,G
2020,EE3008,L08,30.0,G
2021,EE3009,L01,50.0,LH
2022,EE3009,L02,50.0,LH
2023,EE3009,L03,50.0,LH
2024,EE3009,L04,50.0,LH
2025,EE3009,L05,50.0,LH
2026,EE3010,L01,25.0,N
2027,EE3010,L02,25.0,N
2028,EE3010,L03,25.0,N
2029,EE3010,L04,25.0,N
2030,EE3010,L05,25.0,N
2031,EE3010,L06,25.0,N
2032,EE3010,L07,25.0,N
2033,EE3010,L08,25.0,N
2034,EE3010,L09,25.0,N
2035,EE3010,L10,25.0,N
2036,EE3011,A01,60.0,QT
2037,EE3011,L01,60.0,LH
2038,EE3011,L02,60.0,LH
2039,EE3011,L03,60.0,LH
2040,EE3011,L04,60.0,LH
2041,EE3011,L05,60.0,LH
2042,EE3015,A01,80.0,QT
2043,EE3017,A01,60.0,QT
2044,EE3017,L01,60.0,LH
2045,EE3017,L02,60.0,LH
2046,EE3017,L03,60.0,LH
2047,EE3017,L04,60.0,LH
2048,EE3018,A01,30.0,SC
2049,EE3018,L01,30.0,SC
2050,EE3018,L02,30.0,SC
2051,EE3018,L03,30.0,SC
2052,EE3018,L04,30.0,SC
2053,EE3018,L05,30.0,SC
2054,EE3018,L06,30.0,SC
2055,EE3018,L07,30.0,SC
2056,EE3018,L08,30.0,SC
2057,EE3019,A01,50.0,QT
2058,EE3019,L01,60.0,LH
2059,EE3019,L02,60.0,LH
2060,EE3019,L03,60.0,LH
2061,EE3019,L04,60.0,LH
2062,EE3019,L05,60.0,LH
2063,EE3020,A01,30.0,SO
2064,EE3020,A02,30.0,SO
2065,EE3020,L01,30.0,SO
2066,EE3020,L02,30.0,SO
2067,EE3020,L03,30.0,SO
2068,EE3020,L04,30.0,SO
2069,EE3020,L05,30.0,SO
2070,EE3020,L06,30.0,SO
2071,EE3020,L07,30.0,SO
2072,EE3020,L08,30.0,SO
2073,EE3020,L09,30.0,SO
2074,EE3020,L10,30.0,SO
2075,EE3021,A01,30.0,M
2076,EE3021,L01,30.0,M
2077,EE3021,L02,30.0,M
2078,EE3021,L03,30.0,M
2079,EE3021,L04,30.0,M
2080,EE3021,L05,30.0,M
2081,EE3021,L06,30.0,M
2082,EE3021,L07,30.0,M
2083,EE3021,L08,30.0,M
2084,EE3021,L09,30.0,M
2085,EE3021,L10,30.0,M
2086,EE3021,L11,30.0,M
2087,EE3021,L12,30.0,M
2088,EE3023,A01,24.0,M9
2089,EE3023,A02,24.0,M9
2090,EE3023,L01,24.0,M9
2091,EE3023,L02,24.0,M9
2092,EE3023,L03,24.0,M9
2093,EE3023,L04,24.0,M9
2094,EE3023,L05,24.0,M9
2095,EE3023,L06,24.0,M9
2096,EE3023,L07,24.0,M9
2097,EE3023,L08,24.0,M9
2098,EE3023,L09,24.0,M9
2099,EE3023,L10,24.0,M9
2100,EE3023,L11,24.0,M9
2101,EE3023,L12,24.0,M9
2102,EE3023,L13,24.0,M9
2103,EE3023,L14,24.0,M9
2104,EE3023,L15,24.0,M9
2105,EE3023,L16,24.0,M9
2106,EE3023,L17,24.0,M9
2107,EE3023,L18,24.0,M9
2108,EE3027,L01,80.0,LH
2109,EE3027,L02,80.0,LH
2110,EE3027,L03,80.0,LH
2111,EE3028,L01,20.0,F
2112,EE3028,L02,20.0,F
2113,EE3028,L03,20.0,F
2114,EE3028,L04,20.0,F
2115,EE3028,L05,20.0,F
2116,EE3028,L06,20.0,F
2117,EE3028,L08,20.0,F
2118,EE3028,L09,20.0,F
2119,EE3028,L10,20.0,F
2120,EE3028,L11,20.0,F
2121,EE3028,L12,20.0,F
2122,EE3031,L01,60.0,LH
2123,EE3035,L01,60.0,LH
2124,EE3037,L01,60.0,LH
2125,EE3041,L01,60.0,LH
2126,EE3043,L01,60.0,LH
2127,EE3067,A01,60.0,QT
2128,EE3069,L01,60.0,LH
2129,EE3069,L02,60.0,LH
2130,EE3071,L01,80.0,LH
2131,EE3077,A01,60.0,QT
2132,EE3077,L01,60.0,LH
2133,EE3085,L01,60.0,LH
2134,EE3087,A01,50.0,QT
2135,EE3087,L01,50.0,LH
2136,EE3088,A01,25.0,ET
2137,EE3088,A02,25.0,ET
2138,EE3088,L01,25.0,ET
2139,EE3088,L02,25.0,ET
2140,EE3093,L01,60.0,LH
2141,EE3094,L01,60.0,LH
2142,EE3095,L01,50.0,LH
2143,EE3096,L01,25.0,ET
2144,EE3099,L01,60.0,LH
2145,EE3100,L01,20.0,E5
2146,EE3100,L02,20.0,E5
2147,EE3100,L03,20.0,E5
2148,EE3101,L01,60.0,LH
2149,EE3107,L01,60.0,LH
2150,EE3117,L01,60.0,LH
2151,EE3117,L02,60.0,LH
2152,EE3117,L03,60.0,LH
2153,EE3121,L01,60.0,LH
2154,EE3127,L01,60.0,LH
2155,EE3131,L01,60.0,LH
2156,EE3133,L01,60.0,LH
2157,EE3143,L01,60.0,LH
2158,EE3144,L01,20.0,E5
2159,EE3145,L01,60.0,LH
2160,EE3165,A01,60.0,QT
2161,EE3165,L01,80.0,LH
2162,EE3165,L02,80.0,LH
2163,EE3165,L03,80.0,LH
2164,EE3165,L04,80.0,LH
2165,EE3167,L01,60.0,LH
2166,EE3169,L01,60.0,LH
2167,EE3171,L01,60.0,LH
2168,EE3177,L01,60.0,LH
2169,EE3181,L01,9000.0,.
2170,EE3183,A01,9000.0,.
2171,EE3183,L01,9000.0,.
2172,EE3185,A01,9000.0,.
2173,EE3185,L01,9000.0,.
2174,EE3189,A01,60.0,QT
2175,EE3190,A01,30.0,D1
2176,EE3190,A02,30.0,D1
2177,EE3207,L01,60.0,LH
2178,EE3207,L02,60.0,LH
2179,EE3211,L01,9000.0,.
2180,EE3345,L01,-5.0,.
2181,EE3355,L01,-5.0,.
2182,EE3365,L01,-5.0,.
2183,EE3417,CC01,50.0,QT
2184,EE3418,CC01,60.0,QT
2185,EE3419,CC01,60.0,QT
2186,EE3420,CC01,20.0,E5
2187,EE3420,CC02,20.0,E5
2188,EE3420,CC03,20.0,E5
2189,EE3421,CC01,50.0,QT
2190,EE3422,CC01,25.0,N
2191,EE3425,CC01,60.0,QT
2192,EE3427,CC01,50.0,QT
2193,EE4057,A01,9000.0,.
2194,EE4063,A01,60.0,QT
2195,EE4065,A01,60.0,QT
2196,EE4069,A01,60.0,.
2197,EE4347,L01,9000.0,.
2198,EE4357,A01,9000.0,.
2199,EE4357,L01,9000.0,.
2200,EE4367,L01,9000.0,.
2201,EE4377,CC01,9000.0,.
2202,EE4385,A01,-5.0,.
2203,EE4395,A01,-5.0,.
2204,EE4441,CC01,50.0,QT
2205,EE4442,CC01,50.0,QT
2206,EE4445,CC01,50.0,QT
2207,EE4446,CC01,50.0,QT
2208,EE4451,CC01,50.0,QT
2209,EE4453,CC01,50.0,QT
2210,EE5017,A01,9000.0,.
2211,EE5027,A01,9000.0,.
2212,EE5113,CH01,60.0,QT
2213,EE5135,CH01,50.0,QT
2214,EE5137,CH01,60.0,QT
2215,EE5145,CH01,50.0,QT
2216,EE5147,CH01,80.0,QT
2217,EE5153,CH01,80.0,.
2218,EE5155,CH01,80.0,.
2219,EE5161,CH01,80.0,.
2220,EE5163,CH01,80.0,.
2221,EE5165,CH01,80.0,.
2222,EE5167,CH01,80.0,.
2223,EE5173,CH01,80.0,.
2224,EE5175,CH01,80.0,.
2225,EE5179,CH01,80.0,.
2226,EE5211,CH01,80.0,QT
2227,EE5213,CH01,80.0,QT
2228,EE5215,CH01,80.0,QT
2229,EE5217,CH01,80.0,QT
2230,EE5237,CH01,80.0,.
2231,EE5283,CH01,30.0,XG
2232,EE5285,CH01,80.0,QT
2233,EE5301,CH01,80.0,QT
2234,EE5303,CH01,70.0,QT
2235,EE5319,CH01,80.0,QT
2236,EE5321,CH01,80.0,QT
2237,EE5325,CH01,80.0,QT
2238,EE5339,CH01,80.0,QT
2239,EN1003,A01,80.0,QT
2240,EN1003,A02,80.0,QT
2241,EN1003,A03,81.0,QT
2242,EN1003,CC01,80.0,QT
2243,EN1003,CC02,80.0,QT
2244,EN1003,CC03,80.0,QT
2245,EN1003,L01,120.0,LH
2246,EN1003,L02,120.0,LH
2247,EN1003,L03,120.0,LH
2248,EN1003,L04,120.0,LH
2249,EN1003,L05,120.0,LH
2250,EN1003,L06,120.0,LH
2251,EN1003,L07,120.0,LH
2252,EN1003,L08,120.0,LH
2253,EN1003,L09,120.0,LH
2254,EN1003,L10,120.0,LH
2255,EN1005,L01,80.0,LH
2256,EN1005,L02,80.0,LH
2257,EN1015,CC01,60.0,QT
2258,EN1015,L01,125.0,LH
2259,EN1016,CC01,30.0,OM
2260,EN1016,L01,30.0,OM
2261,EN1016,L02,30.0,OM
2262,EN1016,L03,35.0,OM
2263,EN1016,L04,30.0,OM
2264,EN1017,CC01,70.0,QT
2265,EN1017,L01,80.0,LH
2266,EN1017,L02,80.0,LH
2267,EN1018,CC01,70.0,QT
2268,EN1018,L01,80.0,LH
2269,EN1018,L02,80.0,LH
2270,EN1021,CC01,40.0,QT
2271,EN1022,CC01,20.0,OM
2272,EN2003,CC01,80.0,QT
2273,EN2003,L01,80.0,LH
2274,EN2003,L02,80.0,LH
2275,EN2033,CC01,80.0,QT
2276,EN2049,CC01,80.0,QT
2277,EN2050,CC01,80.0,QT
2278,EN2061,L01,80.0,LH
2279,EN2061,L02,85.0,LH
2280,EN3001,CC01,50.0,QT
2281,EN3001,L01,75.0,LH
2282,EN3002,CC01,25.0,NO
2283,EN3002,L01,25.0,NO
2284,EN3002,L02,25.0,NO
2285,EN3003,L01,75.0,LH
2286,EN3004,L01,25.0,M4
2287,EN3027,CC01,60.0,QT
2288,EN3027,L01,60.0,LH
2289,EN3028,CC01,30.0,M1
2290,EN3028,L01,30.0,M3
2291,EN3028,L02,30.0,M3
2292,EN3041,L01,60.0,LH
2293,EN3047,L01,60.0,LH
2294,EN3073,L01,60.0,LH
2295,EN3077,CC01,9000.0,.
2296,EN3077,L01,9000.0,.
2297,EN3087,CC01,60.0,QT
2298,EN3087,L01,60.0,LH
2299,EN3117,L01,60.0,LH
2300,EN3205,CC01,60.0,QT
2301,EN3205,L01,60.0,LH
2302,EN3335,L01,-5.0,.
2303,EN3345,CC01,-5.0,.
2304,EN3345,L01,-5.0,.
2305,EN4025,L01,60.0,LH
2306,EN4026,L01,60.0,LH
2307,EN4337,L01,9000.0,.
2308,EN4347,CC01,9000.0,.
2309,EN4347,L01,9000.0,.
2310,EN5041,CH01,80.0,QT
2311,EN5081,CH01,56.0,QT
2312,EN5097,CH01,80.0,QT
2313,EN5099,CH01,80.0,QT
2314,EN5135,CH01,80.0,QT
2315,EN5151,CH01,80.0,.
2316,EN5153,CH01,80.0,.
2317,EN5157,CH01,80.0,QT
2318,EN5167,CH01,80.0,.
2319,GE1013,CC01,70.0,QT
2320,GE1013,L01,120.0,LH
2321,GE1013,L02,120.0,LH
2322,GE1014,CC01,35.0,.
2323,GE1014,L01,30.0,.
2324,GE1014,L02,30.0,.
2325,GE1014,L03,30.0,.
2326,GE1014,L04,30.0,.
2327,GE1014,L05,30.0,.
2328,GE1014,L06,30.0,.
2329,GE1015,CC01,80.0,QT
2330,GE1015,L01,120.0,LH
2331,GE1025,CC01,80.0,QT
2332,GE1025,L01,80.0,LH
2333,GE1029,CC01,80.0,QT
2334,GE1029,L01,120.0,LH
2335,GE1029,L02,120.0,LH
2336,GE2021,L01,60.0,LH
2337,GE2029,L01,60.0,LH
2338,GE2059,CC01,60.0,QT
2339,GE2059,L01,60.0,LH
2340,GE2059,L02,60.0,LH
2341,GE2060,CC01,60.0,QT
2342,GE2060,L01,60.0,LH
2343,GE2060,L02,60.0,LH
2344,GE2061,CC01,60.0,QT
2345,GE2061,L01,60.0,LH
2346,GE2061,L02,60.0,LH
2347,GE2063,CC01,80.0,QT
2348,GE2063,L01,80.0,LH
2349,GE2064,CC01,80.0,QT
2350,GE2064,L01,80.0,LH
2351,GE2071,L01,60.0,LH
2352,GE2077,L01,80.0,LH
2353,GE2078,L01,80.0,LH
2354,GE2081,L01,80.0,LH
2355,GE3037,L01,25.0,1
2356,GE3061,L01,60.0,LH
2357,GE3099,L01,80.0,LH
2358,GE3105,CC01,60.0,QT
2359,GE3105,L01,60.0,LH
2360,GE3141,L01,80.0,LH
2361,GE3143,L01,60.0,LH
2362,GE3144,L01,60.0,LH
2363,GE3151,L01,60.0,LH
2364,GE3161,L01,80.0,LH
2365,GE3162,L01,60.0,LH
2366,GE3197,L01,60.0,.
2367,GE3203,L01,80.0,LH
2368,GE3204,L01,60.0,LH
2369,GE3204,L02,60.0,LH
2370,GE3217,CC01,60.0,QT
2371,GE3217,L01,60.0,LH
2372,GE3218,CC01,60.0,QT
2373,GE3218,L01,60.0,LH
2374,GE3229,L01,80.0,LH
2375,GE4029,L01,60.0,LH
2376,GE4039,L01,9000.0,.
2377,GE4087,L01,60.0,LH
2378,GE4088,L01,60.0,LH
2379,GE4093,CC01,60.0,QT
2380,GE4093,L01,60.0,LH
2381,GE4111,L01,9000.0,.
2382,GE4337,L01,9000.0,.
2383,GE4347,CC01,9000.0,.
2384,GE4347,L01,9000.0,.
2385,GK5011,CH03,80.0,QT
2386,GK5025,CH03,80.0,QT
2387,GK5033,CH01,100.0,QT
2388,GK5033,CH02,100.0,GD
2389,GK5033,CH03,100.0,GD
2390,IM1009,CC01,80.0,QT
2391,IM1009,CC02,80.0,QT
2392,IM1009,L01,80.0,LH
2393,IM1009,L02,80.0,LH
2394,IM1013,CC01,80.0,QT
2395,IM1013,L01,120.0,LH
2396,IM1015,CC01,80.0,QT
2397,IM1015,CC02,85.0,QT
2398,IM1015,L01,82.0,LH
2399,IM1015,L02,80.0,LH
2400,IM1017,CC01,80.0,QT
2401,IM1017,CC02,82.0,QT
2402,IM1017,L01,120.0,LH
2403,IM1017,L02,120.0,LH
2404,IM1019,CC01,80.0,QT
2405,IM1019,CC02,82.0,QT
2406,IM1019,L01,80.0,LH
2407,IM1019,L02,80.0,LH
2408,IM1021,A01,80.0,QT
2409,IM1021,CC01,80.0,QT
2410,IM1021,L01,120.0,LH
2411,IM1023,CC01,80.0,QT
2412,IM1023,L01,120.0,LH
2413,IM1025,A01,80.0,QT
2414,IM1025,CC01,80.0,QT
2415,IM1025,L01,140.0,LH
2416,IM1025,L02,140.0,LH
2417,IM1027,CC01,80.0,QT
2418,IM1027,L01,120.0,LH
2419,IM2029,CC01,900.0,NT
2420,IM2029,L01,900.0,NT
2421,IM2031,CC01,80.0,QT
2422,IM2031,CC02,80.0,QT
2423,IM2031,L01,120.0,LH
2424,IM2031,L02,120.0,LH
2425,IM2033,CC01,80.0,QT
2426,IM2033,CC02,80.0,QT
2427,IM2033,L01,120.0,LH
2428,IM2033,L02,120.0,LH
2429,IM2035,CC01,80.0,QT
2430,IM2035,CC02,80.0,QT
2431,IM2035,L01,120.0,LH
2432,IM2035,L02,120.0,LH
2433,IM3001,CC01,80.0,QT
2434,IM3001,L01,120.0,LH
2435,IM3023,CC01,60.0,QT
2436,IM3023,L01,60.0,LH
2437,IM3033,L01,60.0,LH
2438,IM3041,L01,60.0,LH
2439,IM3059,CC01,80.0,QT
2440,IM3059,L01,120.0,LH
2441,IM3059,L02,120.0,LH
2442,IM3081,L01,60.0,LH
2443,IM3085,CC01,70.0,QT
2444,IM3085,L01,120.0,LH
2445,IM3091,CC01,60.0,QT
2446,IM3091,L01,60.0,LH
2447,IM3091,L02,60.0,LH
2448,IM3095,CC01,60.0,QT
2449,IM3095,L01,60.0,LH
2450,IM3095,L02,60.0,LH
2451,IM3097,L01,60.0,LH
2452,IM3099,CC01,60.0,QT
2453,IM3107,CC01,80.0,QT
2454,IM3107,L01,80.0,LH
2455,IM3107,L02,80.0,LH
2456,IM3107,L03,80.0,LH
2457,IM3325,L01,-5.0,.
2458,IM4327,CC01,9000.0,.
2459,IM4327,L01,9000.0,.
2460,IM5001,CH01,60.0,QT
2461,IM5009,CH01,60.0,QT
2462,IM5065,CH01,60.0,QT
2463,IM5067,CH01,60.0,QT
2464,IM5085,CH01,80.0,QT
2465,IM5091,CH01,60.0,QT
2466,IM5093,CH01,45.0,QT
2467,IM5109,CH01,60.0,QT
2468,IM5111,CH01,60.0,QT
2469,IM5115,CH01,80.0,.
2470,IM5117,CH01,80.0,.
2471,IU1011,L01,75.0,LH
2472,IU1011,L02,75.0,LH
2473,IU1012,L01,25.0,B8
2474,IU1012,L02,25.0,B8
2475,IU1012,L03,25.0,B8
2476,IU1012,L04,25.0,B8
2477,IU1012,L05,25.0,B8
2478,IU1012,L06,25.0,B8
2479,IU1015,L01,90.0,LH
2480,IU1015,L02,90.0,LH
2481,IU1016,L01,90.0,LH
2482,IU1016,L02,90.0,LH
2483,IU2011,L01,80.0,LH
2484,IU2011,L02,80.0,LH
2485,IU2012,L01,20.0,DT
2486,IU2012,L03,20.0,DT
2487,IU2012,L04,20.0,DT
2488,IU2012,L05,20.0,DT
2489,IU2012,L06,20.0,DT
2490,IU2012,L07,20.0,DT
2491,IU2012,L08,20.0,DT
2492,IU2043,L01,75.0,LH
2493,IU2043,L02,75.0,LH
2494,IU2044,L01,25.0,B8
2495,IU2044,L02,25.0,B8
2496,IU2044,L03,25.0,B8
2497,IU2044,L04,25.0,B8
2498,IU2044,L05,25.0,B8
2499,IU2044,L06,25.0,B8
2500,IU3017,L01,35.0,LH
2501,IU3018,L01,35.0,DT
2502,IU3063,L01,35.0,LH
2503,IU3064,L01,35.0,KN
2504,IU3065,L01,80.0,LH
2505,IU3066,L01,20.0,XH
2506,IU3066,L02,20.0,XH
2507,IU4019,L01,80.0,LH
2508,IU4020,L01,80.0,LH
2509,IU4021,L01,35.0,LH
2510,IU4022,L01,35.0,B8
2511,IU4025,L01,60.0,LH
2512,IU4026,L01,60.0,LH
2513,IU4327,L01,9000.0,.
2514,LA1013,A01,30.0,QT
2515,LA1013,A02,30.0,QT
2516,LA1013,A03,30.0,QT
2517,LA1013,A04,30.0,QT
2518,LA1013,A05,30.0,QT
2519,LA1013,A06,30.0,QT
2520,LA1014,A01,30.0,QT
2521,LA1014,A02,30.0,QT
2522,LA1014,A03,30.0,QT
2523,LA1014,A04,30.0,QT
2524,LA1014,A05,30.0,QT
2525,LA1014,A06,30.0,QT
2526,LA1017,A01,25.0,QT
2527,LA1017,A02,25.0,QT
2528,LA1017,A03,25.0,QT
2529,LA1017,A04,25.0,QT
2530,LA1017,A05,25.0,QT
2531,LA1017,A06,25.0,QT
2532,LA1017,A07,25.0,QT
2533,LA1018,A01,25.0,QT
2534,LA1018,A02,25.0,QT
2535,LA1018,A03,25.0,QT
2536,LA1018,A04,25.0,QT
2537,LA1018,A05,25.0,QT
2538,LA1018,A06,25.0,QT
2539,LA1018,A07,25.0,QT
2540,LA1021,A01,25.0,.
2541,LA1053,A01,35.0,QT
2542,LA1053,A02,35.0,QT
2543,LA1053,A03,35.0,QT
2544,LA1053,A04,35.0,QT
2545,LA1055,A01,35.0,QT
2546,LA1055,A02,35.0,QT
2547,LA1055,A03,35.0,QT
2548,LA1055,A04,35.0,QT
2549,LA2007,A01,30.0,.
2550,LA2011,A01,60.0,.
2551,LA2019,A01,30.0,QT
2552,LA2019,A02,30.0,QT
2553,LA2019,A03,25.0,QT
2554,LA2019,A04,25.0,QT
2555,LA3023,A01,24.0,QT
2556,LA3023,A02,23.0,QT
2557,LA3023,A03,24.0,QT
2558,LA3023,A04,24.0,QT
2559,LA3023,A05,23.0,QT
2560,LA3023,A06,24.0,QT
2561,LA3024,A01,24.0,QT
2562,LA3024,A02,23.0,QT
2563,LA3024,A03,24.0,QT
2564,LA3024,A04,24.0,QT
2565,LA3024,A05,23.0,QT
2566,LA3024,A06,24.0,QT
2567,LA3027,A01,25.0,QT
2568,LA3027,A02,25.0,QT
2569,LA3027,A03,25.0,QT
2570,LA3027,A04,25.0,QT
2571,LA3027,A05,25.0,QT
2572,LA4009,A01,35.0,QT
2573,LA4009,A02,35.0,QT
2574,LA4009,A03,22.0,QT
2575,MA1003,A01,80.0,QT
2576,MA1004,A01,80.0,QT
2577,MA2007,A01,60.0,QT
2578,MA2008,A01,60.0,QT
2579,MA2035,CC01,80.0,QT
2580,MA2035,L01,120.0,LH
2581,MA2035,L02,120.0,LH
2582,MA2036,CC01,80.0,QT
2583,MA2036,L01,60.0,LH
2584,MA2036,L02,60.0,LH
2585,MA2036,L03,60.0,LH
2586,MA2036,L04,60.0,LH
2587,MA2037,CC01,60.0,QT
2588,MA2037,L01,60.0,LH
2589,MA2037,L02,60.0,LH
2590,MA2037,L03,60.0,LH
2591,MA2038,CC01,30.0,DZ
2592,MA2043,CC01,20.0,QT
2593,MA2043,L01,60.0,LH
2594,MA2043,L02,60.0,LH
2595,MA2043,L03,60.0,LH
2596,MA2044,CC01,20.0,N7
2597,MA2044,L01,20.0,VL
2598,MA2044,L02,20.0,VL
2599,MA2044,L03,20.0,VL
2600,MA2044,L04,20.0,VL
2601,MA2044,L05,20.0,VL
2602,MA2044,L06,20.0,VL
2603,MA2044,L07,20.0,VL
2604,MA2044,L08,20.0,VL
2605,MA2044,L09,20.0,VL
2606,MA2121,CC01,80.0,QT
2607,MA2121,L01,80.0,LH
2608,MA2121,L02,80.0,LH
2609,MA2121,L03,80.0,LH
2610,MA3009,L01,50.0,LH
2611,MA3010,L01,25.0,B6
2612,MA3011,L01,60.0,LH
2613,MA3012,L01,60.0,LH
2614,MA3019,L01,60.0,LH
2615,MA3020,L02,30.0,PO
2616,MA3035,L01,25.0,VL
2617,MA3039,L01,60.0,LH
2618,MA3083,CC01,80.0,QT
2619,MA3083,L01,80.0,LH
2620,MA3084,CC01,80.0,QT
2621,MA3084,L01,80.0,LH
2622,MA3093,L01,60.0,LH
2623,MA3095,L01,60.0,LH
2624,MA3096,L01,60.0,LH
2625,MA3099,L01,30.0,DZ
2626,MA3109,L01,30.0,N2
2627,MA3121,A01,25.0,N8
2628,MA3133,A01,60.0,QT
2629,MA3134,A01,60.0,QT
2630,MA3137,A01,60.0,QT
2631,MA3141,A01,70.0,QT
2632,MA3142,A01,70.0,QT
2633,MA3143,A01,70.0,.
2634,MA3147,A01,60.0,QT
2635,MA3148,A01,60.0,QT
2636,MA3149,L01,30.0,DZ
2637,MA3385,A01,-5.0,.
2638,MA4067,A01,60.0,QT
2639,MA4068,A01,30.0,PO
2640,MA4069,A01,60.0,QT
2641,MA4085,A01,60.0,QT
2642,MA4123,CC01,80.0,QT
2643,MA4123,L01,120.0,LH
2644,MA4145,A01,25.0,DZ
2645,MA4153,A01,60.0,QT
2646,MA4154,A01,60.0,QT
2647,MA4175,A01,25.0,DZ
2648,MA4327,CC01,9000.0,.
2649,MA4327,L01,9000.0,.
2650,MA5017,A01,9000.0,.
2651,MA5025,A01,60.0,QT
2652,MA5027,A01,9000.0,.
2653,MA5059,CH01,80.0,.
2654,MA5061,CH01,80.0,.
2655,MA5075,CH01,56.0,QT
2656,MA5077,CH01,56.0,QT
2657,MA5079,CH01,56.0,QT
2658,MA5081,CH01,56.0,QT
2659,ME1013,CC10,20.0,X
2660,ME1003,L01,75.0,LH
2661,ME1003,L02,75.0,LH
2662,ME1004,L01,25.0,.
2663,ME1004,L02,25.0,.
2664,ME1004,L03,25.0,.
2665,ME1004,L04,25.0,.
2666,ME1005,CC01,25.0,X
2667,ME1005,CC02,25.0,X
2668,ME1005,CC03,25.0,X
2669,ME1005,CC04,25.0,X
2670,ME1005,L01,25.0,X
2671,ME1005,L02,25.0,X
2672,ME1005,L03,25.0,X
2673,ME1005,L04,25.0,X
2674,ME1009,CC01,85.0,QT
2675,ME1009,L01,60.0,LH
2676,ME1010,CC01,22.0,KU
2677,ME1010,CC02,22.0,KU
2678,ME1010,CC03,22.0,KU
2679,ME1010,CC04,22.0,KU
2680,ME1010,L01,30.0,LH
2681,ME1010,L02,30.0,LH
2682,ME1010,L03,30.0,LH
2683,ME1010,L04,30.0,LH
2684,ME1013,A02,20.0,X
2685,ME1013,CC01,20.0,X
2686,ME1013,CC02,20.0,X
2687,ME1013,CC03,20.0,X
2688,ME1013,CC04,20.0,X
2689,ME1013,CC05,20.0,X
2690,ME1013,CC06,20.0,X
2691,ME1013,CC07,20.0,X
2692,ME1013,CC08,20.0,X
2693,ME1013,CC09,20.0,X
2694,ME1013,L01,20.0,X
2695,ME1013,L03,20.0,X
2696,ME1013,L04,20.0,X
2697,ME1013,L05,20.0,X
2698,ME1013,L06,20.0,X
2699,ME1013,L07,20.0,X
2700,ME1013,L08,20.0,X
2701,ME1013,L09,20.0,X
2702,ME1013,L10,20.0,X
2703,ME1013,L11,20.0,X
2704,ME1013,L12,20.0,X
2705,ME1013,L13,20.0,X
2706,ME1013,L14,20.0,X
2707,ME1013,L15,20.0,X
2708,ME1013,L16,20.0,X
2709,ME1013,L17,20.0,X
2710,ME1013,L18,20.0,X
2711,ME1013,L19,20.0,X
2712,ME1013,L20,20.0,X
2713,ME1013,L21,20.0,X
2714,ME1017,L01,80.0,LH
2715,ME1021,CC01,70.0,QT
2716,ME1021,CC02,70.0,QT
2717,ME1021,L01,80.0,LH
2718,ME1021,L02,80.0,LH
2719,ME1022,CC01,70.0,QT
2720,ME1022,CC02,70.0,QT
2721,ME1022,L01,80.0,LH
2722,ME1022,L02,80.0,LH
2723,ME2003,A01,80.0,QT
2724,ME2003,CC01,80.0,QT
2725,ME2003,L01,80.0,LH
2726,ME2004,A01,80.0,QT
2727,ME2004,CC01,80.0,QT
2728,ME2004,L01,80.0,LH
2729,ME2005,A01,50.0,QT
2730,ME2006,A01,25.0,X2
2731,ME2007,A01,80.0,QT
2732,ME2007,CC01,80.0,QT
2733,ME2007,L01,80.0,LH
2734,ME2007,L02,80.0,LH
2735,ME2007,L03,80.0,LH
2736,ME2007,L04,80.0,LH
2737,ME2008,A01,80.0,QT
2738,ME2008,CC01,80.0,QT
2739,ME2008,L01,80.0,LH
2740,ME2008,L02,80.0,LH
2741,ME2008,L03,80.0,LH
2742,ME2008,L04,80.0,LH
2743,ME2013,A01,60.0,QT
2744,ME2013,CC01,60.0,QT
2745,ME2013,L01,60.0,LH
2746,ME2013,L02,60.0,LH
2747,ME2013,L03,60.0,LH
2748,ME2013,L04,60.0,LH
2749,ME2013,L05,60.0,LH
2750,ME2013,L06,60.0,LH
2751,ME2013,L07,60.0,LH
2752,ME2014,A01,30.0,CY
2753,ME2014,A02,30.0,CY
2754,ME2014,CC01,30.0,CY
2755,ME2014,L01,30.0,CY
2756,ME2014,L02,30.0,CY
2757,ME2014,L03,30.0,CY
2758,ME2014,L04,30.0,CY
2759,ME2014,L05,30.0,CY
2760,ME2014,L06,30.0,CY
2761,ME2014,L07,30.0,CY
2762,ME2014,L08,30.0,CY
2763,ME2014,L09,30.0,CY
2764,ME2014,L10,30.0,CY
2765,ME2014,L11,30.0,CY
2766,ME2014,L12,30.0,CY
2767,ME2014,L13,30.0,CY
2768,ME2014,L14,30.0,CY
2769,ME2019,A02,75.0,QT
2770,ME2019,CC01,75.0,QT
2771,ME2019,CC02,75.0,QT
2772,ME2019,L01,100.0,LH
2773,ME2019,L02,100.0,LH
2774,ME2020,CC01,25.0,.
2775,ME2020,CC02,25.0,.
2776,ME2020,CC03,25.0,.
2777,ME2020,CC04,25.0,.
2778,ME2020,L01,25.0,.
2779,ME2020,L02,25.0,.
2780,ME2020,L03,25.0,.
2781,ME2020,L04,25.0,.
2782,ME2020,L05,25.0,.
2783,ME2020,L06,25.0,.
2784,ME2020,L07,25.0,.
2785,ME2020,L08,25.0,.
2786,ME2045,CC01,80.0,QT
2787,ME2045,L01,80.0,LH
2788,ME2049,CC01,60.0,QT
2789,ME2049,CC02,60.0,QT
2790,ME2049,L01,60.0,LH
2791,ME2050,CC01,30.0,KU
2792,ME2050,CC02,30.0,KU
2793,ME2050,CC03,30.0,KU
2794,ME2050,CC04,30.0,KU
2795,ME2050,L01,30.0,H#
2796,ME2050,L02,30.0,H#
2797,ME2071,A01,75.0,QT
2798,ME2071,CC01,75.0,QT
2799,ME2071,L01,75.0,LH
2800,ME2071,L02,75.0,LH
2801,ME2071,L03,75.0,LH
2802,ME2071,L04,75.0,LH
2803,ME2072,A01,25.0,.
2804,ME2072,CC01,25.0,.
2805,ME2072,CC02,25.0,.
2806,ME2072,CC03,25.0,.
2807,ME2072,L01,25.0,.
2808,ME2072,L02,25.0,.
2809,ME2072,L03,25.0,.
2810,ME2072,L04,25.0,.
2811,ME2072,L05,25.0,.
2812,ME2072,L06,25.0,.
2813,ME2072,L07,25.0,.
2814,ME2072,L08,25.0,.
2815,ME2072,L09,25.0,.
2816,ME2072,L10,25.0,.
2817,ME2072,L11,25.0,.
2818,ME2072,L12,25.0,.
2819,ME2087,A01,25.0,X1
2820,ME2087,A02,25.0,X1
2821,ME2087,CC01,25.0,X1
2822,ME2087,CC02,25.0,X1
2823,ME2087,CC03,25.0,X1
2824,ME2087,L01,25.0,X1
2825,ME2087,L02,25.0,X1
2826,ME2087,L03,25.0,X1
2827,ME2089,A01,80.0,QT
2828,ME2089,CC01,80.0,QT
2829,ME2090,A01,40.0,C2
2830,ME2090,CC01,40.0,C2
2831,ME2090,CC02,40.0,C2
2832,ME2099,L01,60.0,LH
2833,ME2099,L02,60.0,LH
2834,ME2100,L01,30.0,CZ
2835,ME2100,L02,30.0,CZ
2836,ME2100,L03,30.0,CZ
2837,ME2100,L04,30.0,CZ
2838,ME2101,L01,80.0,LH
2839,ME2101,L02,80.0,LH
2840,ME2102,L01,80.0,LH
2841,ME2102,L02,80.0,LH
2842,ME2115,CC01,9000.0,.
2843,ME2119,A01,25.0,X
2844,ME2119,A02,25.0,X
2845,ME2121,L01,60.0,LH
2846,ME2121,L02,60.0,LH
2847,ME2122,L01,30.0,CZ
2848,ME2122,L02,30.0,CZ
2849,ME2122,L03,30.0,CZ
2850,ME2122,L04,30.0,CZ
2851,ME2129,L01,120.0,LH
2852,ME2130,L01,120.0,LH
2853,ME2131,CC01,60.0,QT
2854,ME2131,CC02,60.0,QT
2855,ME2131,L01,60.0,LH
2856,ME2131,L02,60.0,LH
2857,ME2131,L03,60.0,LH
2858,ME2131,L04,60.0,LH
2859,ME2132,CC01,20.0,TC
2860,ME2132,CC02,20.0,TC
2861,ME2132,CC05,20.0,TC
2862,ME2132,CC06,20.0,TC
2863,ME2132,L02,20.0,TC
2864,ME2132,L03,20.0,TC
2865,ME2132,L05,20.0,TC
2866,ME2132,L08,20.0,TC
2867,ME2132,L12,20.0,TC
2868,ME2139,L01,60.0,LH
2869,ME2140,L01,60.0,LH
2870,ME2143,CC01,9000.0,.
2871,ME2143,L01,9000.0,.
2872,ME2147,L01,35.0,H#
2873,ME2147,L02,35.0,H#
2874,ME2149,L01,80.0,LH
2875,ME2153,CC01,20.0,KU
2876,ME2153,CC02,20.0,KU
2877,ME2153,CC04,20.0,KU
2878,ME2153,L01,80.0,LH
2879,ME2153,L02,80.0,LH
2880,ME2157,CC01,50.0,QT
2881,ME2157,CC02,50.0,QT
2882,ME2157,L01,50.0,LH
2883,ME2157,L02,50.0,LH
2884,ME2158,CC01,25.0,K2
2885,ME2158,CC02,25.0,K2
2886,ME2158,CC03,25.0,K2
2887,ME2158,CC04,25.0,K2
2888,ME2158,L01,25.0,H#
2889,ME2158,L02,25.0,H#
2890,ME2158,L03,25.0,H#
2891,ME2158,L04,25.0,H#
2892,ME2163,L01,80.0,LH
2893,ME2169,L01,80.0,LH
2894,ME2173,L01,80.0,LH
2895,ME2173,L02,80.0,LH
2896,ME2177,CC01,76.0,QT
2897,ME2177,L01,60.0,LH
2898,ME2178,CC01,25.0,XL
2899,ME2178,CC02,25.0,XL
2900,ME2178,CC03,26.0,XL
2901,ME2178,L01,20.0,H#
2902,ME2178,L02,20.0,H#
2903,ME3001,A01,25.0,QT
2904,ME3001,CC01,50.0,QT
2905,ME3001,L01,75.0,LH
2906,ME3002,A01,25.0,.
2907,ME3002,CC01,25.0,.
2908,ME3002,CC02,25.0,.
2909,ME3002,L01,25.0,.
2910,ME3002,L02,25.0,.
2911,ME3005,CC01,60.0,QT
2912,ME3005,L01,60.0,LH
2913,ME3006,CC01,60.0,QT
2914,ME3006,L01,60.0,LH
2915,ME3007,A01,50.0,QT
2916,ME3007,CC01,50.0,QT
2917,ME3007,CC02,50.0,QT
2918,ME3007,L01,50.0,LH
2919,ME3007,L02,50.0,LH
2920,ME3007,L03,50.0,LH
2921,ME3007,L04,50.0,LH
2922,ME3008,A01,25.0,X2
2923,ME3008,A02,25.0,X2
2924,ME3008,CC01,25.0,X2
2925,ME3008,CC02,25.0,X2
2926,ME3008,CC03,25.0,X2
2927,ME3008,CC04,25.0,X2
2928,ME3008,L01,25.0,CX
2929,ME3008,L02,25.0,CX
2930,ME3008,L03,25.0,CX
2931,ME3008,L04,25.0,X2
2932,ME3008,L05,25.0,CX
2933,ME3008,L06,25.0,CX
2934,ME3008,L07,25.0,X2
2935,ME3008,L08,25.0,CX
2936,ME3009,A01,40.0,QT
2937,ME3009,CC01,60.0,QT
2938,ME3009,L01,60.0,LH
2939,ME3009,L02,60.0,LH
2940,ME3009,L03,60.0,LH
2941,ME3009,L04,60.0,LH
2942,ME3009,L05,60.0,LH
2943,ME3009,L06,60.0,LH
2944,ME3010,A01,20.0,.
2945,ME3010,A02,20.0,.
2946,ME3010,CC01,20.0,.
2947,ME3010,CC02,20.0,.
2948,ME3010,L01,20.0,.
2949,ME3010,L02,20.0,.
2950,ME3010,L03,20.0,.
2951,ME3010,L04,20.0,.
2952,ME3010,L05,20.0,.
2953,ME3010,L06,20.0,.
2954,ME3010,L07,20.0,.
2955,ME3010,L08,20.0,.
2956,ME3010,L09,20.0,.
2957,ME3010,L10,20.0,.
2958,ME3010,L11,20.0,.
2959,ME3010,L13,20.0,.
2960,ME3010,L14,20.0,.
2961,ME3010,L15,20.0,.
2962,ME3010,L16,20.0,.
2963,ME3010,L17,20.0,.
2964,ME3010,L18,20.0,.
2965,ME3011,A01,60.0,QT
2966,ME3011,CC01,60.0,QT
2967,ME3011,CC02,60.0,QT
2968,ME3011,L01,60.0,LH
2969,ME3011,L02,60.0,LH
2970,ME3011,L03,60.0,LH
2971,ME3011,L04,60.0,LH
2972,ME3011,TN01,60.0,QT
2973,ME3012,A01,60.0,QT
2974,ME3012,CC01,60.0,QT
2975,ME3012,CC02,60.0,QT
2976,ME3012,L01,60.0,LH
2977,ME3012,L02,60.0,LH
2978,ME3012,L03,60.0,LH
2979,ME3012,L04,60.0,LH
2980,ME3012,TN01,60.0,QT
2981,ME3013,A01,80.0,QT
2982,ME3013,CC01,80.0,QT
2983,ME3013,L01,120.0,LH
2984,ME3014,A01,20.0,X2
2985,ME3014,CC01,20.0,X2
2986,ME3014,L01,20.0,CX
2987,ME3014,L02,20.0,CX
2988,ME3014,L03,20.0,CX
2989,ME3014,L04,20.0,CX
2990,ME3014,L05,20.0,CX
2991,ME3015,A01,50.0,QT
2992,ME3015,CC01,50.0,QT
2993,ME3015,CC02,50.0,QT
2994,ME3015,L01,50.0,LH
2995,ME3015,L02,50.0,LH
2996,ME3015,L03,50.0,LH
2997,ME3015,L04,50.0,LH
2998,ME3016,A01,25.0,CX
2999,ME3016,A02,25.0,CX
3000,ME3016,CC01,25.0,CX
3001,ME3016,CC02,25.0,CX
3002,ME3016,CC04,25.0,CX
3003,ME3016,L01,25.0,X9
3004,ME3016,L02,25.0,CX
3005,ME3016,L03,25.0,X2
3006,ME3016,L04,25.0,CX
3007,ME3016,L05,25.0,CX
3008,ME3016,L06,25.0,X2
3009,ME3016,L07,25.0,CX
3010,ME3016,L08,25.0,CX
3011,ME3043,L01,60.0,LH
3012,ME3044,L01,30.0,CZ
3013,ME3044,L02,30.0,CZ
3014,ME3055,L01,60.0,LH
3015,ME3063,L01,60.0,LH
3016,ME3064,L01,60.0,LH
3017,ME3081,L01,60.0,LH
3018,ME3115,L01,60.0,LH
3019,ME3116,L01,30.0,E2
3020,ME3123,CC01,-5.0,.
3021,ME3125,L01,-5.0,.
3022,ME3135,CC01,-5.0,.
3023,ME3135,L01,-5.0,.
3024,ME3143,A01,25.0,.
3025,ME3143,CC01,25.0,.
3026,ME3143,L01,25.0,.
3027,ME3143,L02,25.0,.
3028,ME3143,L03,25.0,.
3029,ME3143,L04,25.0,.
3030,ME3143,L05,25.0,.
3031,ME3143,L06,25.0,.
3032,ME3143,L07,25.0,.
3033,ME3143,L08,25.0,.
3034,ME3143,L09,25.0,.
3035,ME3143,L10,25.0,.
3036,ME3143,L11,25.0,.
3037,ME3145,A01,900.0,.
3038,ME3145,CC01,900.0,.
3039,ME3145,L01,900.0,.
3040,ME3145,TN01,900.0,.
3041,ME3151,L01,9000.0,.
3042,ME3153,L01,50.0,LH
3043,ME3154,L01,25.0,CZ
3044,ME3154,L02,25.0,CZ
3045,ME3155,L01,25.0,CY
3046,ME3155,L02,25.0,CY
3047,ME3161,L01,80.0,LH
3048,ME3162,L01,80.0,LH
3049,ME3169,L01,60.0,.
3050,ME3199,L01,9000.0,.
3051,ME3223,CC01,40.0,QT
3052,ME3223,CC02,40.0,QT
3053,ME3223,L01,60.0,LH
3054,ME3223,L02,60.0,LH
3055,ME3223,L03,60.0,LH
3056,ME3224,CC01,20.0,KU
3057,ME3224,CC02,20.0,KU
3058,ME3224,CC03,20.0,KU
3059,ME3224,CC04,20.0,KU
3060,ME3224,L01,20.0,LH
3061,ME3224,L02,20.0,LH
3062,ME3224,L03,20.0,LH
3063,ME3224,L04,20.0,LH
3064,ME3224,L05,20.0,LH
3065,ME3224,L06,20.0,LH
3066,ME3224,L07,20.0,LH
3067,ME3224,L08,20.0,LH
3068,ME3224,L09,20.0,LH
3069,ME3253,CC01,40.0,QT
3070,ME3253,CC02,40.0,QT
3071,ME3253,L01,60.0,LH
3072,ME3253,L02,60.0,LH
3073,ME3254,CC01,20.0,K2
3074,ME3254,CC02,20.0,K2
3075,ME3254,CC03,20.0,K2
3076,ME3254,CC04,20.0,K2
3077,ME3254,L02,20.0,LH
3078,ME3254,L03,20.0,LH
3079,ME3254,L04,20.0,LH
3080,ME3254,L05,20.0,LH
3081,ME3254,L06,20.0,LH
3082,ME3257,CC01,60.0,QT
3083,ME3257,L01,60.0,LH
3084,ME3257,L02,60.0,LH
3085,ME3257,L03,60.0,LH
3086,ME3289,L01,60.0,LH
3087,ME3291,L01,60.0,LH
3088,ME4015,L01,60.0,LH
3089,ME4016,L02,30.0,CZ
3090,ME4023,CC01,50.0,QT
3091,ME4023,L01,50.0,LH
3092,ME4023,L02,50.0,LH
3093,ME4023,L03,50.0,LH
3094,ME4023,L04,50.0,LH
3095,ME4024,CC01,25.0,K2
3096,ME4024,CC02,25.0,K2
3097,ME4024,L01,25.0,LH
3098,ME4024,L02,25.0,LH
3099,ME4024,L03,25.0,LH
3100,ME4024,L04,25.0,LH
3101,ME4024,L05,25.0,LH
3102,ME4024,L06,25.0,LH
3103,ME4024,L07,25.0,LH
3104,ME4031,L01,60.0,LH
3105,ME4032,L01,60.0,LH
3106,ME4063,CC01,60.0,QT
3107,ME4063,L01,60.0,LH
3108,ME4063,L02,60.0,LH
3109,ME4063,L03,60.0,LH
3110,ME4063,L04,60.0,LH
3111,ME4064,CC01,60.0,QT
3112,ME4064,L01,60.0,LH
3113,ME4064,L02,60.0,LH
3114,ME4064,L03,60.0,LH
3115,ME4064,L04,60.0,LH
3116,ME4127,A01,60.0,QT
3117,ME4131,L01,30.0,LH
3118,ME4132,L01,30.0,CY
3119,ME4133,L01,75.0,LH
3120,ME4134,L01,25.0,X9
3121,ME4137,CC01,50.0,QT
3122,ME4138,CC01,50.0,QT
3123,ME4139,A01,60.0,QT
3124,ME4201,A01,60.0,QT
3125,ME4202,A01,60.0,QT
3126,ME4217,A01,60.0,QT
3127,ME4217,L01,60.0,LH
3128,ME4313,L01,60.0,LH
3129,ME4327,A01,9000.0,.
3130,ME4327,CC01,9000.0,.
3131,ME4327,L01,9000.0,.
3132,ME4337,L01,9000.0,.
3133,ME4347,L01,9000.0,.
3134,ME4357,L01,9000.0,.
3135,ME4367,L01,9000.0,.
3136,ME4377,CC01,9000.0,.
3137,ME4377,L01,9000.0,.
3138,ME4387,CC01,9000.0,.
3139,ME4387,L01,9000.0,.
3140,ME4607,L01,60.0,LH
3141,ME5017,A01,9000.0,.
3142,ME5077,CH01,80.0,QT
3143,ME5079,CH01,56.0,QT
3144,ME5081,CH01,40.0,QT
3145,ME5091,CH01,50.0,QT
3146,ME5109,CH01,80.0,QT
3147,ME5111,CH01,80.0,QT
3148,ME5115,CH01,30.0,C4
3149,ME5121,CH01,80.0,QT
3150,ME5151,CH01,40.0,QT
3151,ME5191,CH01,80.0,.
3152,ME5199,CH01,80.0,.
3153,ME5203,CH01,80.0,.
3154,ME5207,CH01,80.0,QT
3155,ME5209,CH01,80.0,QT
3156,ME5227,CH01,80.0,.
3157,ME5229,CH01,80.0,.
3158,ME5231,CH01,80.0,QT
3159,ME5233,CH01,60.0,QT
3160,ME5235,CH01,80.0,QT
3161,ME5241,CH01,80.0,.
3162,ME5243,CH01,80.0,.
3163,ME5245,CH01,80.0,.
3164,ME5251,CH01,80.0,.
3165,ME5271,CH01,56.0,QT
3166,ME5273,CH01,60.0,QT
3167,MT1005,A01,120.0,QG
3168,MT1005,CC01,140.0,QG
3169,MT1005,CC02,140.0,QG
3170,MT1005,CC03,140.0,QG
3171,MT1005,CC04,140.0,QG
3172,MT1005,CC05,140.0,QG
3173,MT1005,CC06,140.0,QG
3174,MT1005,CC07,140.0,QG
3175,MT1005,CC08,140.0,QG
3176,MT1005,CC09,140.0,QG
3177,MT1005,CC10,140.0,QG
3178,MT1005,CC11,140.0,QG
3179,MT1005,L01,300.0,HG
3180,MT1005,L02,320.0,HG
3181,MT1005,L03,300.0,HG
3182,MT1005,L04,300.0,HG
3183,MT1005,L05,300.0,HG
3184,MT1005,L06,320.0,HG
3185,MT1005,L07,320.0,HG
3186,MT1005,L08,320.0,HG
3187,MT1005,L09,320.0,HG
3188,MT1005,L10,320.0,HG
3189,MT1005,L11,300.0,HG
3190,MT1005,L12,300.0,HG
3191,MT1005,L13,300.0,HG
3192,MT1005,L14,300.0,HG
3193,MT1007,A01,80.0,QT
3194,MT1007,A02,80.0,QT
3195,MT1007,CC01,140.0,QG
3196,MT1007,CC02,140.0,QG
3197,MT1007,CC03,140.0,QG
3198,MT1007,CC04,140.0,QG
3199,MT1007,CC05,140.0,QG
3200,MT1007,CC06,140.0,QG
3201,MT1007,CC07,140.0,QG
3202,MT1007,CC08,140.0,QG
3203,MT1007,CC09,140.0,QG
3204,MT1007,L01,280.0,HG
3205,MT1007,L02,280.0,HG
3206,MT1007,L03,280.0,HG
3207,MT1007,L04,280.0,HG
3208,MT1007,L05,280.0,HG
3209,MT1007,L06,280.0,HG
3210,MT1007,L07,280.0,HG
3211,MT1009,A01,80.0,QT
3212,MT1009,A02,80.0,QT
3213,MT1009,CC01,90.0,QT
3214,MT1009,CC03,90.0,QT
3215,MT1009,CC04,80.0,QT
3216,MT1009,CC05,80.0,QT
3217,MT1009,L01,140.0,LH
3218,MT1009,L02,140.0,LH
3219,MT1009,L03,140.0,LH
3220,MT1009,L04,140.0,LH
3221,MT1009,L05,140.0,LH
3222,MT1009,L06,140.0,LH
3223,MT1009,L07,140.0,LH
3224,MT1009,L08,140.0,LH
3225,MT1009,L09,140.0,LH
3226,MT1009,L10,140.0,LH
3227,MT1009,L11,140.0,LH
3228,MT1013,A01,80.0,QT
3229,MT1013,A02,80.0,QT
3230,MT1013,A03,80.0,QT
3231,MT1021,CC01,80.0,QT
3232,MT1021,CC02,80.0,QT
3233,MT1021,CC03,80.0,QT
3234,MT1023,CC01,120.0,QG
3235,MT1023,CC02,120.0,QG
3236,MT2011,A01,80.0,QT
3237,MT2011,A02,80.0,QT
3238,MT2011,A03,80.0,QT
3239,MT2013,A01,80.0,QT
3240,MT2013,A02,80.0,QT
3241,MT2013,A03,80.0,QT
3242,MT2013,A04,80.0,QT
3243,MT2013,CC01,120.0,QG
3244,MT2013,CC02,120.0,QG
3245,MT2013,CC03,120.0,QG
3246,MT2013,CC04,120.0,QG
3247,MT2013,CC05,120.0,QG
3248,MT2013,CC06,120.0,QG
3249,MT2013,CC08,120.0,QG
3250,MT2013,L01,140.0,LH
3251,MT2013,L02,140.0,LH
3252,MT2013,L03,140.0,LH
3253,MT2013,L04,140.0,LH
3254,MT2013,L05,140.0,LH
3255,MT2013,L06,140.0,LH
3256,MT2013,L07,140.0,LH
3257,MT2013,L08,140.0,LH
3258,MT2013,L09,140.0,LH
3259,MT2013,L10,140.0,LH
3260,MT2013,L11,140.0,LH
3261,MT2013,L12,140.0,LH
3262,MT2015,CC01,80.0,QT
3263,PH1005,A01,80.0,QT
3264,PH1005,CC01,80.0,QT
3265,PH1005,CC02,80.0,QT
3266,PH1005,CC03,80.0,QT
3267,PH1005,CC04,80.0,QT
3268,PH1005,CC05,80.0,QT
3269,PH1005,L01,140.0,LH
3270,PH1005,L02,140.0,LH
3271,PH1005,L03,140.0,LH
3272,PH1005,L04,140.0,LH
3273,PH1005,L05,140.0,LH
3274,PH1005,L06,140.0,LH
3275,PH1005,L07,140.0,LH
3276,PH1005,L08,140.0,LH
3277,PH1007,A01,25.0,LY
3278,PH1007,A02,25.0,LY
3279,PH1007,A03,25.0,LY
3280,PH1007,A04,25.0,LY
3281,PH1007,CC01,25.0,LY
3282,PH1007,CC02,25.0,LY
3283,PH1007,CC03,25.0,LY
3284,PH1007,CC04,25.0,LY
3285,PH1007,CC05,25.0,LY
3286,PH1007,CC06,25.0,LY
3287,PH1007,CC07,25.0,LY
3288,PH1007,CC08,25.0,LY
3289,PH1007,CC09,25.0,LY
3290,PH1007,CC10,25.0,LY
3291,PH1007,CC11,25.0,LY
3292,PH1007,CC12,25.0,LY
3293,PH1007,CC13,25.0,LY
3294,PH1007,CC14,25.0,LY
3295,PH1007,CC15,25.0,LY
3296,PH1007,CC16,25.0,LY
3297,PH1007,CC17,25.0,LY
3298,PH1007,CC18,25.0,LY
3299,PH1007,CC19,25.0,LY
3300,PH1007,CC20,25.0,LY
3301,PH1007,CC21,25.0,LY
3302,PH1007,CC22,25.0,LY
3303,PH1007,CC23,25.0,LY
3304,PH1007,CC24,25.0,LY
3305,PH1007,CC25,25.0,LY
3306,PH1007,CC26,25.0,LY
3307,PH1007,CC27,25.0,LY
3308,PH1007,CC28,25.0,LY
3309,PH1007,CC29,25.0,LY
3310,PH1007,CC30,25.0,LY
3311,PH1007,CC31,25.0,LY
3312,PH1007,CC32,25.0,LY
3313,PH1007,CC33,25.0,LY
3314,PH1007,CC34,25.0,LY
3315,PH1007,CC35,25.0,LY
3316,PH1007,CC36,25.0,LY
3317,PH1007,CC37,25.0,LY
3318,PH1007,CC38,25.0,LY
3319,PH1007,CC39,25.0,LY
3320,PH1007,CC40,25.0,LY
3321,PH1007,CC41,25.0,LY
3322,PH1007,CC42,25.0,LY
3323,PH1007,CC43,25.0,LY
3324,PH1007,L01,60.0,HL
3325,PH1007,L02,60.0,HL
3326,PH1007,L03,60.0,HL
3327,PH1007,L04,60.0,HL
3328,PH1007,L05,60.0,HL
3329,PH1007,L06,60.0,HL
3330,PH1007,L07,60.0,HL
3331,PH1007,L08,60.0,HL
3332,PH1007,L09,60.0,HL
3333,PH1007,L10,60.0,HL
3334,PH1007,L11,60.0,HL
3335,PH1007,L12,60.0,HL
3336,PH1007,L13,60.0,HL
3337,PH1007,L14,60.0,HL
3338,PH1007,L15,60.0,HL
3339,PH1007,L16,60.0,HL
3340,PH1007,L17,60.0,HL
3341,PH1007,L18,60.0,HL
3342,PH1007,L19,60.0,HL
3343,PH1007,L20,60.0,HL
3344,PH1007,L21,60.0,HL
3345,PH1007,L22,60.0,HL
3346,PH1007,L23,60.0,HL
3347,PH1007,L24,60.0,HL
3348,PH1007,L25,60.0,HL
3349,PH1007,L26,60.0,HL
3350,PH1007,L27,60.0,HL
3351,PH1007,L28,60.0,HL
3352,PH1007,L29,60.0,HL
3353,PH1007,L30,60.0,HL
3354,PH1007,L31,60.0,HL
3355,PH1007,L32,60.0,HL
3356,PH1007,L33,60.0,HL
3357,PH1007,L34,60.0,HL
3358,PH1007,L35,60.0,HL
3359,PH1009,A01,80.0,QT
3360,PH1009,A02,80.0,QT
3361,PH1009,A03,80.0,QT
3362,PH1010,A01,80.0,QT
3363,PH1010,A02,80.0,QT
3364,PH1010,A03,80.0,QT
3365,PH1013,CC01,80.0,QT
3366,PH1013,CC02,80.0,QT
3367,PH1013,CC03,80.0,QT
3368,SK1003,A01,30.0,Q1
3369,SK1003,A02,30.0,Q1
3370,SK1003,A03,30.0,Q1
3371,SK1003,A04,30.0,Q1
3372,SK1003,CC01,30.0,Q1
3373,SK1003,CC02,30.0,Q1
3374,SK1003,CC03,30.0,Q1
3375,SK1003,CC04,30.0,Q1
3376,SK1003,CC05,30.0,Q1
3377,SK1003,CC06,30.0,Q1
3378,SK1003,CC07,30.0,Q1
3379,SK1003,CC08,30.0,Q1
3380,SK1003,CC09,30.0,Q1
3381,SK1003,CC10,30.0,Q1
3382,SK1003,CC11,30.0,Q1
3383,SK1003,CC12,30.0,Q1
3384,SK1003,CC13,30.0,Q1
3385,SK1003,CC14,30.0,Q1
3386,SK1003,CC15,30.0,Q1
3387,SK1003,CC16,30.0,Q1
3388,SK1003,CC17,30.0,Q1
3389,SK1003,CC18,30.0,Q1
3390,SK1003,CC19,30.0,Q1
3391,SK1003,CC20,30.0,Q1
3392,SK1003,CC21,30.0,Q1
3393,SK1003,CC22,30.0,Q1
3394,SK1003,CC23,30.0,Q1
3395,SK1003,CC24,30.0,Q1
3396,SK1003,CC25,30.0,Q1
3397,SK1003,CC26,30.0,Q1
3398,SK1003,CC27,30.0,Q1
3399,SK1003,CC28,30.0,Q1
3400,SK1003,CC29,30.0,Q1
3401,SK1003,CC30,30.0,Q1
3402,SK1003,CC31,30.0,Q1
3403,SK1003,CC32,30.0,Q1
3404,SK1003,CC33,30.0,Q1
3405,SK1003,CC34,30.0,Q1
3406,SK1003,CC35,30.0,Q1
3407,SK1003,CC36,30.0,Q1
3408,SK1003,CC37,30.0,Q1
3409,SK1003,CC38,30.0,Q1
3410,SK1003,CC39,30.0,Q1
3411,SK1003,CC40,30.0,Q1
3412,SK1003,CC41,30.0,Q1
3413,SK1003,CC42,30.0,Q1
3414,SK1003,CC43,30.0,Q1
3415,SK1003,CC44,30.0,Q1
3416,SK1003,CC45,30.0,Q1
3417,SK1003,CC46,30.0,Q1
3418,SK1003,CC47,30.0,Q1
3419,SK1003,CC48,30.0,Q1
3420,SK1003,CC49,30.0,Q1
3421,SK1003,CC50,30.0,Q1
3422,SK1003,CC51,30.0,Q1
3423,SK1003,CC52,30.0,Q1
3424,SK1003,CC53,30.0,Q1
3425,SK1003,CC54,30.0,Q1
3426,SK1003,CC55,30.0,Q1
3427,SK1003,CC56,30.0,Q1
3428,SK1003,CC57,30.0,Q1
3429,SK1003,CC58,30.0,Q1
3430,SK1003,CC59,30.0,Q1
3431,SP1007,A01,120.0,QG
3432,SP1007,A03,120.0,QG
3433,SP1007,A04,120.0,QG
3434,SP1007,CC01,120.0,QG
3435,SP1007,CC02,120.0,QG
3436,SP1007,CC03,120.0,QG
3437,SP1007,CC04,120.0,QG
3438,SP1007,CC07,120.0,QG
3439,SP1007,CC08,120.0,QG
3440,SP1007,CC09,121.0,GD
3441,SP1007,CC10,120.0,QG
3442,SP1007,L01,320.0,HG
3443,SP1007,L02,320.0,HG
3444,SP1007,L03,320.0,HG
3445,SP1007,L04,320.0,HG
3446,SP1007,L08,320.0,HG
3447,SP1007,L09,320.0,HG
3448,SP1031,A01,120.0,QG
3449,SP1031,A02,120.0,QG
3450,SP1031,A03,120.0,QG
3451,SP1031,CC02,120.0,GD
3452,SP1031,CC03,140.0,QG
3453,SP1031,L01,140.0,LH
3454,SP1031,L02,140.0,LH
3455,SP1031,L03,140.0,LH
3456,SP1031,L04,140.0,LH
3457,SP1031,L05,140.0,LH
3458,SP1031,L07,140.0,LH
3459,SP1031,L08,140.0,LH
3460,SP1031,L10,140.0,LH
3461,SP1033,A01,140.0,QG
3462,SP1033,A02,140.0,QG
3463,SP1033,CC01,140.0,QG
3464,SP1033,CC02,140.0,QG
3465,SP1033,CC03,140.0,QG
3466,SP1033,CC04,140.0,QG
3467,SP1033,CC05,140.0,QG
3468,SP1033,CC06,140.0,QG
3469,SP1033,CC07,140.0,QG
3470,SP1033,CC08,140.0,QG
3471,SP1033,L01,320.0,HG
3472,SP1033,L02,320.0,HG
3473,SP1033,L03,320.0,HG
3474,SP1033,L04,320.0,HG
3475,SP1033,L05,320.0,HG
3476,SP1033,L06,320.0,HG
3477,SP1035,A01,120.0,QG
3478,SP1035,A02,120.0,QG
3479,SP1035,CC01,120.0,QG
3480,SP1035,CC02,120.0,QG
3481,SP1035,L01,140.0,LH
3482,SP1035,L02,140.0,LH
3483,SP1035,L03,140.0,LH
3484,SP1035,L04,140.0,LH
3485,SP1035,L05,140.0,LH
3486,SP1035,L06,140.0,LH
3487,SP1035,L07,140.0,LH
3488,SP1035,L09,140.0,LH
3489,SP1035,L10,140.0,LH
3490,SP1037,A01,120.0,QG
3491,SP1037,A02,120.0,QG
3492,SP1037,CC01,120.0,QG
3493,SP1037,CC02,120.0,QG
3494,SP1037,L01,140.0,LH
3495,SP1037,L02,140.0,LH
3496,SP1037,L03,140.0,LH
3497,SP1037,L04,140.0,LH
3498,SP1037,L05,140.0,LH
3499,SP1037,L06,140.0,LH
3500,SP1037,L07,140.0,LH
3501,SP1037,L08,140.0,LH
3502,SP1037,L09,140.0,LH
3503,SP1039,A01,120.0,QG
3504,SP1039,A02,120.0,QG
3505,SP1039,CC01,140.0,QG
3506,SP1039,CC02,140.0,QG
3507,SP1039,CC03,140.0,QG
3508,SP1039,CC04,140.0,QG
3509,SP1039,CC05,140.0,QG
3510,SP1039,CC06,140.0,QG
3511,SP1039,L01,320.0,HG
3512,SP1039,L02,320.0,HG
3513,SP1039,L03,320.0,HG
3514,SP1039,L04,320.0,HG
3515,SP1039,L06,320.0,HG
3516,SP1039,L07,320.0,HG
3517,TR1003,L01,120.0,LH
3518,TR1004,L01,120.0,LH
3519,TR2005,CC01,80.0,QT
3520,TR2005,L01,80.0,LH
3521,TR2006,CC01,80.0,QT
3522,TR2006,L01,80.0,LH
3523,TR2007,CC01,60.0,QT
3524,TR2007,CC02,50.0,QT
3525,TR2007,L01,50.0,LH
3526,TR2007,L02,50.0,LH
3527,TR2007,L03,50.0,LH
3528,TR2008,CC01,25.0,GT
3529,TR2008,CC02,25.0,GT
3530,TR2008,CC04,25.0,GT
3531,TR2008,L01,25.0,GT
3532,TR2008,L02,25.0,GT
3533,TR2008,L03,25.0,GT
3534,TR2008,L04,25.0,GT
3535,TR2008,L05,25.0,GT
3536,TR2008,L06,25.0,GT
3537,TR2011,A01,80.0,QT
3538,TR2011,CC01,80.0,QT
3539,TR2012,A01,80.0,QT
3540,TR2012,CC01,80.0,QT
3541,TR2013,CC01,50.0,QT
3542,TR2013,CC02,50.0,QT
3543,TR2013,L01,50.0,LH
3544,TR2013,L02,50.0,LH
3545,TR2013,L03,50.0,LH
3546,TR2014,CC01,25.0,GT
3547,TR2014,CC02,25.0,GT
3548,TR2014,CC04,25.0,GT
3549,TR2014,L01,25.0,GT
3550,TR2014,L02,25.0,GT
3551,TR2014,L03,25.0,GT
3552,TR2014,L04,25.0,GT
3553,TR2014,L05,25.0,GT
3554,TR2014,L06,25.0,GT
3555,TR2041,CC01,80.0,QT
3556,TR2041,L01,80.0,LH
3557,TR2041,L02,80.0,LH
3558,TR2042,CC01,80.0,QT
3559,TR2042,L01,80.0,LH
3560,TR2042,L02,80.0,LH
3561,TR3003,A01,60.0,QT
3562,TR3003,L01,60.0,LH
3563,TR3003,L02,60.0,LH
3564,TR3005,L01,60.0,LH
3565,TR3005,L02,60.0,LH
3566,TR3006,L01,30.0,TA
3567,TR3006,L04,30.0,TA
3568,TR3011,L01,70.0,LH
3569,TR3012,L01,70.0,LH
3570,TR3019,L01,60.0,LH
3571,TR3020,L01,60.0,LH
3572,TR3037,L01,40.0,LH
3573,TR3038,L01,40.0,TA
3574,TR3039,A01,60.0,QT
3575,TR3039,CC01,60.0,QT
3576,TR3040,A01,60.0,QT
3577,TR3040,CC01,60.0,QT
3578,TR3051,CC01,30.0,HK
3579,TR3051,CC02,30.0,HK
3580,TR3051,L01,30.0,HK
3581,TR3051,L02,30.0,HK
3582,TR3053,L01,60.0,LH
3583,TR3054,L01,60.0,LH
3584,TR3057,L01,40.0,LH
3585,TR3057,L02,40.0,LH
3586,TR3058,L01,40.0,TA
3587,TR3058,L02,40.0,TA
3588,TR3077,A01,30.0,HK
3589,TR3119,CC02,25.0,GT
3590,TR3119,L01,25.0,GT
3591,TR3119,L02,25.0,GT
3592,TR3119,L03,25.0,GT
3593,TR3119,L04,25.0,GT
3594,TR3119,L05,25.0,GT
3595,TR3119,L06,25.0,GT
3596,TR3119,L07,25.0,GT
3597,TR3121,CC01,50.0,QT
3598,TR3121,L01,50.0,LH
3599,TR3121,L02,50.0,LH
3600,TR3121,L03,50.0,LH
3601,TR3121,L04,50.0,LH
3602,TR3122,CC02,25.0,GT
3603,TR3122,L01,25.0,GT
3604,TR3122,L02,25.0,GT
3605,TR3122,L03,25.0,GT
3606,TR3122,L04,25.0,GT
3607,TR3122,L05,25.0,GT
3608,TR3122,L06,25.0,GT
3609,TR3122,L08,25.0,GT
3610,TR3123,CC01,50.0,QT
3611,TR3123,L01,50.0,LH
3612,TR3123,L02,50.0,LH
3613,TR3123,L03,50.0,LH
3614,TR3123,L04,50.0,LH
3615,TR3124,CC01,25.0,GT
3616,TR3124,CC02,25.0,GT
3617,TR3124,L01,25.0,GT
3618,TR3124,L02,25.0,GT
3619,TR3124,L03,25.0,GT
3620,TR3124,L04,25.0,GT
3621,TR3124,L05,25.0,GT
3622,TR3124,L06,25.0,GT
3623,TR3124,L07,25.0,GT
3624,TR3124,L08,25.0,GT
3625,TR3135,CC01,60.0,QT
3626,TR3136,CC01,60.0,QT
3627,TR3137,CC01,60.0,QT
3628,TR3138,CC01,60.0,QT
3629,TR4015,A01,30.0,HK
3630,TR4051,A01,60.0,QT
3631,TR4081,A01,60.0,QT
3632,TR4081,L01,60.0,LH
3633,TR4347,CC01,9000.0,.
3634,TR4347,L01,9000.0,.
3635,TR4367,CC01,9000.0,.
3636,TR4377,L01,9000.0,.
3637,TR5003,A01,9000.0,.
3638,TR5017,A01,9000.0,.
3639,TR5021,CH01,80.0,QT
3640,TR5023,CH01,80.0,QT
3641,TR5025,CH01,56.0,QT
3642,TR5071,CH01,80.0,QT
3643,TR5097,CH01,80.0,.
3644,TR5103,CH01,80.0,.
3645,TR5109,CH01,80.0,QT
3646,TR5111,CH01,80.0,QT
3647,AS5031,CH01,40.0,QT
3648,AS5045,CH01,40.0,QT
3649,AS5047,CH01,40.0,QT
3650,AS5131,CH01,40.0,QT
3651,AS5165,CH01,60.0,QT
3652,AS5167,CH01,40.0,QT
3653,AS5169,CH01,60.0,QT
3654,AS5171,CH01,60.0,QT
3655,AS5175,CH01,60.0,QT
3656,AS5189,CH01,60.0,QT
3657,AS5241,CH01,40.0,QT
3658,AS5243,CH01,40.0,QT
3659,AS6069,CH01,100.0,.
3660,AS6073,CH01,100.0,.
3661,AS6083,CH01,100.0,.
3662,AS7037,NS01,60.0,.
3663,AS7069,NS01,60.0,.
3664,AS7129,NS01,60.0,.
3665,CH5373,CH01,60.0,QT
3666,CH5405,CH01,60.0,QT
3667,CH5427,CH01,60.0,QT
3668,CH5509,CH01,40.0,QT
3669,CH5623,CH01,60.0,QT
3670,CH5625,CH01,60.0,QT
3671,CH5635,CH01,60.0,QT
3672,CH5647,CH01,60.0,QT
3673,CH5653,CH01,60.0,QT
3674,CH5659,CH01,40.0,QT
3675,CH5749,CH01,60.0,QT
3676,CH5755,CH01,60.0,QT
3677,CI5115,IM01,40.0,QT
3678,CI5143,CH01,60.0,QT
3679,CI5149,IM01,40.0,QT
3680,CI5151,CH01,40.0,QT
3681,CI5177,CH01,60.0,QT
3682,CI5241,IM01,40.0,QT
3683,CI5267,CH01,60.0,QT
3684,CI5269,CH01,60.0,QT
3685,CI5279,CH01,60.0,QT
3686,CI5771,CH01,60.0,QT
3687,CI6101,CH01,100.0,.
3688,CI6103,CH01,100.0,.
3689,CI6104,CH01,100.0,.
3690,CI6108,CH01,100.0,.
3691,CI6110,CH01,100.0,.
3692,CI6115,CH01,100.0,.
3693,CI6117,CH01,100.0,.
3694,CI6118,CH01,100.0,.
3695,CI6122,CH01,100.0,.
3696,EN6059,CH01,100.0,.
3697,EN6063,CH01,100.0,.
3698,CO5075,CH01,60.0,QT
3699,CO5087,CH01,60.0,QT
3700,CO5095,CH01,90.0,QT
3701,CO5115,CH01,60.0,QT
3702,CO5119,CH01,60.0,QT
3703,CO5173,CH01,60.0,QT
3704,CO5317,CH01,60.0,QT
3705,CO6021,CH01,100.0,.
3706,CO6025,CH01,100.0,.
3707,CO6035,CH01,100.0,.
3708,CO6039,CH01,100.0,.
3709,CO6041,CH01,100.0,.
3710,EE5317,CH01,60.0,QT
3711,EE5245,CH01,60.0,QT
3712,EE5249,CH01,60.0,QT
3713,EE5287,CH01,60.0,QT
3714,EE5323,CH01,60.0,QT
3715,EE5337,CH01,60.0,QT
3716,EN5085,CH01,40.0,QT
3717,EN5089,CH01,60.0,QT
3718,EN5093,CH01,60.0,QT
3719,EN5095,CH01,60.0,QT
3720,EN5105,CH01,40.0,QT
3721,EN5111,CH01,40.0,QT
3722,EN5155,CH01,40.0,QT
3723,EN6051,CH01,100.0,.
3724,GE5049,CH01,40.0,QT
3725,GE6027,CH01,100.0,.
3726,GE602A,CH01,100.0,.
3727,GE6041,CH01,100.0,.
3728,GK5009,IM01,20.0,QT
3729,GK5011,CH01,60.0,QT
3730,GK5021,CH01,60.0,QT
3731,GK5025,CH01,65.0,QT
3732,GK5037,CH01,60.0,QT
3733,GK5039,CH01,60.0,QT
3734,GK5043,CH01,80.0,QT
3735,IM5049,CH01,60.0,QT
3736,IM5069,CH01,60.0,QT
3737,IM5071,CH01,40.0,QT
3738,IM5089,CH01,60.0,QT
3739,IM5125,CH01,60.0,QT
3740,IM5127,CH01,60.0,QT
3741,IM5129,CH01,60.0,QT
3742,IM5131,CH01,60.0,QT
3743,IM5133,CH01,60.0,QT
3744,IM5135,CH01,60.0,QT
3745,IM5149,CH01,60.0,QT
3746,IM5151,CH01,100.0,.
3747,IM5153,CH01,100.0,.
3748,IM6027,CH01,100.0,.
3749,IM6041,CH01,100.0,.
3750,MA5043,CH01,60.0,QT
3751,MA5055,CH01,60.0,QT
3752,MA5087,CH01,40.0,QT
3753,MA6011,CH01,100.0,.
3754,MA6015,CH01,100.0,.
3755,ME5021,CH01,60.0,QT
3756,ME5023,CH01,60.0,QT
3757,ME5025,CH01,60.0,QT
3758,ME5027,CH01,60.0,QT
3759,ME5029,CH01,60.0,QT
3760,ME5031,CH01,60.0,QT
3761,ME5035,CH01,60.0,QT
3762,ME5095,CH01,60.0,QT
3763,ME5119,CH01,30.0,C4
3764,ME5123,CH01,60.0,QT
3765,ME5129,CH01,60.0,QT
3766,ME5137,CH01,60.0,QT
3767,ME5187,CH01,60.0,QT
3768,ME5197,CH01,60.0,QT
3769,ME5201,CH01,60.0,QT
3770,ME5223,CH01,60.0,QT
3771,ME5237,CH01,40.0,QT
3772,ME5239,CH01,60.0,QT
3773,ME6055,CH01,100.0,.
3774,ME6059,CH01,100.0,.
3775,ME6069,CH01,100.0,.
3776,ME6073,CH01,100.0,.
3777,ME6075,CH01,100.0,.
3778,ME602A,CH01,100.0,.
3779,TR5007,CH01,40.0,QT
3780,TR6025,CH01,100.0,.
3781,GE1014,CC02,35.0,.
3782,CI2004,TN01,20.0,C
3783,CI2004,TN02,20.0,C
3784,CI2004,TN03,20.0,C
3785,EE2018,A01,25.0,N
3786,EE2018,A02,25.0,N
3787,EE2018,A03,25.0,N
3788,ME4218,L01,25.0,X9
3789,ME4218,L02,25.0,X9
3790,ME4218,A01,25.0,X9
3791,MA2038,L01,30.0,N1
3792,MA2038,L02,30.0,N1
3793,MA2038,L03,30.0,N1
3794,MA2038,L04,30.0,N1
3795,MA2038,L05,30.0,N1
3796,MA2038,L06,30.0,N1
3797,ME3082,L01,60.0,LH
3798,CO2040,A01,40.0,MT
3799,CO2040,CC01,30.0,TH
3800,CO2040,CC02,40.0,MT
3801,CO2040,CC04,40.0,TH
3802,CO2040,CC03,40.0,TH
3803,CO2040,CC05,40.0,MT
3804,CO2040,CC06,40.0,TH
3805,CO2040,TN01,40.0,MT
3806,CO2040,L01,40.0,HM
3807,CO2040,L02,40.0,HM
3808,CO2040,L03,40.0,HM
3809,CO2040,L04,40.0,CI
3810,CO2040,L05,40.0,HM
3811,CO2040,L06,40.0,HM
3812,CO2040,L07,40.0,CI
3813,CO2040,L08,40.0,HM
3814,CO2040,L09,40.0,CI
3815,LA2015,CC01,50.0,QT
3816,LA4005,CC01,50.0,QT
3817,CO210A,TNMT,-5.0,
3818,CO200D,TNMT,-5.0,
3819,CO200B,TNMT,-5.0,
3820,CO201D,TNMT,-5.0,
3821,ME2020,A04,25.0,.
3822,LA1003,L01,60.0,LH
3823,LA1003,L02,60.0,LH
3824,LA1003,L03,60.0,LH
3825,LA1003,L04,60.0,LH
3826,LA1003,L05,60.0,LH
3827,LA1003,L06,60.0,LH
3828,LA1003,L07,60.0,LH
3829,LA1003,L08,60.0,LH
3830,LA1003,L09,60.0,LH
3831,LA1003,L10,60.0,LH
3832,LA1003,L11,60.0,LH
3833,LA1003,L12,60.0,LH
3834,LA1003,L13,60.0,LH
3835,LA1003,L14,60.0,LH
3836,PE1035,L01,60.0,
3837,PE1035,L02,60.0,
3838,PE1035,L03,60.0,
3839,PE1035,L04,60.0,
3840,PE1035,L05,60.0,
3841,PE1035,L06,60.0,
3842,PE1035,L07,60.0,
3843,PE1037,L01,60.0,
3844,PE1037,L02,60.0,
3845,PE1037,L03,60.0,
3846,PE1037,L04,60.0,
3847,PE1039,L01,60.0,
3848,PE1039,L02,60.0,
3849,PE1039,L03,60.0,
3850,PE1039,L04,60.0,
3851,PE1041,L01,60.0,
3852,PE1041,L02,60.0,
3853,PE1041,L03,60.0,
3854,PE1041,L04,60.0,
3855,PE1041,L05,60.0,
3856,PE1041,L06,60.0,
3857,PE1041,L07,60.0,
3858,PE1041,L08,60.0,
3859,PE1041,L09,60.0,
3860,PE1041,L10,60.0,
3861,PE1041,L11,60.0,
3862,PE1041,L12,60.0,
3863,PE1041,L13,60.0,
3864,PE1041,L14,60.0,
3865,PE1041,L15,60.0,
3866,PE1041,L16,60.0,
3867,PE1041,L17,60.0,
3868,PE1041,L18,60.0,
3869,PE1041,L19,60.0,
3870,PE1041,L20,60.0,
3871,PE1041,L21,60.0,
3872,PE1041,L22,60.0,
3873,PE1045,L01,60.0,
3874,PE1045,L02,60.0,
3875,PE1047,L01,60.0,
3876,PE1047,L02,60.0,
3877,PE1047,L03,60.0,
3878,PE1047,L04,60.0,
3879,PE1047,L05,60.0,
3880,PE1047,L06,60.0,
3881,PE1047,L07,60.0,
3882,PE1047,L08,60.0,
3883,PE1017,L01,60.0,
3884,PE1033,CC01,60.0,
3885,PE1033,CC02,60.0,
3886,PE1033,CC03,60.0,
3887,PE1033,CC04,60.0,
3888,PE1033,CC05,60.0,
3889,PE1035,CC01,60.0,
3890,PE1035,CC02,60.0,
3891,PE1035,CC03,60.0,
3892,PE1035,CC04,60.0,
3893,PE1035,CC05,60.0,
3894,PE1035,CC06,60.0,
3895,PE1039,CC01,60.0,
3896,PE1039,CC02,60.0,
3897,PE1039,CC03,60.0,
3898,PE1039,CC04,60.0,
3899,PE1039,CC05,60.0,
3900,PE1041,CC01,60.0,
3901,PE1041,CC02,60.0,
3902,PE1041,CC03,60.0,
3903,PE1041,CC04,60.0,
3904,PE1041,CC05,60.0,
3905,PE1041,CC06,60.0,
3906,PE1041,CC07,60.0,
3907,PE1041,CC08,60.0,
3908,PE1041,CC09,60.0,
3909,PE1041,CC10,60.0,
3910,PE1041,CC11,60.0,
3911,PE1041,CC12,60.0,
3912,PE1041,CC13,60.0,
3913,PE1041,CC14,60.0,
3914,PE1041,CC15,60.0,
3915,PE1047,CC01,150.0,
3916,PE1047,CC03,60.0,
3917,PE1047,CC04,60.0,
3918,PE1047,CC05,60.0,
3919,PE1047,CC07,60.0,
3920,PE1017,CC01,60.0,
3921,PE1043,L01,55.0,
3922,PE1043,L02,55.0,
3923,PE1043,L03,55.0,
3924,PE1043,L04,55.0,
3925,PE1043,L05,55.0,
3926,PE1033,L01,60.0,
3927,PE1033,L02,60.0,
3928,PE1033,L03,60.0,
3929,PE1033,L04,60.0,
3930,PE1033,L05,60.0,
3931,PE1033,L06,60.0,
3932,PE1033,L07,60.0,
3933,PE1033,L08,60.0,
3934,PE1033,L09,60.0,
3935,PE1051,L01,60.0,
3936,PE1051,L02,60.0,
3937,PE1063,L01,60.0,
3938,PE1063,L02,60.0,
3939,PE1063,L03,60.0,
3940,IM5159,CH01,56.0,QT
3941,ME2011,L01,900.0,.
3942,EE3061,L01,900.0,.
3943,EE3151,L01,900.0,.
3944,EE4313,L01,900.0,.
3945,CI2093,L01,900.0,.
3946,CI3197,L01,900.0,.
3947,CI3213,L01,900.0,.
3948,EE4335,L01,900.0,.
3949,CI2101,L01,900.0,.
3950,TR4091,L01,900.0,.
3951,CI3273,L01,900.0,.
3952,CI4179,L01,900.0,.
3953,CH4099,L01,900.0,.
3954,ME5017,L01,900.0,.
3955,EE4211,L01,900.0,.
3956,CI3295,L01,80.0,LH
3957,ME2011,A01,900.0,.
3958,ME4019,A01,900.0,.
3959,MA4333,A01,900.0,.
3960,EE3061,A01,900.0,.
3961,EE4333,A01,900.0,.
3962,EE4323,A01,900.0,.
3963,CI2093,A01,900.0,.
3964,CI3197,A01,900.0,.
3965,CI3221,A01,900.0,.
3966,CI4123,A01,900.0,.
3967,CI3213,A01,900.0,.
3968,ME4221,A01,900.0,.
3969,EE4009,A01,900.0,.
3970,EE4011,A01,900.0,.
3971,CO3103,A01,900.0,.
3972,GE3197,A01,900.0,.
3973,ME4367,A01,900.0,.
3974,ME4101,A01,900.0,.
3975,CO3119,A01,900.0,.
3976,MA5003,A01,900.0,.
3977,TR5001,A01,900.0,.
3978,ME4029,CC01,900.0,.
3979,ME4093,CC01,900.0,.
3980,TR4079,CC01,900.0,.
3981,TR4091,CC01,900.0,.
3982,EN4027,CC01,900.0,.
3983,EE4405,CC01,900.0,.
3984,GK5007,NS01,80.0,QT
3985,GK5035,CH01,80.0,QT
3986,GK5041,CH01,56.0,QT
3987,GK5035,CH02,80.0,QT
3988,LA1003,L15,60.0,LH
3989,GK5009,CH01,60.0,QT
3990,GK5009,CH02,60.0,QT
3991,GK5025,CH02,60.0,QT
3992,LA1005,L01,60.0,LH
3993,LA1005,L02,60.0,LH
3994,LA1005,L03,60.0,LH
3995,LA1005,L04,60.0,LH
3996,LA1005,L05,60.0,LH
3997,LA1005,L06,60.0,LH
3998,LA1005,L07,60.0,LH
3999,LA1005,L08,60.0,LH
4000,LA1005,L09,60.0,LH
4001,LA1005,L10,60.0,LH
4002,LA1005,L11,60.0,LH
4003,LA1005,L12,60.0,LH
4004,LA1005,L13,60.0,LH
4005,LA1005,L14,60.0,LH
4006,LA1005,L15,60.0,LH
4007,MT1005,A02,100.0,QT
4008,LA1005,L16,50.0,LH
4009,LA1005,L17,60.0,LH
4010,LA1005,L18,60.0,LH
4011,LA1005,L19,60.0,LH
4012,LA1005,L20,60.0,LH
4013,LA1007,L01,60.0,LH
4014,LA1007,L02,60.0,LH
4015,LA1007,L03,60.0,LH
4016,EE3008,A02,30.0,G
4017,LA1007,L04,60.0,LH
4018,LA1007,L05,60.0,LH
4019,LA1007,L06,60.0,LH
4020,LA1007,L07,60.0,LH
4021,LA1007,L08,60.0,LH
4022,LA1007,L09,60.0,LH
4023,LA1007,L10,60.0,LH
4024,LA1007,L11,60.0,LH
4025,LA1007,L12,60.0,LH
4026,CO2040,A02,40.0,MT
4027,LA1009,L01,60.0,LH
4028,LA1009,L02,60.0,LH
4029,LA1009,L03,60.0,LH
4030,LA1009,L04,60.0,LH
4031,LA1009,L05,60.0,LH
4032,LA1009,L06,60.0,LH
4033,LA1009,L07,60.0,LH
4034,LA1009,L08,60.0,LH
4035,LA1009,L09,60.0,LH
4036,LA1009,L10,60.0,LH
4037,LA1009,L11,60.0,LH
4038,LA1009,L12,60.0,LH
4039,LA1009,L13,60.0,LH
4040,LA1009,L15,60.0,LH
4041,LA1009,L16,60.0,LH
4042,LA1009,L18,60.0,LH
4043,LA1009,L19,60.0,LH
4044,LA1009,L20,60.0,LH
4045,LA1009,L21,60.0,LH
4046,LA1003,A01,60.0,QT
4047,LA1003,A02,60.0,QT
4048,LA1005,A01,60.0,QT
4049,LA1005,A02,60.0,QT
4050,LA1005,A03,60.0,QT
4051,LA1005,A04,60.0,QT
4052,LA1007,A01,60.0,QT
4053,LA1007,A02,60.0,QT
4054,LA1007,A03,60.0,QT
4055,LA1009,A01,60.0,QT
4056,LA1009,A02,60.0,QT
4057,LA1009,A03,60.0,QT
4058,ME2020,A05,25.0,.
4059,CH6057,CH01,200.0,
4060,AS6071,CH01,200.0,
4061,MA6013,CH01,200.0,
4062,ME6111,CH01,200.0,
4063,EE6051,CH01,200.0,
4064,EE6065,CH01,200.0,
4065,EE6079,CH01,200.0,
4066,EE6093,CH01,200.0,
4067,EE6107,CH01,200.0,
4068,EE6121,CH01,200.0,
4069,TR6021,CH01,200.0,
4070,CH6041,CH01,200.0,
4071,CH6055,CH01,200.0,
4072,CH6069,CH01,200.0,
4073,CH6083,CH01,200.0,
4074,EN6045,CH01,200.0,
4075,AS6041,CH01,200.0,
4076,EN6059,CH01,200.0,
4077,EE6069,CH01,200.0,
4078,EE6083,CH01,200.0,
4079,EE6097,CH01,200.0,
4080,EE6111,CH01,200.0,
4081,EE6125,CH01,200.0,
4082,CH6045,CH01,200.0,
4083,CH6059,CH01,200.0,
4084,CH6087,CH01,200.0,
4085,IM6031,CH01,200.0,
4086,EN6063,CH01,200.0,
4087,TR6027,CH01,200.0,
4088,AS6061,CH01,200.0,
4089,AS6089,CH01,200.0,
4090,MA6017,CH01,200.0,
4091,ME603A,CH01,200.0,
4092,CH604A,CH01,200.0,
4093,CH602A,CH01,200.0,
4094,AS604A,CH01,200.0,
4095,MA601A,CH01,200.0,
4096,CI605A,CH01,200.0,
4097,GE602A,CH01,200.0,
4098,EN602A,CH01,200.0,
4099,MA601A,CH01,200.0,
4100,EN603A,CH01,200.0,
4101,ME603A,CH01,200.0,
4102,GE602A,CH01,200.0,
4103,MA601A,CH01,200.0,
4104,ME7301,NS01,200.0,
4105,ME7303,NS01,200.0,
4106,ME7305,NS01,200.0,
4107,ME7317,NS01,200.0,
4108,ME7351,NS01,200.0,
4109,ME7359,NS01,200.0,
4110,GE7173,NS01,200.0,
4111,EE7119,NS01,200.0,
4112,EE7125,NS01,200.0,
4113,EE7127,NS01,200.0,
4114,CH7563,NS01,200.0,
4115,CH7581,NS01,200.0,
4116,CH7617,NS01,200.0,
4117,EN7237,NS01,200.0,
4118,EN7239,NS01,200.0,
4119,EN7243,NS01,200.0,
4120,EN7245,NS01,200.0,
4121,EN7255,NS01,200.0,
4122,EN7263,NS01,200.0,
4123,CO7265,NS01,200.0,
4124,CO7271,NS01,200.0,
4125,CO7273,NS01,200.0,
4126,AS7147,NS01,200.0,
4127,AS7165,NS01,200.0,
4128,AS7173,NS01,200.0,
4129,MA7111,NS01,200.0,
4130,MA7113,NS01,200.0,
4131,MA7117,NS01,200.0,
4132,MA7119,NS01,200.0,
4133,CI7689,NS01,200.0,
4134,CI7697,NS01,200.0,
4135,CI7553,NS01,200.0,
4136,CI7555,NS01,200.0,
4137,CI7561,NS01,200.0,
4138,CI7589,NS01,200.0,
4139,CI7597,NS01,200.0,
4140,CI7653,NS01,200.0,
4141,CI7661,NS01,200.0,
4142,CI7577,NS01,200.0,
4143,CI7579,NS01,200.0,
4144,EE2420,CC10,20.0,D1
4145,EE2420,CC11,20.0,D1
4146,CO1004,CC02,36.0,MQ
4147,EE2420,CC12,20.0,D1
4148,EE1030,CC02,30.0,XG
4149,IM1025,CC02,81.0,QT
4150,IM1025,CC03,80.0,QT
4151,MT1005,CC12,100.0,QT
4152,SK1003,CC60,30.0,QT
4153,SP1037,CC03,120.0,QT
4154,EE2412,CC10,20.0,XG
4155,EE2412,CC11,20.0,XG
4156,EE2412,CC12,20.0,B2
4157,EE1029,CC02,60.0,QT
4158,EE1030,CC03,30.0,B2
4159,EE1029,CC03,60.0,QT
4160,EE1030,CC04,30.0,B2
4161,EE1030,CC05,30.0,B2
4162,EE1030,CC06,30.0,XG
4163,IM1019,L06,80.0,LH
4164,EE3031,L02,60.0,LH
4165,MT2013,L13,140.0,LH
4166,IM1025,L07,120.0,LH
4167,CO1027,L05,120.0,LH
4168,CO1028,L13,40.0,HM
4169,CO1028,L14,40.0,HM
4170,EE1008,L28,30.0,T2
4171,CO1028,L15,40.0,HM
4172,IM3095,L03,60.0,LH
4173,ME2007,L05,80.0,LH
4174,CH2155,L06,40.0,P
4175,ME2008,L05,80.0,LH
4176,CO2007,L02,120.0,LH
4177,CO2008,L04,40.0,N5
4178,EE3087,L02,50.0,LH
4179,EE3088,L03,25.0,ET
4180,SK1003,CC61,30.0,QT
4181,CH3001,L04,18.0,;
4182,ME1009,L02,60.0,LH
4183,IM1021,L06,100.0,LH
4184,IM1021,L07,100.0,LH
4185,CI2147,L03,30.0,A1
4186,ME1013,CC11,20.0,X
4187,ME1013,CC12,20.0,X
4188,SA0004,A01,800.0,
4189,SA0004,A02,800.0,
4190,SA0004,A03,800.0,
4191,SA0004,A04,800.0,
4192,SA0004,A05,800.0,
4193,SA0004,A06,800.0,
4194,SA0004,L01,800.0,
4195,SA0004,L02,800.0,
4196,SA0004,L03,800.0,
4197,SA0004,L04,800.0,
4198,SA0004,L05,800.0,
4199,SA0004,L06,800.0,
4200,SA0004,L07,800.0,
4201,CI6122,IM01,100.0,
4202,CO6035,IM01,100.0,
4203,CH5485,CH01,50.0,QT
4204,CH5615,CH01,50.0,QT
4205,CH5731,CH01,60.0,QT
4206,CH5739,CH01,60.0,QT
4207,CO5077,IM01,40.0,QT
4208,SK1001,CC01,30.0,QT
4209,SK1001,CC02,30.0,QT
4210,CI5141,IM01,40.0,QT
4211,LA1039,DL01,40.0,LH
4212,LA1041,DL01,40.0,LH
4213,LA1041,DL03,40.0,LH
4214,LA1043,DL01,40.0,LH
4215,LA1043,DL02,40.0,LH
4216,LA1043,DL03,40.0,LH
4217,LA1043,DT01,40.0,QT
4218,CI3507,L01,80.0,LH
4219,CI3508,L01,80.0,LH
4220,ME1020,L01,60.0,LH
4221,CI4188,L01,80.0,LH
4222,AS4005,T01,500.0,
4223,AS4007,T01,500.0,
4224,AS4317,T01,500.0,
4225,AS4325,T01,500.0,
4226,AS4337,T01,500.0,
4227,AS4343,T01,500.0,
4228,CH4095,T01,500.0,
4229,CH4343,T01,500.0,
4230,CH4345,T01,500.0,
4231,CH4357,T01,500.0,
4232,CI4133,T01,500.0,
4233,CI4137,T01,500.0,
4234,CI4167,T01,500.0,
4235,CI4169,T01,500.0,
4236,CI4313,T01,500.0,
4237,CI4317,T01,500.0,
4238,CI4327,T01,500.0,
4239,CI4333,T01,500.0,
4240,CI4337,T01,500.0,
4241,CI4343,T01,500.0,
4242,CI4345,T01,500.0,
4243,CI4347,T01,500.0,
4244,CI4377,T01,500.0,
4245,CI4417,T01,500.0,
4246,CI4437,T01,500.0,
4247,CI4447,T01,500.0,
4248,CI4467,T01,500.0,
4249,CI4477,T01,500.0,
4250,CO4041,T01,500.0,
4251,CO4311,T01,500.0,
4252,CO4313,T01,500.0,
4253,CO4317,T01,500.0,
4254,CO4321,T01,500.0,
4255,CO4331,T01,500.0,
4256,CO4337,T01,500.0,
4257,EE4007,T01,500.0,
4258,EE4009,T01,500.0,
4259,EE4311,T01,500.0,
4260,EE4313,T01,500.0,
4261,EE4317,T01,500.0,
4262,EE4323,T01,500.0,
4263,EE4327,T01,500.0,
4264,EE4331,T01,500.0,
4265,EE4333,T01,500.0,
4266,EE4357,T01,500.0,
4267,EE4367,T01,500.0,
4268,EE4377,T01,500.0,
4269,EE4405,T01,500.0,
4270,EN4323,T01,500.0,
4271,GE4313,T01,500.0,
4272,GE4315,T01,500.0,
4273,GE4327,T01,500.0,
4274,GE4343,T01,500.0,
4275,IM4313,T01,500.0,
4276,IM4327,T01,500.0,
4277,IU4327,T01,500.0,
4278,MA4327,T01,500.0,
4279,MA4343,T01,500.0,
4280,ME4029,T01,500.0,
4281,ME4039,T01,500.0,
4282,ME4045,T01,500.0,
4283,ME4047,T01,500.0,
4284,ME4049,T01,500.0,
4285,ME4057,T01,500.0,
4286,ME4059,T01,500.0,
4287,ME4061,T01,500.0,
4288,ME4081,T01,500.0,
4289,ME4093,T01,500.0,
4290,ME4327,T01,500.0,
4291,ME4337,T01,500.0,
4292,ME4357,T01,500.0,
4293,ME4725,T01,500.0,
4294,ME4727,T01,500.0,
4295,TR4091,T01,500.0,
4296,TR4311,T01,500.0,
4297,TR4313,T01,500.0,
4298,TR4317,T01,500.0,
4299,TR4323,T01,500.0,
4300,TR4347,T01,500.0,
4301,TR4367,T01,500.0,
4302,AS2033,L01,80.0,LH
4303,CH3015,L13,25.0,B3
4304,CH3015,L14,25.0,B1
4305,ME5001,A01,500.0,
4306,EE1029,CC04,60.0,QT
4307,EE1030,CC07,30.0,XG
4308,EE1030,CC08,30.0,XG
4309,AS3045,CC01,60.0,QT
4310,AS3046,CC01,60.0,QT
4311,LA1007,L14,60.0,LH
4312,LA1007,L15,60.0,LH
4313,LA1007,L18,60.0,LH
4314,LA1003,L17,60.0,LH
4315,LA1003,L18,60.0,LH
4316,LA1003,L20,60.0,LH
4317,LA1003,L21,60.0,LH
4318,LA1005,L23,60.0,LH
4319,EE1007,L07,30.0,LH
4320,EE1008,L29,30.0,T6
4321,EN3004,L02,25.0,M4
4322,EE2407,CC01,80.0,QT
4323,EE2408,CC01,80.0,QT
4324,CI5183,CH01,40.0,QT
4325,ME3002,L05,25.0,K1
4326,CO5173,IM01,40.0,QT
4327,CO5095,IM01,40.0,QT
4328,CI5097,CH01,50.0,QT
4329,CI5095,CH01,50.0,QT
4330,CI5085,CH01,50.0,QT
4331,CI5087,CH01,50.0,QT
4332,CI5089,CH01,50.0,QT
4333,CI5099,CH01,50.0,QT
4334,EE3079,L01,60.0,LH
4335,ME4135,CC01,60.0,QT
4336,ME4136,CC01,60.0,QT
4337,ME2013,A02,30.0,QT
4338,ME2014,A03,30.0,CY
4339,EE2036,L26,24.0,T8
4340,EE2036,L28,24.0,T8
4341,EE2036,L29,24.0,T8
4342,EE2036,L30,24.0,T8
4343,CI5403,CH01,50.0,QT
4344,CI5407,CH01,50.0,QT
4345,CI5407,IM01,20.0,QT
4346,CI5409,CH01,50.0,QT
4347,CI5409,IM01,40.0,QT
4348,CI5405,IM01,10.0,QT
4349,CI5405,CH01,50.0,QT
4350,AS3051,L01,60.0,LH
4351,CO5167,CH01,60.0,QT
4352,CO5101,CH01,100.0,
4353,CO5097,IM01,40.0,QT
4354,CO5133,IM01,40.0,QT
4355,ME3031,CC01,25.0,QT
4356,ME3032,CC01,25.0,TC
4357,AS5029,CH01,40.0,QT
4358,AS5041,CH01,40.0,QT
4359,AS5255,CH01,40.0,QT
4360,AS5143,CH01,40.0,QT
4361,ME2171,L01,40.0,.
4362,EE1031,L01,100.0,
4363,EE2045,L01,100.0,
4364,GE1013,L07,90.0,LH
4365,GE1014,L23,30.0,
4366,GE1014,L25,30.0,
4367,GE1014,L24,30.0,
4368,GE1014,CC08,35.0,.
4369,GE2035,L03,80.0,LH
4370,GE2036,L03,80.0,LH
4371,ME2119,A03,25.0,X
4372,CH3379,CC02,24.0,J
4373,CH5435,CH01,50.0,QT
4374,CI5005,A01,100.0,
4375,CI3217,L01,100.0,
4376,CI3299,L01,80.0,LH
4377,ME3021,L01,30.0,LH
4378,ME3022,L01,30.0,MX
4379,CI2137,CC01,80.0,QT
4380,CO3335,T01,-5.0,.
4381,CI2138,CC01,60.0,QT
4382,TR3345,T01,-1.0,
4383,CI5213,CH01,40.0,QT
4384,ME3175,L01,60.0,LH
4385,EN3069,L02,30.0,LH
4386,EN3070,L02,30.0,M3
4387,CO300A,TNMT,40.0,
4388,CO3313,T01,-5.0,.
4389,MA4079,L01,60.0,LH
4390,IM5155,CH01,60.0,QT
4391,IM5157,CH01,40.0,QT
4392,CI5373,CH01,60.0,.
4393,CO5115,IM01,40.0,QT
4394,CI3177,L01,40.0,
4395,EE5295,CH01,50.0,QT
4396,EE5207,CH01,30.0,XG
4397,EE5199,CH01,40.0,QT
4398,EE5191,CH01,50.0,QT
4399,EE5149,CH01,50.0,QT
4400,EE5205,CH01,50.0,QT
4401,EE5193,CH01,50.0,QT
4402,EE5201,CH01,48.0,QT
4403,EE5187,CH01,50.0,QT
4404,EE5209,CH01,50.0,QT
4405,CI5775,CH01,40.0,QT
4406,CI3241,CC01,50.0,QT
4407,SK1001,CC03,30.0,QT
4408,EN3079,L01,60.0,LH
4409,CI3299,L02,80.0,LH
4410,CH5611,CH01,20.0,
4411,CH5617,CH01,20.0,.
4412,TR4033,L01,10.0,
4413,TR4034,L01,10.0,
4414,TR4057,L01,10.0,
4415,CH204B,TNHC,20.0,
4416,CH210E,TNHC,10.0,
4417,CH201E,TNHC,10.0,
4418,CH332A,TNHC,10.0,
4419,ME2117,CC01,20.0,C4
4420,MA4049,L01,10.0,
4421,MA4069,L01,10.0,
4422,MA3121,L01,30.0,PO
4423,MA2033,L01,10.0,
4424,MA2034,L01,10.0,
4425,IM2035,TD01,10.0,
4426,IM2033,TD01,10.0,
4427,IM2031,TD01,10.0,
4428,FRE001,TD01,10.0,
4429,FRE002,TD01,10.0,
4430,CO3133,TD01,10.0,
4431,CO3117,TD01,10.0,
4432,CO3029,TD01,10.0,
4433,CO2017,TD01,10.0,
4434,CO2018,TD01,10.0,
4435,MT2013,TD01,10.0,
4436,CO3061,TD01,10.0,
4437,ME3257,TD01,,
4438,FRE003,TD01,10.0,
4439,CO3067,TD01,10.0,
4440,CO3068,TD01,10.0,
4441,CO3033,TD01,10.0,
4442,CO3034,TD01,10.0,
4443,CO2001,TD01,10.0,
4444,CO3093,TD01,10.0,
4445,CO3094,TD01,10.0,
4446,CO3335,TD01,10.0,
4447,IM3081,TD01,10.0,
4448,IM3101,TD01,10.0,
4449,IM3095,TD01,10.0,
4450,EE5109,CH01,10.0,
4451,EE5119,CH01,10.0,
4452,EE5125,CH01,10.0,
4453,EE5127,CH01,10.0,
4454,CI4159,L01,10.0,.
4455,CI4160,L01,10.0,.
4456,CO201B,TNMT,-5.0,
4457,MA4050,L01,10.0,
4458,FRE004,TD01,10.0,
4459,AS2033,TD01,10.0,
4460,AS3055,TD01,10.0,
4461,AS3056,TD01,10.0,
4462,AS3191,TD01,10.0,
4463,AS3051,TD01,10.0,
4464,CI2003,TD01,10.0,
4465,CI2004,TD01,10.0,CL
4466,ME2009,TD01,10.0,
4467,ME2010,TD01,10.0,CX
4468,ME3027,TD01,10.0,
4469,ME3028,TD01,10.0,C2
4470,ME2013,TD01,10.0,
4471,ME2014,TD01,10.0,CY
4472,CI4169,L01,40.0,
4473,CI5303,CH01,20.0,QT
4474,CO3333,T01,-5.0,.
4475,CH2045,CC02,60.0,QT
4476,CI5323,IM01,60.0,.
4477,CI5129,CH01,10.0,
4478,CH3379,L03,24.0,J
4479,CI3249,CC01,60.0,.
4480,CO3053,CC01,10.0,
4481,CO3054,CC01,10.0,
4482,CO203E,TNMT,10.0,
4483,CO300C,TNMT,10.0,
4484,ME3131,T01,-5.0,.
4485,ME3123,T01,-5.0,.
4486,PE1047,CC08,150.0,
4487,PE1047,CC09,150.0,
4488,GE3213,L01,10.0,
4489,AS201B,TNUD,,
4490,AS301C,TNUD,,
4491,AS306A,TNUD,,
4492,AS314E,TNUD,,
4493,AS315E,TNUD,,
4494,CH200B,TNHC,,
4495,CH202A,TNHC,,
4496,CH204C,TNHC,,
4497,CH205A,TNHC,,
4498,CH301D,TNHC,,
4499,CH305B,TNHC,,
4500,CH334D,TNHC,,
4501,CI200D,TNXD,,
4502,CI203D,TNXD,,
4503,CI209C,TNXD,,
4504,CI214C,TNXD,,
4505,CI304B,TNXD,,
4506,CI418E,TNXD,,
4507,CO309B,TNMT,,
4508,CO309D,TNMT,,
4509,EE203F,TNDD,,
4510,ME101C,TNCK,,
4511,ME200B,TNCK,,
4512,ME200D,TNCK,,
4513,ME200E,TNCK,,
4514,ME201B,TNCK,,
4515,ME207A,TNCK,,
4516,ME208E,TNCK,,
4517,ME213E,TNCK,,
4518,ME214D,TNCK,,
4519,ME214E,TNCK,,
4520,ME300A,TNCK,,
4521,ME300B,TNCK,,
4522,ME300C,TNCK,,
4523,ME300D,TNCK,,
4524,ME300E,TNCK,,
4525,ME301A,TNCK,,
4526,ME301B,TNCK,,
4527,ME301C,TNCK,,
4528,ME316A,TNCK,,
4529,ME328A,TNCK,,
4530,ME403A,TNCK,,
4531,ME413B,TNCK,,
4532,CH5667,CH01,20.0,QT
4533,GE1021,L01,10.0,
4534,EE5169,CH01,100.0,
4535,CI5782,CH01,20.0,VX
4536,CH3355,L04,-5.0,.
4537,GE1022,L01,10.0,
4538,MA6017,CH02,,
4539,MA7119,NS02,,
4540,EE5239,CH01,10.0,
4541,CI5195,CH01,10.0,QT
4542,AS201A,TNUD,,
4543,IM2029,CC02,900.0,NT
4544,IM2029,CC03,900.0,NT
4545,IM2029,L02,900.0,NT
4546,IM2029,L03,900.0,NT
4547,IM2029,L04,900.0,NT
4548,LA1039,DT01,40.0,QT
4549,LA1041,DT01,40.0,QT
4550,LA1043,DT02,40.0,QT
4551,CO3345,T01,-5.0,.
4552,GE1013,DT01,120.0,GD
4553,GE1014,DT01,120.0,
4554,PH1003,DT01,60.0,QT
4555,CH2043,DT01,30.0,
4556,SP1037,DT01,80.0,QT
4557,CO5117,CH02,60.0,QT
4558,IU1005,DT01,60.0,QT
4559,IU1006,DT01,60.0,QT
4560,IU2003,DT01,30.0,
4561,IU2004,DT01,30.0,
4562,ME2013,DT01,30.0,QT
4563,ME2014,DT01,30.0,CY
4564,CH4053,A05,,
4565,CH4053,CC02,,
4566,CH4053,CC04,,
4567,CH4053,CC05,,
4568,CH4053,L03,,
4569,CH4053,L04,,
4570,CH4053,L05,,
4571,CH4053,T04,,
4572,CH4053,T05,,
4573,CH4357,A02,,
4574,CH4357,A03,,
4575,CH4357,A05,,
4576,CH4357,CC02,,
4577,CH4357,CC03,,
4578,CH4357,CC04,,
4579,CH4357,CC05,,
4580,CH4357,L02,,
4581,CH4357,L03,,
4582,CH4357,L04,,
4583,CH4357,L05,,
4584,CH4357,T03,,
4585,CH4357,T05,,
4586,EE1009,DT01,30.0,QT
4587,EE1010,DT01,30.0,D1
4588,EE2039,DT01,30.0,QT
4589,EE2040,DT01,30.0,D1
4590,EE2009,DT01,40.0,QT
4591,EE2010,DT01,40.0,I
4592,EE3065,DT01,60.0,QT
4593,TR4047,CC01,40.0,QT
4594,EE2405,CC01,10.0,
4595,EE2406,CC01,10.0,
4596,EE4407,CC01,10.0,
4597,EE4408,CC01,10.0,
4598,AS7137,NS02,,
4599,AS7137,NS03,,
4600,AS7137,NS04,,
4601,AS7137,NS05,,
4602,AS7173,NS02,,
4603,CH7589,NS02,,
4604,CH7589,NS03,,
4605,CH7589,NS04,,
4606,CH7589,NS05,,
4607,CH7589,NS06,,
4608,CH7625,NS02,,
4609,CH7625,NS03,,
4610,CI7561,NS02,,
4611,CI7561,NS03,,
4612,CI7561,NS05,,
4613,CI7579,NS02,,
4614,CI7579,NS03,,
4615,CI7597,NS02,,
4616,CI7661,NS02,,
4617,CO7271,NS02,,
4618,CO7271,NS03,,
4619,CO7271,NS04,,
4620,CO7273,NS02,,
4621,CO7273,NS03,,
4622,CO7273,NS04,,
4623,CO7273,NS05,,
4624,EE7127,NS02,,
4625,EN7243,NS02,,
4626,EN7243,NS03,,
4627,IM7935,NS02,,
4628,IM7937,NS02,,
4629,MA7117,NS02,,
4630,MA7117,NS03,,
4631,ME7305,NS02,,
4632,ME7305,NS03,,
4633,ME7305,NS04,,
4634,TR7339,NS01,,
4635,TR7341,NS01,,
4636,TR7341,NS02,,
4637,TR7341,NS03,,
4638,TR7341,NS04,,
4639,TR7341,NS05,,
4640,TR7341,NS06,,
4641,TR7341,NS07,,
4642,AS7155,NS02,,
4643,AS7171,NS02,,
4644,CH7571,NS02,,
4645,CH7587,NS02,,
4646,CH3133,CC01,10.0,
4647,AS3335,L30,900.0,
4648,AS3345,L30,900.0,
4649,CI3415,L30,900.0,
4650,CI3425,L30,900.0,
4651,CI3435,L30,900.0,
4652,CI3445,L30,900.0,
4653,CI3455,L30,900.0,
4654,CI3465,L30,900.0,
4655,CI3475,L30,900.0,
4656,CI3485,L30,900.0,
4657,CI3495,L30,900.0,
4658,CO3315,L30,900.0,
4659,CO3335,L30,900.0,
4660,CO3345,L30,900.0,
4661,EE3209,L30,900.0,
4662,EE3313,L30,900.0,
4663,EE3333,L30,900.0,
4664,EE3335,L30,900.0,
4665,EE3345,L30,900.0,
4666,EE3355,L30,900.0,
4667,EE3365,L30,900.0,
4668,EN3335,L30,900.0,
4669,EN3345,L30,900.0,
4670,GE3335,L30,900.0,
4671,GE3345,L30,900.0,
4672,IM3325,L30,900.0,
4673,IU3325,L30,900.0,
4674,MA3325,L30,900.0,
4675,ME3123,L30,900.0,
4676,ME3125,L30,900.0,
4677,ME3127,L30,900.0,
4678,ME3129,L30,900.0,
4679,ME3131,L30,900.0,
4680,ME3133,L30,900.0,
4681,ME3135,L30,900.0,
4682,TR3345,L30,900.0,
4683,TR3355,L30,900.0,
4684,TR3365,L30,900.0,
4685,TR3375,L30,900.0,
4686,AS3345,CC30,900.0,
4687,CI3415,CC30,900.0,
4688,CI3445,CC30,900.0,
4689,CI3485,CC30,900.0,
4690,CO3335,CC30,900.0,
4691,CO3345,CC30,900.0,
4692,CO3355,CC30,900.0,
4693,EE3375,CC30,900.0,
4694,EN3345,CC30,900.0,
4695,GE3345,CC30,900.0,
4696,IM3325,CC30,900.0,
4697,MA3325,CC30,900.0,
4698,ME3123,CC30,900.0,
4699,ME3129,CC30,900.0,
4700,ME3135,CC30,900.0,
4701,TR3345,CC30,900.0,
4702,TR3365,CC30,900.0,
4703,AS3335,A30,900.0,
4704,CI3385,A30,900.0,
4705,CI3395,A30,900.0,
4706,CI3415,A30,900.0,
4707,CO3335,A30,900.0,
4708,CO3345,A30,900.0,
4709,EE3335,A30,900.0,
4710,EE3345,A30,900.0,
4711,EE3355,A30,900.0,
4712,EE3365,A30,900.0,
4713,EE3385,A30,900.0,
4714,EE3395,A30,900.0,
4715,GE3323,A30,900.0,
4716,MA3385,A30,900.0,
4717,MA3395,A30,900.0,
4718,ME3123,A30,900.0,
4719,ME3135,A30,900.0,
4720,ME3385,A30,900.0,
4721,TR3385,A30,900.0,
4722,EE3323,T30,900.0,
4723,ME3123,T30,900.0,
4724,ME3267,T30,900.0,
4725,EN3345,T01,-5.0,.
4726,IU2001,L01,10.0,
4727,IU2002,L01,10.0,
4728,CI3205,L01,10.0,.
4729,EE1010,DT02,30.0,XG
4730,EN4009,L01,10.0,
4731,EN2057,L01,10.0,
4732,218758,A01,60.0,
4733,EE5169,CH30,100.0,
4734,EE3401,TD01,10.0,
4735,EE2415,TD01,10.0,
4736,EE2416,TD01,10.0,
4737,EE2419,TD01,10.0,
4738,EE2420,TD01,10.0,
4739,EE2411,TD01,10.0,
4740,EE2412,TD01,10.0,
4741,CO3091,L02,,
4742,CO3101,CC02,,
4743,CO3101,L02,,
4744,CO3103,A02,,
4745,CO3103,L02,,
4746,CO3103,L03,,
4747,CO3103,L04,,
4748,CO3103,L05,,
4749,CI4131,DT01,40.0,QT
4750,ME4021,DTQ1,10.0,
4751,409303,T01,900.0,.
4752,TR7333,NS01,10.0,
4753,CO2003,TD01,10.0,
4754,CO2004,TD01,10.0,LR
4755,CO2007,TD01,10.0,
4756,CO2008,TD01,10.0,
4757,CI2139,DT01,20.0,QT
4758,CI2109,A30,500.0,
4759,CI2119,A30,500.0,
4760,CI4385,A30,500.0,
4761,CI4395,A30,500.0,
4762,EE4385,A30,500.0,
4763,MA4385,A30,500.0,
4764,MA4395,A30,500.0,
4765,TR4385,A30,500.0,
4766,ME4385,A30,500.0,
4767,EE2043,T01,10.0,
4768,CI5663,CH01,10.0,
4769,CI5657,CH01,10.0,
4770,CI5643,CH01,10.0,
4771,405700,T01,1.0,
4772,405750,T01,1.0,
4773,CO3107,A02,,
4774,CO3107,CC02,,
4775,CO3107,CC03,,
4776,CO3107,CC04,,
4777,CO3107,CC05,,
4778,CO3107,CC06,,
4779,CO3107,CC07,,
4780,CO3107,CC08,,
4781,CO3107,CC09,,
4782,CO3107,CC10,,
4783,CO3107,L02,,
4784,CO3107,L03,,
4785,CO3107,L04,,
4786,CO3107,L05,,
4787,CO3107,L06,,
4788,CO3107,L07,,
4789,CO3107,L08,,
4790,CO3107,TN02,,
4791,CO3107,TN03,,
4792,CO3107,TN04,,
4793,CO3107,TN05,,
4794,CO3109,A02,,
4795,CO3109,A03,,
4796,CO3109,CC02,,
4797,CO3109,CC03,,
4798,CO3109,CC04,,
4799,CO3109,CC05,,
4800,CO3109,CC06,,
4801,CO3109,CC07,,
4802,CO3109,CC08,,
4803,CO3109,CC09,,
4804,CO3109,L02,,
4805,CO3109,L03,,
4806,CO3109,L04,,
4807,CO3109,L05,,
4808,CO3109,L06,,
4809,CO3109,L07,,
4810,CO3109,L08,,
4811,CO3109,TN02,,
4812,CO3111,A02,,
4813,CO3111,CC02,,
4814,CO3111,CC03,,
4815,CO3111,L02,,
4816,CO3111,L03,,
4817,CO3111,L04,,
4818,CO3101,CC03,10.0,
4819,ME7297,NS01,,
4820,ME7315,NS01,,
4821,AS6113,CH01,10.0,
4822,ME2135,L02,,
4823,ME2135,L03,,
4824,ME2135,L04,,
4825,ME2135,L05,,
4826,ME2135,L06,,
4827,ME2135,L07,,
4828,ME3139,L02,,
4829,ME3139,L03,,
4830,ME3145,A02,,
4831,ME3145,CC02,,
4832,ME3145,CC03,,
4833,ME3145,L02,,
4834,ME3145,L03,,
4835,ME3145,L04,,
4836,ME3145,L05,,
4837,ME3145,L06,,
4838,ME3145,L07,,
4839,ME3145,L08,,
4840,ME3145,TN02,,
4841,ME3145,TN03,,
4842,EE5027,TD01,10.0,
4843,MA5003,TD01,10.0,
4844,EE3355,L31,900.0,
4845,CO3335,CC02,,
4846,CO3335,CC03,,
4847,CO3335,L02,,
4848,CO4029,A03,,
4849,CO4029,A04,,
4850,CO4029,A05,,
4851,CO4029,A06,,
4852,CO4029,CC02,,
4853,CO4029,CC03,,
4854,CO4029,CC04,,
4855,CO4029,CC05,,
4856,CO4029,CC06,,
4857,CO4029,CC07,,
4858,CO4029,CC08,,
4859,CO4029,CC09,,
4860,CO4029,CC10,,
4861,CO4029,CC11,,
4862,CO4029,CC12,,
4863,CO4029,CC13,,
4864,CO4029,CC14,,
4865,CO4029,L02,,
4866,CO4029,L03,,
4867,CO4029,L04,,
4868,CO4029,L05,,
4869,CO4029,L06,,
4870,CO4029,L07,,
4871,CO4029,L08,,
4872,CO4029,L09,,
4873,CO4029,L10,,
4874,CO4029,L11,,
4875,CO4029,L12,,
4876,CO4029,L13,,
4877,CO4029,L14,,
4878,CO4029,L15,,
4879,CO4029,L16,,
4880,CO4029,L17,,
4881,CO4029,L18,,
4882,CO4029,L19,,
4883,CO4029,L20,,
4884,CO4029,L21,,
4885,CO4029,L22,,
4886,CO4029,L23,,
4887,CO4029,L24,,
4888,CO4029,L25,,
4889,CO4029,L26,,
4890,CO4029,L27,,
4891,CO4029,L28,,
4892,CO4041,CC02,,
4893,CO4041,CC03,,
4894,CO4041,CC04,,
4895,CO4041,L02,,
4896,CO4041,L03,,
4897,CO4041,L04,,
4898,CO4041,L05,,
4899,CO4041,L06,,
4900,CO4041,L07,,
4901,CO4041,L08,,
4902,CO4041,L09,,
4903,CO4041,L10,,
4904,CO4041,T02,,
4905,CO4311,T02,,
4906,CO4311,T03,,
4907,CO4313,T02,,
4908,CO4317,T02,,
4909,CO4317,T03,,
4910,CO4317,T04,,
4911,CO4331,T02,,
4912,CO4331,T03,,
4913,CO4337,A03,,
4914,CO4337,A04,,
4915,CO4337,A05,,
4916,CO4337,A06,,
4917,CO4337,A07,,
4918,CO4337,A08,,
4919,CO4337,A09,,
4920,CO4337,A10,,
4921,CO4337,A11,,
4922,CO4337,A12,,
4923,CO4337,A13,,
4924,CO4337,A14,,
4925,CO4337,A15,,
4926,CO4337,CC02,,
4927,CO4337,CC03,,
4928,CO4337,CC04,,
4929,CO4337,CC05,,
4930,CO4337,CC06,,
4931,CO4337,CC07,,
4932,CO4337,CC08,,
4933,CO4337,CC09,,
4934,CO4337,CC10,,
4935,CO4337,CC11,,
4936,CO4337,CC12,,
4937,CO4337,CC13,,
4938,CO4337,CC14,,
4939,CO4337,CC15,,
4940,CO4337,CC16,,
4941,CO4337,CC17,,
4942,CO4337,CC18,,
4943,CO4337,L02,,
4944,CO4337,L03,,
4945,CO4337,L04,,
4946,CO4337,L05,,
4947,CO4337,L06,,
4948,CO4337,L07,,
4949,CO4337,L08,,
4950,CO4337,L09,,
4951,CO4337,L10,,
4952,CO4337,L11,,
4953,CO4337,L12,,
4954,CO4337,L13,,
4955,CO4337,L14,,
4956,CO4337,L15,,
4957,CO4337,L16,,
4958,CO4337,L17,,
4959,CO4337,L18,,
4960,CO4337,L19,,
4961,CO4337,L20,,
4962,CO4337,L21,,
4963,CO4337,L22,,
4964,CO4337,L23,,
4965,CO4337,L24,,
4966,CO4337,L25,,
4967,CO4337,L26,,
4968,CO4337,L27,,
4969,CO4337,L28,,
4970,CO4337,L29,,
4971,CO4337,L30,,
4972,CO4337,L31,,
4973,CO4337,L32,,
4974,CO4337,L33,,
4975,CO4337,L34,,
4976,CO4337,L35,,
4977,CO4337,L36,,
4978,CO4337,L37,,
4979,CO4337,L38,,
4980,CO4337,T02,,
4981,CO4337,T03,,
4982,CO4337,T04,,
4983,CO4337,T05,,
4984,CO4337,TN02,,
4985,CO4337,TN03,,
4986,CO4337,TN04,,
4987,CO4337,TN05,,
4988,CO4337,TN06,,
4989,CO4337,TN07,,
4990,CO4337,TN08,,
4991,CO4337,TN09,,
4992,CO4337,TN10,,
4993,CO4337,TN11,,
4994,CO4347,A02,,
4995,CO4347,CC02,,
4996,CO4347,CC03,,
4997,CO4347,CC04,,
4998,CO4347,CC05,,
4999,CO4347,CC06,,
5000,CO4347,CC07,,
5001,CO4347,CC08,,
5002,CO4347,CC09,,
5003,CO4347,L02,,
5004,CO4347,L03,,
5005,CO4347,L04,,
5006,CO4347,L05,,
5007,CO4347,L06,,
5008,CO4347,L07,,
5009,CO4347,L08,,
5010,CO4347,L09,,
5011,CO4347,L10,,
5012,CO4347,L11,,
5013,CO4347,L14,,
5014,CO4347,L12,,
5015,CO4347,L13,,
5016,GE4343,T01,,
5017,EE4333,T01,,
5018,EE4347,T01,,
5019,ME4387,L02,9000.0,.
5020,LA1037,DL01,40.0,LH
5021,LA1039,DL02,40.0,LH
5022,LA1041,DL04,40.0,LH
5023,LA1041,DL05,40.0,LH
5024,LA1043,DL04,40.0,LH
5025,LA1043,DL05,40.0,LH
5026,LA1043,DL06,40.0,LH
5027,TR6147,CH01,10.0,
5028,U37181,UTH1,60.0,
5029,U4109T,UTH1,60.0,
5030,U4109T,UTH2,60.0,
5031,U31269,UTH1,60.0,
5032,U3718L,UTH1,60.0,
5033,U3718L,UTH2,60.0,
5034,U33230,UTH1,60.0,
5035,U41092,UTH1,60.0,
5036,U3126T,UTH1,60.0,
5037,U3126T,UTH2,60.0,
5038,U3323T,UTH1,60.0,
5039,U3323T,UTH2,60.0,
5040,AA3007,TD01,10.0,
5041,AA3003,TD01,10.0,
5042,AA3007,TD03,10.0,
5043,AA3005,TD02,10.0,
5044,AA3007,TD04,10.0,
5045,AA3007,TD05,10.0,
5046,AA3005,TD03,10.0,
5047,AA3007,TD06,10.0,
5048,AA3007,TD07,10.0,
5049,AA3007,TD08,10.0,
5050,AA3007,TD09,10.0,
5051,AA3007,TD10,10.0,
5052,AA3007,TD11,10.0,
5053,CH4057,TD01,10.0,
5054,CH4095,TD01,10.0,
5055,AA3003,TD02,10.0,
5056,AA3003,TD03,10.0,
5057,AA3005,TD04,10.0,
5058,AA3005,TD05,10.0,
5059,AA3007,TD12,10.0,
5060,AA3005,TD06,10.0,
5061,AA3007,TD13,10.0,
5062,AA3007,TD14,10.0,
5063,ME4061,TD01,10.0,
5064,AA3007,TD15,10.0,
5065,EE202A,TND1,,
5066,EE202B,TND1,,
5067,EE202C,TND1,,
5068,EE203E,TND1,,
5069,EE203E,TND2,,
5070,EE203E,TND3,,
5071,EE203E,TND4,,
5072,EE300C,TND1,,
5073,EE300D,TND1,,
5074,EE301A,TND1,0.0,
5075,EE301C,TND1,0.0,
5076,EE301D,TND1,0.0,
5077,EE301E,TND1,,
5078,EE302A,TND1,,
5079,EE302B,TND1,,
5080,EE302B,TND2,,
5081,EE316C,TND1,,
5082,ME4219,L01,10.0,
5083,AA3005,TD07,10.0,
5084,CI200D,TNX2,,
5085,CI203D,TNX2,,
5086,CI214C,TNX2,,
5087,MA5059,TD01,10.0,
5088,EE2421,CC03,,
5089,EE2421,CC04,,
5090,EE2421,CC05,,
5091,EE2421,CC06,,
5092,EE2421,CC07,,
5093,EE2421,CC08,,
5094,EE2421,CC09,,
5095,EE2421,CC10,,
5096,EE2421,CC11,,
5097,EE2421,CC12,,
5098,EE2421,CC13,,
5099,EE2421,CC14,,
5100,EE2421,CC15,,
5101,EE2421,CC16,,
5102,EE2421,CC17,,
5103,EE2421,CC18,,
5104,EE2421,CC19,,
5105,EE2421,CC20,,
5106,EE2421,CC21,,
5107,EE2421,CC22,,
5108,EE2421,CC23,,
5109,EE2421,CC24,,
5110,EE2421,CC25,,
5111,EE2421,CC26,,
5112,EE2421,CC27,,
5113,EE2421,CC28,,
5114,EE2421,CC29,,
5115,EE3061,A02,10.0,
5116,EE3061,L02,,
5117,EE3151,L02,,
5118,EE3151,L03,,
5119,EE3181,A02,,
5120,EE3181,A03,,
5121,EE3181,L02,,
5122,EE3181,L03,,
5123,EE3181,L04,,
5124,EE3181,L05,,
5125,EE3181,L06,,
5126,EE3181,L07,,
5127,EE3181,L08,,
5128,EE3181,L09,,
5129,EE3181,L10,,
5130,EE3181,L11,,
5131,EE3181,L12,,
5132,EE3181,L13,,
5133,EE3181,L14,,
5134,EE3181,L15,,
5135,EE3181,L16,,
5136,EE3181,L17,,
5137,EE3181,L18,,
5138,EE3181,L19,,
5139,EE3181,L20,,
5140,EE3181,L21,,
5141,EE3181,L22,,
5142,EE3181,L23,,
5143,EE3181,L24,,
5144,EE3181,L25,,
5145,EE3181,L26,,
5146,EE3181,L27,,
5147,EE3181,L28,,
5148,EE3181,L29,,
5149,EE3181,L30,,
5150,EE3181,L31,,
5151,EE3181,N1H2,,
5152,EE3181,N1H3,,
5153,EE3181,N1H4,,
5154,EE3181,N1H5,,
5155,EE3181,N1H6,,
5156,EE3181,N1H7,,
5157,EE3181,N1H8,,
5158,EE3181,N1H9,,
5159,EE3181,N1HA,,
5160,EE3181,N1HB,,
5161,EE3183,A03,,
5162,EE3183,A04,,
5163,EE3183,A05,,
5164,EE3183,A06,,
5165,EE3183,A07,,
5166,EE3183,A08,,
5167,EE3183,A09,,
5168,EE3183,A10,,
5169,EE3183,A11,,
5170,EE3183,A12,,
5171,EE3183,A13,,
5172,EE3183,A14,,
5173,EE3183,A15,,
5174,EE3183,A16,,
5175,EE3183,A17,,
5176,EE3183,A18,,
5177,EE3183,L02,,
5178,EE3183,L03,,
5179,EE3183,L04,,
5180,EE3183,L05,,
5181,EE3183,L06,,
5182,EE3183,L07,,
5183,EE3183,L08,,
5184,EE3183,L09,,
5185,EE3183,L10,,
5186,EE3183,L11,,
5187,EE3183,L12,,
5188,EE3183,L13,,
5189,EE3183,L14,,
5190,EE3183,L15,,
5191,EE3183,L16,,
5192,EE3183,L17,,
5193,EE3183,L18,,
5194,EE3183,L19,,
5195,EE3183,L20,,
5196,EE3183,L21,,
5197,EE3183,L22,,
5198,EE3183,L23,,
5199,EE3183,L24,,
5200,EE3183,L25,,
5201,EE3183,L26,,
5202,EE3183,L27,,
5203,EE3183,L28,,
5204,EE3183,L29,,
5205,EE3183,L30,,
5206,EE3183,L31,,
5207,EE3183,L32,,
5208,EE3183,L33,,
5209,EE3183,L34,,
5210,EE3185,A03,,
5211,EE3185,A04,,
5212,EE3185,A05,,
5213,EE3185,A06,,
5214,EE3185,A07,,
5215,EE3185,A08,,
5216,EE3185,A09,,
5217,EE3185,A10,,
5218,EE3185,L02,,
5219,EE3185,L03,,
5220,EE3185,L04,,
5221,EE3185,L05,,
5222,EE3185,L06,,
5223,EE3185,L07,,
5224,EE3185,L08,,
5225,EE3185,L09,,
5226,EE3185,L10,,
5227,EE3185,L11,,
5228,EE3185,L12,,
5229,EE3185,L13,,
5230,EE3185,L14,,
5231,EE3185,L15,,
5232,EE3185,L16,,
5233,EE3185,L17,,
5234,EE3185,L18,,
5235,EE3185,L19,,
5236,EE3211,L02,,
5237,EE3211,L03,,
5238,EE3211,L04,,
5239,EE3211,L05,,
5240,EE3211,L06,,
5241,EE3211,L07,,
5242,EE3211,L08,,
5243,EE3211,L09,,
5244,EE3211,L10,,
5245,EE3211,L11,,
5246,EE3211,L12,,
5247,EE3211,L13,,
5248,EE3211,L14,,
5249,EE3211,L15,,
5250,EE3211,L16,,
5251,EE3335,A31,,
5252,EE3345,L31,,
5253,EE3345,L32,,
5254,EE3345,L33,,
5255,EE3355,A31,,
5256,EE3355,A32,,
5257,EE3355,A33,,
5258,EE3355,A34,,
5259,EE3355,A35,,
5260,EE3355,A36,,
5261,EE3355,A37,,
5262,EE3355,A38,,
5263,EE3355,A39,,
5264,EE3355,L02,,
5265,EE3355,L03,,
5266,EE3355,L04,,
5267,EE3355,L32,,
5268,EE3355,L33,,
5269,EE3355,L34,,
5270,EE3355,L35,,
5271,EE3355,L36,,
5272,EE3355,L37,,
5273,EE3355,L38,,
5274,EE3355,L39,,
5275,EE3355,L40,,
5276,EE3355,L41,,
5277,EE3355,L42,,
5278,EE3355,L43,,
5279,EE3355,L44,,
5280,EE3355,L45,,
5281,EE3355,L46,,
5282,EE3355,L47,,
5283,EE3355,L48,,
5284,EE3365,L02,,
5285,EE3365,L03,,
5286,EE3365,L04,,
5287,EE3365,L05,,
5288,EE3365,L06,,
5289,EE3365,L07,,
5290,EE3365,L08,,
5291,EE3365,L31,,
5292,EE3365,L32,,
5293,EE3365,L33,,
5294,EE3365,L34,,
5295,EE3365,L35,,
5296,EE3365,L36,,
5297,EE4007,A02,,
5298,EE4007,A03,,
5299,EE4007,A04,,
5300,EE4007,A05,,
5301,EE4007,A06,,
5302,EE4007,A07,,
5303,EE4007,A08,,
5304,EE4007,A09,,
5305,EE4007,L02,,
5306,EE4007,L03,,
5307,EE4007,L04,,
5308,EE4007,L05,,
5309,EE4007,L06,,
5310,EE4007,L07,,
5311,EE4007,L08,,
5312,EE4007,L09,,
5313,EE4007,L10,,
5314,EE4007,L11,,
5315,EE4007,L12,,
5316,EE4007,L13,,
5317,EE4007,L14,,
5318,EE4007,L15,,
5319,EE4007,L16,,
5320,EE4007,L18,,
5321,EE4007,L19,,
5322,EE4007,L20,,
5323,EE4007,L21,,
5324,EE4007,L22,,
5325,EE4007,L23,,
5326,EE4007,L24,,
5327,EE4007,T02,,
5328,EE4007,T03,,
5329,EE4009,L02,,
5330,EE4009,L03,,
5331,EE4009,L04,,
5332,EE4009,L05,,
5333,EE4009,L06,,
5334,EE4009,L07,,
5335,EE4009,L08,,
5336,EE4009,L09,,
5337,EE4009,L10,,
5338,EE4009,L11,,
5339,EE4011,L02,,
5340,EE4011,L03,,
5341,EE4011,L04,,
5342,EE4011,L05,,
5343,EE4011,L06,,
5344,EE4011,L07,,
5345,EE4011,L08,,
5346,EE4011,L09,,
5347,EE4011,L10,,
5348,EE4011,L11,,
5349,EE4011,L12,,
5350,EE4011,L13,,
5351,EE4011,L14,,
5352,EE4011,L15,,
5353,EE4011,L16,,
5354,EE4011,L17,,
5355,EE4011,L18,,
5356,EE4011,L19,,
5357,EE4011,L20,,
5358,EE4011,L21,,
5359,EE4011,L22,,
5360,EE4011,L23,,
5361,EE4011,L24,,
5362,EE4011,L25,,
5363,EE4011,L26,,
5364,EE4011,L27,,
5365,EE4011,L28,,
5366,EE4057,A02,,
5367,EE4057,A03,,
5368,EE4057,A04,,
5369,EE4057,A05,,
5370,EE4057,A06,,
5371,EE4057,A07,,
5372,EE4057,A08,,
5373,EE4069,A02,,
5374,EE4069,A03,,
5375,EE4069,A04,,
5376,EE4069,A05,,
5377,EE4069,A06,,
5378,EE4069,A07,,
5379,EE4331,T02,,
5380,EE4331,T03,,
5381,EE4405,CC02,,
5382,EE4405,CC03,,
5383,EE4405,CC04,,
5384,EE4405,CC05,,
5385,EE4405,CC06,,
5386,EE4405,CC07,,
5387,EE4405,CC08,,
5388,EE4405,CC09,,
5389,EE4405,CC10,,
5390,EE5001,A02,,
5391,EE5001,A03,,
5392,IU3325,L31,,
5393,IU3325,L32,,
5394,IU3325,L33,,
5395,IU3325,L34,,
5396,IU3325,L35,,
5397,IU3325,L36,,
5398,IU3325,L37,,
5399,IU3325,L38,,
5400,IU4013,L02,,
5401,IU4013,L03,,
5402,IU4013,L04,,
5403,IU4013,L05,,
5404,IU4013,L06,,
5405,IU4327,L02,,
5406,IU4327,L03,,
5407,IU4327,L04,,
5408,IU4327,L05,,
5409,IU4327,L06,,
5410,IU4327,L07,,
5411,IU4327,L08,,
5412,IU4327,T02,,
5413,IU4327,T03,,
5414,ME2115,CC02,,
5415,ME2115,CC03,,
5416,ME2115,CC04,,
5417,ME2115,L02,,
5418,ME2115,L03,,
5419,ME2115,L04,,
5420,ME2115,L05,,
5421,ME2115,L06,,
5422,ME2115,L07,,
5423,ME2115,L08,,
5424,ME2115,L09,,
5425,ME2115,L10,,
5426,ME2115,L11,,
5427,ME3123,A31,,
5428,ME3123,CC31,,
5429,ME3123,CC32,,
5430,ME3123,CC33,,
5431,ME3123,CC34,,
5432,ME3123,CC35,,
5433,ME3123,CC36,,
5434,ME3123,CC37,,
5435,ME3123,CC38,,
5436,ME3123,CC39,,
5437,ME3123,CC40,,
5438,ME3123,CC41,,
5439,ME3123,CC42,,
5440,ME3123,CC43,,
5441,ME3123,CC44,,
5442,ME3123,L31,,
5443,ME3123,L32,,
5444,ME3123,L33,,
5445,ME3123,L34,,
5446,ME3123,L35,,
5447,ME3123,L36,,
5448,ME3123,L37,,
5449,ME3123,L38,,
5450,ME3123,L39,,
5451,ME3123,L40,,
5452,ME3123,L41,,
5453,ME3123,L42,,
5454,ME3123,L43,,
5455,ME3123,L44,,
5456,ME3123,L45,,
5457,ME3123,L46,,
5458,ME3123,T31,,
5459,ME3127,L31,,
5460,ME3127,L32,,
5461,ME3127,L33,,
5462,ME3127,L34,,
5463,ME3127,L35,,
5464,ME3127,L36,,
5465,ME3127,L37,,
5466,ME3127,L38,,
5467,ME3127,L39,,
5468,ME3127,L40,,
5469,ME3127,L41,,
5470,ME3127,L42,,
5471,ME3127,L43,,
5472,ME3129,CC31,,
5473,ME3129,CC32,,
5474,ME3129,CC33,,
5475,ME3129,CC34,,
5476,ME3129,CC35,,
5477,ME3129,CC36,,
5478,ME3129,CC37,,
5479,ME3129,CC38,,
5480,ME3129,CC39,,
5481,ME3129,CC40,,
5482,ME3129,L31,,
5483,ME3129,L32,,
5484,ME3129,L33,,
5485,ME3129,L34,,
5486,ME3129,L35,,
5487,ME3129,L36,,
5488,ME3129,L37,,
5489,ME3129,L38,,
5490,ME3129,L39,,
5491,ME3129,L40,,
5492,ME3129,L41,,
5493,ME3129,L42,,
5494,ME3129,L43,,
5495,ME3129,L44,,
5496,ME3131,L31,,
5497,ME3133,L31,,
5498,ME3133,L32,,
5499,ME3135,A31,,
5500,ME3135,A32,,
5501,ME3135,A33,,
5502,ME3135,A34,,
5503,ME3135,A35,,
5504,ME3135,A36,,
5505,ME3135,A37,,
5506,ME3135,A38,,
5507,ME3135,A39,,
5508,ME3135,A40,,
5509,ME3135,A41,,
5510,ME3135,A42,,
5511,ME3135,A43,,
5512,ME3135,A44,,
5513,ME3135,CC31,,
5514,ME3135,CC32,,
5515,ME3135,CC33,,
5516,ME3135,CC34,,
5517,ME3135,CC35,,
5518,ME3135,L31,,
5519,ME3135,L32,,
5520,ME3135,L33,,
5521,ME3135,L34,,
5522,ME3135,L35,,
5523,ME3135,L36,,
5524,ME3135,L37,,
5525,ME3135,L38,,
5526,ME3135,L39,,
5527,ME3135,L40,,
5528,ME3135,L41,,
5529,ME3135,L42,,
5530,ME3135,L43,,
5531,ME3135,L44,,
5532,ME3135,L45,,
5533,ME3135,L46,,
5534,ME3135,L47,,
5535,ME3135,L48,,
5536,ME3135,L49,,
5537,ME3135,L50,,
5538,ME3135,L51,,
5539,ME3135,L52,,
5540,ME3135,L53,,
5541,ME3135,L54,,
5542,ME3135,L55,,
5543,ME3135,L56,,
5544,ME3135,L57,,
5545,ME3135,L58,,
5546,ME3135,L59,,
5547,ME3151,L02,,
5548,ME3151,L03,,
5549,ME3151,L04,,
5550,ME3151,L05,,
5551,ME3151,L06,,
5552,ME3199,L02,,
5553,ME3199,L03,,
5554,ME4019,L02,,
5555,ME4019,L03,,
5556,ME4047,L02,,
5557,ME4047,T02,,
5558,ME4061,CC02,,
5559,ME4061,CC03,,
5560,ME4061,CC04,,
5561,ME4061,CC05,,
5562,ME4061,CC06,,
5563,ME4061,CC07,,
5564,ME4061,CC08,,
5565,ME4061,CC09,,
5566,ME4061,CC10,,
5567,ME4061,L02,,
5568,ME4061,L03,,
5569,ME4061,L04,,
5570,ME4061,L05,,
5571,ME4061,L06,,
5572,ME4061,L07,,
5573,ME4061,L08,,
5574,ME4061,L09,,
5575,ME4061,L10,,
5576,ME4061,L11,,
5577,ME4061,L12,,
5578,ME4061,L13,,
5579,ME4061,L14,,
5580,ME4061,L15,,
5581,ME4061,L16,,
5582,ME4061,L17,,
5583,ME4061,L18,,
5584,ME4061,L19,,
5585,ME4061,L20,,
5586,ME4061,L21,,
5587,ME4061,L22,,
5588,ME4061,L23,,
5589,ME4061,L24,,
5590,ME4061,L25,,
5591,ME4061,L26,,
5592,ME4061,L27,,
5593,ME4061,L28,,
5594,ME4061,L29,,
5595,ME4061,L30,,
5596,ME4061,L31,,
5597,ME4061,L32,,
5598,ME4061,T02,,
5599,ME4061,T03,,
5600,ME4071,CC02,,
5601,ME4071,CC03,,
5602,ME4071,CC04,,
5603,ME4071,L02,,
5604,ME4071,L03,,
5605,ME4071,L04,,
5606,ME4071,L05,,
5607,ME4071,L06,,
5608,ME4071,L07,,
5609,ME4071,L08,,
5610,ME4071,L09,,
5611,ME4071,L10,,
5612,ME4071,L11,,
5613,ME4071,L12,,
5614,ME4071,L13,,
5615,ME4071,L14,,
5616,ME4081,L02,,
5617,ME4081,L03,,
5618,ME4081,L04,,
5619,ME4081,L05,,
5620,ME4081,L06,,
5621,ME4081,L07,,
5622,ME4081,L08,,
5623,ME4081,L09,,
5624,ME4093,T02,,
5625,ME4101,L02,,
5626,ME4101,L03,,
5627,ME4101,L04,,
5628,ME4101,L05,,
5629,ME4103,CC02,,
5630,ME4103,CC03,,
5631,ME4103,L02,,
5632,ME4103,L03,,
5633,ME4103,L04,,
5634,ME4103,L05,,
5635,ME4103,L06,,
5636,ME4103,L07,,
5637,ME4103,L08,,
5638,ME4113,L02,,
5639,ME4113,L03,,
5640,ME4121,L02,,
5641,ME4221,A02,,
5642,ME4221,L02,,
5643,ME4221,L03,,
5644,ME4327,A02,,
5645,ME4327,A03,,
5646,ME4327,A04,,
5647,ME4327,A05,,
5648,ME4327,A06,,
5649,ME4327,A07,,
5650,ME4327,A08,,
5651,ME4327,A09,,
5652,ME4327,A10,,
5653,ME4327,A11,,
5654,ME4327,A12,,
5655,ME4327,CC02,,
5656,ME4327,CC03,,
5657,ME4327,CC04,,
5658,ME4327,CC05,,
5659,ME4327,CC06,,
5660,ME4327,CC07,,
5661,ME4327,CC08,,
5662,ME4327,CC09,,
5663,ME4327,CC10,,
5664,ME4327,CC11,,
5665,ME4327,CC12,,
5666,ME4327,CC13,,
5667,ME4327,CC14,,
5668,ME4327,CC15,,
5669,ME4327,L02,,
5670,ME4327,L03,,
5671,ME4327,L04,,
5672,ME4327,L05,,
5673,ME4327,L06,,
5674,ME4327,L07,,
5675,ME4327,L08,,
5676,ME4327,L09,,
5677,ME4327,L10,,
5678,ME4327,L11,,
5679,ME4327,L12,,
5680,ME4327,L13,,
5681,ME4327,L14,,
5682,ME4327,L15,,
5683,ME4327,L16,,
5684,ME4327,L17,,
5685,ME4327,T02,,
5686,ME4327,T03,,
5687,ME4327,T04,,
5688,ME4327,T05,,
5689,ME4327,T06,,
5690,ME4327,T07,,
5691,ME4337,L02,,
5692,ME4337,L03,,
5693,ME4337,L04,,
5694,ME4337,L06,,
5695,ME4337,L07,,
5696,ME4337,L08,,
5697,ME4347,L02,,
5698,ME4347,L03,,
5699,ME4357,L02,,
5700,ME4357,L03,,
5701,ME4367,A02,,
5702,ME4367,L02,,
5703,ME4367,L03,,
5704,ME4367,L04,,
5705,ME4367,L05,,
5706,ME4367,L06,,
5707,ME4367,L07,,
5708,ME4367,L08,,
5709,ME4367,L09,,
5710,ME4367,L10,,
5711,ME4367,L11,,
5712,ME4367,L12,,
5713,ME4367,L13,,
5714,ME4377,CC02,,
5715,ME4377,CC03,,
5716,ME4377,CC04,,
5717,ME4377,CC05,,
5718,ME4377,CC06,,
5719,ME4377,CC07,,
5720,ME4377,CC08,,
5721,ME4377,CC09,,
5722,ME4377,CC10,,
5723,ME4377,CC11,,
5724,ME4377,CC12,,
5725,ME4377,CC13,,
5726,ME4377,L02,,
5727,ME4377,L03,,
5728,ME4377,L04,,
5729,ME4377,L05,,
5730,ME4377,L06,,
5731,ME4377,L07,,
5732,ME4377,L08,,
5733,ME4377,L09,,
5734,ME4377,L10,,
5735,ME4377,L11,,
5736,ME4377,L12,,
5737,ME4377,L13,,
5738,ME4377,L14,,
5739,ME4377,L15,,
5740,ME4377,L16,,
5741,ME4377,L17,,
5742,ME4385,A31,,
5743,ME4387,CC02,,
5744,ME4387,CC03,,
5745,ME4387,CC04,,
5746,ME4387,CC05,,
5747,ME4387,CC06,,
5748,ME4387,CC07,,
5749,ME4387,CC08,,
5750,ME4387,CC09,,
5751,ME4387,CC10,,
5752,ME4387,CC11,,
5753,ME4387,L03,,
5754,ME4387,L04,,
5755,ME4387,L05,,
5756,ME4387,L06,,
5757,ME4387,L07,,
5758,ME4387,L08,,
5759,ME4387,L09,,
5760,ME4387,L10,,
5761,ME4387,L11,,
5762,ME4387,L12,,
5763,ME4387,L13,,
5764,ME4387,L14,,
5765,ME4387,L15,,
5766,ME4387,L16,,
5767,ME4387,L17,,
5768,ME4387,L18,,
5769,ME4387,L19,,
5770,ME4387,L20,,
5771,ME4387,L21,,
5772,ME4387,L22,,
5773,ME4387,L23,,
5774,ME4387,L24,,
5775,ME4387,L25,,
5776,ME4387,L26,,
5777,ME4387,L27,,
5778,ME4387,L28,,
5779,ME4387,L29,,
5780,ME4727,L02,,
5781,ME4727,T02,,
5782,ME5017,A02,,
5783,ME5017,A03,,
5784,ME5017,A04,,
5785,ME5017,A05,,
5786,CI7653,NS02,200.0,
5787,CI4133,CC02,,
5788,CI4133,CC03,,
5789,CI4133,CC04,,
5790,CI4133,CC05,,
5791,CI4133,CC06,,
5792,CI4133,L02,,
5793,CI4133,L03,,
5794,CI4133,L04,,
5795,CI4133,L05,,
5796,CI4133,L06,,
5797,CI4133,L07,,
5798,CI4133,L08,,
5799,CI4133,L09,,
5800,CI4133,L10,,
5801,CI4133,L11,,
5802,CI4133,L12,,
5803,CI4133,L13,,
5804,CI4133,L14,,
5805,CI4133,L15,,
5806,CI4133,L16,,
5807,CI4133,L17,,
5808,CI4133,L18,,
5809,CI4133,L19,,
5810,CI4133,L20,,
5811,CI4133,L21,,
5812,CI4133,L22,,
5813,CI4133,L23,,
5814,CI4133,L24,,
5815,CI4133,L25,,
5816,CI4133,L26,,
5817,CI4133,L27,,
5818,CI4133,T02,,
5819,CI4133,T03,,
5820,CI4169,T02,,
5821,CI4457,L02,,
5822,CI4457,L03,,
5823,CI5005,A02,,
5824,CI5005,A03,,
5825,CI5005,A04,,
5826,CI5005,A05,,
5827,CI5005,A06,,
5828,CI5005,A07,,
5829,PE1055,L01,60.0,
5830,CH4357,A06,10.0,
5831,ME5191,CH02,,
5832,ME5191,CH03,,
5833,ME5191,CH04,,
5834,ME5191,CH05,,
5835,ME5191,CH06,,
5836,ME5191,CH07,,
5837,ME5191,CH08,,
5838,ME5191,CH09,,
5839,ME5191,CH10,,
5840,ME5203,CH02,,
5841,ME5227,CH02,,
5842,ME5227,CH03,,
5843,ME5241,CH02,,
5844,ME5241,CH03,,
5845,ME5241,CH04,,
5846,ME5241,CH05,,
5847,ME5241,CH06,,
5848,ME5241,CH07,,
5849,ME5241,CH08,,
5850,ME5241,CH09,,
5851,ME5245,CH02,,
5852,EN6051,CH02,,
5853,EN6059,CH02,,
5854,EN6059,CH03,,
5855,EE5017,TD01,10.0,
5856,GE1014,TD01,10.0,
5857,MA5017,TD01,10.0,
5858,MA3137,TD01,10.0,
5859,LA1041,DL06,40.0,LH
5860,LA1043,DL07,40.0,LH
5861,LA1043,DL08,40.0,LH
5862,LA1043,DT03,40.0,QT
5863,TR5143,CH01,10.0,
5864,AA7001,NS01,60.0,
5865,LA1057,DL01,40.0,LH
5866,LA1057,DL04,40.0,LH
5867,LA1057,DL10,40.0,LH
5868,LA1057,DT01,40.0,QT
5869,EN3077,L02,,
5870,EN3077,L03,,
5871,EN3077,L04,,
5872,CH3335,L30,,
5873,CH3355,A31,,
5874,CH3355,A32,,
5875,CH3355,A33,,
5876,CH3355,A34,,
5877,CH3355,A35,,
5878,CH3355,CC31,,
5879,CH3355,CC32,,
5880,CH3355,CC33,,
5881,CH3355,CC34,,
5882,CH3355,CC35,,
5883,CH3355,L05,,
5884,CH3355,L31,,
5885,CH3355,L32,,
5886,CH3355,L33,,
5887,CH3355,L34,,
5888,CH3355,L35,,
5889,CH3355,T35,,
5890,CH3365,CC30,,
5891,CH3365,L30,,
5892,CH3375,CC30,,
5893,CH3375,L30,,
5894,EN6059,CH04,,
5895,AS6083,CH02,,
5896,AS6083,CH03,,
5897,AS6089,CH02,,
5898,CH5597,CH02,,
5899,CH5597,CH03,,
5900,CH5597,CH04,,
5901,CH5597,CH05,,
5902,CH5597,CH06,,
5903,CH5597,CH07,,
5904,CH5597,CH08,,
5905,CH5597,CH09,,
5906,CH5597,CH10,,
5907,CH5597,CH11,,
5908,CH5597,CH12,,
5909,CH5597,CH13,,
5910,CH5597,CH14,,
5911,CH5597,CH15,,
5912,CH5597,CH16,,
5913,CH5597,CH17,,
5914,CH5597,CH18,,
5915,CH5597,CH19,,
5916,CH5597,CH20,,
5917,CH5597,CH21,,
5918,CH5599,CH02,,
5919,CH5599,CH03,,
5920,CH5599,CH04,,
5921,CH5599,CH05,,
5922,CH5599,CH06,,
5923,CH5599,CH07,,
5924,CH5599,CH08,,
5925,CH5599,CH09,,
5926,CH5599,CH10,,
5927,CH5599,CH11,,
5928,CH5599,CH12,,
5929,CH5599,CH13,,
5930,CH5599,CH14,,
5931,CH5599,CH15,,
5932,CH5599,CH16,,
5933,CH5599,CH17,,
5934,CH5599,CH18,,
5935,CH5599,CH19,,
5936,CH5599,CH20,,
5937,CH5679,CH02,,
5938,CH5679,CH03,,
5939,CH6041,CH02,,
5940,CH6041,CH03,,
5941,CH6055,CH02,,
5942,CH6055,CH03,,
5943,CH6055,CH04,,
5944,CH6055,CH05,,
5945,CH6055,CH06,,
5946,CH6055,CH07,,
5947,CH6055,CH08,,
5948,CH6055,CH09,,
5949,CH6055,CH10,,
5950,CH6055,CH11,,
5951,CH6055,CH12,,
5952,CH6055,CH13,,
5953,CH6055,CH14,,
5954,CH6055,CH15,,
5955,CH6055,CH16,,
5956,CH6055,CH17,,
5957,CH6055,CH18,,
5958,CH6059,CH02,,
5959,CH6059,CH03,,
5960,CH6059,CH04,,
5961,CH6059,CH05,,
5962,CH6059,CH06,,
5963,CH6059,CH07,,
5964,CH6059,CH08,,
5965,CH6059,CH09,,
5966,CH6059,CH10,,
5967,CI5351,CH02,,
5968,CI5351,CH03,,
5969,CI5351,CH04,,
5970,CI5351,CH05,,
5971,CI5351,CH06,,
5972,CI5351,CH07,,
5973,CI5351,CH08,,
5974,CI5351,CH09,,
5975,CI5353,CH02,,
5976,CI5353,CH03,,
5977,CI5353,CH04,,
5978,CI5353,CH05,,
5979,CI5353,CH06,,
5980,CI5353,CH07,,
5981,CI5353,CH08,,
5982,CI5353,CH09,,
5983,CI5353,CH10,,
5984,CI5353,CH11,,
5985,CI6101,CH02,,
5986,CI6101,CH03,,
5987,CI6101,CH04,,
5988,CI6101,CH05,,
5989,CI6101,CH06,,
5990,CI6101,CH07,,
5991,CI6101,CH08,,
5992,CI6101,CH09,,
5993,CI6101,CH10,,
5994,CI6101,CH11,,
5995,CI6101,CH12,,
5996,CI6101,CH13,,
5997,CI6101,CH14,,
5998,CI6101,CH15,,
5999,CI6103,CH02,,
6000,CI6103,CH03,,
6001,CI6103,CH04,,
6002,CI6103,CH05,,
6003,CI6108,CH02,,
6004,CI6108,CH03,,
6005,CI6108,CH04,,
6006,CI6108,CH05,,
6007,CI6115,CH02,,
6008,CI6115,CH03,,
6009,CI6117,CH02,,
6010,CI6118,CH02,,
6011,CI6122,CH02,,
6012,CI6122,CH03,,
6013,CI6122,CH04,,
6014,CI6122,CH05,,
6015,CI6122,CH06,0.0,
6016,CI6122,CH07,0.0,
6017,CI6122,IM02,,
6018,CO5101,CH02,,
6019,CO5107,CH02,,
6020,CO5107,CH03,,
6021,CO5107,CH04,,
6022,CO5107,CH05,,
6023,CO5107,CH06,,
6024,CO5107,CH07,,
6025,CO5107,CH08,,
6026,CO5107,CH09,,
6027,CO5107,CH10,,
6028,CO5107,CH11,,
6029,CO5107,CH12,,
6030,CO5107,CH13,,
6031,CO5107,CH14,,
6032,CO5107,CH15,,
6033,CO5107,CH16,,
6034,CO5107,CH17,,
6035,CO5107,CH18,,
6036,CO5107,CH19,,
6037,CO5107,CH20,,
6038,CO5107,CH21,,
6039,CO5107,CH22,,
6040,CO5107,CH23,,
6041,CO5107,CH24,,
6042,CO5107,CH25,,
6043,CO5107,IM02,,
6044,CO5109,CH02,,
6045,CO5109,CH03,,
6046,CO5109,CH04,,
6047,CO5109,CH05,,
6048,CO5109,CH06,,
6049,CO5109,CH07,,
6050,CO5109,CH08,,
6051,CO5109,CH09,,
6052,CO5109,CH10,,
6053,CO5109,CH11,,
6054,CO5109,CH12,,
6055,CO5109,CH13,,
6056,CO5109,CH14,,
6057,CO5109,CH15,,
6058,CO5109,CH16,,
6059,CO5109,CH17,,
6060,CO5109,CH18,,
6061,CO5109,CH19,,
6062,CO5109,IM02,,
6063,CO5109,IM03,,
6064,CO5109,IM04,,
6065,CO5109,IM05,,
6066,CO6021,CH02,,
6067,CO6021,CH03,,
6068,CO6021,CH04,,
6069,CO6021,CH05,,
6070,CO6021,CH06,,
6071,CO6025,CH02,,
6072,CO6035,CH02,,
6073,CO6035,CH03,,
6074,CO6035,CH04,,
6075,CO6035,CH05,,
6076,CO6035,CH06,,
6077,CO6035,CH07,,
6078,CO6035,CH08,,
6079,CO6035,CH09,,
6080,CO6035,CH10,,
6081,CO6035,CH11,,
6082,CO6035,CH12,,
6083,CO6035,CH13,,
6084,CO6035,CH14,,
6085,CO6035,CH15,,
6086,CO6035,CH16,,
6087,CO6035,CH17,,
6088,CO6035,CH18,,
6089,CO6035,IM02,,
6090,CO6035,IM03,,
6091,CO6035,IM04,,
6092,CO6035,IM05,,
6093,CO6035,IM06,,
6094,CO6039,CH02,,
6095,CO6039,CH03,,
6096,CO6039,CH04,,
6097,EE5155,CH02,,
6098,EE5155,CH03,,
6099,EE5163,CH02,,
6100,EE5163,CH03,,
6101,EE5163,CH04,,
6102,EE5163,CH05,,
6103,EE5163,CH06,,
6104,EE5165,CH02,,
6105,EE5165,CH03,,
6106,EE6065,CH02,,
6107,EE6065,CH03,,
6108,EE6065,CH04,,
6109,EE6065,CH05,,
6110,EE6065,CH06,,
6111,EE6065,CH07,,
6112,EE6079,CH02,,
6113,EE6079,CH03,,
6114,EE6079,CH04,,
6115,EE6079,CH05,,
6116,EE6111,CH02,,
6117,EE6121,CH02,,
6118,EE6121,CH03,,
6119,EE6121,CH04,,
6120,EN5153,CH02,,
6121,EN5153,CH03,,
6122,EN5153,CH04,,
6123,EN5153,CH05,,
6124,GE6027,CH02,,
6125,GE6041,CH02,,
6126,IM5115,CH02,,
6127,IM5115,CH03,,
6128,IM5115,CH04,,
6129,IM5115,CH05,,
6130,IM5115,CH06,,
6131,IM5115,CH07,,
6132,IM5117,CH02,,
6133,IM5117,CH03,,
6134,IM5117,CH04,,
6135,IM5117,CH05,,
6136,IM5117,CH06,,
6137,IM5117,CH07,,
6138,IM5117,CH08,,
6139,IM5117,CH09,,
6140,IM5151,CH02,,
6141,IM5151,CH03,,
6142,IM5151,CH04,,
6143,IM5151,CH05,,
6144,IM5151,CH06,,
6145,IM5151,CH07,,
6146,IM5151,CH08,,
6147,IM5153,CH02,,
6148,IM5153,CH03,,
6149,IM5153,CH04,,
6150,IM5153,CH05,,
6151,IM5153,CH06,,
6152,IM5153,CH07,,
6153,IM5153,CH08,,
6154,IM5153,CH09,,
6155,IM5153,CH10,,
6156,IM5153,CH11,,
6157,IM6027,CH02,,
6158,IM6027,CH03,,
6159,IM6027,CH04,,
6160,IM6027,CH05,,
6161,IM6027,CH06,,
6162,IM6027,CH07,,
6163,IM6041,CH02,,
6164,IM6041,CH03,,
6165,MA5059,CH02,,
6166,MA5059,CH03,,
6167,MA5059,CH04,,
6168,MA5061,CH02,,
6169,MA5061,CH03,,
6170,MA5061,CH04,,
6171,MA5061,CH05,,
6172,MA6011,CH02,,
6173,MA6011,CH03,,
6174,MA6011,CH04,,
6175,MA6011,CH05,,
6176,MA6011,CH06,,
6177,MA6011,CH07,,
6178,MA6015,CH02,,
6179,MA6015,CH03,,
6180,MA6015,CH04,,
6181,ME6059,CH02,,
6182,ME6059,CH03,,
6183,ME6059,CH04,,
6184,ME6069,CH02,,
6185,ME6073,CH02,,
6186,ME6073,CH03,,
6187,ME6073,CH04,,
6188,ME6111,CH02,,
6189,ME6111,CH03,,
6190,ME6111,CH04,,
6191,ME6111,CH05,,
6192,ME6111,CH06,,
6193,ME6111,CH07,,
6194,ME6111,CH08,,
6195,TR6021,CH02,,
6196,MA5023,TD01,10.0,
6197,MA5024,TD01,10.0,
6198,EE203F,TND2,,
6199,EE203F,TND3,,
6200,EE203F,TND4,,
6201,CH4367,TNHC,10.0,
6202,LA1043,DL09,40.0,LH
6203,AA7001,NS02,,
6204,AA7001,NS03,,
6205,AA7001,NS04,,
6206,AA7001,NS05,,
6207,AA7001,NS06,,
6208,AA7001,NS07,,
6209,AA7001,NS08,,
6210,AA7001,NS09,,
6211,CO7265,NS02,,
6212,GE602A,CH02,,
6213,MA7111,NS02,,
6214,ME603A,CH02,,
6215,ME7297,NS02,,
6216,ME7297,NS03,,
6217,ME7297,NS04,,
6218,ME7297,NS05,,
6219,ME7297,NS06,,
6220,ME7297,NS07,,
6221,ME7297,NS08,,
6222,CH4367,TNH1,10.0,
6223,LA0023,DL01,80.0,LH
6224,IM3325,TD30,10.0,
6225,CO7265,NS03,10.0,
6226,EN7237,NS02,10.0,
6227,CI6121,CH01,10.0,
6228,CI6119,CH01,,
6229,CO6043,CH01,,
6230,EN6053,CH01,,
6231,GE6029,CH01,,
6232,GE6043,CH01,,
6233,MA6019,CH01,,
6234,ME6061,CH01,,
6235,ME6077,CH01,,
6236,TR6029,CH01,,
6237,AS3335,A31,900.0,
6238,AS3345,CC31,900.0,
6239,AS3345,CC32,900.0,
6240,IM1013,DL01,60.0,HA
6241,IM1007,DL01,60.0,HA
6242,MA4385,A01,10.0,
6243,EN7237,NS03,10.0,
6244,TR7333,NS02,10.0,
6245,TR7333,NS03,10.0,
6246,TR7333,NS04,10.0,
6247,EE6035,CH01,10.0,
6248,CO6015,CH01,10.0,
6249,CO6015,CH02,10.0,
6250,CH6005,CH01,10.0,
6251,ME6025,CH01,10.0,
6252,EE6035,CH02,10.0,
6253,CH6005,CH02,10.0,
6254,CI6013,CH01,10.0,
6255,CI6013,CH02,10.0,
6256,ME6025,CH02,10.0,
6257,CO6015,CH03,10.0,
6258,CO6015,CH04,10.0,
6259,ME6025,CH03,10.0,
6260,TR6005,CH01,10.0,
6261,TR6015,CH01,10.0,
6262,MA6005,CH01,10.0,
6263,TR6005,CH02,10.0,
6264,CO6015,CH05,10.0,
6265,CO6015,CH06,10.0,
6266,EN6015,CH01,10.0,
6267,AS6035,CH01,10.0,
6268,AS6035,CH02,10.0,
6269,CI6053,CH01,10.0,
6270,EN6015,CH02,10.0,
6271,ME6015,CH01,10.0,
6272,CH6005,CH03,10.0,
6273,CO6015,CH07,10.0,
6274,CO6015,CH08,10.0,
6275,CH6015,CH01,10.0,
6276,ME6015,CH02,10.0,
6277,ME6015,CH03,10.0,
6278,ME6025,CH04,10.0,
6279,AS6035,CH03,10.0,
6280,ME6025,CH05,10.0,
6281,CI6063,CH01,10.0,
6282,ME6015,CH04,10.0,
6283,TR6005,CH03,10.0,
6284,TR6015,CH02,10.0,
6285,CH6035,CH01,10.0,
6286,TR6005,CH04,10.0,
6287,TR6005,CH05,10.0,
6288,CH6035,CH02,10.0,
6289,CH6005,CH04,10.0,
6290,CH6035,CH03,10.0,
6291,AS6025,CH01,10.0,
6292,CO6015,CH09,10.0,
6293,ME6015,CH05,10.0,
6294,CH6035,CH04,10.0,
6295,CH6035,CH05,10.0,
6296,CO6015,CH10,10.0,
6297,CO6015,CH11,10.0,
6298,CO6015,CH12,10.0,
6299,ME6025,CH06,10.0,
6300,ME6029,CH01,10.0,
6301,ME6029,CH02,10.0,
6302,MA6009,CH01,10.0,
6303,AA6001,CH01,10.0,
6304,ME6015,CH06,10.0,
6305,ME6015,CH07,10.0,
6306,CH6035,CH06,10.0,
6307,IM6001,CH01,10.0,
6308,CH6001,CH01,10.0,
6309,CO6011,CH01,10.0,
6310,CO6011,CH02,10.0,
6311,CO6011,CH03,10.0,
6312,CO6011,CH04,10.0,
6313,EE6041,CH01,10.0,
6314,ME6011,CH01,10.0,
6315,ME6011,CH02,10.0,
6316,ME6011,CH03,10.0,
6317,ME6011,CH04,10.0,
6318,ME6011,CH05,10.0,
6319,ME6011,CH06,10.0,
6320,ME6041,CH01,10.0,
6321,EE6001,CH01,10.0,
6322,EE6001,CH02,10.0,
6323,EE6001,CH03,10.0,
6324,EE6001,CH04,10.0,
6325,EE6031,CH01,10.0,
6326,EE6021,CH01,10.0,
6327,EE6021,CH02,10.0,
6328,EN6011,CH01,10.0,
6329,EN6011,CH02,10.0,
6330,CH6011,CH01,10.0,
6331,CH6011,CH02,10.0,
6332,CH6011,CH03,10.0,
6333,CH6011,CH04,10.0,
6334,CH6011,CH05,10.0,
6335,CH6011,CH06,10.0,
6336,CH6011,CH07,10.0,
6337,CI6049,CH01,10.0,
6338,CI6009,CH01,10.0,
6339,CI6009,CH02,10.0,
6340,CI6009,CH03,10.0,
6341,CI6089,CH01,10.0,
6342,CI6089,CH02,10.0,
6343,EN6021,CH01,10.0,
6344,EN6021,CH02,10.0,
6345,MA7111,NS03,,
6346,CH7617,NS02,200.0,
6347,AS7165,NS02,200.0,
6348,EE3211,L17,,
6349,CO6011,CH05,10.0,
6350,CO6011,CH06,10.0,
6351,CO6011,IM01,10.0,
6352,CO6011,CH07,10.0,
6353,ME6041,CH02,10.0,
6354,EE6031,CH02,10.0,
6355,EE6001,CH05,10.0,
6356,CI6089,CH03,10.0,
6357,GE7165,CH01,10.0,
6358,EN6019,NS01,,
6359,ME6019,NS01,,
6360,AS3335,TD01,500.0,
6361,AS3345,TD01,500.0,
6362,AS3345,TD02,500.0,
6363,AS3345,TD03,500.0,
6364,CH3375,TD01,500.0,
6365,CO3335,TD07,500.0,
6366,CO3335,TD02,500.0,
6367,CO3335,TD03,500.0,
6368,CO3335,TD04,500.0,
6369,CO3335,TD06,500.0,
6370,EE3345,TD01,500.0,
6371,EE3375,TD01,500.0,
6372,EE3375,TD02,500.0,
6373,EN3345,TD01,500.0,
6374,MA3385,TD01,500.0,
6375,MA3385,TD02,500.0,
6376,MA3385,TD03,500.0,
6377,MA4385,TD03,500.0,
6378,TR3345,TD01,500.0,
6379,TR3365,TD01,500.0,
6380,TR3385,TD01,500.0,
6381,TR4385,TD01,500.0,
6382,EE3375,TD03,10.0,
6383,EE3375,TD04,10.0,
6384,CO3071,TD01,10.0,
6385,CO3072,TD01,10.0,
6386,CI7571,NS01,10.0,
6387,CI7571,NS02,10.0,
6388,CI7653,NS03,10.0,
6389,CO3345,TD01,10.0,
6390,EE4395,TD01,10.0,
6391,EN3345,TD02,10.0,
6392,CO3335,A31,,
6393,CO3335,A32,,
6394,CO3335,A33,,
6395,CO3335,A34,,
6396,CO3335,CC31,,
6397,CO3335,CC32,,
6398,CO3335,CC33,,
6399,CO3335,CC34,,
6400,CO3335,CC35,,
6401,CO3335,CC36,,
6402,CO3335,CC37,,
6403,CO3335,CC38,,
6404,CO3335,CC39,,
6405,CO3335,CC40,,
6406,CO3335,L31,,
6407,CO3335,L32,,
6408,CO3335,L33,,
6409,CO3335,L34,,
6410,CO3335,L35,,
6411,CO3335,L36,,
6412,CO3335,L37,,
6413,CO3335,L38,,
6414,CO3335,L39,,
6415,CO3345,CC31,,
6416,CO3345,CC32,,
6417,CO3345,CC33,,
6418,CO3345,L31,,
6419,CO3345,L32,,
