course_id,course_name,resource_type
003001,ANH VAN 1,GENERAL
003002,ANH VAN 2,GENERAL
003003,ANH VAN 3,GENERAL
003004,ANH VAN 4,GENERAL
003005,PHAP VAN 1,GENERAL
003006,PHAP VAN 2,GENERAL
003007,PHAP VAN 3,GENERAL
003008,PHAP VAN 4,GENERAL
003009,ANH VAN 3C,GENERAL
003010,PHAP VAN,GENERAL
003011,NGOAI NGU 1,GENERAL
003012,NGOAI NGU 2,GENERAL
003013,NGOAI NGU 3,GENERAL
003014,NGOAI NGU 4,GENERAL
003015,NGOAI NGU 3C,GENERAL
003016,ANH VAN 1,GENERAL
003017,ANH VAN 2,GENERAL
003018,ANH VAN 3,GENERAL
003019,ANH VAN KY THUAT,GENERAL
003020,ANH VAN QCN 1,GENERAL
003021,ANH VAN QCN 2,GENERAL
003022,PHAP VAN 1,GENERAL
003023,PHAP VAN 2,GENERAL
003024,PHAP VAN 3,GENERAL
003025,PHAP VAN KY THUAT,GENERAL
003026,NGOAI NGU 1 (CD),GENERAL
003027,NGOAI NGU 2 (CD),GENERAL
003028,NGOAI NGU 3 (CD),GENERAL
003029,PHAP VAN 0 CHUYEN (DD95),GENERAL
003030,NGOAI NGU 1 (CD),GENERAL
003031,NGOAI NGU 2 (CD),GENERAL
003032,NGOAI NGU 3 (CD),GENERAL
003033,ANH VAN 1,GENERAL
003034,ANH VAN 2,GENERAL
003035,ANH VAN 3,GENERAL
003036,ANH VAN 4,GENERAL
003037,ANH VAN 1,GENERAL
003038,ANH VAN 2,GENERAL
003039,ANH VAN 1,GENERAL
003040,ANH VAN 3,GENERAL
003041,PHAP VAN 1 (CD),GENERAL
003042,PHAP VAN 1 (DAI CUONG),GENERAL
003043,ANH VAN 3,GENERAL
003044,PHAP VAN 2 (CD),GENERAL
003045,PHAP VAN 3 (CD),GENERAL
003050,ANH VAN 1,GENERAL
003051,ANH VAN 1,GENERAL
003052,ANH VAN 2,GENERAL
003053,ANH VAN 3,GENERAL
003054,TIENG ANH (2),GENERAL
003055,TIENG PHAP (1),GENERAL
003056,ANH VAN 4,GENERAL
003057,ANH VAN 4,GENERAL
003058,ANH VAN 2,GENERAL
003059,ANH VAN 3,GENERAL
003060,ANH VAN 4,GENERAL
003101,CHUAN AV VAO,GENERAL
003102,ANH VAN DAU VAO HE VLVH,GENERAL
003103,ANH VAN 3,GENERAL
003104,ANH VAN 4,GENERAL
003105,PHAP VAN 4,GENERAL
003106,VAN HOA NHAT,GENERAL
003107,PHAP VAN 5 (AUF),GENERAL
003108,PHAP VAN 6 (AUF),GENERAL
003109,PHAP VAN 7 (AUF),GENERAL
003110,PHAP VAN 8 (AUF),GENERAL
003401,PRINCIPLES OFCOMPOSITION,GENERAL
003402,PRINCIPLES OFCOMPOS.(BT),GENERAL
003601,PHAP VAN 1,GENERAL
003602,PHAP VAN 2,GENERAL
003603,PHAP VAN 3,GENERAL
003701,TIENG PHAP 1,GENERAL
003702,TIENG PHAP 2,GENERAL
003703,TIENG PHAP 3,GENERAL
003704,TIENG PHAP 4,GENERAL
003705,TIENG PHAP 5,GENERAL
003706,TIENG PHAP 6,GENERAL
003707,TIENG PHAP 7,GENERAL
003708,TIENG PHAP 8,GENERAL
003709,MIP(TPHAP HNHAP NNGHIEP),GENERAL
003710,PHAP VAN A1 (TU CHON),GENERAL
003711,PHAP VAN A2 (TU CHON),GENERAL
003712,PHAP VAN A3 (TU CHON),GENERAL
003713,PHAP VAN A4 (TU CHON),GENERAL
003714,TIENG PHAP 4 (TU CHON),GENERAL
003715,TIENG PHAP 5 (TU CHON),GENERAL
003716,TIENG PHAP 3,GENERAL
003720,ANH VAN 5 (XD),GENERAL
003721,ANH VAN 6 (XD),GENERAL
003722,ANH VAN 7 (XD),GENERAL
003723,ANH VAN 8 (XD),GENERAL
003724,ANH VAN 9 (XD),GENERAL
003727,PHAP VAN 5 (XD),GENERAL
003728,PHAP VAN 6 (XD),GENERAL
003729,PHAP VAN 7 (XD),GENERAL
003730,PHAP VAN 8 (XD),GENERAL
003801,IELF 1,GENERAL
003802,IELF 2,GENERAL
003803,IELF 3,GENERAL
003804,IELF 4,GENERAL
006007,TOAN KINH TE UNG DUNG,GENERAL
006106,TOAN KINH TE UNGDUNG (BT,GENERAL
007402,"UNIV PHYSICS,ELEC & MAG",GENERAL
007403,"UNIV PHYSICS,THERMALPHYS",GENERAL
007710,AM THANH CONG TRINH,GENERAL
200002,THUC HANH DIEN - DIEN TU,COMPUTER_LAB
200003,PP NGHIEN CUU KHOA HOC,GENERAL
200005,CHUYEN DE A,GENERAL
200009,DO HOA DIEN TOAN,GENERAL
200010,PP PHAN TICH HH,GENERAL
200011,KY THUAT HOC 1,GENERAL
200012,DAN HOI & DEO,GENERAL
200013,MO HINH HOA HINH HOC,GENERAL
200015,CAC CHUYEN DE HK9,GENERAL
200016,CHUYEN DE B,GENERAL
200017,DO HOA DIEN TOAN,GENERAL
200018,CN GIA CONG CHINH XAC,GENERAL
200019,HAN KIM LOAI (KTCT),GENERAL
200020,GIA CONG VL PHI KIM LOAI,GENERAL
200021,QL & KT BAO TRI CNGHIEP,GENERAL
200022,VI XU LY UNG DUNG,GENERAL
200023,VAT LIEU COMPOSITE(KTCT),GENERAL
200024,VATLIEU PHI K.LOAI(KTCT),GENERAL
200025,THIET KE SAN PHAM,GENERAL
200026,VE KY THUAT CO KHI,GENERAL
200027,TOI UU HOA,CHEMISTRY_LAB
200029,KT THUY LUC & KHI NEN,GENERAL
200030,THIET KE HT CO DIEN TU,GENERAL
200032,D/KHIEN BANG BIEN TRTHAI,GENERAL
200033,VAT LIEU MOI,GENERAL
200034,MAY CHE BIEN,GENERAL
200035,KY THUAT HOC 2,GENERAL
200036,TT DIEN - DIEN TU 1(CK),COMPUTER_LAB
200037,TT DIEN - DIEN TU 2(CK),COMPUTER_LAB
200051,DO HOA DIEN TOAN,GENERAL
200064,THUC TAP KY THUAT,GENERAL
200151,TOI UU HOA QTSX & QLXN,GENERAL
200152,THUC HANH TOI UU HOA,CHEMISTRY_LAB
200300,NHAP MON KY THUAT,GENERAL
200310,KNANG GTIEP-NG/NGHE (BT),GENERAL
201001,CO HOC LY THUYET,GENERAL
201003,CO UNG DUNG 1,GENERAL
201004,CO UNG DUNG 2,GENERAL
201005,P/PHAP TOI UU & QHTN,GENERAL
201006,PHUONG PHAP TOI UU,GENERAL
201008,P/PHAP TINH & LT TOI UU,GENERAL
201009,CO HOC,GENERAL
201010,CO HOC UNG DUNG,GENERAL
201011,CO LY THUYET,GENERAL
201012,CO HOC 2,GENERAL
201013,CO HOC MAY,GENERAL
201014,P/PHAP TOI UU & QHTN,GENERAL
201015,CO LY THUYET,GENERAL
201016,CO UNG DUNG,GENERAL
201017,CO LY THUYET,GENERAL
201018,CO HOC,GENERAL
201019,CO LY THUYET 1,GENERAL
201020,CO LY THUYET NANG CAO,GENERAL
201021,CO KY THUAT (CKT),GENERAL
201022,COHOC MOITRUONG LIEN TUC,GENERAL
201023,CAD UNG DUNG,GENERAL
201024,DAO DONG CO SO,GENERAL
201025,DAO DONG KY THUAT,GENERAL
201026,DAN HOI UNG DUNG A,GENERAL
201027,DOLUONG CAC DLUONG PDIEN,GENERAL
201028,LY THUYET DAN HOI,GENERAL
201029,LY THUYET DEO KY THUAT,GENERAL
201030,PP PHAN TU HUU HAN (CKT),GENERAL
201031,PP PHANTU HHAN UDUNG(CKT,GENERAL
201032,THIET KE KY THUAT,GENERAL
201034,TT MOPHONG CO KY THUAT 1,GENERAL
201035,TT MO PHONG CO KY THUA,GENERAL
201036,THI NGHIEM CO HOC,GENERAL
201037,UD CAC PMEM TRG TT COHOC,GENERAL
201038,XULY TIENG ON TRG KTHUAT,GENERAL
201039,UNG XU CO HOC CUA V/LIEU,GENERAL
201041,CO HOC,GENERAL
201042,TH L/TRINH T/TOAN CO HOC,GENERAL
201043,PT S/LIEU T/NGHIEM C/HOC,GENERAL
201051,CO LY THUYET 1,GENERAL
201052,CO LY THUYET 2,GENERAL
201053,CO UNG DUNG 1,GENERAL
201054,CO UNG DUNG 2,GENERAL
201055,PHUONG PHAP TOI UU,GENERAL
201056,CO UNG DUNG,GENERAL
201057,CO HOC,GENERAL
201058,CO LY THUYET,GENERAL
201059,CO UNG DUNG,GENERAL
201060,CO LY THUYET,GENERAL
201061,CO UNG DUNG,GENERAL
201101,BAI TAP CO HOC,GENERAL
201102,BAI TAP CO UNG DUNG,GENERAL
201103,BAI TAP CO LY THUYET,GENERAL
201701,COHOC DC &CH MTR LIENTUC,GENERAL
201702,DAO DONG 1,GENERAL
201703,DAO DONG 2,GENERAL
201704,CO HOC BAY 2,GENERAL
201705,HU HONG & PHA HUY 1,GENERAL
201706,HU HONG & PHA HUY 2,GENERAL
201707,CO HOC VAT RAN & SONG CO,GENERAL
201708,CAC CTRUCHK-C/HOC PHAHUY,GENERAL
201801,CO HOC LY THUYET,GENERAL
202001,TN K/THUAT THUY LUC&KNEN,GENERAL
202002,TN DUNG SAI &KY THUAT DO,GENERAL
202003,CN & T/BI GIA CONG C/XAC,GENERAL
202004,NG/LY GIA CONG VAT LIEU,GENERAL
202005,T/KE D/BAO C/TAO &LAPRAP,GENERAL
202006,THIET KE TRANG BI C/NGHE,GENERAL
202007,DUNG SAI & KY THUAT DO,GENERAL
202008,KY THUAT DONG THOI,GENERAL
202009,"BOM, QUAT, MAY NEN KHI",GENERAL
202010,KYTHUAT THUY LUC&KHI NEN,GENERAL
202011,"LAP DAT,VAN HANH&SC TBCN",GENERAL
202012,DUNG SAI,GENERAL
202013,DUNG SAI - KY THUAT DO,GENERAL
202014,CAC PP G/CONG KHONG PHOI,GENERAL
202015,K/THUAT THUY LUC-KHI NEN,GENERAL
202016,TN KT THUY LUC - KHI NEN,GENERAL
202017,LY THUYET AN KHOP,GENERAL
202018,LY THUYET TAO HINH,GENERAL
202019,MAY CHE BIEN,GENERAL
202020,KY THUAT CHE TAO,GENERAL
202021,N/LY CAT & DUNG CU CAT,GENERAL
202022,P/PHAP GIA CONG TINH XAC,GENERAL
202023,P/PHAP PHAN TU HUU HAN,GENERAL
202024,T/KE MAY CAT KIM LOAI,GENERAL
202025,THIET KE NHA MAY CO KHI,GENERAL
202026,TK DO GA GIA CONG K.LOAI,GENERAL
202027,TOI UU HOA PHUONG AN CN,GENERAL
202028,T/BI DIEN TRONG MCKL A,GENERAL
202029,T/BI DIEN TRONG MCKL B,GENERAL
202030,TU DONG HOA QT CONG NGHE,GENERAL
202033,TBI KHOAN & KHAI THAC DK,GENERAL
202034,CHE TAO CO KHI 1,GENERAL
202035,CHE TAO CO KHI 2,GENERAL
202036,T/KE QUI TRINH CONG NGHE,GENERAL
202037,TU DONG CONG NGHIEP,GENERAL
202039,DO TRONG CHE TAO MAY,GENERAL
202040,KY THUAT DO LUONG CO KHI,GENERAL
202041,THIET BI DIEN TRONG MAY,GENERAL
202042,CAC PP GIA CONG DAC BIET,GENERAL
202043,TOI UU HOA QUI TRINHSXCN,GENERAL
202044,TU DONG HOA SAN XUAT,GENERAL
202045,CNC,GENERAL
202046,TK DUNG CU CAT KIM LOAI,GENERAL
202047,KY THUAT CHE TAO 2,GENERAL
202048,CONG NGHE CHE TAO MAY 2,COMPUTER_LAB
202049,TK QUI TRINH CONG NGHE,GENERAL
202050,CO KHI DAI CUONG,GENERAL
202051,CONG NGHE CHE TAO MAY 1,GENERAL
202052,CONG NGHE CHE TAO MAY 2,GENERAL
202053,DUNG SAI DO LUONG,GENERAL
202054,TRUYEN DONG DAU EP,GENERAL
202055,NGUYEN LY CAT KIM LOAI,GENERAL
202056,TRANG BI DIEN,GENERAL
202057,TK DUNG CU CAT KIM LOAI,GENERAL
202058,MAY CAT KIM LOAI,GENERAL
202060,T/KE MAY CAT KIM LOAI,GENERAL
202061,DO GA,GENERAL
202062,TU DONG HOA CONG NGHE,GENERAL
202064,KY THUAT AN TOAN,GENERAL
202065,MAI MON BOI TRON,GENERAL
202067,DO GA,GENERAL
202068,TRUYEN DONG EP & KHI NEN,GENERAL
202069,KY THUAT DO LUONG CO KHI,GENERAL
202070,TK VOI SU HO TRO CUA MT,COMPUTER_LAB
202072,KT BAO DUONG S/CHUA MAY,GENERAL
202073,KHOA HOC BAO HO LAO DONG,GENERAL
202074,TRANG BI DIEN TRONG MAY,ELECTRICAL_LAB
202076,KHOA HOC BAO HO LAO DONG,GENERAL
202077,TK BANG MAY TINH DIEN TU,COMPUTER_LAB
202078,TU DONG HOA QT CONG NGHE,GENERAL
202079,TOI UU HOA,COMPUTER_LAB
202080,MAY CONG CU,MECHANICAL_WORKSHOP
202081,MAY CAT KIM LOAI,GENERAL
202082,CN GIA CONG TREN MAY CNC,GENERAL
202083,CNGHE VL NHUA &KHUON MAU,MECHANICAL_WORKSHOP
202084,CAD/CAM TRONG DET MAY,COMPUTER_LAB
202085,KT DK TDONG BANG KHI NEN,GENERAL
202086,QLY & KT BAO TRI CNGHIEP,MECHANICAL_WORKSHOP
202087,DAM BAO CHAT LUONG,GENERAL
202088,MAY CHE BIEN,GENERAL
202089,TRANG BI DIEN & DIEN TU,ELECTRICAL_LAB
202091,BOM QUAT MAY NEN,GENERAL
202100,CONG NGHE CO KHI 1,MECHANICAL_WORKSHOP
202101,KY THUAT DO LUONG,PHYSICS_LAB
202102,PP THIET KE KY THUAT,GENERAL
202103,KY THUAT CHE TAO 3,MECHANICAL_WORKSHOP
202104,CAD/CAM/CNC,COMPUTER_LAB
202105,TU DONG HOA SAN XUAT,ELECTRICAL_LAB
202106,KY THUAT CHE TAO (CO DT),MECHANICAL_WORKSHOP
202107,CONG NGHE NANO,GENERAL
202108,KIEM TRA KHONG PHA HUY,GENERAL
202109,TU DONG HOA TRONG CN 1,ELECTRICAL_LAB
202110,CONG NGHE CO KHI 2,MECHANICAL_WORKSHOP
202111,CONG NGHE CO KHI 3,MECHANICAL_WORKSHOP
202112,CONG NGHE CO KHI 4,GENERAL
202113,CONG NGHE KHI NEN 1,MECHANICAL_WORKSHOP
202114,TU DONG HOA TRONG CN 2,ELECTRICAL_LAB
202115,CONG NGHE KHI NEN 2,MECHANICAL_WORKSHOP
202116,TIEU CHUAN HOA,GENERAL
202117,CHAT LUONG - AN TOAN,GENERAL
202118,KT AN TOAN & MOI TRUONG,GENERAL
202119,KY THUAT CHE TAO 2,MECHANICAL_WORKSHOP
202151,KT DO LUONG TRONG C/NGH,GENERAL
202152,TN DO LUONG TRONG C/NGH,MECHANICAL_WORKSHOP
202153,NG/LY CAT & DUNG CU CAT,GENERAL
202154,MAY CONG NGHIEP,GENERAL
202155,MAY CAT KL+BTLON,GENERAL
202156,CO SO CNGHE CHE TAO MAY,GENERAL
202157,KT BAO DUONG MAY CN,GENERAL
202159,AN TOAN LAO DONG,GENERAL
202160,CONG NGHE CHE TAO MAY 2,GENERAL
202161,MAY CNC,GENERAL
202162,TRANG BI DIEN,GENERAL
202163,TU DONG HOA,GENERAL
202701,CO KHI DAI CUONG,GENERAL
202702,CAC CAM BIEN,GENERAL
202703,CHE TAO,GENERAL
202704,TR/DONG THUY LUC &KHINEN,GENERAL
202901,TOI UU HOA = MTDT,GENERAL
202902,THIET KE MAY CONG CU,GENERAL
202903,THIET KE DUNG CU CAT,GENERAL
202904,PP GIA CONG DAC BIET,GENERAL
202905,TU DONG HOA QUI TRINH CN,GENERAL
202906,TK DUNG CU CAT KIM LOAI,GENERAL
202907,MAY DIEU KHIEN CHTRINHSO,GENERAL
202908,TOI UU HOA QTSX C/NGHIEP,GENERAL
202909,MAY CONG NGHIEP,GENERAL
202910,CN GIA CONG TREN MAY CNC,MECHANICAL_WORKSHOP
203002,MAY NANG CHUYEN,GENERAL
203003,KY THUAT NANG-VAN CHUYEN,MECHANICAL_WORKSHOP
203004,MAY XAY DUNG,GENERAL
203005,MAY LAM DAT,MECHANICAL_WORKSHOP
203006,KT RUNG TRONG MAY X/DUNG,MECHANICAL_WORKSHOP
203007,T/BI CO GIOI HOA XNCN,GENERAL
203008,KCAU THEP THIET BI NANG,GENERAL
203009,TRUYEN DONG MAY XAY DUNG,MECHANICAL_WORKSHOP
203010,THANG MAY,MECHANICAL_WORKSHOP
203011,MAY SXVL & CAU KIEN XD,MECHANICAL_WORKSHOP
203013,KTHAC &SCHUA MAY XAYDUNG,MECHANICAL_WORKSHOP
203014,TUDONG HOA TRG MAY XDUNG,ELECTRICAL_LAB
203016,MAY XEP DO,GENERAL
203017,DONG LUC HOC MAY XAYDUNG,GENERAL
203018,UD TIN HOC TRG T/KE MXD,COMPUTER_LAB
203019,CAC MAY TRUC,GENERAL
203020,MAY VAN CHUYEN LIEN TUC,GENERAL
203051,MAY NANG CHUYEN,GENERAL
203901,TRUYEN DONG MAY XAY DUNG,GENERAL
203902,UNG DUNG RUNG TRONG MXD,GENERAL
203903,SU DUNG & SUA CHUA MXD,GENERAL
203904,TK MAY XAY DUNG (BTL),GENERAL
203905,MAY LAM DAT,GENERAL
203906,KC KIM LOAI CUA TB NANG,GENERAL
203907,MAY SX VLIEU XD& CAUKIEN,GENERAL
203908,THANG MAY,GENERAL
203909,CD DAMH THIET BI NANG,GENERAL
204001,CS C/NGHE TAO SOI & VAI,GENERAL
204002,CO SO CONG NGHE MAY,GENERAL
204003,CO SO CONG NGHE HOAN TAT,GENERAL
204004,CONG NGHE SOI,GENERAL
204005,CAU TRUC SOI,GENERAL
204006,CN SOCHE NGUYEN LIEU DET,GENERAL
204007,THIET BI SOI DET,GENERAL
204008,VAT LIEU DET,GENERAL
204009,CONG NGHE DET THOI,OTHER_SPECIAL
204010,CONG NGHE DET KIM,OTHER_SPECIAL
204011,KHOA HOC VAT LIEU DET,GENERAL
204012,K/TRA &PT VAT LIEU D/MAY,OTHER_SPECIAL
204013,"VL VAI KT, VAI KHONG DET",GENERAL
204014,CONG NGHE NHUOM -IN BONG,CHEMISTRY_LAB
204015,DAI CUONG CN DET-MAY 1,GENERAL
204016,THI NGHIEM VAT LIEU DET,OTHER_SPECIAL
204017,MY THUAT CN TRONG DETMAY,GENERAL
204018,DAI CUONG CN DET MAY 2,GENERAL
204019,KT DO LUONG TRG DET MAY,GENERAL
204020,CONG NGHE KEO SOI,OTHER_SPECIAL
204021,CAU TRUC VAI DET THOI,GENERAL
204022,HOA DET 1,GENERAL
204023,THI NGHIEM HOA DET 1,CHEMISTRY_LAB
204024,HOA DET 2,GENERAL
204025,THI NGHIEM HOA DET 2,CHEMISTRY_LAB
204026,HOA DET 3,GENERAL
204027,THI NGHIEM HOA DET 3,CHEMISTRY_LAB
204028,HOA DET 4,GENERAL
204029,CN GIA CONG XO NHAN TAO,OTHER_SPECIAL
204031,THIET KE VAI DET THOI,GENERAL
204032,THIET KE VAI DET KIM,GENERAL
204034,CONG NGHE MAY 1,OTHER_SPECIAL
204035,CONG NGHE MAY 2,OTHER_SPECIAL
204036,CO SO TH/KE TRANG PHUC,STUDIO
204037,THIET KE CHUYEN MAY,GENERAL
204039,MY THUAT TRANG PHUC,GENERAL
204040,THIET KE TRANG PHUC,GENERAL
204041,HOA HOC THUOC NHUOM,GENERAL
204042,T/NGHIEM NHUOM - IN BONG,CHEMISTRY_LAB
204043,DLUC HOC CAC QTCN DETSOI,GENERAL
204045,LY THUYET THOI TRANG,GENERAL
204046,VE MY THUAT TRANG PHUC,STUDIO
204047,CO HOC SOI & SOI VAI,GENERAL
204048,CO DIEN TU TRONG DET MAY,GENERAL
204049,THUC TAP KY THUAT(MAY),MECHANICAL_WORKSHOP
204051,KY THUAT MOI TRUONG DC,GENERAL
204055,THUC TAP KY THUAT (MAY),MECHANICAL_WORKSHOP
204101,KTHUAT XL SLIEU TRG DET,GENERAL
204102,KT THONG GIO CONG NGHIEP,GENERAL
204103,THIET KE TRANG PHUC 1,GENERAL
204104,THIET BI MAY,MECHANICAL_WORKSHOP
204105,THIET BI NHUOM,GENERAL
204106,CN C/BI V/LIEU IN NHUOM,GENERAL
204107,QUA TRINH & THIETBI CNHH,GENERAL
204108,CONG NGHE KHONG DET,GENERAL
204109,CAU TRUC VAI DET KIM,GENERAL
204110,TK&CNSX TRPHUC HG DETKIM,GENERAL
204111,THIET KE TRANG PHUC 2,GENERAL
204112,HOAN TAT& KIEM TRA SPHAM,GENERAL
204114,CONG NGHE IN - NHUOM,GENERAL
204115,KT TRANG TRI TRANG PHUC,GENERAL
204116,TH/KE TRANG PHUC TRE EM,GENERAL
204117,THIET KE TRANG PHUC NAM,GENERAL
204901,VAT LIEU DET,GENERAL
204902,CONG NGHE DET,GENERAL
204903,THIET BI DET,GENERAL
204904,THIET KE MAT HANG DET,GENERAL
204905,THIET KE CN DET (4NH),GENERAL
204906,THIET KE MAY DET (4NH),GENERAL
204907,CONG NGHE & THIET BI DET,GENERAL
204908,CONG NGHE & T.BI KEO SOI,GENERAL
204909,CONG NGHE & T.BI MAY,GENERAL
204910,CONG NGHE & T.BI DET KIM,GENERAL
204911,CN-TB IN NHUOM H.TAT VAI,GENERAL
204912,CONG NGHE & TBI DET THOI,GENERAL
204B01,CS C/NGHE TAO SOI & VAI,GENERAL
204B11,KHOA HOC VAT LIEU DET,GENERAL
205001,CN & THIET BI TAO PHOI,MECHANICAL_WORKSHOP
205002,CN KIM LOAI & THIET BI 1,MECHANICAL_WORKSHOP
205003,CN KIM LOAI & THIET BI 2,MECHANICAL_WORKSHOP
205005,HAN DAC BIET,GENERAL
205006,CAN DAC BIET,GENERAL
205007,LY THUYET BIEN DANG,GENERAL
205008,LY THUYET HAN,GENERAL
205009,TB & NM SX PHOI KIM LOAI,GENERAL
205010,LT & CN GC KHONG PHOI,GENERAL
205011,CN & THIET BI TAO PHOI,GENERAL
205012,LY THUYET BIEN DANG,GENERAL
205013,HAN KIM LOAI,GENERAL
205014,KT BIEN DANG TAO HINH KL,GENERAL
205015,KY THUAT CHE TAO 1,GENERAL
205016,CO SO LY THUYET HAN,GENERAL
205017,KY THUAT CAN KIM LOAI,GENERAL
205018,KY THUAT HOC KIM LOAI,MECHANICAL_WORKSHOP
205019,CONG NGHE HAN 1,MECHANICAL_WORKSHOP
205020,CONG NGHE HAN 2,MECHANICAL_WORKSHOP
205021,CONG NGHE HAN 3,MECHANICAL_WORKSHOP
205022,KT BIEN DANG TAO HINH,GENERAL
205023,CONG NGHE HAN,GENERAL
205024,KT TAO HINH KIM LOAI BOT,GENERAL
205025,LUYEN KIM HAN,GENERAL
205026,KY THUAT PHUN PHU BE MAT,GENERAL
205027,KY THUAT DUC KIM LOAI,GENERAL
205028,THIET KE KHUON DAP,GENERAL
205029,DUC AP LUC,GENERAL
205051,CONG NGHE KIM LOAI,GENERAL
205052,CONG NGHE TAO PHOI,GENERAL
205701,CAC PHUONG PHAP TAO DANG,GENERAL
205901,PHUONG PHAP CAN KIM LOAI,GENERAL
205902,LY THUYET BIEN DANG,GENERAL
205903,CO SO LY THUYET HAN,GENERAL
205904,LT & CN GIA CONG PHOI,GENERAL
205905,PHUONG PHAP HAN DAC BIET,GENERAL
205906,PHUONG PHAP CAN DAC BIET,GENERAL
205907,CONG NGHE & THIET BI HAN,GENERAL
205908,CONG NGHE DAP KIM LOAI,GENERAL
206001,THI NGHIEM O TO 1,MECHANICAL_WORKSHOP
206002,THI NGHIEM O TO 2,MECHANICAL_WORKSHOP
206004,TN TB DONG LUC & PTGT,MECHANICAL_WORKSHOP
206005,PP THONG KE PT GIAOTHONG,GENERAL
206006,VL DUNG TRONG TB DONGLUC,GENERAL
206007,TB KIEM TRA TB DONG LUC,GENERAL
206008,CAI THIEN QT CHAY DCDT,GENERAL
206009,DAC DIEM KET CAU DCDT,GENERAL
206010,DONG HOC&D/LUC HOC PTGT,GENERAL
206011,KT SC CO KHI DONG LUC,GENERAL
206012,DAC DIEM CN GC PTGT,GENERAL
206013,KY THUAT KHAI THAC O TO,MECHANICAL_WORKSHOP
206014,DAC DIEM TB DIEN PTGT,GENERAL
206015,TC XN CO KHI DL & PTGT,GENERAL
206016,TRANG BI CHAN DOAN TBDL,GENERAL
206017,CO CAU DAC BIET PTGT,GENERAL
206018,KT MAY DONG LUC,GENERAL
206019,TK CAC HT DONG CO DTRONG,GENERAL
206020,PP TK DONG CO DOT TRONG,GENERAL
206021,LY THUYET O TO,GENERAL
206022,PHUONG PHAP THIET KE OTO,GENERAL
206023,KHAI THAC & SUA CHUA OTO,GENERAL
206024,MAY KEO &MAY NONG NGHIEP,GENERAL
206025,DONG CO DOT TRONG,GENERAL
206026,O TO VA MOI TRUONG,GENERAL
206027,TNGHIEM & KIEM DINH O TO,MECHANICAL_WORKSHOP
206028,CN LAP RAP & CHE TAO OTO,MECHANICAL_WORKSHOP
206029,HE THONG DIEN - D/TU OTO,GENERAL
206032,KT S/DUNG &KHAI THAC OTO,GENERAL
206033,SUA CHUA O TO,MECHANICAL_WORKSHOP
206034,KY THUAT OTO CHUYEN DUNG,GENERAL
206035,NLIEU DMO_CL CHUYEN DUNG,GENERAL
206036,DKHIEN TU DONG TREN OTO,GENERAL
206037,THIET KE CAC H/THONG OTO,GENERAL
206038,KY THUAT TAU THUYEN,GENERAL
206039,TIN HOC UD TRONG TAUTHUY,COMPUTER_LAB
206040,THIET BI TAU THUY,GENERAL
206041,TK CAC HT D/CO DOT TRONG,GENERAL
206042,LY THUYET D/CO DOT TRONG,GENERAL
206043,THUC TAP CONG NHAN,MECHANICAL_WORKSHOP
206044,KCAU DONG CO DTRONG (CD),MECHANICAL_WORKSHOP
206046,THIET KE TAU THUY,GENERAL
206048,SUC CAN VA LUC DAY TAU,GENERAL
206053,SUA CHUA O TO,GENERAL
206054,NHIEN LIEU & DAU MO,GENERAL
206055,KHAI THAC & S/C OTO MKEO,GENERAL
206056,TRANG BI DIEN O TO MKEO,GENERAL
206057,CDE DAO DONG OTO MAY KEO,GENERAL
206101,CO KET CAU (GT),GENERAL
206102,TN KY THUAT GIAO THONG 1,MECHANICAL_WORKSHOP
206103,CO KY THUAT 1,GENERAL
206104,CO KY THUAT 2,GENERAL
206105,KET CAU DONG CO & O TO,MECHANICAL_WORKSHOP
206106,KET CAU TAU THUY,GENERAL
206107,VE KY THUAT (GT),GENERAL
206108,THUY KHI DLHUD_MAY TBTK,GENERAL
206109,THUC TAP DIEN DAI CUONG,ELECTRICAL_LAB
206110,TT CO KHI DAI CUONG,MECHANICAL_WORKSHOP
206111,TN KY THUAT GIAO THONG 2,MECHANICAL_WORKSHOP
206112,TN DONG CO DOT TRONG,MECHANICAL_WORKSHOP
206113,TH/KE DONG CO DOT TRONG,GENERAL
206114,LY THUYET TAU THUY 1,GENERAL
206115,MAY DONG LUC TAU THUY,GENERAL
206116,THIET KE O TO,GENERAL
206117,LY THUYET TAU THUY 2,GENERAL
206118,TK HT DONG LUC TAU THUY,GENERAL
206120,CN DONG &SUACHUA TAUTHUY,GENERAL
206121,THIET KE KET CAU TAUTHUY,GENERAL
206122,TN KY THUAT TAU THUY,OTHER_SPECIAL
206123,TO CHUC VAN TAI O TO,GENERAL
206124,THI NGHIEM O TO,OTHER_SPECIAL
206125,TT BAO DUONG SUACHUA OTO,MECHANICAL_WORKSHOP
206128,DONG CO TURBINE,GENERAL
206129,MO PHONG DONG CO DT& OTO,COMPUTER_LAB
206130,KTBD & SDUNG OTO MAY KEO,GENERAL
206131,CONG NGHE O TO,GENERAL
206132,KY THUAT CHE TAO,GENERAL
206133,CHAN DOAN & KIEMDINH OTO,GENERAL
206134,CAD UNGDUNG TRONG TK OTO,GENERAL
206135,QUAN LY DA DONG MOI PTVT,GENERAL
206136,TOCHUC QLSX TRG CN DGTAU,GENERAL
206137,TRANG BI DIEN - D/TU TAU,GENERAL
206138,THIETBI NANGLUONG TT MOI,GENERAL
206139,KTHUAT TAU CAO TOC(TKCT),GENERAL
206140,CONG UOC TRONG DONG TAU,GENERAL
206141,CO HOC KET CAU TAU THUY2,GENERAL
206142,DLH CONG TRINH NGOAIKHOI,GENERAL
206143,CAE TRONG CONG NGHIEP TT,GENERAL
206144,THOC UD TRG TK & DONGTAU,GENERAL
206145,DONG CO & LUC DAY MAYBAY,GENERAL
206146,KHI DAN HOI,GENERAL
206147,THUC TAP KY THUAT,MECHANICAL_WORKSHOP
206150,LY THUYET O TO,GENERAL
206205,KY THUAT HAN TAU THUY,GENERAL
206206,VE KY THUAT (GT),GENERAL
206207,VAT LIEU MOI,GENERAL
206208,THIET KE OTO,GENERAL
206209,QUA TRINH CHAY,GENERAL
206300,KY NANG GTIEP-NGANH NGHE,GENERAL
206310,KNANG GTIEP-NG/NGHE (BT),GENERAL
206643,CONG NGHE CHE TAO MAY(bt,MECHANICAL_WORKSHOP
206701,SU CHAY,GENERAL
206901,LY THUYET OTO,GENERAL
206902,THIET KE OTO,GENERAL
206903,TINH TOAN NHIET DCDT,GENERAL
206904,MAY KEO & MAY N/NGHIEP,GENERAL
206905,DAO DONG OTO,GENERAL
206906,TRANG BI DIEN O TO,GENERAL
206907,KHAI THAC - SUA CHUA OTO,GENERAL
206908,PP THIET KE DONG CO DT,GENERAL
206909,LY THUYET O TO,GENERAL
206910,NG/LY DONG CO DOT TRONG,GENERAL
206911,KHAI THAC & SU DUNG O TO,GENERAL
207001,DO HOA DIEN TOAN,COMPUTER_LAB
207002,TRANG BI DIEN TRONG MAY,ELECTRICAL_LAB
207003,KT DIEU KHIEN TU DONG,ELECTRICAL_LAB
207004,CO SO TU DONG HOC,GENERAL
207005,KT DIEU KHIEN TU DONG,GENERAL
207006,TRANG BI DIEN & DIEN TU,ELECTRICAL_LAB
207007,MAY DK THEO C/TRINH SO,GENERAL
207008,KY THUAT NGUOI MAY,OTHER_SPECIAL
207009,TK MP HH TRONG CAD/CAM,GENERAL
207010,KY THUAT VI XU LY,GENERAL
207011,PLC TRONG DIEU KHIEN,ELECTRICAL_LAB
207012,H/THONG SAN XUAT TU DONG,GENERAL
207013,TK VOI SU HO TRO CUA MT,GENERAL
207014,KY THUAT DIEN (CD),ELECTRICAL_LAB
207015,KY THUAT DIEN (BD),GENERAL
207051,KT DIEU KHIEN TU DONG,GENERAL
207052,TRANG BI DIEN,GENERAL
207701,CTRUC NGUOI MAY LT DUOC,GENERAL
207702,TKE BG MAY TINH-CAO CFAO,COMPUTER_LAB
207703,KY THUAT ROBOT,OTHER_SPECIAL
207704,BO CHAP HANH DIEN 1,GENERAL
207705,BO CHAP HANH DIEN 2,GENERAL
207706,TK BG M/TINH-CAO CFAO(TN,COMPUTER_LAB
207707,KY THUAT ROBOT (TN),OTHER_SPECIAL
207901,KT DIEU KHIEN TU DONG,GENERAL
207902,MAY DIEUKHIEN THEO CT SO,GENERAL
207903,ROBOT CONG NGHIEP,GENERAL
207904,KY THUAT CAD/CAM,GENERAL
208001,N/MON KIEN TRUC HANG HAI,GENERAL
208002,VE TAU,STUDIO
208003,T/BI NANG LUONG T/THUY 1,GENERAL
208004,LT TAU THUY 1 (TINH HOC),GENERAL
208005,TN KY THUAT HANG HAI 1,OTHER_SPECIAL
208006,TB NANG LUONG TAU THUY 2,GENERAL
208007,LT TTHUY 2(DONG LUC HOC),GENERAL
208008,SUC BEN TAU THUY,GENERAL
208009,TKE HE THONG DL TAU THUY,GENERAL
208010,TN KY THUAT HANG HAI 2,OTHER_SPECIAL
208011,THIET KE TAU THUY,GENERAL
208012,D/TAU&T/CHUC NM DONG TAU,GENERAL
208013,DO BEN K/CAU VL COMPOSIT,GENERAL
208014,RUNG DONG TAU,GENERAL
208015,HE DONG LUC TAU THUYEN,GENERAL
208016,G/SAT DONG MOI TAU THUY,GENERAL
208017,THUC TAP KY THUAT,MECHANICAL_WORKSHOP
208018,KET CAU TAU THUY,GENERAL
208019,THIET BI TAU THUY,GENERAL
208020,KY THUAT HAN TAU THUY,GENERAL
208021,D/LUC HOC CT NGOAI KHOI,GENERAL
208022,KY THUAT TAU CAO TOC,GENERAL
208023,TK TAU VOI SU HO TRO MT,COMPUTER_LAB
208024,VE KY THUAT GIAO THONG,STUDIO
208025,CO KET CAU GIAO THONG,GENERAL
208026,TN KY THUAT GIAO THONG 1,OTHER_SPECIAL
208027,KET CAU TAU THUY,GENERAL
208028,TRANG BI DIEN-DIEN TUTAU,GENERAL
208029,CONG UOC TRONG DONG TAU,GENERAL
208030,D/TAU&T/CHUC NM DONG TAU,GENERAL
208051,VE CO KHI,STUDIO
208901,NGUYEN LY - KET CAU TAU,GENERAL
208902,HE DONG LUC TAU,GENERAL
208903,VE TAU THUY,STUDIO
208904,XUONG DONG TAU,GENERAL
208905,UD MVI TINH TRONG CN TAU,COMPUTER_LAB
208906,CONG NGHE DONG TAU,GENERAL
208907,CHAN VIT TAU THUY,GENERAL
208908,NGUYEN LY TAU THUY,GENERAL
208909,CO KET CAU TAU THUY,GENERAL
208910,UNG DUNG MOPHONG HINHHOC,COMPUTER_LAB
208911,"TB TT,LUAT & C/UOC H/HAI",GENERAL
209002,Q/TRINH THIET KE KYTHUAT,GENERAL
209003,VAT LIEU PHI KIM,GENERAL
209004,TOI UU HOA & QHTN,GENERAL
209005,DONG LUC HOC CO HE,GENERAL
209006,HINH DUNG&THUC TE AOTKSP,GENERAL
209007,VE CO KHI A,STUDIO
209008,NGUYEN LY & CHI TIET MAY,GENERAL
209009,MO HINH HOA HINH HOC,COMPUTER_LAB
209010,THIET KE HE THONG CO KHI,GENERAL
209011,TT THIET KE MO PHONG,COMPUTER_LAB
209012,KT TAO DANG CONG NGHIEP,STUDIO
209013,NHAN TO CON NGUOI TRG TK,GENERAL
209014,THIETKEKHUON TTH CAD/CAE,COMPUTER_LAB
209015,LUA CHON VAT LIEU TRG TK,GENERAL
209016,PP TOAN CHO GIAO DONG,GENERAL
209017,NGUYEN LY MAY,GENERAL
209018,CO SO THIET KE MAY 1,GENERAL
209019,CO SO THIET KE MAY 2,GENERAL
209021,CHI TIET MAY,GENERAL
209022,DAO DONG KY THUAT,GENERAL
209023,DONG LUC HOC KET CAU CK,GENERAL
209024,PHUONG PHAP P/TU HUU HAN,GENERAL
209025,CHI TIET MAY,GENERAL
209026,PHAN TICH&TOI UU KET CAU,GENERAL
209027,CO SO THIET KE MAY 2,GENERAL
209028,TRUYEN DONG TH/LUC K/NEN,GENERAL
209029,KY THUAT DO TIN CAY,GENERAL
209030,VAT LIEU COMPOSIT,GENERAL
209031,LAP TRINH TRONG TK COKHI,COMPUTER_LAB
209032,TOI UU HOA& QUI HOACH TN,GENERAL
209033,DONG LUC HOC CO HE,GENERAL
209034,THIET KE MAY,GENERAL
209036,CO KY THUAT 2 (CDT),GENERAL
209037,VE CO KHI,STUDIO
209038,CO KY THUAT 3,GENERAL
209039,CO HOC MAY,GENERAL
209040,CO KY THUAT (KTHTCN),GENERAL
209051,NGUYEN LY MAY,GENERAL
209052,CHI TIET MAY,GENERAL
209055,VE CO KHI,GENERAL
209057,THUC TAP KY THUAT,MECHANICAL_WORKSHOP
209062,T/TOAN CO HOC& K/CAU MAY,GENERAL
209701,TR/DONG CK CSUAT LON 1,GENERAL
209702,TR/D CK CONG SUAT LON 2,GENERAL
209703,PHAN TU DAN HUONG 1,GENERAL
209704,PHAN TU DAN HUONG 2,GENERAL
209705,TINH TOAN SO CAC CAUTRUC,GENERAL
209706,T/TOAN SO CAC CAUTRUC(TH,COMPUTER_LAB
209901,DONG LUC HOC KET CAU,GENERAL
209902,DAO DONG TRONG KY THUAT,GENERAL
209903,THIET KE DUNG MTDT,COMPUTER_LAB
209904,DO TINCAY CUA MAY& CTMAY,GENERAL
209905,UD PP PTHH TRONG CO HOC,COMPUTER_LAB
209906,DL HOC CO HE & DDONG TKT,GENERAL
209907,TOI UU HOA KET CAU COKHI,GENERAL
209B24,PHUONG PHAP P/TU HUU HAN,GENERAL
210001,NHIET DONG LUC HOC A,GENERAL
210002,VAT LIEU NHIET LANH,GENERAL
210003,TRUYEN NHIET A,GENERAL
210004,TN NHIET DONG & TR/NHIET,PHYSICS_LAB
210005,NHIET DONG LUC HOC,GENERAL
210006,THIET BI TRAO DOI NHIET,GENERAL
210007,THIET BI DIEN,GENERAL
210008,KY THUAT CHAY,PHYSICS_LAB
210009,KY THUAT LANH,PHYSICS_LAB
210010,LO HOI & MANG NHIET,GENERAL
210011,KY THUAT SAY,GENERAL
210012,DIEU HOA KHONG KHI,GENERAL
210013,NANG LUONG TAI TAO,GENERAL
210014,NHIET DONG LUC HOC KT,GENERAL
210015,TRUYEN NHIET,GENERAL
210016,MAY LANH,PHYSICS_LAB
210017,THIET BI SAY,GENERAL
210018,LO HOI,GENERAL
210019,NHA MAY NHIET DIEN,MECHANICAL_WORKSHOP
210020,KY THUAT NHIET,GENERAL
210021,KY THUAT NHIET,GENERAL
210022,KY NGHE NHIET,GENERAL
210023,TUABIN HOI & TUABIN KHI,GENERAL
210024,NANG LUONG MOI,GENERAL
210025,"BOM, QUAT, MAY NEN KHI",GENERAL
210026,KY THUAT AN TOAN,OTHER_SPECIAL
210027,KT D/HOA KK & THONG GIO,GENERAL
210028,TD HOA CAC QT NHIET LANH,GENERAL
210029,DO LUONG NHIET,PHYSICS_LAB
210030,NANG LUONG GIO,GENERAL
210031,NANG LUONG MAT TROI,GENERAL
210032,THUC TAP CONG NHAN CN,MECHANICAL_WORKSHOP
210034,TRUYEN NHIET &TB TDNHIET,GENERAL
210035,LO HOI,GENERAL
210036,CN LANH - DIEU HOA 1,MECHANICAL_WORKSHOP
210037,CN LANH - DIEU HOA 2,MECHANICAL_WORKSHOP
210038,TT DIEN LANH&DIEU HOA KK,ELECTRICAL_LAB
210039,TRUNG TAM NHIET DIEN,MECHANICAL_WORKSHOP
210040,KINH TE NANG LUONG,GENERAL
210041,"L/DAT,VAN HANH,SC HTLANH",GENERAL
210042,DIEN TRONG KY THUAT LANH,GENERAL
210043,ANH VAN CHUYEN NGANH,GENERAL
210051,KY THUAT NHIET A,GENERAL
210052,KY THUAT NHIET B,GENERAL
210053,KY THUAT NHIET,GENERAL
210054,KY THUAT NHIET,GENERAL
210055,KY THUAT SAY & THIET BI,GENERAL
210056,THIET BI LANH,GENERAL
210057,KY THUAT & THIETBI NHIET,GENERAL
210058,THIET BI SAY,GENERAL
210059,MAY LANH,GENERAL
2100B4,NHIET DONG LUC HOC KT,GENERAL
210701,TRUYEN NHIET,GENERAL
210702,NHIET DONG HOC THONG KE,GENERAL
210814,THERMODYNAMICS,GENERAL
210901,MAY LANH,GENERAL
210902,KY THUAT SAY,GENERAL
210903,LO HOI,GENERAL
210904,NHA MAY NHIET DIEN,GENERAL
210905,THIET BI SAY,GENERAL
210906,TUA BIN HOI & TUABIN KHI,GENERAL
210907,NANG LUONG GIO & MATTROI,GENERAL
211002,THUC TAP CO KHI DCUONG,MECHANICAL_WORKSHOP
211004,THUC TAP CO KHI DCUONG,MECHANICAL_WORKSHOP
211005,THUC TAP CO KHI DCUONG,MECHANICAL_WORKSHOP
211006,THUC TAP CO KHI DCUONG,MECHANICAL_WORKSHOP
211007,THUC TAP CO KHI DCUONG,MECHANICAL_WORKSHOP
211008,THUCTAP C/KHI DAICUONG 1,MECHANICAL_WORKSHOP
211009,THUCTAP C/KHI DAICUONG 2,MECHANICAL_WORKSHOP
212001,VAT LIEU HOC & XU LY 1,MECHANICAL_WORKSHOP
212002,VAT LIEU HOC & XU LY 2,MECHANICAL_WORKSHOP
212003,VAT LIEU HOC & XU LY,MECHANICAL_WORKSHOP
212004,VAT LIEU HOC,GENERAL
212005,KIM LOAI VA NHIET LUYEN,GENERAL
212006,TAI SINH KIM LOAI MAU,GENERAL
212007,LUYEN KIM LO DIEN,GENERAL
212008,CONG NGHE NHIET LUYEN,GENERAL
212009,LUYEN THEP BANG LO DIEN,GENERAL
212010,CONG NGHE DUC DAC BIET,MECHANICAL_WORKSHOP
212011,VAT LIEU KY THUAT,MECHANICAL_WORKSHOP
212012,CONG NGHE & XL VAT LIEU,MECHANICAL_WORKSHOP
212013,CONG NGHE NHIET LUYEN,MECHANICAL_WORKSHOP
212014,HOA LY QTRINH LUYEN KIM,CHEMISTRY_LAB
212015,CONG NGHE DUC,MECHANICAL_WORKSHOP
212016,KIM LOAI MAU,GENERAL
212017,KIM LOAI DEN,GENERAL
212018,LTHEP & H_KIM TG LO DIEN,MECHANICAL_WORKSHOP
212019,CONG NGHE CAN KEO K/LOAI,MECHANICAL_WORKSHOP
212020,VAT LIEU MOI,GENERAL
212021,XU LY MT TRONG LUYEN KIM,CHEMISTRY_LAB
212022,LO CONG NGHIEP,GENERAL
212024,THIET KE CONG NGHE DUC,GENERAL
212025,MO HINH HOA MP QT L/KIM,COMPUTER_LAB
212026,CN DUC DAC BIET,MECHANICAL_WORKSHOP
212027,CAC PP N/CUU VAT LIEU,GENERAL
212028,CN LUYEN KIM NGANH CKCT,GENERAL
212029,CN VAT LIEU MOI,GENERAL
212030,CN VAT LIEU COMPOSIT,GENERAL
212031,THUC TAP CONG NHAN,MECHANICAL_WORKSHOP
212032,VAT LIEU HOC & XU LY,MECHANICAL_WORKSHOP
212051,KIM LOAI NHIET LUYEN,GENERAL
212052,TN KIM LOAI & NH/LUYEN,MECHANICAL_WORKSHOP
212701,THUC HANH VAT LIEU 1,MECHANICAL_WORKSHOP
212702,THUC HANH VAT LIEU 2,PHYSICS_LAB
212901,HOA LY Q/TRINH LUYEN KIM,GENERAL
212902,LUYEN KIM MAU,GENERAL
212903,LUYEN KIM DEN,GENERAL
212904,CONG NGHE NHIET LUYEN,GENERAL
212905,CONG NGHE DUC,GENERAL
212906,LO CONG NGHIEP,GENERAL
212907,LUYEN THEP & HOP KIM,GENERAL
213001,HANG KHONG DONG LUC HOC1,GENERAL
213002,KET CAU HANG KHONG 1,GENERAL
213003,CO HOC BAY 1,GENERAL
213004,HANG KHONG DONG LUC HOC2,GENERAL
213005,KET CAU HANG KHONG 2,GENERAL
213006,CO HOC BAY 2,GENERAL
213007,HANG KHONG DONG LUC HOC3,GENERAL
213008,KCHK3:CO HOC PHA HUY&MOI,GENERAL
213009,CO HOC BAY 3,GENERAL
213010,KY THUAT DIEN TU 2,GENERAL
213011,DONG LUC HOC MAY,GENERAL
213012,DONG CO & LUC DAY 1,GENERAL
213013,DONG CO & LUC DAY 2,GENERAL
213014,DONG CO & LUC DAY 3,GENERAL
213015,TRUYEN NHIET,GENERAL
213016,NGHIEN CUU & THUYETTRINH,GENERAL
213017,THIET KE MAY BAY 1,GENERAL
213018,THIET KE MAY BAY 2,GENERAL
213019,BAO TRI MAY BAY 1,GENERAL
213020,BAO TRI MAY BAY 2,GENERAL
213021,DAO DONG,GENERAL
213022,DIEN & DIEN TU MAY BAY,GENERAL
213023,VAT LIEU HANG KHONG,GENERAL
213024,TN KY THUAT HANG KHONG 1,OTHER_SPECIAL
213025,TN KY THUAT HANG KHONG 2,OTHER_SPECIAL
213026,TN KY THUAT HANG KHONG 3,OTHER_SPECIAL
213028,QUAN LY & DIEU HANH HK,GENERAL
213031,KCHK4:TOI UU HOA KET CAU,GENERAL
213032,HANG KHONG DONG LUC HOC4,GENERAL
213033,DO HOA VI TINH & CAD,GENERAL
213035,MAY BAY TRUC THANG,GENERAL
213036,CAC HE THOI GIAN THUC,GENERAL
213037,HANG KHONG DONG LUC HOC2,GENERAL
213038,TN KY THUAT HANG KHONG 3,OTHER_SPECIAL
213039,CO HOC CHAT LONG VA KHI,GENERAL
213040,CO HOC LUU CHAT DAC BIET,GENERAL
213041,KHI DONG LUC HOC 1,GENERAL
213042,MAY THUY KHI,GENERAL
213043,KHI DONG LUC HOC 2,GENERAL
213044,DAO DONG CO HOC,GENERAL
213045,TN KY THUAT HANG KHONG 1,OTHER_SPECIAL
213046,H/THONG LUC DAY MAY BAY1,GENERAL
213047,KCHK2:PT KET CAU MAY BAY,GENERAL
213048,KHI DONG LUC HOC 3,GENERAL
213049,TN KY THUAT HANG KHONG 2,OTHER_SPECIAL
213050,H/THONG LUC DAY MAY BAY2,GENERAL
213051,KCHK3:CO HOC PHA HUY&MOI,GENERAL
213052,NGHIEN CUU& THUYET TRINH,GENERAL
213053,CAM BIEN & TIN HIEU,GENERAL
213054,PT THIET KE HE D/KHIEN,GENERAL
213055,DO BEN KC V/LIEU COMPOSI,GENERAL
213056,KHI DONG LUC HOC 4 (CFD),GENERAL
213057,NHAN DANG H/THONG MAYBAY,GENERAL
213058,SU CHAY,GENERAL
213059,KHI D/LUC HOC HOA TIEN,GENERAL
213060,DONG CO GIO,GENERAL
213061,KCHK4:TOI UU HOA KET CAU,GENERAL
213062,H/THONG LUC DAY HOA TIEN,GENERAL
213063,DONG LUC HOC KET CAU,GENERAL
213064,CO HOC BAY KHONG GIAN,GENERAL
213066,KHI DAN HOI,GENERAL
213067,KHI D/LUC HOC HOA TIEN,GENERAL
213114,CO HOC CHAT LONG & UD TN,PHYSICS_LAB
213701,CO HOC LUU CHAT THUC,GENERAL
213702,DONG LUC HOC HK CO BAN,GENERAL
213703,CO HOC BAY,GENERAL
213704,MAY BAY TRUC THANG,GENERAL
213705,PP SO TRONG COHOC CHLONG,GENERAL
213706,DONG CO & THIET BI DAY 2,GENERAL
213707,MAY CANHDAN &MAYTL TTICH,GENERAL
213708,KHI DONGLUCHOC CHUYENSAU,GENERAL
213709,BAO DUONG HANG KHONG,GENERAL
213710,THIET KE MAY BAY,GENERAL
213711,LUAT HANG KHONG,GENERAL
213712,CAC HE THONG TREN MAYBAY,GENERAL
213713,KHAI THAC & QLY MAY BAY,GENERAL
213714,CO HOC CHAT LONG & UDUNG,PHYSICS_LAB
213715,TINH DAN HOI KHI DONGHOC,GENERAL
213716,DONG CO & BO DAN TIEN,GENERAL
213717,DIEN TU HANG KHONG,GENERAL
213720,CAC HE THOI GIAN THUC,GENERAL
213721,MAY BAY TRUC THANG (BT),GENERAL
213722,PP SO TRONG COHOC CL (BT,GENERAL
213723,DONG CO & T/BI DAY 2 (BT,GENERAL
214001,XSUAT & TH/KE TRONG KTCN,GENERAL
214002,UNG DUNG MT TRONG KTCN,COMPUTER_LAB
214003,VAN TRU HOC 1:CAC MH TD,COMPUTER_LAB
214004,KINH TE KY THUAT,GENERAL
214005,QUAN LY SAN XUAT,COMPUTER_LAB
214006,CO LY THUYET,GENERAL
214007,KY THUAT HE THONG,GENERAL
214008,KY THUAT DIEN/DIEN TU DC,ELECTRICAL_LAB
214009,KY THUAT DU BAO TRONG CN,COMPUTER_LAB
214010,DO LUONG LD & TKE C/VIEC,COMPUTER_LAB
214011,TK VI TRI & MAT BG HTCN,GENERAL
214013,VAN TRU HOC 2:CAC MH NN,GENERAL
214014,PP LUAN NCKH& TKT NGHIEM,GENERAL
214015,KY THUAT CHE TAO,GENERAL
214016,THUC TAP KY THUAT,MECHANICAL_WORKSHOP
214017,KT DIEU DO TRONG SX-D/VU,GENERAL
214018,QUAN LY VAT TU - TON KHO,GENERAL
214019,KIEM SOAT CHAT LUONG,GENERAL
214020,THIET KE SAN PHAM&DICHVU,COMPUTER_LAB
214021,QUANLY DU AN CONG NGHIEP,GENERAL
214023,QUAN LY BAO TRI C/NGHIEP,GENERAL
214024,KY THUAT RA QUYET DINH,COMPUTER_LAB
214025,MO HINHHOA & MP CAC HTCN,COMPUTER_LAB
214027,QUAN LY CHAT LUONG,GENERAL
214028,KTHUAT ANTOAN TRG SX CN,GENERAL
214031,CO DIEN TU,GENERAL
214032,KINH TE VI MO,GENERAL
214033,HT VAN CHUYEN VLIEU (MHS,GENERAL
214034,HTHONG TDONG DKHIEN (ACS,GENERAL
214035,KT THIET KE DONG THOI,GENERAL
214036,PT& THIET KE HT TTIN QLY,GENERAL
214037,H/DINH CH/LUOC CHO SP&CN,GENERAL
214038,KINH TE VI MO,GENERAL
214039,NGUYEN LY SAN XUAT,GENERAL
214040,TIEP THI DAI CUONG,GENERAL
214041,HTSX DIEU KHIEN BANG MT,GENERAL
214042,QUAN LY & DANH GIA CN,GENERAL
214043,CAC PP GIA CONG HIEN DAI,GENERAL
214044,HT SX LINH HOAT (FMS),GENERAL
214045,HT SX TICH HOP (CIMS),GENERAL
214046,TRI TUE NHAN TAO,GENERAL
214047,ROBOT TRONG CONG NGHIEP,GENERAL
214048,QUAN LY SAN XUAT,GENERAL
214049,TN KT DIEN - DIEN TU DC,ELECTRICAL_LAB
2140B4,KINH TE KY THUAT,GENERAL
214101,KY THUAT XAY DUNG,GENERAL
214102,CHUYEN DE,GENERAL
214103,VAN TRU XAC DINH,GENERAL
214104,VAN TRU NGAU NHIEN,GENERAL
214107,KY THUAT RA QUYET DINH,GENERAL
214108,HOACH DINH NGUON LUC SX,GENERAL
214109,KY THUAT HAU CAN,COMPUTER_LAB
214110,ERP,GENERAL
214111,LY THUYET MO & UNG DUNG,GENERAL
214112,CAI TIEN CHAT LUONG,GENERAL
214113,TIEP THI,GENERAL
214114,HE THONG S/XUAT TINH GON,GENERAL
214115,CAI TIEN CHAT LUONG,GENERAL
214116,TO CHUC SX TRONG DET MAY,GENERAL
2141B3,VAN TRU XAC DINH,GENERAL
214701,KTHUC VE CAC XINGHIEP CN,GENERAL
214702,PHAN TICH GIATRI &CLUONG,GENERAL
215001,CO SO KHOA HOC VAT LIEU,GENERAL
215002,VAT LY CHAT RAN,GENERAL
215003,P/PHAP DANH GIA VAT LIEU,GENERAL
215004,CO HOC VAT LIEU,GENERAL
215005,VAT LIEU KIM LOAI,CHEMISTRY_LAB
215006,VAT LIEU SILICAT,CHEMISTRY_LAB
215007,V/LIEU POLYME & COMPOSIT,CHEMISTRY_LAB
215008,T/THE HOC & NH/XA TIA X,GENERAL
215009,N/CUU VI CAU TRUC VLIEU,GENERAL
215010,CTRUC VLIEU & PTU H/HAN,GENERAL
215011,NHIET DONG LUC HOC VLIEU,GENERAL
215012,"LUA CHON VL,VATTU,TBI KL",GENERAL
215013,GIA CONG VAT LIEU,GENERAL
215014,GIAN DO PHA & CHUYEN PHA,GENERAL
215015,HOA HOC CHAT RAN,GENERAL
215016,AN MON & BAO VE VAT LIEU,GENERAL
215017,HOA HOC POLYME,GENERAL
215018,HOA LY POLYME,GENERAL
215019,QT&KT PHAN UNG CHAT CPTU,GENERAL
215020,KIM LOAI HOC,GENERAL
215021,CN NAU LUYEN KL &HOP KIM,GENERAL
215022,TN KIM LOAI & HOP KIM,MECHANICAL_WORKSHOP
215024,HOA LY SILICAT,GENERAL
215025,QT CO SO & TBI SILICAT 1,GENERAL
215026,TN SILICAT DAI CUONG,CHEMISTRY_LAB
215027,CONG NGHE CAO SU,GENERAL
215028,THINGHIEM HOA HOC POLYME,CHEMISTRY_LAB
215029,KY THUAT GIA CONG POLYME,GENERAL
215030,THI NGHIEM CAO SU,CHEMISTRY_LAB
215031,CONG NGHE DUC,MECHANICAL_WORKSHOP
215032,CONG NGHE XU LY VLIEU KL,MECHANICAL_WORKSHOP
215033,"CAN, KEO VA EP KIM LOAI",GENERAL
215035,LO SILICAT,GENERAL
215036,KY THUAT GOM SU,GENERAL
215037,QT CO SO &T/BI SILICAT 2,GENERAL
215038,TN SILICAT CHUYEN NGANH,CHEMISTRY_LAB
215040,CNGHE CAC CHAT TAO MANG,GENERAL
215041,VAT LIEU COMPOSIT,GENERAL
215042,"KTHUAT SX CELLULOSE,GIAY",GENERAL
215045,TRG TBI SX &XLY VL KLOAI,GENERAL
215046,TDH TBI SX &XLY VL KLOAI,GENERAL
215047,TH MO PHONG CNVL TREN MT,COMPUTER_LAB
215048,CONG NGHE VAT LIEU MOI,GENERAL
215051,KT SAN XUAT CHAT DEO,GENERAL
215101,KTHUAT SAN XUAT XI MANG,GENERAL
215102,KTHUAT SX SPHAM TH/TINH,GENERAL
215103,KTHUAT SX VLIEU CHIU LUA,GENERAL
215106,POLYME SHOC & POL. P/HUY,GENERAL
215107,THIET KE SAN PHAM POLYME,GENERAL
215108,CAC PP LUYEN KIM DACBIET,GENERAL
215109,CAC PHUONG PHAP TAO PHOI,GENERAL
215110,VAT LIEU XAY DUNG,GENERAL
215111,VAT LIEU GOM KY THUAT,GENERAL
215112,PHU GIA POLYMER,GENERAL
215113,POLYME CO TINH NANG DB,GENERAL
215114,CAC PP PTICH &DGIA POLYM,GENERAL
215116,CSU BIEN TINH &CSU BLEND,GENERAL
215117,KT SX SOI TH/NHIEN &HHOC,GENERAL
215118,GC POL. BANG EPHUN & DUN,GENERAL
215119,HOA LY CAC QTR LUYEN KIM,GENERAL
215120,NGUYEN LY LO CONG NGHIEP,GENERAL
215121,LY THUYET DUC,MECHANICAL_WORKSHOP
215122,TAI SINH KIM LOAI,GENERAL
215123,THIET KE DUC,GENERAL
215124,LUYEN THEP &DUC LIEN TUC,GENERAL
215125,CN SX OXYT KL &CAC UDUNG,GENERAL
215126,TINH CHAT & CN VAT LIEU,GENERAL
215127,MEN & MAU,GENERAL
215128,HD TK LAP DA XN SILICAT,GENERAL
215129,CAC QTGC BE MAT SP TTINH,GENERAL
215130,VAT LIEU CHIU LUA DBIET,GENERAL
215131,"CN GACH OP LAT,SU VS,GXD",GENERAL
215132,KTHUAT XAY LO CN SILICAT,GENERAL
215136,TN VAT LIEU HOC DAICUONG,PHYSICS_LAB
215137,VAT LIEU KY THUAT,GENERAL
215138,TO CHUC QUAN LY BDUONG 1,GENERAL
215139,TO CHUC QUAN LY BDUONG 2,GENERAL
215140,TO CHUC QUAN LY BDUONG 3,GENERAL
215141,KHOA HOC VAT LIEU,PHYSICS_LAB
215142,VAT LY CHAT RAN,GENERAL
215143,CONG NGHE VAT LIEU DCUOG,GENERAL
215144,QUI HOACH TN &TOI UU HOA,GENERAL
215145,TN CSO KHOA HOC VAT LIEU,PHYSICS_LAB
215147,DO LUONG & TU DONG HOA,GENERAL
215148,KY THUAT GIA CONG POLYME,OTHER_SPECIAL
215300,KY NANG GTIEP-NGANH NGHE,GENERAL
215701,TCHAT CAC VL TIEN TIEN,GENERAL
215702,VAT LIEU HANG KHONG,GENERAL
215703,HOA LY,GENERAL
215704,VAT LY CHAT RAN,GENERAL
215705,TINH THE HOC,GENERAL
215706,VAT LIEU COMPOSIT,GENERAL
215707,"V/LIEU BD, DD, CACH DIEN",GENERAL
215708,VAT LIEU SIEU DAN T/TIEN,GENERAL
215709,VL L/KIEN DIEN TU &Q/HOC,GENERAL
215710,VAT LIEU MANG MONG,GENERAL
215711,V/LIEU NANO &VL SINH HOC,GENERAL
215712,N/MON V/LY L/KIEN &VI DT,GENERAL
215713,VL &QT IN ANH LITO &KHAC,GENERAL
215714,THUC HANH MO PHONG,COMPUTER_LAB
215715,"VI HT:LT, TKE & UNG DUNG",GENERAL
215716,C/NGHE C/BAN C/TAO VI HT,GENERAL
215717,TH C/NGHE CHE TAO VI HT,OTHER_SPECIAL
215718,VI DAU DO,GENERAL
215719,LINH KIEN QUANG TU,GENERAL
215720,KY THUAT VAT LIEU,GENERAL
215721,LUA CHON VAT LIEU (2B),GENERAL
215722,CAC PHUONG PHAP GIA CONG,GENERAL
215723,TC VAT LIEU TIEN TIEN 2,GENERAL
215724,HU HONG & GAY VO CUA VL,GENERAL
215725,KY THUAT PHAN TICH HOALY,CHEMISTRY_LAB
215726,KIEM TRA KHONG PHA HUY,PHYSICS_LAB
215729,HOA HOC VAT LIEU POLIME,CHEMISTRY_LAB
215730,CS K/HOC UD GIA CONG POL,GENERAL
215731,CO HOC CUA SU PHA HUY,GENERAL
215732,LAO HOA DO BEN,GENERAL
215733,VAT LIEU POLIME,CHEMISTRY_LAB
215734,GIA CONG POLIME,GENERAL
215735,KHHOC& CONG NGHE CAO SU,CHEMISTRY_LAB
215737,SEMINA,GENERAL
215738,VAT LY CHAT RAN,GENERAL
215740,CAC PP P/T & DANH GIA VL,GENERAL
215741,CO HOC LUONG TU,GENERAL
215743,CONG NGHE V/LIEU D/CUONG,GENERAL
215744,HOA HOC CHAT RAN,GENERAL
215745,CS KHOA HOC &CN VAT LIEU,GENERAL
215746,V/LIEU POLYME & COMPOSIT,GENERAL
215747,"PP PT,D/GIA TC VL POLYME",GENERAL
215748,POL. YSINH & POL.PHANHUY,GENERAL
215749,CNGHE CAC CHAT TAO MANG,GENERAL
215753,VL POLYME CO TINHNANG DB,GENERAL
215754,KTHUAT SX XENLULO & GIAY,GENERAL
215755,VL POLYME NANO COMPOZIT,GENERAL
215756,VAT LIEU POLYME BLEND,GENERAL
215765,KY THUAT PHAN TICH HL(TN,CHEMISTRY_LAB
215766,KY THUAT VAT LIEU TN,PHYSICS_LAB
215767,"VI HT:LT, TKE & U/D (BT)",COMPUTER_LAB
215768,VI DAU DO (BT),COMPUTER_LAB
215769,VAT LY CHAT RAN (BT),GENERAL
215770,CONG NGHE V/LIEU D/C(THL,ELECTRICAL_LAB
216001,LUYEN KIM DEN,GENERAL
216002,LY THUYET QT THUY LUYEN,GENERAL
216003,XU LY MOI TRUONG NM SXVL,GENERAL
216004,VE KY THUAT TRONG CNVLKL,GENERAL
216005,LUYEN KIM MAU,GENERAL
216006,DUC LIEN TUC,GENERAL
216007,XU LY BE MAT VAT LIEU KL,GENERAL
216008,TK KHUON VOI SU TGIUP MT,COMPUTER_LAB
216009,"LUACHON VL,VT,TB NGANHKL",GENERAL
216701,THPT CTRUC &TCVLY CUA VL,PHYSICS_LAB
216703,CHUYENDE VATLIEU POLYMER,GENERAL
216704,CONG NGHE CHE TAO SOI,GENERAL
216705,VL & CONG NGHE SX BAO BI,GENERAL
217001,PHU GIA XI MANG & BETONG,GENERAL
217002,G/THIEU VAT LIEU Y SINH,GENERAL
217003,VAT LIEU MOI TRUONG,GENERAL
218001,KY THUAT D/KHIEN TU DONG,GENERAL
218002,TTAP DIEU KHIEN HE THONG,ELECTRICAL_LAB
218003,CO SO MACH CO DIEN TU,GENERAL
218004,TKE & VE BG MTINH (CADD),COMPUTER_LAB
218005,KY THUAT SO (CO DT),GENERAL
218006,DIEU KHIEN HE THONG 1,ELECTRICAL_LAB
218007,DIEU KHIEN HE THONG 2,ELECTRICAL_LAB
218009,DONG LUC HOC HE CODIENTU,ELECTRICAL_LAB
218010,VI XU LY (CO DT),ELECTRICAL_LAB
218011,THUC TAP CN CNGANH CDT,ELECTRICAL_LAB
218012,TO CHUC & CAU TRUC MTINH,GENERAL
218013,TAO MAU NHANH,GENERAL
218014,T/KE HE THONG CO DIEN TU,GENERAL
218015,HE THONG THOI GIAN THUC,GENERAL
218016,TRI TUE NHAN TAO,GENERAL
218017,MANG MAY TINH (CO DT),COMPUTER_LAB
218018,TDONG DKHIEN TRDONG DIEN,GENERAL
218019,KT GIAO TIEP VOI MAYTINH,GENERAL
218020,DIEU KHIEN HE THONG 3,GENERAL
218021,MAY & H/THONG THONG MINH,GENERAL
218022,HETHONG SAN XUAT TU DONG,GENERAL
218023,DONG LUC HOC &DIEU KHIEN,GENERAL
218024,TRANG BI DIEN & DIEN TU,GENERAL
218025,"TT TRANG BI DIEN,DIEN TU",ELECTRICAL_LAB
218026,VI DIEU KHIEN,GENERAL
218031,TU DONG HOA SAN XUAT,GENERAL
218032,HE THONG PLC,ELECTRICAL_LAB
218033,ROBOT CONG NGHIEP,GENERAL
218034,CO DIEN TU TRONG DET MAY,GENERAL
218035,MANG TRUYEN THONG CN,GENERAL
218036,N/MON HE THONG DKHIEN HD,GENERAL
218037,N/MON THI GIAC MAY TINH,GENERAL
218038,CUNG CAP DIEN,GENERAL
218701,DK CAC COCAU THUAHANH TM,ELECTRICAL_LAB
218702,CAC CO CAU THUA HANH,ELECTRICAL_LAB
218703,THIET KE HE THONG CO DTU,ELECTRICAL_LAB
218704,CAC HE DIEU KHIEN 1,GENERAL
218705,CAC HE DIEU KHIEN 2,GENERAL
218706,BO CHAP HANH THONG MINH,GENERAL
218709,DK CAC CC THUAHANH TM(TN,ELECTRICAL_LAB
218710,CAC CO CAU THUA HANH(TN),MECHANICAL_WORKSHOP
218711,THIET KE HE THONG CDT(TN,ELECTRICAL_LAB
218751,THUC TAP CONG NHAN,MECHANICAL_WORKSHOP
219001,THUC TAP LIEN NGANH (KT),OTHER_SPECIAL
260600,KY NANG GIAO TIEP,GENERAL
260601,VAT LIEU & C/NGHE XU LY,MECHANICAL_WORKSHOP
260602,K/THUAT AN TOAN& MTRUONG,GENERAL
260603,CO KY THUAT,GENERAL
260604,KY THUAT DIEN,GENERAL
260605,SUC BEN VAT LIEU,GENERAL
260606,VL & C/NGHE XU LY (BT),MECHANICAL_WORKSHOP
260608,NHIET DONG LUC HOC,GENERAL
260609,TO CHUC QLY BAO DUONG 1,GENERAL
260610,CHI TIET MAY,MECHANICAL_WORKSHOP
260611,DUNG SAI & DO LUONG,MECHANICAL_WORKSHOP
260612,TRUYEN DONG KHI NEN 1,MECHANICAL_WORKSHOP
260613,TRANG BI DIEN TRONG CN 1,ELECTRICAL_LAB
260614,TO CHUC QLY BAO DUONG 2,GENERAL
260615,CONG NGHE HAN 1,MECHANICAL_WORKSHOP
260616,TRANG BI DIEN TRONG CN 2,ELECTRICAL_LAB
260617,CONG NGHE CHE TAO MAY,MECHANICAL_WORKSHOP
260618,TRUYEN DONG THUY LUC 1,MECHANICAL_WORKSHOP
260619,KY THUAT DIEN TU,ELECTRICAL_LAB
260620,LAP TRINH PLC,ELECTRICAL_LAB
260621,CONG NGHE LANH-DIEU HOA1,MECHANICAL_WORKSHOP
260622,TRUYEN DONG KHI NEN 2,MECHANICAL_WORKSHOP
260623,TO CHUC QLY BAO DUONG 3,MECHANICAL_WORKSHOP
260624,QUAN LY CONG NGHIEP,GENERAL
260625,CONG NGHE HAN 2,MECHANICAL_WORKSHOP
260626,TRUYEN DONG THUY LUC 2,MECHANICAL_WORKSHOP
260627,KY THUAT SO,GENERAL
260628,CONG NGHE LANH-DIEU HOA2,GENERAL
260629,KT G/SAT TTRAG&CDHU HONG,GENERAL
260630,C/NGHE LANH-DIEUHOA2 (BT,MECHANICAL_WORKSHOP
260632,TU DONG HOA,GENERAL
260633,MANG TRUYEN THONG CN,GENERAL
260634,VI XU LY - VI DIEU KHIEN,GENERAL
260635,KY THUAT SO (BT),ELECTRICAL_LAB
260636,KT G/SAT TTRG&CDHU HG(TN,ELECTRICAL_LAB
260637,TU DONG HOA (BT),ELECTRICAL_LAB
260638,MANG TRUYEN THONG CN (BT,ELECTRICAL_LAB
260639,VI XU LY -VI D/KHIEN (BT,ELECTRICAL_LAB
260640,CHI TIET MAY (BT),MECHANICAL_WORKSHOP
260641,DUNG SAI & DO LUONG (BT),MECHANICAL_WORKSHOP
260642,TRUYEN DONG KHI NEN 1(TN,MECHANICAL_WORKSHOP
260643,TRG BI DIEN TRONG CN1(BT,ELECTRICAL_LAB
260644,CONG NGHE CHE TAO MAY(bt,MECHANICAL_WORKSHOP
260645,LAP TRINH PLC (BT),ELECTRICAL_LAB
260646,C/NGHE LANH-DIEU HOA1(bt,MECHANICAL_WORKSHOP
260647,CONG NGHE HAN 1(BT),MECHANICAL_WORKSHOP
260649,TRUYEN DONG THUY LUC1(BT,MECHANICAL_WORKSHOP
260651,KY THUAT DIEN TU(BT),ELECTRICAL_LAB
260652,TR/BI DIEN TRONG CN 2(BT,ELECTRICAL_LAB
260653,KY THUAT LAP TRINH,COMPUTER_LAB
260654,PHAN TICH &THIET KE MACH,ELECTRICAL_LAB
260655,ROBOT CONG NGHIEP,GENERAL
260656,K/TH DIEU KHIEN TU DONG,GENERAL
260657,CO DIEN TU,ELECTRICAL_LAB
260658,SCADA,ELECTRICAL_LAB
260659,L/TRINH PLC D/KHIEN Q/TR,ELECTRICAL_LAB
260660,PHAN TICH &T/KE MACH(TN),ELECTRICAL_LAB
260662,SCADA (BT),ELECTRICAL_LAB
260669,CO DIEN TU(TN),ELECTRICAL_LAB
300001,DIA THONG KE,GENERAL
300002,CO SO KHOAN & KHAI THAC,GENERAL
300003,DIA VAT LY GIENG KHOAN,GENERAL
300004,CO SO KY THUAT DAU KHI,GENERAL
300005,TIN HOC UNG DUNG,COMPUTER_LAB
300006,KY THUAT AN TOAN LAODONG,GENERAL
300007,NGUYEN LY PHA HUY DAT DA,GENERAL
300008,CONG NGHE KHOAN DAU KHI,GENERAL
300009,CONG NGHE KHAI THAC DKHI,GENERAL
300010,DUNG DICH KHOAN &XI MANG,GENERAL
300011,MO PHONG VIA DAU KHI,COMPUTER_LAB
300012,DK T/DONG TRONG KT D/KHI,GENERAL
300013,KY THUAT KHOAN,GENERAL
300015,THIETBI KHOAN& KHAI THAC,GENERAL
300016,TIN HOC 2,GENERAL
300017,DIA VAT LY UNG DUNG,GENERAL
300018,THUY DIA CO HOC,GENERAL
300019,PT HE THONG KHAI THAC DK,GENERAL
300020,CONG NGHE MO DAU KHI,GENERAL
300021,"TGOM, XU LY, VCHUYEN DK",GENERAL
300023,DIA VAT LY GIENG KHOAN,GENERAL
300024,DUNG DICH KHOAN & CIMENT,GENERAL
300025,TIN HOC UNG DUNG,GENERAL
300026,TBI KHOAN & KHAI THAC DK,GENERAL
300027,CN & KT KHOAN DAU KHI,GENERAL
300028,KHOAN DINH HUONG,GENERAL
300029,TU DONG HOA QT KHAI THAC,GENERAL
300030,AP LUC DI THUONG,GENERAL
300031,HOAN THIEN GIENG,GENERAL
300032,CNGHE & KT KHAI THAC DK,GENERAL
300033,V.CHUYEN & BAO QUAN DKHI,GENERAL
300034,SUA CHUA THIET BI DAUKHI,MECHANICAL_WORKSHOP
300035,K/THUAT AN TOAN LAO DONG,GENERAL
300036,KINH TE & LUAT DAU KHI,GENERAL
300039,NGUYEN LY PHA HUY DAT DA,GENERAL
300040,CSO KHOAN & K/THAC D/KHI,GENERAL
300041,TIN HOC UNG DUNG,GENERAL
300043,NGUYEN LY PHA HUY DAT DA,GENERAL
300045,SCHUA TB KHOAN& KTHAC DK,MECHANICAL_WORKSHOP
300046,PP KHAI DAO & NO MIN,GENERAL
300047,QUI TRINH CN & CSTK MO,GENERAL
300048,CO SO THUY DIA CO HOC,GENERAL
300049,CO HOC KHOAN & THIET BI,GENERAL
300051,DIA VAT LY LO KHOAN,GENERAL
300052,TIN HOC UNG DUNG,COMPUTER_LAB
300060,CO HOC&THIET BI KHOAN-KT,GENERAL
300061,DUNG DICH KHOAN & CIMENT,CHEMISTRY_LAB
300062,CONG NGHE XU LY KHI,GENERAL
300063,MO H/HOA TRONG KHOAN &KT,COMPUTER_LAB
300064,THUC TAP CONG NHAN,MECHANICAL_WORKSHOP
300065,MAY THUY LUC & NEN KHI,GENERAL
300083,CN KHAI THAC & TOI UU KT,GENERAL
300151,CO SO KHOAN & KHAI THAC,GENERAL
300152,KY THUAT AN TOAN,GENERAL
300300,KY NANG GTIEP-NGANH NGHE,GENERAL
300800,KY NANG GIAO TIEP,GENERAL
300805,TIN HOC UNG DUNG,COMPUTER_LAB
301001,DC KIEN TRUC& DO VE BDDC,STUDIO
301003,KINH TE & N/LIEU KHOANG,GENERAL
301005,D/MAO-TAN KT&T/TICH DETU,GENERAL
301006,DIA CHAT MOI TRUONG,GENERAL
301007,DIA MAO - TAN KIEN TAO,GENERAL
301008,DIA TIN HOC,COMPUTER_LAB
301011,KS T/DO TINH TRU LUONGKS,COMPUTER_LAB
301012,THACH HOC 2 (TRAM TICH),GENERAL
301013,TAI BIEN DIA DONG LUC,GENERAL
301014,DIA HOA UNG DUNG,GENERAL
301016,DC DONG LUC CONG TRINH,GENERAL
301017,PPHAP VIEN THAM + GIS,COMPUTER_LAB
301018,DIA CHAT VIET NAM,GENERAL
301019,CO SINH DIA TANG,GENERAL
301021,DANH GIA T/DONG M/TRUONG,GENERAL
301022,KT MOI TRUONG DIA CHAT,GENERAL
301025,DIA HOA MOI TRUONG,GENERAL
301028,PH/PHAP VIEN THAM & GIS,GENERAL
301029,PP LAP BAN DO DCMT& DCDT,GENERAL
301030,DIA MAO - TAN KIEN TAO,GENERAL
301031,THACH HOC 2,GENERAL
301032,CO SINH DIA TANG,GENERAL
301033,YTDC TAC DONG MOI TRUONG,GENERAL
301034,PHUONGPHAP PHAN TICH ANH,COMPUTER_LAB
301035,TUYEN KHOANG,GENERAL
301036,DO VE BAN DO DIA CHAT,COMPUTER_LAB
301037,DIA MAO & TRAM TICH,GENERAL
301038,CNKT MO & XLKS RAN +T/KH,GENERAL
301039,THACH HOC 1,GENERAL
301041,DIA CHAT VIET NAM,GENERAL
301042,TINH THE HOC,GENERAL
301043,DIA CHAT CO SO,GENERAL
301044,TINH THE KHOANG VAT THOC,GENERAL
301045,TT T/THE K/VAT THACH HOC,OTHER_SPECIAL
301046,DIA CHAT CO SO,GENERAL
301047,TINH THE - KHOANG VAT,GENERAL
301048,THACH HOC 1,GENERAL
301049,DIA CHAT MOI TRUONG,GENERAL
301050,THACH HOC 2,GENERAL
301051,DIA CHAT CO SO,GENERAL
301052,DIA CHAT VIET NAM,GENERAL
301053,CO SINH DIA TANG,GENERAL
301054,TRAM TICH HOC,GENERAL
301055,DO VE BAN DO DIA CHAT,GENERAL
301056,KIEN TRUC TRUONG QUANG,GENERAL
301057,YTDC TAC DONG MOI TRUONG,GENERAL
301058,YTNS TAC DONG MOI TRUONG,GENERAL
301059,DIA MAO UNG DUNG,GENERAL
301060,PHUONG PHAP VIEN THAM,GENERAL
301061,DANH GIA TAC DONG MTR,GENERAL
301062,KY THUAT MOI TRUONG,GENERAL
301063,DBTB & QUAN LY MTRUONG,GENERAL
301064,TINH THE KHOANG VAT,GENERAL
301065,GIAM SAT MOI TRUONG,GENERAL
301066,B/VE M/TRUONG TRONG CND,GENERAL
301067,PP LAP BAN DO DCMT &DCDT,GENERAL
301068,KHAI THAC MO& MOI TRUONG,GENERAL
301069,THUC TAP THACH HOC 1,OTHER_SPECIAL
301070,QUAN TRI MOI TRUONG,GENERAL
301071,KHOANG SANG CONG NGHIEP,GENERAL
301072,TT TINH THE KHOANG VAT,OTHER_SPECIAL
301073,DC CAC MO KHOANG SAN,GENERAL
301074,TINH THE - KHOANG VAT,GENERAL
301075,DIA CHAT KIEN TRUC,GENERAL
301076,QUAN TRI MOI TRUONG,GENERAL
301078,DIA CHAT VIET NAM,GENERAL
301079,DANH GIA TAC DONG MTR,GENERAL
301080,CN KHAI THAC MO & VLXD,GENERAL
301081,TTHE KHOANG VAT THACHHOC,GENERAL
301082,TT-TTHE KHOANG VAT THACH,OTHER_SPECIAL
301083,KT M/TRUONG DIA CHAT(TN),OTHER_SPECIAL
3010B6,DIA CHAT CO SO,GENERAL
301101,DIA CHAT CO SO,GENERAL
301102,T/NGHIEM DIA CHAT CO SO,OTHER_SPECIAL
301103,THACH LUAN,GENERAL
301104,D/CHAT CT-DC THUY VAN MO,GENERAL
301105,KHAI THAC MO & BVE M/TR,GENERAL
301106,T/NGHIEM DIA CHAT CO SO,OTHER_SPECIAL
301150,KHOANG SANG 1,GENERAL
301151,KHOANG SANG 2,GENERAL
301152,DO VE BAN DO DD,GENERAL
301153,DIA CHAT MOI TRUONG,GENERAL
302001,DIA VAT LY DAI CUONG,GENERAL
302002,DIA CHAT DAU KHI,GENERAL
302003,DIA CHAT DAU KHI,GENERAL
302004,VAT LY VIA,GENERAL
302005,DIA CHAT KHAI THAC DKHI,GENERAL
302006,CS TIM KIEM T/LUONG DKHI,GENERAL
302007,PHUOGPHAP TINH TRU LUONG,GENERAL
302008,DIA CHAT VIETNAM DAU KHI,GENERAL
302009,DO VE BAN DO DIA CHAT,GENERAL
302010,DIA VAT LY UNG DUNG,GENERAL
302011,DCTK THAM DO KS&PPTINHTL,GENERAL
302013,MO HINH HOA MO DAU KHI,GENERAL
302014,DIA HOA UNG DUNG,GENERAL
302015,TRAMTICH HOC &NHIP DTANG,GENERAL
302016,DC TIM KIEM THAM DO DK,GENERAL
302017,DIA HOA DAU KHI,GENERAL
302018,PHAN TICH THU VIA,GENERAL
302019,PHAN TICH BON CHUA DAU,GENERAL
302020,TRAM TICH HOC,GENERAL
302021,VAT LY VIA,GENERAL
302022,DO VE BAN DO DIA CHAT,GENERAL
302026,DANH GIA TRU LUONG D/KHI,GENERAL
302027,PHG PHAP TINH TRU LUONG,GENERAL
302028,DIA CHAT DAU KHI,GENERAL
302029,DIA KIEN TAO,GENERAL
302030,DIA HOA,GENERAL
302031,PHG PHAP TICH TRU LUONG,GENERAL
302032,DIA VAT LY DAI CUONG,GENERAL
302033,PP TIM KIEM T.DO MO DKHI,GENERAL
302034,DIA CHAT KIEN TRUC,GENERAL
302035,DIA VAT LY GIENG KHOAN,GENERAL
302036,DIA CHAT KIEN TRUC,GENERAL
302037,DCTK-TD CAC MO KHOANGSAN,GENERAL
302038,DIA CHAT DAU KHI,GENERAL
302039,DIA HOA UNG DUNG,GENERAL
302040,DCHAT KHAI THAC DAU KHI,GENERAL
302041,DIA KIEN TAO,GENERAL
302042,DC DAU KHI & VAT LY VIA,GENERAL
302043,DO VE BAN DO DIA CHAT,GENERAL
302051,DC TIM KIEM T.DO K.SAN,GENERAL
302052,DIA CHAN UNG DUNG,GENERAL
302053,PT KIEN TRUC & KIEN TAO,GENERAL
302054,TRAM TICH BON CHUA DAU,GENERAL
302055,NHIP DIA TANG,GENERAL
302056,CAU TRUC TRUONG QUANG,GENERAL
302081,TRAMTICHHOC&NHIP DIATANG,GENERAL
302801,INTRO PETRO GEOSCIENCE,GENERAL
302802,DIA CHAT DAU KHI,GENERAL
302803,INTRO PETRO ENGR,GENERAL
303001,CO LY DAT DA,GENERAL
303002,DIA KY THUAT 1,GENERAL
303003,KINH TE & LUAT KHOANGSAN,GENERAL
303004,DIA KIEN TAO,GENERAL
303005,THUY DC CAC MO DAU KHI,GENERAL
303006,DIA CHAT BIEN,GENERAL
303007,CO HOC DA,GENERAL
303009,DIA K/THUAT C/TRINH NGAM,GENERAL
303010,DIA KY THUAT 2,GENERAL
303011,ON DINH CONG TRINH,GENERAL
303012,CONG TRINH XAY DUNG,GENERAL
303013,DC CTRINH DC THVAN K.VUC,GENERAL
303014,THUY DIA HOA,GENERAL
303015,VAT LIEU DIA KY THUAT,GENERAL
303018,NUOC KHOANG,GENERAL
303019,SU CO NEN MONG,GENERAL
303023,DIA CHAT DONG LUC CTRINH,GENERAL
303024,KYTHUAT AN TOAN LAO DONG,GENERAL
303025,KINH TE & LUAT KHOANGSAN,GENERAL
303026,CO KET CAU 2,GENERAL
303028,DIA KIEN TAO,GENERAL
303029,THUY DIA CHAT CAC MO DAU,GENERAL
303030,NEN NONG CONG TRINH,GENERAL
303031,ON DINH CONG TRINH,GENERAL
303032,DIA CHAT BIEN,GENERAL
303033,CONG TRINH XAY DUNG,GENERAL
303034,DIA CHAT CT-TV KHU VUC,GENERAL
303035,KY THUAT THI CONG,GENERAL
303036,KINH TE & LUAT KHOANGSAN,GENERAL
303037,NEN MONG CONG TRINH,GENERAL
303038,DIA KY THUAT 1,GENERAL
303039,THI NGHIEM DIA KY THUAT,OTHER_SPECIAL
303040,DIA CHAT THUY VAN,GENERAL
303041,KT & BAOVE TAINGUYEN NDD,GENERAL
303042,CAC PH/PHAP GIA CO DAT,GENERAL
303043,THACH LUAN CONG TRINH,GENERAL
303051,DIA CHAT CONG TRINH,GENERAL
303052,DIA KY THUAT 2,GENERAL
303053,GTHICH TAI LIEU DIA LY,GENERAL
303054,D/L HOC NUOC DUOI DAT,GENERAL
303055,THUY DIA HOA,GENERAL
303056,DIA CHAT THUY VAN,GENERAL
303057,D/LUC HOC NUOC DUOI DAT,GENERAL
303151,KINH TE &LUAT KHOANG SAN,GENERAL
304900,CHUYEN DE,GENERAL
305081,DIA THONG KE,GENERAL
400001,THUC TAP KY THUAT,OTHER_SPECIAL
400010,CHUYEN DE,GENERAL
400011,THI NGHIEM CHUYEN DE,OTHER_SPECIAL
400300,KY NANG GTIEP-NGANH NGHE,GENERAL
400400,NHAP MON KY THUAT,GENERAL
400401,CO SO KT DIEN-MAY TINH,ELECTRICAL_LAB
400404,CO SO KT DIEN-MT (TN),ELECTRICAL_LAB
400410,TECHNIQ FOR ENGINEER DEC,GENERAL
400411,CO SO KT DIEN-MT (TN),ELECTRICAL_LAB
400412,NHAP MON KY THUAT (TN),GENERAL
400417,TECHNIQ FOR ENG.DEC.(BT),GENERAL
401001,DIEN TU CONG SUAT,GENERAL
401002,DIEN TU C/NGHIEP & UDUNG,GENERAL
401003,KTTHOP &DK BO B/DOI CSBD,GENERAL
401004,CC DIEN CHO XNCN & CTDD,GENERAL
401005,T/KIEM NANG LUONG CN &DD,GENERAL
401006,KY THUAT RA Q/DINH KY SU,GENERAL
401007,KY THUAT ANH SANG,GENERAL
401008,TRUYEN DONG DIEN,ELECTRICAL_LAB
401010,BAO VE ROLE -TU DONG HOA,GENERAL
401011,TRANG BI DIEN,GENERAL
401012,DIEU KHIEN DONG CO,GENERAL
401014,KY THUAT AN TOAN,GENERAL
401015,DIEN TU CONG SUAT 1,GENERAL
401016,TRUYEN DONG DIEN,GENERAL
401017,CN DIEN TU - DTCSL 1,ELECTRICAL_LAB
401018,KY THUAT CHIEU SANG,GENERAL
401019,DIEN CONG NGHE,GENERAL
401020,AN TOAN DIEN,GENERAL
401021,TN DIEN TU CONG SUAT 1,ELECTRICAL_LAB
401022,HE THONG DIEU KHIEN SO,GENERAL
401023,TN DIEN CONG NGHIEP,ELECTRICAL_LAB
401024,DIEN TU CONG SUAT 2A,GENERAL
401025,KY THUAT DIEN LANH,GENERAL
401026,AN TOAN DIEN,GENERAL
401027,DIEN TU CONG SUAT,GENERAL
401028,TRUYEN DONG DIEN,GENERAL
401029,TN DIEN TU CONG SUAT,ELECTRICAL_LAB
401031,KY THUAT ANH SANG,GENERAL
401032,BV CHONG SET & TIEP DIA,GENERAL
401033,MANG DIEN DIA PHUONG,GENERAL
401034,TRANG BI DIEN,GENERAL
401035,T.NGHIEM DIEN CONG NGHE,ELECTRICAL_LAB
401036,KY THUAT CHIEU SANG,GENERAL
401037,TN TRUYEN DONG DIEN,ELECTRICAL_LAB
401038,TRUYEN DONG DIEN,GENERAL
401039,TIN HOC UNG DUNG 2,GENERAL
401040,MANG DIEN DIA PHUONG,GENERAL
401041,TRANG BI DIEN,GENERAL
401043,TN DIEN TU CONG SUAT,ELECTRICAL_LAB
401045,DIEN KY NGHE (CD),GENERAL
401046,DIEN TU CONG NGHIEP,GENERAL
401047,DIEN TU CONG SUAT 2B,GENERAL
401048,DIEN TU CONG SUAT,GENERAL
401049,CN DIEN TU - DTCSL 2,ELECTRICAL_LAB
401051,TRUYEN DONG DIEN,GENERAL
401052,KY THUAT CHIEU SANG,GENERAL
401053,CUNG CAP DIEN,GENERAL
401054,TRANG BI DIEN,GENERAL
401056,BAO VE ROLE & T.DONG HOA,GENERAL
401057,TRAM PHAT DIEN,GENERAL
401059,KY THUAT AN TOAN,GENERAL
401061,BAO VE ROLE,GENERAL
401062,DIEN TU CONG SUAT 1,GENERAL
401063,TN DIEN CONG NGHIEP,ELECTRICAL_LAB
401064,DIEN CONG NGHE,GENERAL
401065,KY THUAT LANH,GENERAL
401066,TN DIEN TU CONG SUAT 1,ELECTRICAL_LAB
401067,DIEN TU CONG SUAT 1,GENERAL
401068,AN TOAN DIEN,GENERAL
401069,KY THUAT CHIEU SANG,GENERAL
401071,TRUYEN DONG DIEN,GENERAL
401072,TN DIEN CN A,ELECTRICAL_LAB
401073,TN DIEN CN B,ELECTRICAL_LAB
401075,DIEN CONG NGHE (TC),GENERAL
401076,TN DIEN CONG NGHIEP (TC),ELECTRICAL_LAB
401078,CN DIEN TU - DTCSL 1(BT),GENERAL
401079,CN DIEN TU - DTCSL 2(BT),GENERAL
401100,CUNG CAP DIEN (DL),GENERAL
401101,TRUYEN DONG DIEN (DL),GENERAL
401102,CUNG CAP DIEN (DL),GENERAL
401103,AN TOAN DIEN (DL),GENERAL
401402,POWER ELECTRONICS,GENERAL
401403,POWER ELECTRONICS LAB,ELECTRICAL_LAB
401404,POWER ELECTRONICS (BT),GENERAL
401701,CS DIEN TU CONG SUAT LON,ELECTRICAL_LAB
401702,CAC L/KIEN & SU LAP RAP,GENERAL
401703,MO HINH HOA & SU CO,GENERAL
401704,BO BIEN DOI CONG SUAT,ELECTRICAL_LAB
401705,TINH TOAN CAC LUOI DIEN,GENERAL
401706,SU PHAN PHOI DIEN NANG,GENERAL
401707,CAC BO BIEN DOI TINH,GENERAL
401708,LAP DAT DIEN,GENERAL
401710,CT&T/HOPCAC B/BIEN DOICS,GENERAL
401711,MO H/H& D/K CACB/B DOICS,GENERAL
401712,CACC/NGHE NANG LUONG MOI,ELECTRICAL_LAB
401713,CS DIEN TU C/SUAT LON(TN,ELECTRICAL_LAB
401714,MO HINH HOA & SU CO (BT),GENERAL
401715,T/TOAN CAC LUOI DIEN (BT,GENERAL
401716,CAC CN NANG LUONG MOI(TN,ELECTRICAL_LAB
402001,KY THUAT DIEN TU C,GENERAL
402002,KY THUAT SO,GENERAL
402003,TN DUNG CU BAN DAN,ELECTRICAL_LAB
402004,TN KY THUAT SO NANG CAO,ELECTRICAL_LAB
402005,XU LY T/HIEU SO VOI FPGA,GENERAL
402006,THAM TRA & K/TRA VI MACH,GENERAL
402007,THIET KE ASIC,GENERAL
402008,THIET KE VI MACH SO,GENERAL
402009,TK VI MACH TUONG TU&HHOP,GENERAL
402010,THIET KE CPU,GENERAL
402011,THIET KE LOI IP CHO DSP,GENERAL
402012,HE DIEU HANH T/GIAN THUC,GENERAL
402013,THIET KE HE THONG NHUNG,GENERAL
402014,TN T/KE HE THONG NHUNG,ELECTRICAL_LAB
402015,LAP TRINH NHUNG,GENERAL
402016,TN LAP TRINH NHUNG,ELECTRICAL_LAB
402017,T/KE MACH SO TOC DO CAO,GENERAL
402018,TN TKE MACH SO TOC DOCAO,ELECTRICAL_LAB
402019,DONG GOI VI DIEN TU,GENERAL
402020,TN DIEN TU Y SINH,ELECTRICAL_LAB
402021,THIET KE VI MACH,GENERAL
402022,KY THUAT SO NANG CAO,GENERAL
402023,TN DIEN TU CO BAN,ELECTRICAL_LAB
402024,KY THUAT DIEN TU,GENERAL
402025,KY THUAT TRUYEN SO LIEU,GENERAL
402026,TIN HOC UNG DUNG,GENERAL
402027,KY THUAT SO,GENERAL
402028,KY THUAT SO 1,GENERAL
402030,VI XU LY,GENERAL
402031,THUC HANH TIN HOC,COMPUTER_LAB
402032,KY THUAT SO 2,GENERAL
402033,KY THUAT XUNG,GENERAL
402034,DIEN TU Y SINH HOC,GENERAL
402035,QUANG DIEN TU,GENERAL
402036,NGUYEN LY MACH TICH HOP,GENERAL
402037,CAU TRUC MAY TINH,GENERAL
402039,TN KY THUAT SO 1 - VXL,ELECTRICAL_LAB
402040,TN KY THUAT XUNG - SO 2,ELECTRICAL_LAB
402041,CHUYEN DE,GENERAL
402042,THI NGHIEM CHUYEN DE,ELECTRICAL_LAB
402044,KY THUAT & T/BI SIEU AM,GENERAL
402045,DIEN TU Y TE,GENERAL
402046,TNGHIEM DIEN TU UNG DUNG,ELECTRICAL_LAB
402047,DUNG CU LINH KIEN DIENTU,GENERAL
402048,K/THUAT DIEN TU NANG CAO,GENERAL
402049,VI XU LY B,GENERAL
402051,DUNG CU & LK DIEN TU,GENERAL
402052,VAT LIEU DIEN TU,GENERAL
402053,THI NGHIEM DO DIEN TU,ELECTRICAL_LAB
402054,KY THUAT SO,GENERAL
402055,T.NGHIEM DUNG CU DIEN TU,ELECTRICAL_LAB
402057,KY THUAT XUNG,GENERAL
402058,DO LUONG DIEN TU 1,GENERAL
402059,KY THUAT VI XU LY 1,GENERAL
402061,KY THUAT VI XU LY 2,GENERAL
402062,DO LUONG DIEN TU 2,GENERAL
402063,KY THUAT & T.BI SIEU AM,GENERAL
402064,TN KT XUNG VA SO 2,ELECTRICAL_LAB
402066,XU LY SO TIN HIEU,GENERAL
402067,KY THUAT TRUYEN SO LIEU,GENERAL
402068,KY THUAT VI XU LY 3,GENERAL
402069,KT T/TAP & XU LY TINHIEU,GENERAL
402070,DIEN TU CO BAN,GENERAL
402071,KY THUAT XUNG & SO,GENERAL
402072,CHUYEN DE,GENERAL
402073,DIEN TU UNG DUNG,ELECTRICAL_LAB
402074,DIEN TU UNG DUNG,ELECTRICAL_LAB
402075,KY THUAT DIEN TU,GENERAL
402076,THI NGHIEM KY THUAT SO 1,ELECTRICAL_LAB
402077,THI NGHIEM VI XU LY,ELECTRICAL_LAB
402078,CAU TRUC MAY TINH,GENERAL
402079,DIEN TU Y SINH HOC,GENERAL
402080,QUANG DIEN TU,GENERAL
402081,VI XU LY,GENERAL
402082,DIEN TU 1,GENERAL
402083,KY THUAT SO 1,GENERAL
402084,KY THUAT SO 2,GENERAL
402085,DIEN TU 1,GENERAL
402086,VI XU LY,GENERAL
402087,NGUYEN LY MACH TICH HOP,GENERAL
402088,CAU TRUC MAY TINH,GENERAL
402089,DIEN TU Y SINH HOC,GENERAL
402090,THI NGHIEM VI XU LY,ELECTRICAL_LAB
402091,KY THUAT DIEN TU (CD),GENERAL
402092,DIEN TU 2,GENERAL
402093,DIEN TU CO BAN,GENERAL
402094,VI XU LY (DL),GENERAL
402095,KY THUAT SO 2,GENERAL
402096,DIEN TU CO BAN (DL),GENERAL
402097,NGUYEN LY MACH TICH HOP,GENERAL
4020B4,KY THUAT DIEN TU,GENERAL
402101,THUC TAP DIEN TU,ELECTRICAL_LAB
402102,KY THUAT SO (CD),GENERAL
402103,VI XU LY (CD),GENERAL
402104,TN KY THUAT DIEN TU (CD),ELECTRICAL_LAB
402105,TN KY THUAT SO (CD),ELECTRICAL_LAB
402106,TN VI XU LY (CD),ELECTRICAL_LAB
402107,DIEN TU UNG DUNG (CDH),GENERAL
402108,TN DIEN TU,ELECTRICAL_LAB
402109,KY THUAT SO - VI XU LY,GENERAL
402110,TN DUNG CU LINH KIEN DTU,ELECTRICAL_LAB
402111,DIEN TU CO BAN,GENERAL
402112,T/NGHIEM DIEN TU CO BAN,ELECTRICAL_LAB
402113,THI NGHIEM KY THUAT SO,ELECTRICAL_LAB
402114,THI NGHIEM VI XU LY,ELECTRICAL_LAB
402115,DIEN TU UNG DUNG,GENERAL
402116,HT THU THAP & XLY DLIEU,GENERAL
402117,THIET KE LUAN LY,GENERAL
402118,TNGHIEM KY THUAT SO (DL),ELECTRICAL_LAB
402119,THI NGHIEM VI XU LY (DL),ELECTRICAL_LAB
402120,KY THUAT DIENTU SO (VLKT,GENERAL
402121,DUNG CU BAN DAN,GENERAL
402151,KY THUAT DIEN TU,GENERAL
402153,TN KY THUAT XUNG - SO 2,ELECTRICAL_LAB
402154,KY THUAT VI XU LY,GENERAL
402401,LINH KIEN BAN DAN,GENERAL
402404,DIGITAL SYSTEMS LABORATY,ELECTRICAL_LAB
402408,MICROCOMPUTER LABORATORY,ELECTRICAL_LAB
402701,DTU HOC TUONG TU&UNGDUNG,ELECTRICAL_LAB
402702,BSUNG VE DIEN TU TUONGTU,ELECTRICAL_LAB
402703,DTU HOC CAC MACH LOGIC,ELECTRICAL_LAB
402704,QUANG DIEN TU,GENERAL
402705,DIEN TU,ELECTRICAL_LAB
402707,DIEN TU (TN),ELECTRICAL_LAB
402709,THIET KE HE THONG NHUNG,GENERAL
402710,BSUNG VE DTU TUONGTU (TN,ELECTRICAL_LAB
402711,DTU HOC CACMACH LOGIC(tn,ELECTRICAL_LAB
402712,DT HOC TUONG TU&UD(TN),ELECTRICAL_LAB
402713,BS VE DIEN TU TUONGTU(TN,ELECTRICAL_LAB
402714,QUANG DIEN TU (BT),GENERAL
402802,KY THUAT SO,GENERAL
402803,TN DUNG CU BAN DAN,ELECTRICAL_LAB
402830,VI XU LY,GENERAL
402913,TN KY THUAT SO,ELECTRICAL_LAB
402921,DUNG CU BAN DAN,GENERAL
403001,GIAI TICH HE THONG DIEN,GENERAL
403002,TK DUONG DAY&TRAM BIENAP,GENERAL
403003,KY THUAT CAO AP,GENERAL
403004,BAO VE RELAY TRONG HTD,GENERAL
403005,CAC NGUON N/LUONG & NMD,GENERAL
403006,KTMT& XU LY TIN HIEU HTD,GENERAL
403007,TICH TRU NANG LUONG HTD,GENERAL
403008,TRI TUE N/TAO & HE C/GIA,GENERAL
403009,QUA TRINH QUA DO,GENERAL
403010,VAN HANH NHA MAY & HTD,GENERAL
403011,TU DONG HOA HETHONG DIEN,GENERAL
403012,DIEU KHIEN HOC HT DIEN,GENERAL
403013,DO TIN CAY,GENERAL
403017,THUC TAP DIEU VAN,ELECTRICAL_LAB
403018,HE THONG DIEN 1,GENERAL
403019,HE THONG DIEN 2,GENERAL
403020,KY THUAT CAO AP,GENERAL
403021,BAO VE ROLE & TU DONGHOA,GENERAL
403022,VAT LIEU KY THUAT DIEN,GENERAL
403023,THI NGHIEM VAT LIEU DIEN,ELECTRICAL_LAB
403024,VAN HANH& DIEU KHIEN HTD,GENERAL
403025,NHA MAY NHIET DIEN,GENERAL
403026,NHA MAY THUY DIEN,GENERAL
403027,THIET KE HE THONG DIEN,GENERAL
403028,THI NGHIEM HE THONG DIEN,ELECTRICAL_LAB
403029,KY THUAT AN TOAN,GENERAL
403030,KY THUAT CAO AP 1,GENERAL
403031,NHA MAY DIEN 2,GENERAL
403034,TIN HOC UNG DUNG,COMPUTER_LAB
403035,KY THUAT CAO AP 2,GENERAL
403036,BAO VE ROLE,GENERAL
403037,KY THUAT AN TOAN,GENERAL
403038,DO TIN CAY,GENERAL
403039,THI NGHIEM BAO VE ROLE,ELECTRICAL_LAB
403041,T/NGHIEM VAT LIEU CAO AP,ELECTRICAL_LAB
403042,ON DINH HE THONG DIEN,GENERAL
403043,HE THONG DIEN 2,GENERAL
403044,HE THONG DIEN 3,GENERAL
403046,QUA TRINH QUA DO DIEN TU,GENERAL
403047,Q/TRINH QUA DO CO DIEN,GENERAL
403048,QUA DIEN AP,GENERAL
403050,KY THUAT CAO AP,GENERAL
403051,KY THUAT AN TOAN,GENERAL
403052,VAT LIEU KY THUAT DIEN,GENERAL
403053,BAO VE CHONG SET,GENERAL
403054,TN VAT LIEU KYTHUAT DIEN,ELECTRICAL_LAB
403055,VAN HANH & DK HE THONG,GENERAL
403057,TU DONG HOA HE THONG,GENERAL
403058,VAN HANH HE THONG DIEN,GENERAL
403059,THIET KE HE THONG DIEN,GENERAL
403060,DIEU KHIEN HE THONG DIEN,GENERAL
403061,NHA MAY DIEN 2,GENERAL
403066,ON DINH HE THONG DIEN,GENERAL
403067,TIN HOC UNG DUNG 2,COMPUTER_LAB
403068,TIN HOC UNG DUNG 2,COMPUTER_LAB
403069,TU DONG HOA HETHONG DIEN,GENERAL
403070,VAN HANH HE THONG DIEN,GENERAL
403071,QUA DIEN AP,GENERAL
403072,DIEU KHIEN HE THONG DIEN,GENERAL
403073,TRI KHON NHAN TAO,COMPUTER_LAB
403074,NHA MAY NHIET DIEN,GENERAL
403075,NHA MAY THUY DIEN,GENERAL
403076,THUC TAP DIEU VAN,ELECTRICAL_LAB
403079,Q/HOACH & PHAT TRIEN HTD,GENERAL
403080,TOI UU HOA C/DO XAC LAP,GENERAL
403081,TRUYEN TAI DIEN DI XA,GENERAL
403082,TIN HOC UNG DUNG 2,COMPUTER_LAB
403083,TIN HOC U/DUNG TRONG HTD,COMPUTER_LAB
403084,NHA MAY THUY DIEN,GENERAL
403086,NGAN MACH,GENERAL
403087,KY THUAT CAO AP 2,GENERAL
403088,BAO VE ROLE &TU DONG HOA,GENERAL
403089,THI NGHIEM HE THONG DIEN,ELECTRICAL_LAB
403090,VAT LIEU DIEN,GENERAL
403091,THI NGHIEM VAT LIEU DIEN,ELECTRICAL_LAB
403092,NGAN MACH & ON DINH HTD,GENERAL
403093,MANG TRUYEN TAI&PP (HTD2,GENERAL
403094,KY THUAT CAO AP,GENERAL
403095,BAO VE ROLE &TU DONG HOA,GENERAL
403096,THI NGHIEM HE THONG DIEN,ELECTRICAL_LAB
403097,TU DONG HOA,GENERAL
403098,TRAM & NHA MAY DIEN(HTD3,GENERAL
403099,THIET KE HE THONG DIEN,GENERAL
403100,SCADA TRONG HT DIEN (DL),GENERAL
403101,VAT LIEU DIEN (CD),GENERAL
403102,HE THONG DIEN 1 (CD),GENERAL
403103,HE THONG DIEN 2 (CD),GENERAL
403104,TN VAT LIEU DIEN (CD),ELECTRICAL_LAB
403106,BAO VE ROLE (CD),GENERAL
403107,QDA-BVE QUA DIEN AP (CD),GENERAL
403108,TN HE THONG DIEN (CD),ELECTRICAL_LAB
403109,TN BAO VE ROLE (CD),ELECTRICAL_LAB
403110,TN BVE QUA DIEN AP (CD),ELECTRICAL_LAB
403112,NGANMACH &ONDINH TRG HTD,GENERAL
403113,KY THUAT CAO AP,GENERAL
403114,TRAM & NHA MAY DIEN,GENERAL
403115,BVE ROLE & TDHOA HTDIEN,GENERAL
403116,ON DINH HE THONG DIEN,GENERAL
403117,VAT LIEU DIEN (DL),GENERAL
403118,NGAN MACH (DL),GENERAL
403119,MANG VA HE THONG DIEN,GENERAL
403120,NHA MAY DIEN & TRAM (DL),GENERAL
403121,TH/KE HE THONG DIEN (DL),GENERAL
403123,BAO VE RELAY (DL),GENERAL
403124,CO KHI DUONG DAY (DL),GENERAL
403126,TN HE THONG DIEN (DL),ELECTRICAL_LAB
403127,VAN HANH NMAY DIEN (DL),GENERAL
403128,SCADA TRONG HT DIEN (DL),GENERAL
403129,TUDONG HOA TRONG HTD(DL),GENERAL
403130,TN BAO VE RELAY (DL),ELECTRICAL_LAB
403132,CHUYEN DE (DL),GENERAL
403134,TN VAN HANH HTD (DL),ELECTRICAL_LAB
403135,TN KY THUAT CAO AP (DL),ELECTRICAL_LAB
403136,MANG TR/TAI & PPHOI DIEN,GENERAL
403137,VAN HANH NMAY DIEN (DL),GENERAL
403138,CONG NGHE DIEN D/CUONG 2,ELECTRICAL_LAB
403139,NGAN MACH,GENERAL
403140,MANG & HE THONG DIEN(DL),GENERAL
403141,NHA MAY DIEN & TRAM,GENERAL
403142,KY THUAT CAO AP 1,GENERAL
403143,BAO VE RELAY,GENERAL
403144,CO KHI DUONG DAY,GENERAL
403146,ON DINH HE THONG DIEN,GENERAL
403147,THI NGHIEM VAT LIEU DIEN,ELECTRICAL_LAB
403402,POWER SYSTEMS ANALYSIS,GENERAL
403403,POWER SYSTEMS ANALYSIS(B,GENERAL
403408,NUCLEAR POWER ENGR,GENERAL
403409,ELECTRICAL POWER SYS LAB,ELECTRICAL_LAB
403702,SAN XUAT NANG LUONG DIEN,GENERAL
403703,CHNANG CAC HTHONG TRTAI,GENERAL
403704,HE THONG NANG LUONG,GENERAL
403705,NANG LUONG TAI TAO,GENERAL
403706,SAN XUAT DIEN NANG,ELECTRICAL_LAB
403707,LAP TRINH HE THONG DIEN,COMPUTER_LAB
403708,NANG LUONG TAI TAO (XD),GENERAL
403709,CHNANG CAC HT TR/TAI (BT,GENERAL
403801,GIAI TICH HE THONG DIEN,GENERAL
403948,VAT LIEU DIEN,GENERAL
403950,NGAN MACH,GENERAL
403951,KY THUAT CAO AP 1,GENERAL
403952,NHA MAY DIEN & TRAM,GENERAL
403953,THIET KE HE THONG DIEN,GENERAL
404001,TIN HIEU & HE THONG,GENERAL
404002,DO DIEN TU,GENERAL
404003,THI NGHIEM MACH DIEN,ELECTRICAL_LAB
404004,TRUONG DIEN TU,GENERAL
404005,KY THUAT DO,GENERAL
404006,THI NGHIEM KY THUAT DO,ELECTRICAL_LAB
404007,MACH DIEN 1,GENERAL
404008,MACH DIEN 2A,GENERAL
404009,THI NGHIEM MACH DIEN,ELECTRICAL_LAB
404010,THI NGHIEM MACH DIEN TU,ELECTRICAL_LAB
404011,LY THUYET TIN HIEU,GENERAL
404012,TRUONG DIEN TU,GENERAL
404014,DO DIEN,GENERAL
404016,THI NGHIEM DO DIEN,ELECTRICAL_LAB
404019,DO LUONG CONG NGHIEP,GENERAL
404020,KY THUAT DO (CD),GENERAL
404021,MACH DIEN (CD),GENERAL
404022,TN MACH & DO (CD),ELECTRICAL_LAB
404023,KT DO & XU LY TIN HIEU,GENERAL
404024,MACH DIEN 2B,GENERAL
404025,DO DIEN TU,GENERAL
404026,THI NGHIEM DO DIEN TU,ELECTRICAL_LAB
404027,DO DIEN,GENERAL
404028,MACH DIEN 2 (DL),GENERAL
404029,MACH DIEN C (VLKT),GENERAL
404030,TN MACH DIEN C (VLKT),ELECTRICAL_LAB
404031,KT DO DIEN & DTU (VLKT),GENERAL
404032,TN KY THUAT DO (VLKT),ELECTRICAL_LAB
404033,TN MACH DIEN TU (VLKT),ELECTRICAL_LAB
404034,MACH DIEN 1,GENERAL
404035,MACH DIEN 2A,GENERAL
404036,GIAI TICH MACH,GENERAL
404037,TOAN KY THUAT,GENERAL
404051,LY THUYET MACH 1,GENERAL
404052,L/THUYET MACH & TIN HIEU,GENERAL
404053,LY THUYET TRUONG DIEN TU,GENERAL
404054,T/NGHIEM LY THUYET MACH,ELECTRICAL_LAB
404055,KY THUAT DO,GENERAL
404056,LY THUYET MACH 2,GENERAL
404057,THI NGHIEM DO DIEN,ELECTRICAL_LAB
404058,MACH DIEN 1,GENERAL
404059,MACH DIEN 2B,GENERAL
404060,THI NGHIEM MACH,ELECTRICAL_LAB
404061,T/NGHIEM KY THUAT DIEN 1,ELECTRICAL_LAB
404062,THI NGHIEM MACH,ELECTRICAL_LAB
404063,LY THUYET TIN HIEU,GENERAL
404064,TRUONG DIEN TU,GENERAL
404065,THI NGHIEM MACH DIEN TU,ELECTRICAL_LAB
404066,MACH DIEN 2A,GENERAL
404067,DO DIEN,GENERAL
404068,MACH DIEN 1,GENERAL
404069,THI NGHIEM MACH DIEN(TC),ELECTRICAL_LAB
404070,DO DIEN TU,GENERAL
404071,LY THUYET TIN HIEU,GENERAL
404072,THI NGHIEM DO DIEN TU,ELECTRICAL_LAB
4040B6,GIAI TICH MACH,GENERAL
404101,BAI TAP TRUONG DIEN TU,GENERAL
404401,INTRO ELECTROMAGN FIELDS,GENERAL
404403,ELECTRONICS CIRCUITS LAB,ELECTRICAL_LAB
404419,SENSORS & INTRUMENATION,GENERAL
404701,BAI TAP MACH DIEN 1,GENERAL
404702,BAI TAP MACH DIEN 2,GENERAL
404703,MACH & NANG LUONG DIEN,GENERAL
404704,THIET BI & CAM BIEN,GENERAL
404705,XU LY TIN HIEU,GENERAL
404706,CAC HE THOI GIAN THUC 1,GENERAL
404707,CAC HE DC TDONGTT&PTUYEN,GENERAL
404708,CAC HE THOI GIAN THUC 2,GENERAL
404709,DIEN - DIEN DONG HOC,ELECTRICAL_LAB
404710,BIEN DOI T/HIEU SO&UDUNG,GENERAL
404711,BDIEN &XLY T/HIEU NNHIEN,ELECTRICAL_LAB
404712,CAC TINH CHAT PHO,GENERAL
404713,LOGIC TO HOP,GENERAL
404714,CAC HE DC TDONGTT&PT (BT,GENERAL
404741,BDIEN &XLY T/HIEU (TN),ELECTRICAL_LAB
404801,TIN HIEU & HE THONG,GENERAL
404804,TRUONG DIEN TU,GENERAL
404809,TN MACH,ELECTRICAL_LAB
404836,GIAI TICH MACH,GENERAL
404837,TOAN KY THUAT,GENERAL
405001,MACH DIEN TU,GENERAL
405002,TRUYEN SO LIEU & MANG,GENERAL
405003,MACH DIEN TU THONG TIN,GENERAL
405004,MACH DIEN TU NANG CAO,GENERAL
405005,THONG TIN DI DONG,GENERAL
405006,MANG VIEN THONG,GENERAL
405007,TONG QUAN VE KTHUAT DIEN,GENERAL
405008,THONG TIN QUANG,GENERAL
405009,C/DE NANG CAO TRONG KTTT,GENERAL
405010,HE THONG SIEU CAO TAN,GENERAL
405011,VI MACH SIEU CAO TAN THD,GENERAL
405012,CDE NANG CAO VE MACH SCT,GENERAL
405013,TN KY THUAT SIEU CAO TAN,ELECTRICAL_LAB
405014,PPSO TRONG TRUONG DIENTU,GENERAL
405015,MANG MAY TINH,GENERAL
405016,C/DE VE KT CHUYEN MACH,GENERAL
405017,X/LY ANH&XU LY TIENG NOI,GENERAL
405018,C/DE N/CAO X/LY TIN HIEU,ELECTRICAL_LAB
405019,NGUYEN LY THONG TIN SO,ELECTRICAL_LAB
405021,THI NGHIEM MACH DIEN TU1,ELECTRICAL_LAB
405022,HE THONG THONG TIN,GENERAL
405023,MACH DIEN TU 1,GENERAL
405024,MACH DIEN TU 2,GENERAL
405025,DIEN TU THONG TIN,GENERAL
405026,HE THONG VIEN THONG,GENERAL
405027,THONG TIN NHIEU KENH,GENERAL
405028,TRUYEN SL & MANG TT SO,GENERAL
405029,DIEN THOAI DIEN TIN 2,GENERAL
405030,KY THUAT SIEU CAO TAN,GENERAL
405031,ANTEN,GENERAL
405032,MACH SIEU CAO TAN,GENERAL
405033,ISDN,GENERAL
405034,MACH SIEU CAO TAN,GENERAL
405035,LY THUYET THONG TIN,GENERAL
405037,THI NGHIEM VIEN THONG,ELECTRICAL_LAB
405038,TRUYEN SONG,GENERAL
405039,TIN HOC CONG NGHIEP,GENERAL
405040,KY THUAT TRUYEN HINH,GENERAL
405041,LY THUYET THONG TIN,GENERAL
405042,THIET BI THU PHAT,GENERAL
405043,ANTEN,GENERAL
405044,TN MACH D/TU 3 & THUPHA,ELECTRICAL_LAB
405045,TN TRUYEN SONG ANTEN,ELECTRICAL_LAB
405046,DIEN THOAI DIEN TIN,GENERAL
405047,THIET BI NGHE NHIN,GENERAL
405048,TIN HOC UNG DUNG,GENERAL
405049,DIEN THOAI DIEN TIN 1,GENERAL
405051,MACH DIEN TU 1,GENERAL
405052,MACH DIEN TU 2,GENERAL
405053,KT TRUYEN SONG VO TUYEND,GENERAL
405054,T/NGHIEM MACH DIEN TU A,ELECTRICAL_LAB
405056,MACH DIEN TU 3,GENERAL
405057,THI NGHIEM MACH DIEN TU,ELECTRICAL_LAB
405058,KY THUAT GHI,GENERAL
405059,KY THUAT SIEU CAO TAN,GENERAL
405060,ANTEN,GENERAL
405061,HE THONG THONG TIN,GENERAL
405062,TN TRUYEN SONG & ANTEN,ELECTRICAL_LAB
405063,KY THUAT TRUYEN HINH,GENERAL
405064,THI NGHIEM SIEU CAO TAN,ELECTRICAL_LAB
405065,MACH TRUYEN TIN,GENERAL
405066,MACH TRUYEN TIN,GENERAL
405067,THIET BI NGHE NHIN,GENERAL
405070,THUC HANH TIN HOC,COMPUTER_LAB
405071,HE THONG VO TUYEN,GENERAL
405072,TO CHUC QL MANG THONGTIN,GENERAL
405073,KY THUAT GHI,GENERAL
405074,THONG TIN VE TINH,GENERAL
405075,KY THUAT TRUYEN SO LIEU,GENERAL
405076,MACH SIEU CAO TAN,GENERAL
405077,ISDN,GENERAL
405078,THI NGHIEM VIEN THONG 1,ELECTRICAL_LAB
405079,THI NGHIEM VIEN THONG 2,ELECTRICAL_LAB
405080,DIEN TU THONG TIN,GENERAL
405081,TRUYEN SO LIEU & MTT SO,GENERAL
405082,HE THONG VIEN THONG,GENERAL
405083,MACH DIEN TU 2,GENERAL
405085,THI NGHIEM VIEN THONG 1,ELECTRICAL_LAB
405086,HE THONG VIEN THONG,GENERAL
405087,ANTEN & TRUYEN SONG,GENERAL
405088,TRUYEN SO LIEU,GENERAL
405090,DIEN TU THONG TIN,GENERAL
405091,DIEN TU 1,GENERAL
405092,THUC HANH TIN HOC 1,COMPUTER_LAB
405093,ANTEN & TRUYEN SONG,GENERAL
405095,MACH SIEU CAO TAN,GENERAL
405101,MACH DIEN TU 3,GENERAL
405104,ANTEN TRUYEN SONG,GENERAL
405105,HE THONG VIEN THONG 2,GENERAL
405106,THONG TIN SO,GENERAL
405107,THI NGHIEM VIEN THONG,ELECTRICAL_LAB
405108,T/NGHIEM TRUYEN SO LIEU,ELECTRICAL_LAB
405109,XU LY SO TIN HIEU,GENERAL
405110,TN XU LY SO TIN HIEU,ELECTRICAL_LAB
405111,MACH DIEN TU 1,GENERAL
405151,MACH DIEN TU 3,GENERAL
405152,HE THONG VIEN THONG,GENERAL
405153,HE THONG VIEN THONG 2,GENERAL
405154,KY THUAT SIEU CAO TAN,GENERAL
405155,THI NGHIEM VIEN THONG,ELECTRICAL_LAB
405401,XU LY TIN HIEU TUONG TU,GENERAL
405402,INTRO TO IMAGE &VIDEO PR,GENERAL
405403,RADIO COMMUNICATION CIRC,GENERAL
405404,ELECTRONICS CIRCUITS,GENERAL
405405,COMMUNICATION 1,GENERAL
405406,DIGITALSIGNAL PROCESSING,GENERAL
405407,DIGITALSIGNALPROCESSLAB,COMPUTER_LAB
405408,"LINES, FIELDS AND WAVES",GENERAL
405409,COMMUNICATION NETWORKS,GENERAL
405410,CAPSTONE PROJECT 1,ELECTRICAL_LAB
405411,CAPSTONE PROJECT 2,ELECTRICAL_LAB
405412,DIGITAL COMMUNICATIONS,GENERAL
405413,COMMUNICATION 2,GENERAL
405414,WIRELESS NETWORKS,GENERAL
405415,INTRO TO IMAGE &VIDEO(BT,GENERAL
405416,RADIO COMMUNI. CIR. (BT),GENERAL
405417,COMMUNICATION 1 (BT),GENERAL
405418,"LINES, FIELDS & WAVES(BT",GENERAL
405419,COMMUNI. NETWORKS (BT),GENERAL
405420,DIGITAL COMMUNICATIONS(B,GENERAL
405421,COMMUNICATION 2 (EXC),GENERAL
405422,WIRELESS NETWORKS (EXC),GENERAL
405507,DIGI/ COMMUNICATIONS LAB,ELECTRICAL_LAB
405508,COMPUTER NETWORKING LAB,COMPUTER_LAB
405701,DIEU BIEN TT & DBIEN SO,ELECTRICAL_LAB
405702,TONG HOP TAN SO,GENERAL
405703,D/TU HOC TAN SO VO TUYEN,GENERAL
405704,CAC KY THUAT VI BA,GENERAL
405705,KHUECH DAI SONG VI BA,GENERAL
405706,LINH KIEN DIEN TU VI BA,ELECTRICAL_LAB
405707,ANTEN VA TRUYEN SONG VTD,ELECTRICAL_LAB
405708,CAC HE TRUYEN THONG,GENERAL
405709,LY THUYET T/HIEU- MA HOA,GENERAL
405710,XU LY THONG KE TIN HIEU,GENERAL
405711,XU LY SO H/ANH &AM THANH,COMPUTER_LAB
405712,THU TRONG TRUYEN THONGSO,GENERAL
405713,THONG TIN DU LIEU - MANG,COMPUTER_LAB
405714,THONG TIN DI DONG,GENERAL
405715,XLY CAC TINHIEU TGTU &SO,GENERAL
405716,CAC HE TRUYEN THONG,GENERAL
405717,THU TRONG TRUYEN THONGSO,GENERAL
405718,ANTEN VA TRUYEN SONG VTD,ELECTRICAL_LAB
405719,CAC HE TRUYEN THONG,ELECTRICAL_LAB
405720,MA HOA & TRUYEN BG KT SO,ELECTRICAL_LAB
405721,MANG DIGITAL,COMPUTER_LAB
405722,THONG TIN DLIEU&MANG (TN,COMPUTER_LAB
405723,X/LSO H/ANH &AM THANH(TN,ELECTRICAL_LAB
405724,TR/SONG VT DIEN & ANTEN,GENERAL
405725,MANG IP,GENERAL
405726,MANG IP (TN),COMPUTER_LAB
405727,CAC HE TRUYEN THONG (TN),ELECTRICAL_LAB
405728,CAC KY THUAT VI BA (TN),ELECTRICAL_LAB
405729,L\KIEN DIEN TU VI BA(TN),ELECTRICAL_LAB
405730,D/TU HOC TS VO TUYEN(TN),ELECTRICAL_LAB
405731,ANTEN VA TRUYEN SONG(TN),ELECTRICAL_LAB
405732,XU LY T\KE TIN HIEU(TN),ELECTRICAL_LAB
405733,D/BIEN TT & DBIEN SO (TN,ELECTRICAL_LAB
405743,TT DU LIEU - MANG (TN),COMPUTER_LAB
405759,XL CAC T/H TGTU &SO (THL,ELECTRICAL_LAB
405801,MACH DIEN TU,GENERAL
405B23,MACH DIEN TU 1,GENERAL
406001,THUC TAP DIEN 1,ELECTRICAL_LAB
406002,THUC TAP DIEN 2,ELECTRICAL_LAB
406003,BO TUC TOAN,GENERAL
406005,THI NGHIEM MAY DIEN 2,ELECTRICAL_LAB
406006,THI NGHIEM MAY DIEN 1,ELECTRICAL_LAB
406007,THI NGHIEM MAY DIEN 2,ELECTRICAL_LAB
406008,THUC TAP DIEN,ELECTRICAL_LAB
406009,KY THUAT DIEN,GENERAL
406010,THUC TAP DIEN - DIEN TU,ELECTRICAL_LAB
406013,KY THUAT DIEN DAI CUONG,GENERAL
406014,TN KT DIEN DAI CUONG,ELECTRICAL_LAB
406016,KY THUAT DIEN,GENERAL
406017,THUC TAP DIEN (CD),ELECTRICAL_LAB
406018,THUC TAP DIEN TU (CD),ELECTRICAL_LAB
406019,KY THUAT DIEN DAI CUONG,GENERAL
406020,THUC TAP DIEN - DIEN TU,ELECTRICAL_LAB
406021,TT DIEN DAI CUONG (CKGT),ELECTRICAL_LAB
406022,THUC TAP DIEN A,ELECTRICAL_LAB
406023,THUC TAP DIEN B,ELECTRICAL_LAB
406024,THUC TAP DIEN,ELECTRICAL_LAB
406025,THUC TAP DIEN A,ELECTRICAL_LAB
406026,TN KT DIEN DCUONG (CKT),ELECTRICAL_LAB
406027,CN DIEN DAI CUONG 1,ELECTRICAL_LAB
406028,KY THUAT DIEN - DIEN TU,GENERAL
406029,TH KY THUAT DIEN-DIEN TU,ELECTRICAL_LAB
406051,KY THUAT DIEN,GENERAL
406052,TN KY THUAT DIEN D/CUONG,ELECTRICAL_LAB
406053,KY THUAT DIEN,GENERAL
406054,THUC TAP DIEN - DIEN TU,ELECTRICAL_LAB
406055,THUC TAP DIEN - DIEN TU2,ELECTRICAL_LAB
406056,THUC TAP DIEN,ELECTRICAL_LAB
406057,THUC TAP DIEN 1,ELECTRICAL_LAB
406058,THUC TAP DIEN A1,ELECTRICAL_LAB
406059,THUC TAP DIEN 2,ELECTRICAL_LAB
406060,THUC TAP DIEN TU A1,ELECTRICAL_LAB
406061,KY KHUAT DIEN DAI CUONG,GENERAL
406062,TN KT DIEN DAI CUONG,ELECTRICAL_LAB
406063,THUC TAP DIEN A2,ELECTRICAL_LAB
406064,THUC TAP DIEN B,ELECTRICAL_LAB
406065,KY THUAT DIEN (TC),GENERAL
406066,THUC TAP DIEN B,ELECTRICAL_LAB
406067,THUC TAP DIEN A2,ELECTRICAL_LAB
406068,THUC TAP DIEN TU C (TC),ELECTRICAL_LAB
4060B9,KY THUAT DIEN,GENERAL
406101,TTAP DIEN - DIEN TU (MT),ELECTRICAL_LAB
406701,"BD FOURIER,LAPLACE,TUHOA",GENERAL
406702,HAM BIEN PHUC &DSO MTRAN,GENERAL
406801,THUC TAP DIEN 1,ELECTRICAL_LAB
407001,NGON NGU C,COMPUTER_LAB
407002,KY THUAT VI XU LY 1A,ELECTRICAL_LAB
407003,XU LY TIN HIEU SO,GENERAL
407004,KY THUAT VI XU LY 2A,ELECTRICAL_LAB
407005,KY THUAT TRUYEN SO LIEU,GENERAL
407006,KY THUAT VI XU LY B,ELECTRICAL_LAB
407007,MAY VI TINH & NGON NGU C,COMPUTER_LAB
407008,TIN HOC 1,COMPUTER_LAB
407009,TIN HOC 2,COMPUTER_LAB
407010,THUC HANH TIN HOC 2,COMPUTER_LAB
407011,TIN HOC 3,COMPUTER_LAB
407012,THUC HANH TIN HOC 3,COMPUTER_LAB
407013,XU LY TIN HIEU SO,GENERAL
407014,THUC HANH TIN HOC 2,COMPUTER_LAB
407016,XU LY TIN HIEU SO,GENERAL
407017,XU LY SO TIN HIEU,GENERAL
407018,XU LY TIN HIEU SO,GENERAL
407019,TN XU LY SO TIN HIEU,ELECTRICAL_LAB
407020,HTHONG MTINH& NGON NGU C,COMPUTER_LAB
407021,TH HTHOG MTINH& NGONNGUC,COMPUTER_LAB
407051,TIN HOC 1,GENERAL
407052,TIN HOC 2,GENERAL
407053,XU LY TIN HIEU SO,GENERAL
407054,THUC HANH TIN HOC 1,COMPUTER_LAB
407055,THUC HANH TIN HOC 2,COMPUTER_LAB
407056,TIN HOC 1,GENERAL
407057,TIN HOC 2,GENERAL
407058,TIN HOC 1,GENERAL
407402,CO SO HE THONG MAY TINH,COMPUTER_LAB
407404,COMPUTER ENGINEERING 1,GENERAL
407406,COMPUTER SYS ENGINEERING,GENERAL
407407,COMPUTER NETWORKING LAB,COMPUTER_LAB
407408,CO SO MAY TINH,GENERAL
407410,HT MAY TINH &NN LAPTRINH,COMPUTER_LAB
407411,HT MTINH &NN LAPTRINH(TN,COMPUTER_LAB
407412,CO SO HE THONG MT (TN),COMPUTER_LAB
407701,"KTRUC CAC HTTH&MANG,VXL",ELECTRICAL_LAB
407703,KTRUC CAC HTTH&MANG(TN),COMPUTER_LAB
407801,TIN HOC 1,COMPUTER_LAB
407820,HTHONG MTINH& NGON NGU C,COMPUTER_LAB
407821,TH HTHOG MTINH& NGONNGUC,COMPUTER_LAB
408001,BIEN DOI N/LUONG DIEN CO,GENERAL
408002,TN BIEN DOI NL DIEN CO,ELECTRICAL_LAB
408003,MAY DIEN,GENERAL
408004,NANG LUONG TAI TAO,GENERAL
408005,THI NGHIEM MAY DIEN,ELECTRICAL_LAB
408006,"C/BIEN,DOLUONG &TSL HTNL",GENERAL
408007,DK SO HE THONG DIEN CO,GENERAL
408008,Q/LY& SU DUNG NANG LUONG,GENERAL
408009,DK Q/TRINH KY SU NLUONG,GENERAL
408010,HTNL TRG G/THONG VAN TAI,GENERAL
408011,T/BI DIEN TRONG PP DIEN,GENERAL
408012,TK DUNG M/TINH DIEN NANG,COMPUTER_LAB
408013,TN MAY DIEN TRONG DKTD,ELECTRICAL_LAB
408014,DIEN CONG NGHE,GENERAL
408015,T/NGHIEM DIEN CONG NGHE,ELECTRICAL_LAB
408016,KY NGHE LANH,GENERAL
408017,MAY DIEN 1,GENERAL
408018,MAY DIEN 2,GENERAL
408019,KY THUAT DIEN 1,GENERAL
408020,KY THUAT DIEN 2,GENERAL
408022,THI NGHIEM KY THUATDIEN1,ELECTRICAL_LAB
408023,THI NGHIEM KY THUATDIEN2,ELECTRICAL_LAB
408024,THIET KE THIET BI DIEN,GENERAL
408025,CAD TRONG KY THUAT DIEN,COMPUTER_LAB
408026,THIET BI TU DONG,GENERAL
408027,DIEN CONG NGHE,GENERAL
408028,KY NGHE LANH,GENERAL
408029,CS THIET KE MAY DIENQUAY,GENERAL
408030,THIET KE MAY DIEN,GENERAL
408032,CHUYEN DE THIET BI DIEN,GENERAL
408033,CN CHE TAO THIET BI DIEN,GENERAL
408034,THIET KE KHI CU DIEN,GENERAL
408035,CONG NGHE C/TAO TBI DIEN,GENERAL
408036,KY THUAT ANH SANG,GENERAL
408037,T/KE KHI CU DIEN CAO AP,GENERAL
408038,T/KE KHI CU DIEN HA AP,GENERAL
408040,TIN HOC UNG DUNG 2,COMPUTER_LAB
408041,KY THUAT CHIEU SANG,GENERAL
408042,KY NGHE LANH,GENERAL
408043,T/NGHIEM DIEN CONG NGHE,ELECTRICAL_LAB
408044,TINH TOAN SUACHUA TBDIEN,GENERAL
408046,T/NGHIEM KY THUAT DIEN 2,ELECTRICAL_LAB
408047,KY THUAT DIEN 1 (CD),GENERAL
408048,KY THUAT DIEN 2 (CD),GENERAL
408049,TN KY THUAT DIEN (CD),ELECTRICAL_LAB
408051,LY THUYET MAY DIEN 1,GENERAL
408052,LY THUYET MAY DIEN 2,GENERAL
408053,KY THUAT LANH,GENERAL
408054,CO SO KHI CU DIEN,GENERAL
408055,DIEN & DIEN TU TRONG CN,GENERAL
408056,LY THUYET MAY DIEN 1,GENERAL
408057,THIET KE THIET BI DIEN,GENERAL
408058,DIEU KHIEN MAY DIEN,GENERAL
408059,KY THUAT DIEN 1,GENERAL
408060,KY THUAT DIEN 2,GENERAL
408061,CAD TRONG KY THUAT DIEN,COMPUTER_LAB
408063,T/NGHIEM KY THUAT DIEN 2,ELECTRICAL_LAB
408064,KY THUAT DIEN 1,GENERAL
408065,DIEN CONG NGHE,GENERAL
408066,T/NGHIEM KY THUAT DIEN 1,ELECTRICAL_LAB
408067,KY THUAT DIEN 1,GENERAL
408068,KY THUAT DIEN 2,GENERAL
408069,KY THUAT LANH,GENERAL
408070,THIET KE THIET BI DIEN,GENERAL
408101,KY THUAT DIEN 1,GENERAL
408102,KY THUAT DIEN 2,GENERAL
408103,T/NGHIEM KY THUAT DIEN 1,ELECTRICAL_LAB
408104,TN KY THUAT DIEN 2,ELECTRICAL_LAB
408105,TN KY THUAT DIEN DCUONG,ELECTRICAL_LAB
408402,POWER CIRCUITS AND ELECT,GENERAL
408403,ELECTRICAL MACHINERY,GENERAL
408404,ELECTRIC MACHINERY,GENERAL
408405,ELECTRICAL MACHINERY LAB,ELECTRICAL_LAB
408406,RENEWABLE ENERGY SYSTEMS,GENERAL
408407,POWER CIRCUITS &ELECT(BT,ELECTRICAL_LAB
408408,ELECTRICAL MACHINERY (BT,ELECTRICAL_LAB
408409,RENEWABLE ENERGY SYS.(TN,ELECTRICAL_LAB
408701,CAC MAY DIEN 1CHIEU &XC,ELECTRICAL_LAB
408702,LY THUYET VE KHI CU DIEN,GENERAL
408703,DKHIEN DOGCO DIEN 1CHIEU,GENERAL
408704,KHI CU DIEN,ELECTRICAL_LAB
408705,DIEU KHIEN CAC MAY DIEN,GENERAL
408706,MACH TU & MAY BIEN THE,ELECTRICAL_LAB
408707,"BUC XA,BAO BOC,GIAO THOA",GENERAL
408708,CAC UDUNG CNG CUA DNANG,GENERAL
408709,THIET KE MAY DIENQUAY CS,GENERAL
408710,LY THUYET VE KHI CU DIEN,GENERAL
408711,KHI CU DIEN,GENERAL
408712,CAC M/DIEN 1CHIEU &XC(TN,ELECTRICAL_LAB
408713,MACH TU &MAY BIEN THE(TN,ELECTRICAL_LAB
408714,D/KHIEN CAC MAY DIEN (BT,ELECTRICAL_LAB
408715,L/th VE KHI CU DIEN (tn),ELECTRICAL_LAB
408716,KHI CU DIEN (TN),ELECTRICAL_LAB
408717,D/K DOGCO DIEN 1CHIEU(BT,ELECTRICAL_LAB
408801,BIEN DOI N.LUONG DIEN CO,GENERAL
408802,TN BIEN DOI NL DIEN CO,ELECTRICAL_LAB
408803,MAY DIEN,GENERAL
409001,CO SO TU DONG,GENERAL
409002,TN CO SO TU DONG,ELECTRICAL_LAB
409003,TN KY THUAT DIEU KHIEN,ELECTRICAL_LAB
409004,TIN HOC CONG NGHIEP,GENERAL
409005,H/THONG DIEU KHIEN NHUNG,GENERAL
409006,MO HINH HOA & MO PHONG,GENERAL
409007,TRI TUE NHAN TAO TRONGDK,GENERAL
409008,N/MON THI GIAC MAY TINH,GENERAL
409009,TU DONG HOA CONG NGHIEP,GENERAL
409010,MANG CONG NGHIEP,GENERAL
409011,N/MON D/KHIEN THONG MINH,GENERAL
409012,HE THONG VI DIEN CO,GENERAL
409013,T/BI DIEU KHIEN THUY KHI,GENERAL
409014,LT DIEU KHIEN NANG CAO,GENERAL
409016,CO SO TU DONG HOC B,GENERAL
409017,MO HINH MO PHONG B,GENERAL
409018,DO PHI DIEN B,GENERAL
409019,KY THUAT DIEN TU,GENERAL
409020,CO SO TU DONG HOC,GENERAL
409021,TRI TUE N/TAO & HE C/GIA,GENERAL
409022,TOI UU VA THICH NGHI,GENERAL
409023,MO HINH MO PHONG,GENERAL
409025,CO SO TU DONG HOC,GENERAL
409026,THI NGHIEM DO KHONG DIEN,ELECTRICAL_LAB
409027,DIEU KHIEN TU DONG 1,GENERAL
409028,LT DIEU KHIEN HIEN DAI,GENERAL
409029,DIEU KHIEN VI TINH,GENERAL
409030,DIEN TU CONG SUAT &UDUNG,GENERAL
409031,THIET BI TU DONG,GENERAL
409032,THIET BI& HETHONGTU DONG,GENERAL
409033,TIN HOC CONG NGHIEP,GENERAL
409034,TRI TUE NHAN TAO & HCG,GENERAL
409035,KY THUAT ROBOT,GENERAL
409037,TN DIEU KHIEN TU DONG 1,ELECTRICAL_LAB
409038,TN DIEU KHIEN TU DONG 2,ELECTRICAL_LAB
409039,TNGHIEM THIET BI TU DONG,ELECTRICAL_LAB
409040,LY THUYET DKHIEN TU DONG,GENERAL
409041,TN DIEU KHIEN TU DONG 1,ELECTRICAL_LAB
409042,HE THONG DIEU KHIEN SO,GENERAL
409043,KY THUAT AN TOAN,GENERAL
409045,THUC HANH TIN HOC,COMPUTER_LAB
409046,DIEN TU CONG SUAT,GENERAL
409047,DO PHI DIEN,GENERAL
409048,HE THONG DIEU KHIEN TD,GENERAL
409049,MO HINH MO PHONG,GENERAL
409051,DIEN TU CONG SUAT,GENERAL
409052,TN DIEN TU CONG SUAT,ELECTRICAL_LAB
409053,CO SO TU DONG HOC,GENERAL
409054,DIEN TU CONG SUAT,GENERAL
409055,KY THUAT VI TINH,GENERAL
409056,DIEN & DIEN TU TRONG CN,GENERAL
409057,DO KHONG DIEN,GENERAL
409058,TNGHIEM TRUYEN DONG DIEN,ELECTRICAL_LAB
409059,DO KHONG DIEN,GENERAL
409060,DIEN TU CONG SUAT,GENERAL
409061,DO KHONG DIEN,PHYSICS_LAB
409062,NGOAI NGU KY THUAT 3,GENERAL
409063,THIET BI NHA MAY XN 2,GENERAL
409064,C.D CONG NGHE DIEN,GENERAL
409065,HE THONG DO LUONG,GENERAL
409066,C/D H/THONG DK QUA TRINH,GENERAL
409068,DIEU KHIEN TU DONG 1,GENERAL
409069,TN DIEU KHIEN TU DONG,ELECTRICAL_LAB
409070,DIEU KHIEN TU DONG 1,GENERAL
409071,KY THUAT DIEN TU (CD),ELECTRICAL_LAB
409072,TN DIEU KHIEN TU DONG 1,ELECTRICAL_LAB
409073,TU DONG HOA,GENERAL
409074,TN XU LY TIN HIEU SO,ELECTRICAL_LAB
409075,CO SO DIEU KHIEN TU DONG,GENERAL
409076,HE THONG DIEU KHIEN SO,GENERAL
409101,PLC,GENERAL
409102,THI NGHIEM PLC,ELECTRICAL_LAB
409103,KT DO & XU LY TIN HIEU,GENERAL
409104,HE THONG DIEU KHIEN TD,GENERAL
409105,CO SO DIEU KHIEN TU DONG,GENERAL
409106,PLC,GENERAL
409107,SCADA,GENERAL
409109,DO LUONG DK BANG MTINH,GENERAL
409110,TDONG HOA QUATRINH CNGHE,GENERAL
409111,THI NGHIEM TU DONG HOA,ELECTRICAL_LAB
409112,CO SO DK TU DONG (DL),GENERAL
409113,TN CO SO DK TU DONG (DL),ELECTRICAL_LAB
409114,TRI TUE NHAN TAO TRONGDK,GENERAL
409401,CO SO HT DIEU KHIEN,ELECTRICAL_LAB
409402,INTRODUCTION TO ROBOTICS,GENERAL
409403,NONLINEAR&ADAPTIVE CONTR,GENERAL
409404,SENSORS&INSTRUMENTATIONS,GENERAL
409405,INDUSTRIAL AUTOMATION,GENERAL
409406,INTRO. TO ROBOTICS (BT),GENERAL
409407,NONLINEAR&ADAPT.CONT.(BT,GENERAL
409408,SENSORS&INSTRUMENT.(BT),GENERAL
409409,INDUSTRIAL AUTOMATIONLAB,GENERAL
409411,CO SO HT DIEU KHIEN (TN),ELECTRICAL_LAB
409412,SENSORS&INSTRUMENTATIONS,ELECTRICAL_LAB
409413,INDUSTRIAL AUTOMATION(BT,GENERAL
409435,INTRODUCTION TO ROBOTICS,GENERAL
409701,TD HOA & D/KHIEN TOI UU,GENERAL
409702,TUONG TU & CAC MO HINH,GENERAL
409703,"TU DONG HOA,KTRA &DKHIEN",GENERAL
409704,P/TICH CAC HE TUYEN TINH,GENERAL
409705,P/TICH CAC HE T/TINH(BT),GENERAL
410001,THUC TAP DIEN TU A,ELECTRICAL_LAB
410002,THUC TAP DIEN TU B,ELECTRICAL_LAB
410003,THUC TAP DIEN TU C,ELECTRICAL_LAB
410004,THUC TAP DIEN TU,ELECTRICAL_LAB
410005,THUC TAP DIEN TU B (DL),ELECTRICAL_LAB
410006,THUC TAP DIEN TU A (MT),ELECTRICAL_LAB
410007,THUC TAP DIEN TU,ELECTRICAL_LAB
410008,THUC TAP DIEN TU 1,ELECTRICAL_LAB
410009,THUC TAP DIEN TU 2,ELECTRICAL_LAB
410050,TTAP DIEN TU A1 (TC),ELECTRICAL_LAB
410051,TTAP DIEN TU C (TC),ELECTRICAL_LAB
410052,TTAP DIEN TU A2 (TC),ELECTRICAL_LAB
500300,KY NANG GTIEP-NGANH NGHE,GENERAL
501001,TIN HOC DAI CUONG,COMPUTER_LAB
501002,NGON NGU LAP TRINH,COMPUTER_LAB
501003,PHUONG PHAP TINH,GENERAL
501004,KY THUAT SO B,GENERAL
501005,THUC TAP PHAN MEM 1,COMPUTER_LAB
501007,CAU TRUC MT VA ASSEMBLER,GENERAL
501008,CAU TRUC DU LIEU,GENERAL
501009,PT & THIET KE GIAI THUAT,GENERAL
501010,HE DIEU HANH,GENERAL
501011,LY THUYET AUTOMAT & NNHT,GENERAL
501012,THUC TAP PHAN MEM 2,COMPUTER_LAB
501014,CO SO DU LIEU,COMPUTER_LAB
501015,CHUONG TRINH DICH,COMPUTER_LAB
501016,MACH MAY TINH,GENERAL
501017,KY THUAT TRUYEN SO LIEU,COMPUTER_LAB
501018,CO SO TOAN CUA DIEN TOAN,GENERAL
501019,THUC TAP PHAN CUNG 1,ELECTRICAL_LAB
501020,COMPUTER GRAPHICS,COMPUTER_LAB
501022,TRI TUE NHAN TAO,COMPUTER_LAB
501023,PT & THIET KE HE THONG,COMPUTER_LAB
501024,TOAN KINH TE,GENERAL
501025,MANG MAY TINH,COMPUTER_LAB
501026,CHUYEN DE TIN HOC,GENERAL
501027,THUC TAP PHAN CUNG 2,ELECTRICAL_LAB
501028,TIN HOC 1,COMPUTER_LAB
501029,THIET KE HE THONG SO,GENERAL
501031,VI XU LY - MAY VI TINH,ELECTRICAL_LAB
501032,TOAN TIN HOC,GENERAL
501033,LY THUYET TINH TOAN,GENERAL
501034,TO CHUC CAU TRUC MAYTINH,GENERAL
501035,KY THUAT TRUYEN SO LIEU,COMPUTER_LAB
501036,NGON NGU LAP TRINH,COMPUTER_LAB
501037,LY THUYET THONG TIN,GENERAL
501038,LY THUYET AUTOMAT - NNHT,GENERAL
501039,LOGIC TOAN,GENERAL
501040,CT DU LIEU & GIAI THUAT,COMPUTER_LAB
501041,HE DIEU HANH,COMPUTER_LAB
501043,MANG MAY TINH,GENERAL
501044,PT THIET KE GIAI THUAT,GENERAL
501045,LY THUYET CO SO DU LIEU,GENERAL
501046,DO HOA MAY TINH,COMPUTER_LAB
501047,XL S/SONG VA HE PHAN BO,GENERAL
501048,XU LY TIN HIEU SO,GENERAL
501049,P/TICH THIET KE HE THONG,GENERAL
501050,GIAO DIEN NGUOI MAY,GENERAL
501051,KY THUAT VI TINH,GENERAL
501052,TIN HOC 1,GENERAL
501053,TIN HOC 2,GENERAL
501054,THUC HANH TIN HOC,COMPUTER_LAB
501055,THUC HANH TIN HOC 1,COMPUTER_LAB
501056,HE DIEU HANH,GENERAL
501058,PT & THIET KE GIAI THUAT,GENERAL
501059,LY THUYET AUTOMAT,GENERAL
501060,KT MAY V/TINH& ASSEMBLER,GENERAL
501061,CO SO DU LIEU,GENERAL
501062,THUC TAP PHAN MEM 2,COMPUTER_LAB
501063,KY THUAT TRUYEN SO LIEU,GENERAL
501064,CHUONG TRINH DICH,GENERAL
501065,LOGIC TOAN TU,GENERAL
501066,THUC TAP PHAN CUNG 2,ELECTRICAL_LAB
501067,TOAN KINH TE,GENERAL
501069,PT & THIET KE HE THONG,COMPUTER_LAB
501070,MANG MAY TINH,COMPUTER_LAB
501071,TRI TUE NHAN TAO,COMPUTER_LAB
501072,TRI TUE NHAN TAO,COMPUTER_LAB
501074,TT PHAN CUNG MAY TINH 2,COMPUTER_LAB
501075,COMPUTER GRAPHICS,COMPUTER_LAB
501076,TOAN KINH TE,GENERAL
501077,KY THUAT VI TINH,COMPUTER_LAB
501078,LOGIC TOAN,GENERAL
501079,MANG MAY TINH,COMPUTER_LAB
501080,PT THIET KE HE THONG,COMPUTER_LAB
501081,CHUONG TRINH DICH,COMPUTER_LAB
501082,TRI TUE NHAN TAO,COMPUTER_LAB
501083,TK GIAI THUAT SONG SONG,COMPUTER_LAB
501084,D/GIA HIEU SUAT MAY TINH,COMPUTER_LAB
501085,HE THONG THOI GIAN THUC,COMPUTER_LAB
501086,NHAN DANG & XU LY ANH,COMPUTER_LAB
501087,PT & THIET KE HE THONG,COMPUTER_LAB
501088,MANG MAY TINH,COMPUTER_LAB
501089,TRI TUE NHAN TAO,COMPUTER_LAB
501091,TT PHAN CUNG MAY TINH 2,COMPUTER_LAB
501092,THIET KE CO SO DU LIEU,COMPUTER_LAB
501093,KY THUAT TRI THUC,COMPUTER_LAB
501094,CONG NGHE PHAN MEM,COMPUTER_LAB
501095,CONG NGHE PHAN MEM,COMPUTER_LAB
501096,KY THUAT DO,ELECTRICAL_LAB
501097,TH NGON NGU LAP TRINH,COMPUTER_LAB
501098,THIET KE HE THONG SO,GENERAL
501099,TN THIET KE HE THONG SO,ELECTRICAL_LAB
5010B1,TIN HOC DAI CUONG,COMPUTER_LAB
501100,NHAP MON TIN HOC A,GENERAL
501101,NHAP MON TIN HOC B,GENERAL
501102,NGON NGU LAP TRINH,GENERAL
501103,TRINH BIEN DICH,GENERAL
501104,THIET KE HUONG DOI TUONG,COMPUTER_LAB
501105,C/NGHE TRUYEN THONG ATM,GENERAL
501106,LAP TRINH MANG,COMPUTER_LAB
501107,TOP DOWN DESIGN,GENERAL
501108,JAVA,GENERAL
501109,TIN HOC NANG CAO,GENERAL
501110,TIN HOC 1 (CD),COMPUTER_LAB
501111,CO SO DU LIEU,GENERAL
501112,TO CHUC &CAU TRUC MT (CK,GENERAL
501113,NGNGU MOHINH T/NHAT (UML,GENERAL
501114,TIN HOC (DL),COMPUTER_LAB
501115,THUC HANH TIN HOC,COMPUTER_LAB
501116,TIN HOC 2 (CDT),GENERAL
501117,THUC HANH TIN HOC(TN),COMPUTER_LAB
501118,THIET KE FPGA,GENERAL
501120,NHAP MON DIEN TOAN,COMPUTER_LAB
501121,MANG MAY TINH,COMPUTER_LAB
501122,TKE HT CSDL & TTIN (VLKT,COMPUTER_LAB
501123,HE CHUYEN GIA,COMPUTER_LAB
501124,HETHONG HOTRO QUYET DINH,COMPUTER_LAB
501125,KY THUAT LAP TRINH,COMPUTER_LAB
501126,THUC HANH NHAP MON DTOAN,COMPUTER_LAB
501127,KY THUAT LAP TRINH,COMPUTER_LAB
501128,THIET KE LUAN LY 1,ELECTRICAL_LAB
501129,THUC HANH KT LAP TRINH,COMPUTER_LAB
501132,CHUONG TRINH DICH (BT),COMPUTER_LAB
501133,THUC HANH TIN HOC,COMPUTER_LAB
501134,XL SS VA HE PHAN BO (BT),COMPUTER_LAB
501135,MODERN TRENDS OF PPL,COMPUTER_LAB
501151,NGON NGU LAP TRINH,COMPUTER_LAB
501152,TIN HOC (TC),COMPUTER_LAB
501153,TIN HOC (TC),COMPUTER_LAB
5011B0,NHAP MON DIEN TOAN,COMPUTER_LAB
501501,T/TAP DIEN TOAN CAN BAN,COMPUTER_LAB
501502,NHAP MON DIEN TOAN,COMPUTER_LAB
501503,LAP TRINH CAN BAN,COMPUTER_LAB
501504,TOAN MAY TINH 1(LTDOTHI),COMPUTER_LAB
501505,KY THUAT SO,ELECTRICAL_LAB
501506,CAU TRUC DU LIEU,COMPUTER_LAB
501507,TOAN MAY TINH 2(LTTAPHOP,COMPUTER_LAB
501508,NGON NGU LAP TRINH,COMPUTER_LAB
501509,XU LY TIN HIEU SO,COMPUTER_LAB
501510,TO CHUC & CAU TRUC MTINH,GENERAL
501512,HE DIEU HANH,GENERAL
501513,CO SO DU LIEU,COMPUTER_LAB
501514,LY THUYET AUTOMAT & NNHT,GENERAL
501515,PT & THIET KE GIAI THUAT,GENERAL
501516,KT VI XU LY & MAY TINH,GENERAL
501517,CONG NGHE PHAN MEM,COMPUTER_LAB
501518,LOGIC TOAN,GENERAL
501519,CHUONG TRINH DICH,COMPUTER_LAB
501520,KY THUAT TRUYEN SO LIEU,GENERAL
501522,MANG MAY TINH,GENERAL
501523,TRI TUE NHAN TAO,COMPUTER_LAB
501524,DO HOA MAY TINH (C.GRAP),COMPUTER_LAB
501525,XU LY SSONG - HE PHAN BO,GENERAL
501526,PT & THIET KE HE THONG,GENERAL
501528,TK GIAI THUAT SONG SONG,GENERAL
501529,TOP DOWN DESIGN,GENERAL
501530,THIET KE CO SO DU LIEU,GENERAL
501531,LAP TRINH MANG,GENERAL
501534,PHUONG PHAP TINH,GENERAL
501535,MACH MAY TINH,GENERAL
501536,TU TUONG HO CHI MINH,GENERAL
501537,KY THUAT TRI THUC,GENERAL
501538,DANH GIA HE THONG M/TINH,GENERAL
501539,T/HANH LAP TRINH CAN BAN,COMPUTER_LAB
501540,THUC HANH HE DIEU HANH,COMPUTER_LAB
501601,TIN HOC,COMPUTER_LAB
501602,THUC HANH TIN HOC,COMPUTER_LAB
501701,BT NHAP MON TIN HOC A,COMPUTER_LAB
501702,NGON NGU LTRINHTIEN TIEN,GENERAL
501703,NGUYEN LY BIEN DICH &LT,GENERAL
501704,CAU TRUC DU LIEU NANGCAO,GENERAL
501705,TIN HOC,GENERAL
501706,THUC HANH TIN HOC,COMPUTER_LAB
501707,PT TH/KE HUONG DOI TUONG,GENERAL
501708,CAC KT & THU TUC CAI DAT,GENERAL
501710,MANG MAY TINH,COMPUTER_LAB
501711,CS DU LIEU &CAC HE THTIN,GENERAL
501712,TIN HOC,GENERAL
501713,THUC HANH TIN HOC,COMPUTER_LAB
501714,TIN HOC (BT),COMPUTER_LAB
501715,MANG MAY TINH (TN),COMPUTER_LAB
501801,TIN HOC DAI CUONG,COMPUTER_LAB
501827,KY THUAT LAP TRINH,GENERAL
501828,THIET KE LUAN LY 1,GENERAL
501829,THUC HANH KT LAP TRINH,COMPUTER_LAB
501833,THUC HANH TIN HOC,COMPUTER_LAB
502001,LAPTRINH HUONG DOI TUONG,COMPUTER_LAB
502002,CONG NGHE PHAN MEM,COMPUTER_LAB
502003,QUAN LY DU AN PHAN MEM,GENERAL
502004,DAC TA HINH THUC,GENERAL
502005,GIAI THUAT NANG CAO,GENERAL
502006,XDUNG CHUONG TRINH DICH,GENERAL
502007,KIEM TRA PHAN MEM,GENERAL
502008,KIEN TRUC PHAN MEM,GENERAL
502009,CONG NGHE PHAN MEM (BT),COMPUTER_LAB
502010,XD CHUONGTRINH DICH (BT),COMPUTER_LAB
502011,KIEM TRA PHAN MEM (BT),COMPUTER_LAB
502012,QLY DU AN PHAN MEM (BT),COMPUTER_LAB
502013,TT CONG NGHE PHAN MEM,COMPUTER_LAB
502014,LAPTRINH HUONG DTUONG(TH,COMPUTER_LAB
502015,KIEM THU TU DONG,GENERAL
502016,KIEM THU TU DONG (BT),COMPUTER_LAB
502017,KIEN TRUC PHAN MEM(bt),COMPUTER_LAB
502801,LAPTRINH HUONG DOI TUONG,GENERAL
503001,CAU TRUC DULIEU & GTHUAT,COMPUTER_LAB
503002,HE CO SO DU LIEU,COMPUTER_LAB
503003,PT & THIET KE GIAI THUAT,GENERAL
503004,HE QUANTRI CO SO DU LIEU,GENERAL
503005,"CSDL PHAN TAN, HUONG DTG",GENERAL
503006,PT & THIET KE HE THONG,GENERAL
503007,THUONG MAI DIEN TU,COMPUTER_LAB
503008,KHAI PHA DU LIEU,COMPUTER_LAB
503009,BAO MAT HETHONG THONGTIN,COMPUTER_LAB
503010,CAU TRUC DULIEU & GT (BT,COMPUTER_LAB
503011,HE CO SO DU LIEU (TH),COMPUTER_LAB
503012,THUONG MAI DIEN TU (BT),COMPUTER_LAB
503013,KHAI PHA DU LIEU (BT),COMPUTER_LAB
503014,BMAT HE THONG THTIN (BT),COMPUTER_LAB
503801,CAU TRUC DULIEU & GTHUAT,GENERAL
503802,HE CO SO DU LIEU,COMPUTER_LAB
504001,THIET KE LUAN LY 2,GENERAL
504002,KIEN TRUC MAY TINH,GENERAL
504003,KY THUAT TRUYEN SO LIEU,GENERAL
504004,TT PHAN CUNG MAY TINH,ELECTRICAL_LAB
504005,XU LY TIN HIEU SO,GENERAL
504007,VI XU LY - VI DIEU KHIEN,GENERAL
504008,TN VI XULY-VI DIEU KHIEN,ELECTRICAL_LAB
504009,T/KE VI MACH SO VOI HDL,GENERAL
504011,TKE VI MACH VLSI VOI MT,GENERAL
504012,HE THOI GIAN THUC,ELECTRICAL_LAB
504013,TKE TREN CO SO VI XU LY,GENERAL
504014,TN THIET KE LUAN LY,ELECTRICAL_LAB
504015,UNG DUNG HE THONG NHUNG,ELECTRICAL_LAB
504016,TONG HOP LUAN LY VI MACH,COMPUTER_LAB
504017,THIET KE VI MACH ASIC,COMPUTER_LAB
504018,XU LY TIN HIEU SO (BT),GENERAL
504019,TK VI MACH SO VOI HDL(BT,GENERAL
504020,KT TRUYEN SO LIEU (BT),GENERAL
504021,TK VIMACH VLSI VOI MT(BT,COMPUTER_LAB
504022,UD HE THONG NHUNG (BT),ELECTRICAL_LAB
504023,TH LUAN LY VI MACH (BT),ELECTRICAL_LAB
504024,HE THOI GIAN THUC (BT),ELECTRICAL_LAB
504025,TKE TREN CO SO VXL (BT),GENERAL
504026,THIET KE LUAN LY 2 (BT),GENERAL
504027,KIEN TRUC MAY TINH (BT),GENERAL
504028,PT UD INTERNET OF THINGS,ELECTRICAL_LAB
504029,PTUD INTERNET OF TH (TH),ELECTRICAL_LAB
504802,KIEN TRUC MAY TINH,GENERAL
505001,TOAN ROI RAC 1,GENERAL
505002,TOAN ROI RAC 2,GENERAL
505003,N/LY NGON NGU LAP TRINH,COMPUTER_LAB
505004,TRI TUE NHAN TAO,COMPUTER_LAB
505005,DO HOA MAY TINH,COMPUTER_LAB
505006,TTUE NTAO VOISU KG CCHAN,COMPUTER_LAB
505007,XU LY NGON NGU TU NHIEN,COMPUTER_LAB
505008,HOC MAY,COMPUTER_LAB
505009,HE THONG THONG MINH,COMPUTER_LAB
505010,XU LY ANH&THI GIAC MTINH,COMPUTER_LAB
505011,LY THUYET THONG TIN,GENERAL
505012,LT AUTOMAT &NGNGU H/THUC,GENERAL
505013,DAI SO TINH TOAN,GENERAL
505014,TOI UU TO HOP,GENERAL
505015,THIET KE THI NGHIEM,GENERAL
505016,NGLY NGONNGU LTRINH (BT),COMPUTER_LAB
505017,TRI TUE NHAN TAO (BT),COMPUTER_LAB
505018,DO HOA MAY TINH (BT),COMPUTER_LAB
505019,XL NGON NGU TU NHIEN (BT,COMPUTER_LAB
505020,HE THONG THONG MINH (BT),COMPUTER_LAB
505023,TOAN ROI RAC 1 (BT),GENERAL
505024,UD TOAN&TH TRONG Q/LY SX,GENERAL
505025,P/T UD TREN T/BI DI DONG,COMPUTER_LAB
505026,LAP TRINH GAME,COMPUTER_LAB
505027,MANG XA HOI & THONG TIN,GENERAL
5050B2,TOAN ROI RAC 2,GENERAL
505801,TOAN ROI RAC 1,GENERAL
505802,TOAN ROI RAC 2,GENERAL
506001,HE DIEU HANH,COMPUTER_LAB
506002,MANG MAY TINH 1,COMPUTER_LAB
506003,MANG MAY TINH 2,COMPUTER_LAB
506004,D/GIA HIEU NANG HE THONG,GENERAL
506005,MAT MA & AN NINH MANG,COMPUTER_LAB
506006,HE DIEU HANH (BT),COMPUTER_LAB
506007,MANG MAY TINH 1 (BT),COMPUTER_LAB
506008,MANG MAY TINH 2 (BT),COMPUTER_LAB
506009,MAT MA &AN NINH MANG (BT,COMPUTER_LAB
506010,LAP TRINH WEB,COMPUTER_LAB
506011,LAP TRINH WEB (BT),COMPUTER_LAB
506012,H/THONG THIET BI DI DONG,ELECTRICAL_LAB
506013,H/THONGTHIETBI D/DONG(BT,ELECTRICAL_LAB
506014,D/GIAHIEU NANGH/THONG(BT,COMPUTER_LAB
506801,HE DIEU HANH,COMPUTER_LAB
5X0300,KY NANG GTIEP-NGANH NGHE,GENERAL
5X1601,TIN HOC DAI CUONG,COMPUTER_LAB
5X1603,NHAP MON C.NGHE PHAN MEM,COMPUTER_LAB
5X1605,KIEM TRA THU PHAN MEM,COMPUTER_LAB
5X1607,CONG NGHE JAVA,COMPUTER_LAB
5X1609,CONG NGHE XML & UNG DUNG,COMPUTER_LAB
5X2601,L.TRINH HUONG DOI TUONG,COMPUTER_LAB
5X2603,C.TRUC D.LIEU & G.THUAT,COMPUTER_LAB
5X2605,THIET KE WEB,COMPUTER_LAB
5X2607,LAP TRINH WEB,COMPUTER_LAB
5X2609,DO HOA UNG DUNG,COMPUTER_LAB
5X2611,TOAN ROI RAC,GENERAL
5X2627,KY THUAT LAP TRINH,COMPUTER_LAB
5X3601,TIN HOC QUAN LY,COMPUTER_LAB
5X3602,HE CO SO DU LIEU,COMPUTER_LAB
5X3603,LAP TRINH UNG DUNG CSDL,COMPUTER_LAB
5X3604,HE QUAN TRI CSDL,COMPUTER_LAB
5X3609,BAO MAT HTHONG THONG TIN,COMPUTER_LAB
5X4602,CAU TRUC MAY TINH,COMPUTER_LAB
5X6601,MANG MAY TINH CAN BAN,COMPUTER_LAB
5X6603,QUAN TRI MANG,COMPUTER_LAB
5X6605,HE DIEU HANH,COMPUTER_LAB
5X6607,LAP TRINH MANG,COMPUTER_LAB
5X6609,AN NINH MANG,COMPUTER_LAB
600002,ANH VAN KY THUAT,GENERAL
600005,CHUYEN DE,GENERAL
600006,THUC TAP QT THIET BI,CHEMISTRY_LAB
600010,TOI UU HOA & QHOACH TN,GENERAL
600031,QUA TRINH&THIET BI CN 1,GENERAL
600300,KY NANG GTIEP-NGANH NGHE,GENERAL
601001,TN CHUYEN DE DAU KHI,CHEMISTRY_LAB
601002,AN TOAN QUA TRINH,GENERAL
601003,CONG NGHE LOC DAU,GENERAL
601004,CONG NGHE CHE BIEN KHI,GENERAL
601005,HOA HOC & HOA LY POLYME,GENERAL
601006,CAC SAN PHAM DAU KHI,GENERAL
601007,AN TOAN MT DK (TU CHON),GENERAL
601008,CO SO KY THUAT POLYMER,GENERAL
601009,"KT DUONG ONG,BE CHUA DAU",GENERAL
601010,C/BANG V/CHAT& CB NLUONG,GENERAL
601011,TONG HOP HUU CO HOA DAU,GENERAL
601012,CONG NGHE HOA DAU,GENERAL
601013,TIEU LUAN CNGANH DAU KHI,GENERAL
601014,LOC DAU& SAN PHAM DAU MO,GENERAL
601015,KT TINH TOAN TRONG CNDK,GENERAL
601016,XUC TAC CN TRG CB DAUKHI,GENERAL
601017,TB TRG CN C/BIEN DAU KHI,GENERAL
601018,NHIEN LIEU S/HOC&TAI TAO,GENERAL
601019,VAN HANH&TOIUU NM LOCDAU,GENERAL
601051,TK DUONG ONG & BE CHUA,GENERAL
601052,CAC SAN PHAM DAU KHI,GENERAL
601053,HOA HOC & HOA LY POLYMER,GENERAL
601054,TN P/TICH CAC SP DAU KHI,CHEMISTRY_LAB
601055,CONG NGHE CHE BIEN KHI,GENERAL
601056,TONG HOP HUU CO & HOADAU,GENERAL
601057,CONG NGHE LOC DAU,GENERAL
601058,HOA HOC & HOA LY POLYMER,GENERAL
601059,CONG NGHE CHE BIEN KHI,GENERAL
601060,"KT DUONG ONG,BE CHUA DAU",GENERAL
601061,KT SAN XUAT CHAT DEO,GENERAL
601062,CAC SAN PHAM DAU KHI,GENERAL
601063,TN CHUYEN DE DAU KHI,CHEMISTRY_LAB
601701,HOA HOC,CHEMISTRY_LAB
601702,NGUYEN LY HOA CONGNGHIEP,GENERAL
601703,AN MON & CHONG AN MON(2A,GENERAL
601901,ANTOAN LD & MTRUONG DKHI,GENERAL
601902,CONG NGHE CHE BIEN KHI,GENERAL
602001,HOA KEO,GENERAL
602002,CAC PP PHAN TICH HIENDAI,CHEMISTRY_LAB
602003,KY THUAT XUC TAC,GENERAL
602004,HOA HOC BE MAT,GENERAL
602005,DIEN HOA C/RAN&PIN NLIEU,GENERAL
602006,HOA HOC NANO,GENERAL
602007,HOA LY HOA KEO,GENERAL
602008,PHAN TICH KY THUAT,GENERAL
602009,TN PHAN TICH HOA HOC,CHEMISTRY_LAB
602010,KY THUAT PHAN UNG DI THE,GENERAL
602011,HOA PHAN TICH,GENERAL
602012,THI NGHIEM HOA PHAN TICH,CHEMISTRY_LAB
602013,HOA LY 1,GENERAL
602014,HOA LY 2,GENERAL
602015,THI NGHIEM HOA LY,CHEMISTRY_LAB
602016,KY THUAT XUC TAC,GENERAL
602017,PHAN TICH HOA LY,GENERAL
602018,HOA LY KY THUAT,CHEMISTRY_LAB
602019,TN HOA PHAN TICH A,CHEMISTRY_LAB
602020,TN HOA PHAN TICH B,CHEMISTRY_LAB
602021,HOA LY,GENERAL
602022,THI NGHIEM HOA PHAN TICH,CHEMISTRY_LAB
602023,HOA PHAN TICH,GENERAL
602024,HOA KEO,GENERAL
602025,HOA PHAN TICH B,GENERAL
602026,HOA LY KY THUAT,GENERAL
602027,THI NGHIEM HOA LY A,CHEMISTRY_LAB
602028,THI NGHIEM HOA LY B,CHEMISTRY_LAB
602029,CAC PP PHAN TICH HOA LY,GENERAL
602030,AN MON & BAO VE VAT LIEU,GENERAL
602031,LY HOA HOC CHAT RAN & UD,GENERAL
602032,NHIET DHBT NGHICH M.MONG,GENERAL
602033,HOA LY KY THUAT,GENERAL
602034,VAT LIEU HOC,GENERAL
602035,KY THUAT DIEN HOA,GENERAL
602036,TN XT DI THE - DIEN HOA,CHEMISTRY_LAB
602037,XUC TAC DI THE,GENERAL
602038,HOA PHAN TICH,GENERAL
602039,HOA LY 2,GENERAL
602040,THI NGHIEM HOA LY (CDH),CHEMISTRY_LAB
602041,TN HOA PHAN TICH (CDH),CHEMISTRY_LAB
602042,VAT LIEU HOC (CDH),GENERAL
602043,HOA LY (CNVL),CHEMISTRY_LAB
602044,THI NGHIEM XUC TAC,CHEMISTRY_LAB
602045,TN KY THUAT DIEN HOA,CHEMISTRY_LAB
602046,HOA LY KY THUAT,GENERAL
602047,LY - HOA HOC CHAT RAN,GENERAL
602048,HOA LY 2,GENERAL
602049,THI NGHIEM HOA LY KT,CHEMISTRY_LAB
602050,XUC TAC UNG DUNG,GENERAL
602051,HOA LY 1,GENERAL
602052,P/TICH HOA HOC & HOA LY,GENERAL
602053,HOA LY 2,GENERAL
602054,HOA KEO,GENERAL
602055,THI NGHIEM HOA PHAN TICH,CHEMISTRY_LAB
602056,THI NGHIEM HOA LY,CHEMISTRY_LAB
602057,KY THUAT XUC TAC,GENERAL
602058,HOA LY KY THUAT,GENERAL
602059,HOA LY 1,GENERAL
602060,HOA LY 2,GENERAL
602061,HOA PHAN TICH,GENERAL
602062,VAT LIEU HOC,GENERAL
602063,THI NGHIEM HOA LY,CHEMISTRY_LAB
602064,HOA LY 2,GENERAL
602065,KY THUAT XUC TAC,GENERAL
602066,THI NGHIEM HOA PHAN TICH,CHEMISTRY_LAB
602067,CAC PP PTICH HIENDAI (TH,CHEMISTRY_LAB
6020B1,HOA PHAN TICH,GENERAL
6020B3,HOA LY 1,GENERAL
602101,TN CAC PP PHANTICH HOALY,CHEMISTRY_LAB
602102,LY-HOA HOC CRAN& UDUNG A,GENERAL
602103,BUC XA VA UNG DUNG,GENERAL
602104,HOA LY CHUYEN NGANH,GENERAL
602105,TIEU LUAN CNGANH HOA LY,GENERAL
602106,TN CAC PP P/TICH HOA LY,CHEMISTRY_LAB
602107,THI NGHIEM HOA PHAN TICH,CHEMISTRY_LAB
602901,BE MAT TIEP XUC PHA,GENERAL
602902,KT SX DIEN HOA &PP NC DH,GENERAL
602903,AN MON - BAO VE KIM LOAI,GENERAL
602B07,HOA LY HOA KEO,GENERAL
603001,DINH DUONG,GENERAL
603003,C/NGHE CHE BIEN THUY SAN,GENERAL
603004,CONG NGHE CHE BIEN THIT,GENERAL
603005,AN TOAN THUC PHAM,GENERAL
603006,CONG NGHE SAU THU HOACH,GENERAL
603007,VI SINH THUC PHAM,GENERAL
603008,LUAT THUC PHAM,GENERAL
603009,MARKETING THUC PHAM,GENERAL
603010,PHAT TRIEN SP THUC PHAM,GENERAL
603011,KT CHE BIEN RAU QUA,GENERAL
603012,KTKT C/BIENDAU BEO-DUONG,GENERAL
603013,"KT CHE BIEN THIT,CA, SUA",GENERAL
603014,"KTCB TRA,CAFE,CACAO,T.LA",GENERAL
603015,QUAN LY CHAT LUONG SPHAM,GENERAL
603016,HOA SINH VI SINH CNGHIEP,GENERAL
603017,TN HOA SINH VI SINH CN,CHEMISTRY_LAB
603018,KT THUC PHAM DAI CUONG,GENERAL
603019,AN TOAN LAO DONG,GENERAL
603020,CO SO T/KE NM HOA CHAT,GENERAL
603021,HOA SINH THUC PHAM,GENERAL
603022,THI NGHIEM HOA SINH TP,CHEMISTRY_LAB
603023,VI SINH,GENERAL
603024,TN VI SINH VAT HOC TP,CHEMISTRY_LAB
603025,KT THUC PHAM DAI CUONG,GENERAL
603026,CNGHE SINH HOC DAI CUONG,GENERAL
603027,CONG NGHE SINH HOC,GENERAL
603028,HOA SINH CONG NGHIEP,GENERAL
603029,VI SINH VAT HOC TPHAM,GENERAL
603030,CHAT PHU GIA & BAO BI TP,GENERAL
603031,CNGHE DUONG LUONG THUC,GENERAL
603032,DINH DUONG & VE SINH TP,GENERAL
603033,CN THUC PHAM 1(CN VS TP),GENERAL
603039,CONG NGHE SAN PHAM LT,GENERAL
603040,CHAT LUONG THUC PHAM,GENERAL
603041,BAO QUAN THUC PHAM,GENERAL
603042,LEN MEN THUC PHAM,GENERAL
603043,"CONG NGHE THIT, CA, SUA",GENERAL
603044,CONG NGHE RAU QUA,GENERAL
603045,"CNGHE TRA, CACAO, CAFE",GENERAL
603046,CONG NGHE DUONG MIA,GENERAL
603047,CNGHE DAU MO THUC PHAM,GENERAL
603048,KT QUAN LY CHAT LUONG TP,CHEMISTRY_LAB
603049,CN THUC PHAM 2(DUONG LT),GENERAL
603051,CO SO THIET KE NHA MAY,GENERAL
603052,TN VI SINH CONG NGHIEP,CHEMISTRY_LAB
603053,CHUYEN DE THUC PHAM 2,GENERAL
603054,VI SINH,GENERAL
603055,HOA SINH,GENERAL
603056,THI NGHIEM HOA SINH,CHEMISTRY_LAB
603057,KT THUC PHAM DAI CUONG,GENERAL
603058,BAO QUAN & C.BIEN L/THUC,GENERAL
603059,KY THUAT LEN MEN,GENERAL
603060,CHAT PHU GIA THUC PHAM,GENERAL
603061,KTHUAT CHE BIEN RAU QUA,GENERAL
603062,"KT KT CB DAU AN, DUONG",GENERAL
603063,"KT C/BIEN THIT, CA, SUA",GENERAL
603064,"KT CB TRA,CAFE,TL,CACAO",GENERAL
603065,KY THUAT AN TOAN LAODONG,GENERAL
603066,T/CHUAN DL.CL SAN PHAM,GENERAL
603067,CO SO T/KE NM HOA CHAT,GENERAL
603068,AN TOAN LAO DONG,GENERAL
603069,"CN THUC PHAM 3(THIT,CA)",GENERAL
603070,"CN THUC PHAM 4(RAU,QUA)",GENERAL
603071,CN CHE BIEN LUONG THUC,GENERAL
603072,"CN BAO QUAN, CB RAU QUA",GENERAL
603073,"CN CHE BIEN THIT,THUYSAN",GENERAL
603074,CN CHE BIEN DAU MO TP,GENERAL
603075,"CN SX TRA, CAFE, CACAO",GENERAL
603076,"CNGHE SX CHAT MAU,MUI TP",GENERAL
603077,BAO BI & PHU GIA T/PHAM,GENERAL
603078,CN SX DUONG & BANH KEO,GENERAL
603079,THIET KE MAY &NHA MAY TP,GENERAL
603080,CN LEN MEN THUC PHAM,GENERAL
603081,CAC QT C/BIEN TRONG CNTP,GENERAL
603082,CN SAN XUAT DAU MO TPHAM,GENERAL
603083,"CN C/BIEN TRA,CAFE,CACAO",GENERAL
603101,HOA SINH THUC PHAM,GENERAL
603102,THI NGHIEM HOA SINH,CHEMISTRY_LAB
603103,TN CONG NGHE THUC PHAM,CHEMISTRY_LAB
603104,VI SINH THUC PHAM (CDH),GENERAL
603105,AN TOAN LD TRG MTR TPHAM,GENERAL
603106,CAC QTRINH CB TRONG CNTP,GENERAL
603107,TN VI SINH (CDH),CHEMISTRY_LAB
603108,DINH DUONG & AN TOAN TP,GENERAL
603109,C/NGHE LUONG THUC (CDH),GENERAL
603110,"C/NGHE DUONG,BANH KEO(CD",GENERAL
603111,C/NGHE THIT CA (CDH),GENERAL
603112,C/NGHE LEN MEN (CDH),GENERAL
603113,C/NGHE RAU QUA (CDH),GENERAL
603114,"C/NGHE DAU MO, SUA (CDH)",GENERAL
603115,"C/NGHE TRA,CAFE,CCAO (CD",GENERAL
603116,C/NGHE BAOBI PGIA TP (CD,GENERAL
603117,QLY CH/LUONG TPHAM (CDH),GENERAL
603118,CONG NGHE SINH HOC,GENERAL
603119,KT & QTRI CHAT LUONG SP,GENERAL
603120,CNGHE SAU T/HOACH &BQ TP,GENERAL
603121,VAN HOA AM THUC VIET NAM,GENERAL
603122,ISO TRONG CN THUC PHAM,GENERAL
603123,LUAT KHOA HOC & CNGHE VN,GENERAL
603124,VANDE TPHAM BIEN DOI GEN,GENERAL
603125,TPHAM CHUC NANG (C/BENH),GENERAL
603126,HOA HOC THUC PHAM,GENERAL
603127,TN PHAN TICH THUC PHAM,CHEMISTRY_LAB
603128,SINH HOC DAI CUONG,GENERAL
603129,CNGHE LEN MEN THUC PHAM,GENERAL
603130,CNGHE CHE BIEN THUC PHAM,GENERAL
603131,PHAN TICH CAM QUAN TPHAM,GENERAL
603132,TK MAY & N/MAY THUC PHAM,GENERAL
603133,TIN HOC TRONG CN T/PHAM,GENERAL
603134,PHAN TICH THUC PHAM,GENERAL
603135,TN CAM QUAN THUC PHAM,OTHER_SPECIAL
603137,CNSX SP TU SUA&THUC UONG,GENERAL
603138,"CN BAO BI, DONG GOI TP",GENERAL
603139,HOA SINH THUC PHAM,GENERAL
603140,VI SINH THUC PHAM,GENERAL
603143,DINH DUONG & AN TOAN TP,GENERAL
603145,TN QUA TRINH & TBI CNTP,OTHER_SPECIAL
603148,QUAN TRI CHAT LUONG TP,GENERAL
603151,HOA SINH CONG NGHIEP,GENERAL
603152,VI SINH CONG NGHIEP,GENERAL
603153,KT THUC PHAM DAI CUONG,GENERAL
603154,TN HOA SINH & VI SINH,CHEMISTRY_LAB
603155,HOA SINH CONG NGHIEP,GENERAL
603156,CONG NGHE LEN MEN THPHAM,GENERAL
603157,CN BQUAN &CHE BIEN LTHUC,GENERAL
603158,KT & QUANTRI CHLUONG THP,GENERAL
603159,AN TOAN LAO DONG,GENERAL
603160,"CN CHE BIEN THIT, CA",GENERAL
603161,CN CHE BIEN RAU QUA,GENERAL
603162,CN SX DUONG & BANH KEO,GENERAL
603901,KT CHE BIEN DAU - DUONG,GENERAL
603902,P/PHAP CAM QUAN THUCPHAM,GENERAL
603903,CNGHE CHE BIEN RAU QUA,GENERAL
603904,CNGHE CHE BIEN THIT CA,GENERAL
603905,CN CHE BIEN & BQ L/THUC,GENERAL
603906,KT SU DUNG PHU GIA TPHAM,GENERAL
603907,"CN C/BIEN TRA,CAFE,CACAO",GENERAL
603908,CNGHE LEN MEN THUC PHAM,GENERAL
604001,HOA HOC DAI CUONG A,GENERAL
604002,HOA HOC DAI CUONG B,GENERAL
604003,THI NGHIEM HOA DAI CUONG,CHEMISTRY_LAB
604004,CAC PP VLY NGCUU CHATRAN,GENERAL
604005,HH CAC HOP CHAT PHOI TRI,GENERAL
604007,THI NGHIEM HOA VO CO,CHEMISTRY_LAB
604008,HOA DAI CUONG,GENERAL
604009,HOA VO CO,GENERAL
604010,THI NGHIEM HOA DAI CUONG,CHEMISTRY_LAB
604011,THI NGHIEM HOA VO CO,CHEMISTRY_LAB
604012,GIAN DO PHA,GENERAL
604013,KT XAY LO CN SILICAT,GENERAL
604014,VAT LIEU CHIU LUA,GENERAL
604015,KY THUAT GOM SU,GENERAL
604016,KY THUAT THUY TINH,GENERAL
604017,CHAT KET DINH VO CO,GENERAL
604018,NGUYEN LY LO,GENERAL
604019,HOA LY SILICAT,GENERAL
604020,KT SILICAT DAI CUONG,GENERAL
604021,VAT LIEU HOC,GENERAL
604022,HOA HOC DAI CUONG A,GENERAL
604023,KTXL BATHAIQUANG BAUXITE,GENERAL
604024,GACH CHIU LUA,GENERAL
604025,"BE MAT TIEP XUC, PC PHA",GENERAL
604026,KY THUAT DIEN HOA,GENERAL
604027,P/PHAP NGHIEN CUU DH,GENERAL
604028,C/NGHE HOP CHAT VO CO,GENERAL
604029,THI NGHIEM CHUYEN DE,CHEMISTRY_LAB
604030,CONG NGHE HOP CHAT VO CO,GENERAL
604031,HOA DAI CUONG VO CO,GENERAL
604032,KY THUAT DIEN HOA,GENERAL
604033,KT S/XUAT CAC CHAT VO CO,GENERAL
604034,HIENTUONG BEMAT TXUC PHA,GENERAL
604035,T/NGHIEM HOA DAI CUONG A,CHEMISTRY_LAB
604036,VAT LIEU HOC,GENERAL
604037,KY THUAT DIEN HOA,GENERAL
604038,GIAN DO PHA,GENERAL
604039,HOA VO CO (CDH),GENERAL
604040,HOA DAI CUONG (CD),GENERAL
604041,TN HOA DAI CUONG (CD),CHEMISTRY_LAB
604042,HOA DAI CUONG (CDH),GENERAL
604043,TN HOA VO CO (CDH),CHEMISTRY_LAB
604044,HOA DAI CUONG (DL),GENERAL
604045,HOA DAI CUONG,GENERAL
604046,THI NGHIEM HOA DAI CUONG,CHEMISTRY_LAB
604047,BAI TAP HOA DAI CUONG,GENERAL
604048,BAI TAP HOA DAI CUONG A,GENERAL
604051,HOA DAI CUONG,GENERAL
604052,HOA VO CO,GENERAL
604053,THI NGHIEM HOA CO BAN,CHEMISTRY_LAB
604054,KY THUAT CAC CHAT NPS,GENERAL
604055,KY THUAT DIEN HOA,GENERAL
604056,HOA DAI CUONG,GENERAL
604057,VAT LIEU HOC,GENERAL
604058,TN HOA DAI CUONG VO CO 1,CHEMISTRY_LAB
604059,TN HOA VO CO,CHEMISTRY_LAB
604060,TN HOA DAI CUONG 1,CHEMISTRY_LAB
604061,HOA DAI CUONG,GENERAL
604062,HOA DAI CUONG,GENERAL
6040B2,HOA HOC DAI CUONG B,GENERAL
604101,TN CHUYEN NGANH VO CO,CHEMISTRY_LAB
604102,CN SX MUOI AN TU NC BIEN,GENERAL
604103,CONG NGHE BOXIT,GENERAL
604104,CN SX CAC CHAT MAU VO CO,GENERAL
604105,CN XLY CHAT THAI CNGHIEP,GENERAL
604106,TIEU LUAN CNGANH VO CO,GENERAL
604151,TN HOA VO CO,CHEMISTRY_LAB
604152,TN HOA VO CO DAI CUONG,CHEMISTRY_LAB
604153,CN SX CAC CHAT VO CO,GENERAL
604402,GENERAL CHEMISTRY 1,GENERAL
604601,HOA DAI CUONG,GENERAL
604701,BT HOA HOC DAI CUONG A,GENERAL
604801,HOA DAI CUONG B,GENERAL
604802,HOA HOC DAI CUONG B,GENERAL
604901,GIAN DO PHA,GENERAL
604902,KY THUAT DIEN HOA,GENERAL
604903,KY THUAT VO CO,GENERAL
604904,KY THUAT SILICAT,GENERAL
604905,NGUYEN LY LO,GENERAL
604906,PHAN UNG TRONG PHA RAN,GENERAL
604907,VAT LIEU CHIU LUA,GENERAL
604908,CN SX HOP CHAT VO CO,GENERAL
604909,THI NGHIEM CHUYEN DE,CHEMISTRY_LAB
604910,CHUYEN DE VO CO,GENERAL
604911,BE MAT TIEP XUC PHASE,GENERAL
604912,PHUONG PHAP NC,GENERAL
605001,UD TIN HOC TRONG CNHH&TP,COMPUTER_LAB
605002,MO PHONG & TOI UU HOA,COMPUTER_LAB
605003,CO SO CH/DOI KICH THUOC,GENERAL
605004,PP SO TRONG C/NGHE H/HOC,GENERAL
605005,LY THUYET TRUYEN KHOI,GENERAL
605006,KY THUAT SAY - LAM AM,GENERAL
605007,KT CHUNG CAT PHAN DOAN,GENERAL
605008,HAP THU - TRICH LY,GENERAL
605009,SAY CHE BIEN THUC PHAM,GENERAL
605010,KT PHAN UNG DONG THE,GENERAL
605011,TN QUA TRINH & THIET BI,CHEMISTRY_LAB
605013,KY THUAT LANH THUC PHAM,GENERAL
605014,MAY LANH VA TRAM LANH,GENERAL
605015,KY THUAT PHAN RIENG,GENERAL
605016,CHUNG CAT DA CAU TU,GENERAL
605017,CO LUU CHAT PHI NEWTON,GENERAL
605018,LO DOT CONG NGHIEP,GENERAL
605019,KY THUAT LANH,GENERAL
605020,VAN CHUYEN VAT LIEU ROI,GENERAL
605021,CO SO T/KE MAY HOA CHAT,GENERAL
605022,THIET BI TRUYEN NHIET,GENERAL
605023,KY THUAT LOC VA HOA DAU,GENERAL
605024,THIET BI NGANH DAU KHI,GENERAL
605025,THIET BI TRUYEN KHOI,GENERAL
605026,THIET BI PHAN UNG,GENERAL
605027,TN QUA TRINH & THIET BI,CHEMISTRY_LAB
605029,THIET BI TRUYEN NHIET,GENERAL
605030,THIET KE-CHE TAO MAY HOA,GENERAL
605031,CAC QUA TRINH CO HOC A,GENERAL
605032,MO HINH HOA QT,GENERAL
605033,TK HE THONG DK,GENERAL
605034,KT VAN HANH THIET BI,GENERAL
605035,XU LY CHAT THAI C/NGHIEP,GENERAL
605036,KY THUAT SONG,GENERAL
605037,KY THUAT PHAN UNG,GENERAL
605038,TN QUA TRINH THIET BI,CHEMISTRY_LAB
605039,KY THUAT PHAN RIENG,GENERAL
605041,CHUNG CAT DA CAU TU,GENERAL
605042,THI NGHIEM CHUYEN DE,GENERAL
605043,CHUNG CAT DA CAU TU,GENERAL
605044,KY THUAT LANH,GENERAL
605045,TIN HOC TRONG HH & CNHH,COMPUTER_LAB
605046,CO SO THIET KE NHA MAY,GENERAL
605048,KY THUAT CHAN KHONG,GENERAL
605049,LY THUYET TRUYEN VAN,GENERAL
605050,MO HINH HOA & DK Q/TRINH,COMPUTER_LAB
605051,CAC QUA TRINH CO HOC,GENERAL
605052,TRUYEN NHIET,GENERAL
605053,TRUYEN KHOI,GENERAL
605054,KY THUAT PHAN UNG,GENERAL
605055,TN QUA TRINH & THIET BI,CHEMISTRY_LAB
605057,KY THUAT LANH THUC PHAM,GENERAL
605058,KY THUAT SAY,GENERAL
605059,MAY LANH,GENERAL
605060,LY THUYET TRUYEN VAN,GENERAL
605061,KT CHUNG CAT DA CAU TU,GENERAL
605062,KT PHAN UNG DI THE,GENERAL
605063,KY THUAT LANH,GENERAL
605064,CO HOC LC PHI NEWTON,GENERAL
605065,DUNG CU DO,GENERAL
605066,KY THUAT CHAN KHONG,GENERAL
605067,TRUYEN KHOI A,GENERAL
605068,KY THUAT MOI TRUONG,GENERAL
605069,CSTKE MAY & T/BI HOA HOC,GENERAL
605070,CN TRICH CHIET &TINH CHE,GENERAL
605071,CONG NGHE HAT BOT,GENERAL
605072,SX DUOC PHAM & DONG GOI,GENERAL
605073,D/K Q/TR TRG CN HOA DUOC,GENERAL
605074,TN C/NGANH CN SX D/PHAM,CHEMISTRY_LAB
605101,THIET BI CO LUU CHAT,GENERAL
605102,CO SO TH/KE NHA MAY TP,GENERAL
605103,KY THUAT PHAN UNG (CD),GENERAL
605105,TRUYEN NHIET A,GENERAL
605106,MO HINH HOA & TOI UU HOA,GENERAL
605108,KY THUAT DO & DIEU KHIEN,GENERAL
605110,LY THUYET CHUYEN QUI MO,GENERAL
605111,KY THUAT KET TINH,GENERAL
605112,D/KHIEN TOI UU TRG CNHH,GENERAL
605113,CAC QUA TRINH CO HOC B,GENERAL
605114,TRUYEN KHOI B,GENERAL
605115,TRUYEN NHIET B,GENERAL
605116,TN CNGANH QUA TRINH &TBI,CHEMISTRY_LAB
605117,UD TINHOC TRG CN HOA HOC,COMPUTER_LAB
605118,DIEU KHIEN QUA TRINH,GENERAL
605151,TN QUA TRINH & THIET BI,CHEMISTRY_LAB
605152,TT QUA TRINH & THIET BI,CHEMISTRY_LAB
605153,THIET BI DO LUONG,GENERAL
605155,TRUYEN KHOI,GENERAL
605156,UNG DUNG VI TINH TRG HH,COMPUTER_LAB
605157,KY THUAT PHAN UNG,GENERAL
605158,TN QUA TRINH & THIET BI,CHEMISTRY_LAB
605159,THIET KE CHE TAO MAY HOA,GENERAL
605160,CAC QUA TRINH CO HOC,GENERAL
605162,XU LY MOI TRUONG,GENERAL
605163,KY THUAT NHIET,GENERAL
605164,TIN HOC TRG CNHHOC & TP,COMPUTER_LAB
605165,CHUNG CAT DA CAU TU,GENERAL
605166,KY THUAT DO & DIEU KHIEN,GENERAL
605167,TT QUA TRINH & THIET BI,CHEMISTRY_LAB
605901,LY THUYET TRUYEN VAN,GENERAL
605902,KY THUAT LANH THUC PHAM,GENERAL
605903,CHUNG CAT DA CAU TU,GENERAL
605904,"MAY LANH, TRAM LANH",GENERAL
605905,CO HOC C/LONG PHI NEWTON,GENERAL
605906,MO HINH HOA QUA TRINH,GENERAL
605907,KY THUAT PHAN UNG DI THE,GENERAL
605908,TIN HOC TRONG HOA HOC,COMPUTER_LAB
605909,KY THUAT CHAN KHONG,GENERAL
605910,DUNG CU DO,GENERAL
606001,HOA HOC XANH,GENERAL
606002,HOA DI VONG TH HOA DUOC,GENERAL
606003,THI NGHIEM HOA HUU CO B,CHEMISTRY_LAB
606004,CO SO TONG HOP HOA DUOC,GENERAL
606005,CONG NGHE HOA MY PHAM,GENERAL
606006,C/NGHE CHAT MAU TU NHIEN,GENERAL
606007,HH CAC SP KHANG OXY HOA,GENERAL
606008,CAC PP PHAN LAP&TINH CHE,GENERAL
606010,HOA HUU CO A,GENERAL
606011,THI NGHIEM HOA HUU CO A,CHEMISTRY_LAB
606012,HOA HUU CO B,GENERAL
606013,HOA DAU,GENERAL
606014,HOA HOC - HOA LY POLYME,GENERAL
606015,KT CHE BIEN CAO SU,GENERAL
606016,TN H/HOC-H.LY POLYME CSU,CHEMISTRY_LAB
606017,CO SO KTCB POLYME CAO SU,GENERAL
606018,KT GIA CONG POLYME & CSU,GENERAL
606019,KTSX SAN PHAM POLYME&CSU,GENERAL
606020,VC & CAT CHUA DAU,GENERAL
606021,TN CONG NGHE CAO SU,CHEMISTRY_LAB
606022,CN GIA CONG CHAT DEO,GENERAL
606023,TONG HOP HUU CO,GENERAL
606024,HOA NHUOM IN BONG,GENERAL
606025,CONG NGHE HOA HUONG LIEU,GENERAL
606026,HOA MY PHAM,GENERAL
606027,C/NGHE CAC CHAT TAY RUA,GENERAL
606028,CAC PP PH/TICH HIEN DAI,GENERAL
606029,HH & PPTH H/CO HIEN DAI,GENERAL
606030,KY THUAT LOC HOA DAU,GENERAL
606031,KHAI THAC DAU THO,GENERAL
606032,DIEU KHIEN QUA TRINH,GENERAL
606033,CAC MON HOC BO SUNG,GENERAL
606035,CN CHAT TAO MANG,GENERAL
606036,THI NGHIEM CHUYEN DE,GENERAL
606037,CN SP CAO SU KT,GENERAL
606038,CONG NGHE SAM - LOP,GENERAL
606039,CN CELLULOSE - GIAY,GENERAL
606040,TONG HOP HUU CO,GENERAL
606041,CONG NGHE LOC HOA DAU,GENERAL
606042,H/HOC& KT CHAT HD BE MAT,GENERAL
606043,HH & CHAT KT T/TRUONG TV,GENERAL
606044,KY THUAT NHUOM - IN,GENERAL
606045,HOA HUONG LIEU & MY PHAM,GENERAL
606046,KT SX CELLULOSE & GIAY,GENERAL
606047,HOA HUU CO (CD),GENERAL
606048,TN HOA HUU CO (CD),CHEMISTRY_LAB
606051,HOA HUU CO,GENERAL
606052,THI NGHIEM HOA HUU CO,CHEMISTRY_LAB
606053,TONG HOP HUU CO HOA DAU,GENERAL
606054,KY THUAT CHAT MAU,GENERAL
606055,KY THUAT AN TOAN,GENERAL
606056,TN G/CONG C/SU & POLYME,CHEMISTRY_LAB
606057,KT CHE BIEN CAO SU,GENERAL
606058,K/THUAT GIA CONG POLYME,GENERAL
606059,HOA HUU CO,GENERAL
606060,HOA HUU CO,GENERAL
606061,KY THUAT NHUOM IN,GENERAL
606062,TONG HOP HUU CO &HOA DAU,GENERAL
606101,TN CHUYEN NGANH HUU CO,CHEMISTRY_LAB
606102,HOA HOC GO & CELLULOSE,GENERAL
606103,CONG NGHE SXUAT BOT GIAY,GENERAL
606104,CONG NGHE XU LY BOT NAU,GENERAL
606105,CNGHE XU LY BOT XEO GIAY,GENERAL
606106,CNGHE XEO GIAY & SX GIAY,GENERAL
606107,TN CHUYEN DE GIAY,CHEMISTRY_LAB
606108,CONG NGHE IN,GENERAL
606109,HOA CN THUOC DA&LONG THU,GENERAL
606110,TIEU LUAN CHUYEN NGANHHC,GENERAL
606111,TIEU LUAN CNGANH GIAY,GENERAL
606112,CAC PPXD CTRUC HOPCHATHC,GENERAL
606113,CONG NGHE THUOC DA,GENERAL
606114,HH C/THUOC& C/N N/L DUOC,GENERAL
606115,CO SO TONG HOP THUOC,GENERAL
606116,CO SO KY THUAT HOA DUOC,GENERAL
606117,TN C/NGANH CN HOA DUOC,CHEMISTRY_LAB
606118,TN KY THUAT HOA DUOC,CHEMISTRY_LAB
606151,THI NGHIEM HOA HUU CO,CHEMISTRY_LAB
606701,HOA HUU CO,GENERAL
606901,KY THUAT VA IN BONG,GENERAL
606902,CONG NGHE LOC DAU,GENERAL
606903,HOA HOC - HOA LY POLYME,GENERAL
606904,KY THUAT XUC TAC,GENERAL
606905,KT SX XENLULO & GIAY,GENERAL
606906,KY THUAT NHUOM IN BONG,GENERAL
606907,KTHUAT TONG HOP CHAT MAU,GENERAL
606908,HUONG LIEU MY PHAM,GENERAL
606909,TN CD KT CAO SU,CHEMISTRY_LAB
606910,HOA HOC CAO SU,GENERAL
606911,HOA LY CAO SU,GENERAL
606912,CO SO KTGC P/CAO SU,GENERAL
606913,TN CONG NGHE CAO SU,CHEMISTRY_LAB
606914,H/HOC- HOA LY POLYME CS,GENERAL
606915,KY THUAT CHE BIEN CAO SU,GENERAL
607001,SINH HOC DAI CUONG 1,GENERAL
607002,SINH HOC DAI CUONG 2,GENERAL
607003,TN SINH HOC DAI CUONG,CHEMISTRY_LAB
607004,TAI NGUYEN SINH HOC,GENERAL
607005,SINHHOC PT& DITRUYEN HOC,GENERAL
607006,QUA TRINH &TBI SINH HOC1,GENERAL
607007,QUA TRINH &TBI SINH HOC2,GENERAL
607008,QUA TRINH &TBI SINH HOC3,GENERAL
607009,KTHUAT PHAN UNG SINH HOC,GENERAL
607010,VI SINH,GENERAL
607011,HOA SINH HOC,GENERAL
607012,TN VI SINH VAT (CNSH),CHEMISTRY_LAB
607013,TN VI SINH,CHEMISTRY_LAB
607014,CONG NGHE TE BAO,GENERAL
607015,CONG NGHE PROTEIN-ENZYME,GENERAL
607016,CONG NGHE LEN MEN,GENERAL
607017,TN CNGHE PROTEIN-ENZYME,CHEMISTRY_LAB
607018,TN CONG NGHE LEN MEN,CHEMISTRY_LAB
607019,CONG NGHE GEN,GENERAL
607020,THI NGHIEM C/NGHE TE BAO,CHEMISTRY_LAB
607021,CN LEN MEN TRUYEN THONG,GENERAL
607022,QT VA TB SINH HOC 1,GENERAL
607023,UNG DUNG ENZYME TRG CNTP,GENERAL
607024,QL &XL CTHAI RAN BG CNSH,GENERAL
607025,QL &XL NUOC THAI BG CNSH,GENERAL
607026,TN CN LEN MEN,CHEMISTRY_LAB
607027,HOA HOC MOI TRUONG,GENERAL
607028,DOC TO HOC MOI TRUONG,GENERAL
607029,TN CN PROTEIN ENZYME,CHEMISTRY_LAB
607030,TK TRAM XL NTHAI BG CNSH,GENERAL
607031,CONG NGHE SINH HOC TP,GENERAL
607033,AN TOAN TRONG CN SINHHOC,GENERAL
607034,CN S/XUAT PROTEIN DONBAO,GENERAL
607035,CN SX PROTEIN TAI TO HOP,GENERAL
607036,SINH HOC DAI CUONG,GENERAL
607037,THI NGHIEM HOA SINH,CHEMISTRY_LAB
607038,SINH HOC TE BAO,GENERAL
607039,TN SINH HOC DAI CUONG,CHEMISTRY_LAB
607040,CONG NGHE SX KHANG SINH,GENERAL
607041,CONG NGHE S/XUAT VACCINE,GENERAL
607042,"CNSX CHAT MAU,VITAMIN,ST",GENERAL
607043,CAC HC TN CO H/TINH SHOC,GENERAL
607044,AN TOAN TRG C/NGHE S/HOC,GENERAL
607045,CONG NGHE VI SINH,GENERAL
607046,TN C/NGANH CN S/HOC DUOC,CHEMISTRY_LAB
607050,TT CONG NGHE GEN,CHEMISTRY_LAB
607101,SINH HOC DAI CUONG,GENERAL
607104,SINH HOA DUOC HOC,GENERAL
607105,S/LY & M/DICH HOC NGUOI,GENERAL
608001,SILICAT DAI CUONG 1+2,GENERAL
608002,VAT LIEU CHIU LUA,GENERAL
608003,GOM SU,GENERAL
608004,THUY TINH,GENERAL
608005,CHAT KET DINH VO CO,GENERAL
608006,T/BI NHIET CHO CN VLXD,GENERAL
608008,THIET BI SILICAT,GENERAL
608009,VAT LIEU SILICAT,GENERAL
608010,TN SILICAT DAI CUONG,CHEMISTRY_LAB
608011,CN SX CAC CHAT VO CO,GENERAL
608012,THUY TINH,GENERAL
608013,KY THUAT GOM SU,GENERAL
608014,XI MANG,GENERAL
608015,VAT LIEU CHIU LUA,GENERAL
608016,SILICAT DAI CUONG,GENERAL
608017,KT SX CAC CHAT VO CO (CD,GENERAL
608018,C/NGHE XU LY KHOANG SAN,GENERAL
608049,NGOAI NGU CHUYEN NGANH,GENERAL
608050,KY THUAT SILICAT DC,GENERAL
608051,NGUYEN LY LO,GENERAL
608901,NGUYEN LY LO,GENERAL
608902,SILICAT DAI CUONG 1,GENERAL
608903,SILICAT DAI CUONG 2,GENERAL
609001,KY THUAT HOA DAI CUONG,GENERAL
609002,K/THUAT GIA CONG POLYME,GENERAL
609003,KT HOA HOC DAI CUONG,GENERAL
609004,HOA POLYME CHO CN VLXD,GENERAL
609006,KT HOA HOC DAI CUONG,GENERAL
609007,TN CHUYEN DE POLYME,CHEMISTRY_LAB
609008,KY THUAT GIA CONG POLYME,GENERAL
609009,CO SO CONG NGHE CAO SU,GENERAL
609010,VAT LIEU COMPOSITE,GENERAL
609011,KT SX CAC CHAT TAO MANG,GENERAL
609012,HOA HOC HOA LY POLYME,GENERAL
609013,KT SAN XUAT CHAT DEO,GENERAL
609051,KY THUAT HOA DAI CUONG,GENERAL
609052,HOA HOC & HOA LY POLYME,GENERAL
609053,HOA HOC & HOA LY POLYME,GENERAL
609054,K/THUAT GIA CONG POLYME,GENERAL
609901,TONG HOP HUU CO HOA DAU,GENERAL
609902,THI NGHIEM CD POLYME,CHEMISTRY_LAB
609903,HOA HOC & HOA LY POLYME,GENERAL
609904,KY THUAT GIA CONG POLYME,GENERAL
609905,KTSX C/DEO &GC C/TAOMANG,GENERAL
610001,MOI TRUONG VA CON NGUOI,GENERAL
610002,TN DOC HOC MOI TRUONG,CHEMISTRY_LAB
610003,QL C/THAI RAN&CT NGUYHAI,GENERAL
610004,CONG NGHE XANH,GENERAL
610006,C/NGHE TAI SU DUNG NUOC,GENERAL
610007,QLHT C/NUOC&THOAT NUOCDT,GENERAL
610008,QUAN LY VUNG DOI BO,GENERAL
610009,CONG NGHE TAI CHE,GENERAL
610011,HOA KY THUAT MOI TRUONG1,GENERAL
610014,TK C/TAO T/BI MOI TRUONG,GENERAL
610015,THAM QUAN NHAN THUC,GENERAL
610016,O NHIEM DAT & KT XU LY,GENERAL
610017,KINH TE MOI TRUONG,GENERAL
610018,QL CHAT LUONG MOI TRUONG,GENERAL
610019,DANH GIA TAC DONG MTR,GENERAL
610020,THI NGHIEM O NHIEM DAT,CHEMISTRY_LAB
610021,TN HOA HOC KT MOI TRUONG,CHEMISTRY_LAB
610022,O NHIEM KHONG KHI,GENERAL
610023,VI SINH VAT K/THUAT MTR,GENERAL
610024,TN O NHIEM KHONG KHI,CHEMISTRY_LAB
610025,THI NGHIEM VI SINH,CHEMISTRY_LAB
610026,UD TIN HOC TRONG TK MT,GENERAL
610027,TOI UU HOA,GENERAL
610028,KIEN TRUC DD&CONG NGHIEP,GENERAL
610029,BOM QUAT MAY NEN,GENERAL
610030,LUAT & C/SACH MOI TRUONG,GENERAL
610031,KT XU LY KHI THAI,GENERAL
610033,KT XU LY NUOC THAI,GENERAL
610035,KT XU LY NUOC CAP,GENERAL
610036,KT XU LY TIENG ON,GENERAL
610037,XU LY CHAT THAI RAN,GENERAL
610038,CONG NGHE SAN XUAT SACH,GENERAL
610039,DOC TO HOC MOI TRUONG,GENERAL
610040,MO HINH HOA MOI TRUONG,GENERAL
610041,TN XU LY CHAT THAI,CHEMISTRY_LAB
610044,AN TOAN M/TRUONG DAU KHI,GENERAL
610045,KIEM TOAN MOI TRUONG,GENERAL
610046,VIEN THAM GIS,GENERAL
610047,TH VIEN THAM & GIS,COMPUTER_LAB
610048,QUAN LY TAI NGUYEN DAT,GENERAL
610049,QUAN LY TAI NGUYEN NUOC,GENERAL
610050,QUAN LY TAI NGUYEN BIEN,GENERAL
610051,QUAN LY TAI NGUYEN RUNG,GENERAL
610052,QLY MT DO THI & KHU CN,GENERAL
610053,DANH GIA RUI RO M/TRUONG,GENERAL
610054,HOA KY THUAT MOITRUONG 2,GENERAL
610055,MANG LUOI CAP NUOC,GENERAL
610056,SINH THAI HOC,GENERAL
610057,HOA KY THUAT MOI TRUONG,GENERAL
610058,MOI TRUONG DAI CUONG,GENERAL
610059,VI SINH VAT KT MOITRUONG,GENERAL
610060,TN HOA KT MOI TRUONG 1,CHEMISTRY_LAB
610061,THUY VAN MOI TRUONG,GENERAL
610062,TN VI SINHVAT KTHUAT MTR,CHEMISTRY_LAB
610063,QUA TRINH CN MOI TRUONG1,GENERAL
610064,KT XU LY O NHIEM KH/KHI,GENERAL
610065,LUAT & CH/SACH MOITRUONG,GENERAL
610066,DOC HOC MOI TRUONG,GENERAL
610067,QTRINH CNGHE M/TRUONG 2,GENERAL
610068,O NHIEM KHONG KHI,GENERAL
610069,TN O NHIEM KHONG KHI,CHEMISTRY_LAB
610070,KT XU LY O NHIEM KH/KHI,GENERAL
610071,KY THUAT XU LY CHAT THAI,GENERAL
610072,TK CHE TAO TH/BI MTRUONG,GENERAL
610073,UD GIS TRONG QLY MTRUONG,COMPUTER_LAB
610074,THUC HANH GIS,COMPUTER_LAB
610075,QL CHAT LUONG MOI TRUONG,GENERAL
610076,O NHIEM ON & KTHUAT XULY,GENERAL
610078,QL & XLY CHAT THAI RAN,GENERAL
610079,KY THUAT XU LY NUOC CAP,GENERAL
610081,TN XU LY CHAT THAI,CHEMISTRY_LAB
610082,KINH TE MOI TRUONG,GENERAL
610083,SAN XUAT SACH HON,GENERAL
610084,MO HINH HOA MOI TRUONG,GENERAL
610087,D/CU DO & DKHIEN TU DONG,GENERAL
610088,PHAN TICH HE THONG MTR,GENERAL
610089,KIEM TOAN MOI TRUONG,GENERAL
610090,TAN DUNG CH/THAI CNGHIEP,GENERAL
610091,O NHIEM K/KHI & TIENG ON,GENERAL
610092,TOI UU HOA &QHTN MTRUONG,GENERAL
610093,QL&KIEM SOAT O NHIEM DAT,GENERAL
610094,QUAN LY MOI TRUONG BIEN,GENERAL
610095,QL TN RUNG& DA DANG SHOC,GENERAL
610096,QLY CHTHAI RAN& CT D/HAI,GENERAL
610097,QLY TAINGUYEN NUOC&NNGAM,GENERAL
610098,QUAN LY MTR DO THI & KCN,GENERAL
6100B1,MOI TRUONG VA CON NGUOI,GENERAL
6100B4,HOA KY THUAT MOITRUONG 2,GENERAL
610100,D/GIA TACDONG&RUI RO MTR,GENERAL
610101,VIEN THAM & THUC HANH,GENERAL
610102,BAO VE & AN MON KIM LOAI,GENERAL
610103,PT GIS TRONG QL MTRUONG,GENERAL
610104,THUC HANH PHAN TICH GIS,COMPUTER_LAB
610105,KT XU LY NUOC THAI,GENERAL
610106,AN TOAN M/TRUONG DAU KHI,GENERAL
610107,KT MOI TRUONG (CN VLIEU),GENERAL
610108,ISO 14000& KIEM TOAN MTR,GENERAL
610109,THUY LUC MOI TRUONG,GENERAL
610110,MOI TRUONG & CON NGUOI,GENERAL
610111,AN TOAN LD &VSINH MTR CN,GENERAL
610112,TN HOA KTHUAT MOITRUONG2,CHEMISTRY_LAB
610151,XU LY MOI TRUONG,GENERAL
610300,KY NANG GTIEP-NGANH NGHE,GENERAL
610701,MOI TRUONG & CON NGUOI,GENERAL
610702,SINH THAI CONG NGHIEP,GENERAL
610801,MOI TRUONG VA CON NGUOI,GENERAL
611001,CN XU LY NUOC CAP& NTHAI,GENERAL
611002,K/SOAT O NHIEM KHONG KHI,GENERAL
611003,KT XU LY O NHIEM DAT,GENERAL
611004,KT LO DOT CHAT THAI,GENERAL
611005,CAC QT HH &HL TRONG KTMT,GENERAL
611006,CAC QT SINH HOC TRG KTMT,GENERAL
611007,KT T/GIO&K/SOAT TIENG ON,GENERAL
611008,KT XU LY NUOC THAI DOTHI,GENERAL
611009,KTXU LY C/THAI RAN DOTHI,GENERAL
611011,KT XU LY CTR CN&NGUY HAI,GENERAL
611012,KT XU LY NUOC THAI CN,GENERAL
611014,MANG LUOI CAP&THOAT NCDT,GENERAL
700001,PROJET,OTHER_SPECIAL
700002,KY NANG MEM,GENERAL
700200,LAP &P/TICH DU AN CHO KS,GENERAL
700211,QUAN LY DU AN CHO KY SU,COMPUTER_LAB
700212,QUAN LY SAN XUAT CHO KSU,GENERAL
700213,QUAN TRI K/DOANH CHO KS,GENERAL
700300,GIOI THIEU NGANH,GENERAL
700401,ECONOMICS,GENERAL
700402,ACCOUNTING,GENERAL
700403,MARKETING,GENERAL
700404,BUSINESS,GENERAL
700405,OPERATION MANAGEMENT,GENERAL
700406,QUAN LY CHAT LUONG CN,GENERAL
700407,QL TO CHUC & HIEU QUA CV,GENERAL
700409,MARKETING (BT),GENERAL
700410,QUAN LY CHAT LUONG CN(BT,GENERAL
701001,KINH TE HOC DAI CUONG,GENERAL
701002,KINH TE KY THUAT,GENERAL
701003,PHUONG PHAP DINH LUONG,COMPUTER_LAB
701004,KY NANG LANH DAO,GENERAL
701005,ERP,COMPUTER_LAB
701006,XA HOI HOC,GENERAL
701007,QUAN LY BAO TRI CNGHIEP,GENERAL
701008,DAO DUC KINH DOANH,GENERAL
701009,GIAO TIEP TRONG K/DOANH,GENERAL
701010,KINH DOANH QUOC TE,GENERAL
701011,P/TRIEN KY NANG QUAN TRI,GENERAL
701013,PP N/CUU TRONG K/DOANH,GENERAL
701014,QUAN LY CHUOI CUNG UNG,GENERAL
701015,QUAN TRI DAI CUONG,GENERAL
701016,HANH VI TO CHUC,GENERAL
701018,TAI CHINH QUOC TE,GENERAL
701019,NGOAI NGU 5 (QL),GENERAL
701020,KINH TE HOC KINH DOANH,GENERAL
701021,KINH TE HOC DAI CUONG,GENERAL
701022,QUAN LY DAI CUONG,GENERAL
701023,THONG KE TRONG K/DOANH,GENERAL
701024,GIAO TIEP TRONG K/DOANH,GENERAL
701025,KE TOAN 1,GENERAL
701026,KE TOAN 2,GENERAL
701027,MAY TINH TRONG K/DOANH 1,COMPUTER_LAB
701028,MAY TINH TRONG K/DOANH 2,COMPUTER_LAB
701029,KY THUAT 1,GENERAL
701030,KY THUAT 2,GENERAL
701031,KY THUAT 3,GENERAL
701032,KY THUAT 4,GENERAL
701033,KY THUAT 5,GENERAL
701034,KINH TE HOC KINH DOANH,GENERAL
701035,CAC PH/PHAP DINH LUONG,GENERAL
701036,MOI TRUONG KINH DOANH,GENERAL
701037,TIEP THI,GENERAL
701038,HE THONG SAN XUAT,GENERAL
701039,CAC NGUYEN LY TAI CHINH,GENERAL
701040,PHAN TICH DU AN,GENERAL
701041,TAI CHINH DOANH NGHIEP,GENERAL
701042,H/THONG THONGTIN QUAN LY,COMPUTER_LAB
701043,QUAN LY DU AN,GENERAL
701044,QUAN LY NHAN SU,GENERAL
701045,THUE VA LUAT KINH DOANH,GENERAL
701046,QUAN LY S/XUAT VA TAC VU,GENERAL
701047,NGAN HANG - TIEN TE,GENERAL
701048,QUAN LY CONG NGHIEP,GENERAL
701049,QUAN LY CHAT LUONG,GENERAL
701052,QUAN LY CHO KY SU,GENERAL
701055,KINH TE KY THUAT,GENERAL
701056,KY THUAT 2,GENERAL
701057,HE THONG SAN XUAT,GENERAL
701059,KE TOAN 1,GENERAL
701060,KY THUAT 3,GENERAL
701061,QUAN LY NHAN SU,GENERAL
701063,QUAN LY DOANH NGHIEP,GENERAL
701064,MAY TINH TRG KINH DOANH,GENERAL
701065,KINH TE NGANH CO KHI,GENERAL
701066,QUAN LY CHO KY SU,GENERAL
701067,KINH TE KY THUAT,GENERAL
701068,KINH TE KY THUAT,GENERAL
701069,TIEP THI,GENERAL
701070,QUAN LY SAN XUAT,GENERAL
701071,NGOAI NGU 6 (QL),GENERAL
701072,KE TOAN 2,GENERAL
701073,KY THUAT 5,GENERAL
701074,QUAN LY CHAT LUONG,GENERAL
701075,MOI TRUONG KINH DOANH,GENERAL
701076,HE THONG THONG TIN Q.LY,GENERAL
701077,QUAN LY CONG NGHE,GENERAL
701078,NGOAI NGU 7 (QL),GENERAL
701079,QUAN LY DU AN,GENERAL
701080,NGHIEN CUU TIEP THI,GENERAL
701081,MO PHONG TRG KINH DOANH,COMPUTER_LAB
701082,QUAN LY CHIEN LUOC,GENERAL
701083,CHUYEN DE 1,GENERAL
701084,KINH TE KY THUAT,GENERAL
701085,QUAN LY CHO KY SU,GENERAL
701086,ANH VAN (41QL),GENERAL
701087,ANH VAN (42QL),GENERAL
701088,ANH VAN (51QL),GENERAL
701089,THONG KE TRONG K/DOANH,GENERAL
701090,MAY TINH TRONG K/DOANH 2,COMPUTER_LAB
701091,KINH TE HOC KINH DOANH,GENERAL
701092,THIET LAP & PT DU AN,GENERAL
701093,THUE,GENERAL
701094,QUAN LY CONG NGHE,GENERAL
701095,LUAT KINH DOANH,GENERAL
701096,VAT LIEU HOC,GENERAL
701097,KY THUAT XAY DUNG A,GENERAL
701098,KY THUAT DIEN A,GENERAL
701101,KY THUAT CO KHI A,GENERAL
701102,KY THUAT HOA HOC DAICG A,GENERAL
701103,QUAN LY NHAN SU,GENERAL
701104,L/SU CAC HOC THUYET KTE,GENERAL
701105,Q/LY SO HUU CONG NGHIEP,GENERAL
701106,HE THONG THONG TIN Q/LY,COMPUTER_LAB
701107,VON LUU DONG,GENERAL
701108,NGHIEP VU NGOAI THUONG,GENERAL
701109,PHAT TRIEN SAN PHAM MOI,GENERAL
701110,TIEP THI QUOC TE,GENERAL
701111,KIEM TOAN,GENERAL
701112,THI TRUONG CHUNG KHOAN,GENERAL
701114,CHUYEN GIAO CONG NGHE,GENERAL
701115,ANH VAN THUONG MAI 1,GENERAL
701116,ANH VAN THUONG MAI 2,GENERAL
701117,TIEP THI GIUA CAC TOCHUC,GENERAL
701118,KE HOACH KINH DOANH,GENERAL
701119,ISO 9000,GENERAL
701120,QUAN LY SX THEO LEAN&JIT,GENERAL
701123,DIEU DO SAN XUAT,GENERAL
701124,QUAN LY CHIEN LUOC,GENERAL
701125,QUAN LY SAN XUAT 1,GENERAL
701126,KINH TE HOC KINH DOANH,GENERAL
701127,NGHIEN CUU TIEP THI,GENERAL
701128,QUAN LY DU AN,GENERAL
701129,KY THUAT CO KHI A,GENERAL
701130,KE TOAN 2,GENERAL
701131,PHUONG PHAP DINH LUONG,GENERAL
701132,NGUYEN LY TAI CHINH,GENERAL
701133,QUAN LY SAN XUAT 2,GENERAL
701134,HE THONG TAI CHINH,GENERAL
701135,THONG KE TRG KINH DOANH,GENERAL
701136,LAP VA PHAN TICH DU AN,GENERAL
701137,QL CH/LUONG TRONG DETMAY,GENERAL
701138,QL SX TRONG DET MAY,GENERAL
701139,QUAN TRI DOANH NGHIEP,GENERAL
701140,KINH TE HOC DAI CUONG,GENERAL
701141,NHAP MON QUAN TRI HOC,GENERAL
701142,KINH TE HOC DAI CUONG,GENERAL
701143,MAY TINH KINH DOANH 2,COMPUTER_LAB
701144,QL CH/LUONG TRONG DETMAY,GENERAL
701145,QUAN LY DOANH NGHIEP (DL,GENERAL
701146,KIEN THUC XI NGHIEP,GENERAL
701150,THUONG MAI DIEN TU,COMPUTER_LAB
701151,QUAN TRI DOANH NGHIEP,GENERAL
701152,PHUONG PHAP DINH LUONG,GENERAL
701153,QUAN LY CN HOA CHAT,GENERAL
701154,QUAN LY DOANH NGHIEP,GENERAL
701155,KINH TE KT -QLY CHO KS,GENERAL
701156,QUAN LY DU AN,GENERAL
701157,HE HO TRO QUYET DINH,COMPUTER_LAB
701201,KINH TE HOC VI MO,GENERAL
701202,KE TOAN TAI CHINH,GENERAL
701203,MAY TINH KINH DOANH 1,COMPUTER_LAB
701204,QUAN LY DAI CUONG,GENERAL
701205,TIEP THI CAN BAN,GENERAL
701206,THONG KE TRG KINH DOANH,COMPUTER_LAB
701207,KINH TE HOC VI MO,GENERAL
701209,PP DINH LUONG TRG QUANLY,GENERAL
701210,KE TOAN QUAN LY,GENERAL
701211,QUAN LY NHAN SU,GENERAL
701212,HE THONG SAN XUAT,GENERAL
701213,KINH TE HOC KINH DOANH,GENERAL
701214,THUE & LUAT KINH DOANH,GENERAL
701215,QUAN LY CONG NGHE,GENERAL
701216,QUAN LY SAN XUAT,GENERAL
701217,NGHIEN CUU TIEP THI,GENERAL
701218,LAP VA PHAN TICH DU AN,GENERAL
701219,MAY TINH TRG KINH DOANH2,COMPUTER_LAB
701220,TAI CHINH DOANH NGHIEP,GENERAL
701221,QUAN LY CHAT LUONG,GENERAL
701222,QUAN LY CHIEN LUOC,GENERAL
701223,TIEP THI CONG NGHIEP,GENERAL
701224,QUAN LY DU AN,GENERAL
701225,HE THONG TH/TIN QUAN LY,COMPUTER_LAB
701229,THI TRUONG TAI CHINH,GENERAL
701230,MO PHONG TRG KINH DOANH,COMPUTER_LAB
701237,ANH VAN THUONG MAI 1,GENERAL
701238,ANH VAN THUONG MAI 2,GENERAL
701239,TU TUONG HO CHI MINH,GENERAL
701701,BT KINH TE KY THUAT,GENERAL
701702,QUAN TRI HOC,GENERAL
701703,KINH TE DAI CUONG 1,GENERAL
701704,KINH TE VI MO-QL KE TOAN,GENERAL
701705,KT VI MO-CH/LUOC & TCXN,GENERAL
701706,QUAN LY SAN XUAT,GENERAL
701707,KINH TE DAI CUONG 2,GENERAL
701708,PP THONG KE &PTICH DLIEU,GENERAL
701709,"HOPDONG,THTRUONG &TCHUAN",GENERAL
701710,BAO HO SANG CHE,GENERAL
701711,KINH TE VI MO-QL KE TOAN,GENERAL
7X0613,Q.TRI KINH DOANH CHO KS,GENERAL
7X0642,KINH TE HOC DAI CUONG,GENERAL
800003,THONG GIO,GENERAL
800007,KHAI NIEM NGANH,GENERAL
800300,KY NANG GTIEP-NGANH NGHE,GENERAL
800702,PHAN TICH DU LIEU,GENERAL
800703,GIUP RA QUYET DINH 1,GENERAL
800704,KT DIEN NUOC TRG TOA NHA,GENERAL
800706,CHUYEN DE,GENERAL
800708,GIUP RA QUYET DINH 2,GENERAL
800709,LUAT XAY DUNG,GENERAL
800710,PHAN TICH DU LIEU (BT),COMPUTER_LAB
800711,GIUP RA QUYET DINH 1 (BT,COMPUTER_LAB
801001,MQH & QL GIAO THONG,GENERAL
801002,MO TRU CAU&LAP PH/AN CAU,GENERAL
801003,T/HOC UNG DUNG CAU DUONG,GENERAL
801004,MO TRU CAU,GENERAL
801005,VAT LIEU NHUA,GENERAL
801006,THI CONG DUONG,GENERAL
801007,THI CONG KHAI THAC CAU,GENERAL
801008,TUONG CHAN DAT,GENERAL
801009,THIET KE CAU THEP,GENERAL
801010,TKE DUONG TREN DAT YEU,GENERAL
801011,THIET KE DUONG O TO,GENERAL
801012,THIET KE DUONG O TO,GENERAL
801013,THIET KE CAU BE TONG,GENERAL
801019,CONG TRINH GIAO THONG,GENERAL
801020,THIET KE DUONG O TO,GENERAL
801021,THIET KE CAU BE TONG,GENERAL
801022,THI CONG CAU,GENERAL
801023,DUONG SAT & HAM,GENERAL
801024,THI CONG DUONG,GENERAL
801025,THIET KE CAU THEP & GO,GENERAL
801026,KHAI THAC DUONG & CAU,GENERAL
801027,TN & VLXD DUONG O TO,OTHER_SPECIAL
801028,DUONG DO THI,GENERAL
801029,THI NGHIEM VAT LIEU NHUA,OTHER_SPECIAL
801035,MO TRU CAU,GENERAL
801036,T/KE DUONG BANG SAN BAY,GENERAL
801037,THIET KE DUONG O TO,GENERAL
801038,THI CONG & K/THAC DUONG,GENERAL
801039,THIET KE CAU BE TONG,GENERAL
801040,THIET KE CAU THEP,GENERAL
801041,THI CONG & KHAI THAC CAU,GENERAL
801042,DUONG HAM,GENERAL
801051,CONG TRINH GIAO THONG,GENERAL
801052,PA TOI UU HOA TRONG QHGT,GENERAL
802001,CO LCHAT & TB LUU CHAT 1,OTHER_SPECIAL
802002,CO LCHAT & TB LUU CHAT 2,OTHER_SPECIAL
802003,CO LUU CHAT B,GENERAL
802004,CO LUU CHAT A,OTHER_SPECIAL
802005,THUY LUC 2,OTHER_SPECIAL
802006,CO LUU CHAT 1A,GENERAL
802007,CO LUU CHAT 2A,GENERAL
802008,CO LUU CHAT 3,GENERAL
802009,THUY LUC,GENERAL
802010,MAY THUY LUC & NEN KHI,GENERAL
802011,CO LUU CHAT 1A,GENERAL
802012,THI NGHIEM CO LUU CHAT,OTHER_SPECIAL
802013,CO LUU CHAT & TBI L.CHAT,OTHER_SPECIAL
802014,MAY THUYLUC & MAY NENKHI,GENERAL
802015,CO LUU CHAT,GENERAL
802016,CONG NGHE THUY LUC 1,OTHER_SPECIAL
802017,THUY LUC CONG TRINH,GENERAL
802018,CO LUU CHAT (CD),GENERAL
802019,CONG NGHE THUY LUC 2,MECHANICAL_WORKSHOP
802020,THI NGHIEM CO LUU CHAT,PHYSICS_LAB
802051,CO LUU CHAT,GENERAL
802052,THUY LUC,GENERAL
802053,CO LUU CHAT,GENERAL
802054,THUY LUC,GENERAL
802055,THI NGHIEM CO LUU CHAT,PHYSICS_LAB
802056,THI NGHIEM THUY LUC,MECHANICAL_WORKSHOP
802057,BT THUY VAN CONG TRINH,COMPUTER_LAB
802058,THI NGHIEM CO LUU CHAT,PHYSICS_LAB
802059,CO LUU CHAT,GENERAL
8020B5,CO LUU CHAT,GENERAL
802701,THUC HANH CO LUU CHAT 1,PHYSICS_LAB
802702,TH CO LUU CHAT 1A - 1B,PHYSICS_LAB
802703,TRUYEN NHIET (XD),GENERAL
802704,CO LUU CHAT (VP),GENERAL
802705,THI NGHIEM CO LUU CHAT,PHYSICS_LAB
802706,NHIET CONG TRINH,GENERAL
802708,THUY LUC DAI CUONG,GENERAL
802709,DIEU HOA KHONG KHI,GENERAL
802710,TN VAT LY CONG TRINH,PHYSICS_LAB
802711,TOA NHA & NANG LUONG,GENERAL
802801,CO LUU CHAT,GENERAL
802809,THUY LUC,GENERAL
803002,CONG TRINH NANG HA TAU,GENERAL
803003,THI CONG CONG TRINH CANG,GENERAL
803004,CONG TRINH BIEN,GENERAL
803005,XUONG DONG TAU,GENERAL
803006,CHINH TRI SONG - CTDT,GENERAL
803007,CONG TRINH BEN,GENERAL
803008,CANG CHUYEN DUNG,GENERAL
803009,THI CONG CANG,GENERAL
803010,DAN KHOAN BIEN,GENERAL
803011,CONG TRINH BEN CANG,GENERAL
803012,CT D.THUY-XUONG DONG TAU,GENERAL
803017,CONG TRINH BEN,GENERAL
803018,CHINH TRI SONG,GENERAL
803019,DONG LUC HOC SONG BIEN,GENERAL
803020,CONG TRINH BIEN,GENERAL
803021,DAN KHOAN BIEN,GENERAL
803022,QUI HOACH CANG,GENERAL
803023,THI CONG CANG - CT BEN,GENERAL
803024,CONG TRINH CANG,GENERAL
803025,CONG TRINH VEN BIEN,GENERAL
803026,CONG TRINH DUONG THUY,GENERAL
803027,XUONG DONG TAU,GENERAL
803028,CONG TRINH NGOAI KHOI,GENERAL
803029,THI CONG CONG TRINH CANG,GENERAL
803031,CT D/THUY-XUONG DONG TAU,GENERAL
803038,CANG CHUYEN DUNG,GENERAL
804001,TK XD C/TRINH MOI TRUONG,GENERAL
804002,KET CAU CONG TRINH XDUNG,GENERAL
804003,KET CAU BE TONG 1,GENERAL
804004,KET CAU BE TONG,GENERAL
804005,KET CAU BE TONG 2,GENERAL
804006,KET CAU THEP GO,GENERAL
804007,KET CAU THEP 1,GENERAL
804008,KET CAU THEP 2,GENERAL
804009,KET CAU THEP 1,GENERAL
804010,KET CAU THEP & GO,GENERAL
804011,KIEN TRUC 1,GENERAL
804012,KIEN TRUC 2,GENERAL
804013,QUI HOACH G/THONG DO THI,GENERAL
804014,THI NGHIEM CONG TRINH,OTHER_SPECIAL
804019,KIEN TRUC CONG NGHIEP,GENERAL
804020,KET CAU GACH DA,GENERAL
804021,KIEN TRUC,GENERAL
804022,KET CAU BE TONG 1,GENERAL
804023,KET CAU BETONG2- GACH DA,GENERAL
804024,KET CAU BE TONG 3,GENERAL
804025,KET CAU THEP GO,GENERAL
804026,KET CAU THEP 2,GENERAL
804027,KIEN TRUC 1,GENERAL
804028,KIEN TRUC 2,GENERAL
804029,NHA NHIEU TANG,GENERAL
804030,SAN BAY,GENERAL
804031,QUI HOACH DO THI,GENERAL
804032,BE TONG CT UNG LUC TRUOC,GENERAL
804033,KET CAU THAP TRU,GENERAL
804034,HU HONG - SUA CHUA,GENERAL
804035,CAI TAO- NANG CAP CTRINH,GENERAL
804039,KIEN TRUC CONG NGHIEP,GENERAL
804040,KET CAU THEP 2,GENERAL
804044,KET CAU BE TONG 1,GENERAL
804045,KET CAU THEP,GENERAL
804046,THI NGHIEM CONG TRINH,OTHER_SPECIAL
804048,HU HONG&SUA CHUA C/TRINH,GENERAL
804049,BE TONG COT THEP,GENERAL
804051,BE TONG 1,GENERAL
804052,KIEN TRUC DAN DUNG,GENERAL
804055,KET CAU THEP 1,GENERAL
804056,KIEN TRUC CONG NGHIEP,GENERAL
804059,KET CAU GO,GENERAL
804060,KET CAU THEP 2,GENERAL
804061,KET CAU GACH DA,GENERAL
804062,QUI HOACH DO THI,GENERAL
804063,KET CAU THEP GO,GENERAL
804064,BE TONG 2,GENERAL
804065,BE TONG 2 - GACH DA,GENERAL
804070,NHA NHIEU TANG,GENERAL
804071,KET CAU BE TONG 1,GENERAL
804072,KIEN TRUC,GENERAL
804074,BE TONG 2 & GACH DA,GENERAL
804075,KET CAU THEP GO,GENERAL
804077,KIEN TRUC,GENERAL
804079,QUI HOACH DO THI,GENERAL
804080,KET CAU THEP 2,GENERAL
804081,THIET KE CONG TRINH,GENERAL
804084,BE TONG 1,GENERAL
804085,KIEN TRUC CONG NGHIEP,GENERAL
804086,KIEN TRUC DAN DUNG,GENERAL
804087,KET CAU THEP 1,GENERAL
804088,QUI HOACH DO THI,GENERAL
804101,KET CAU CONG TRINH 1,GENERAL
804102,KET CAU CONG TRINH 2,GENERAL
804103,KET CAU CONG TRINH,GENERAL
804104,TN CONG TRINH TL TNN,OTHER_SPECIAL
804105,KET CAU BETONG2- GACH DA,GENERAL
804701,KET CAU BE TONG 1,GENERAL
804703,KET CAU BE TONG 2,GENERAL
804705,K/CAU THEP & K/CAU H/HOP,GENERAL
804706,THIET KE KET CAU NHA,GENERAL
805001,DIA CHAT CONG TRINH,GENERAL
805002,CONG TRINH TREN DAT YEU,GENERAL
805003,CO HOC DAT NEN MONG,GENERAL
805004,CO HOC DAT B,GENERAL
805005,NEN MONG A,GENERAL
805007,NEN MONG B,GENERAL
805009,DIA CHAT CONG TRINH,GENERAL
805010,CO HOC DAT,GENERAL
805011,NEN MONG,GENERAL
805012,CONG TRINH TREN DAT YEU,GENERAL
805013,GIAI PHAP NEN MONG,GENERAL
805014,THUC TAP DIA CHAT CTRINH,OTHER_SPECIAL
805015,THUC TAP DIA CHAT,OTHER_SPECIAL
805016,THI NGHIEM CO HOC DAT,OTHER_SPECIAL
805018,THUY DIA CO HOC,GENERAL
805019,KINH TE & LUAT KHOANGSAN,GENERAL
805020,DIA KY THUAT 2,GENERAL
805021,ON DINH CONG TRINH,GENERAL
805022,CONG TRINH XAY DUNG,GENERAL
805023,DIA CHAT CONG TRINH KV,GENERAL
805024,KY THUAT THI CONG,GENERAL
805025,THUY DIA CHAT CAC MO DK,GENERAL
805026,VAT LIEU HOC,GENERAL
805027,DIA KY THUAT,GENERAL
805028,NEN MONG CONG TRINH,GENERAL
805030,CO HOC DAT,GENERAL
805031,NEN MONG,GENERAL
805032,CO HOC DAT,GENERAL
805033,CO HOC DAT,GENERAL
805034,CO HOC DAT& N/MONG (MTR),GENERAL
805035,CO HOC MOI TRUONG ROI,GENERAL
805051,CO HOC DAT,GENERAL
805052,NEN MONG,GENERAL
805054,CONG TRINH TREN DAT YEU,GENERAL
805055,CONG TRINH TREN DAT YEU,GENERAL
805056,THUC TAP DIA CHAT,OTHER_SPECIAL
805057,THI NGHIEM CO HOC DAT,OTHER_SPECIAL
805058,DIA CHAT CONG TRINH,GENERAL
805059,CO HOC DAT,GENERAL
805060,NEN MONG,GENERAL
805062,DIA CHAT CONG TRINH,GENERAL
805063,THUC TAP DIA CHAT,OTHER_SPECIAL
805064,TN CO HOC DAT,OTHER_SPECIAL
805701,DIA CHAT CONG TRINH,GENERAL
805702,THUY LUC & CO HOC DAT,GENERAL
805703,T/KE C/TRINH DIA K/THUAT,GENERAL
805704,THIET KE NEN MONG,GENERAL
805705,DAO SAU & CAI TAO DAT,GENERAL
805732,THUY LUC & CO HOC DAT(TN,OTHER_SPECIAL
805832,CO HOC DAT,GENERAL
806001,VE KY THUAT 1A,STUDIO
806002,VE KY THUAT 1B,STUDIO
806003,VE KY THUAT 2A,STUDIO
806004,VE KY THUAT 2B,STUDIO
806005,VE CO KHI,STUDIO
806006,VE KY THUAT,STUDIO
806007,VE KY THUAT,STUDIO
806008,HINH HOA VE KY THUAT,STUDIO
806009,VE KY THUAT,STUDIO
806010,VE KY THUAT,STUDIO
806011,VE KY THUAT XAY DUNG 1,STUDIO
806012,VE KY THUAT XAY DUNG 2,STUDIO
806013,HHOA VE KY THUAT 1 (CKT),STUDIO
806014,HHOA VE KY THUAT 2 (CKT),STUDIO
806015,VE BONG PHOI CANH,STUDIO
806025,HINH HOC HOA HINH,STUDIO
806034,VE KY THUAT,STUDIO
806051,HINH HOA - VE KY THUAT,STUDIO
806052,VE KY THUAT 1,STUDIO
806053,VE KY THUAT 2,STUDIO
806054,VE KY THUAT CO KHI,STUDIO
806055,VE KY THUAT XAY DUNG,STUDIO
806056,VE KY THUAT,STUDIO
806057,VE KY THUAT,STUDIO
806058,VE XAY DUNG,STUDIO
806701,BAI TAP VE KY THUAT,STUDIO
806702,VE KY THUAT,STUDIO
806703,HINH HOA,STUDIO
807001,LUAT XD&QUAN LY DU AN XD,GENERAL
807002,KY THUAT THI CONG,GENERAL
807003,KT & TO CHUC THI CONG,GENERAL
807007,KINH TE NGANH,GENERAL
807008,TIN HOC QUAN LY,GENERAL
807009,AN TOAN LAO DONG,GENERAL
807010,MAY XAY DUNG,GENERAL
807011,MXD & KY THUAT THI CONG,GENERAL
807012,KINH TE XAY DUNG,GENERAL
807013,TO CHUC THI CONG,GENERAL
807015,TIN HOC TRONG QUAN LY XD,GENERAL
807016,MXD & AN TOAN LAO DONG,GENERAL
807017,KY THUAT THI CONG,GENERAL
807018,QUAN LY DU AN XAY DUNG,GENERAL
807051,KY THUAT THI CONG,GENERAL
807052,TO CHUC THI CONG,GENERAL
807053,MAY XAY DUNG,GENERAL
807054,KINH TE XAY DUNG,GENERAL
807056,MAY & KY THUAT THI CONG,GENERAL
807057,KY THUAT THI CONG,GENERAL
807058,TO CHUC THI CONG,GENERAL
807061,KINH TE XAY DUNG,GENERAL
807062,TIN HOC UNG DUNG,COMPUTER_LAB
807063,MXD & KY THUAT THI CONG,GENERAL
807066,QUAN LY DU AN,GENERAL
807067,TH/HANH TIN HOC UNG DUNG,COMPUTER_LAB
807701,QUAN LY DU AN XAY DUNG 1,GENERAL
807702,KT & TO CHUC THI CONG,GENERAL
807703,QUAN LY DU AN XAY DUNG 2,GENERAL
807704,KINH TE XAY DUNG,GENERAL
807706,KT &TO CHUC THI CONG(THL,GENERAL
808001,CAP THOAT NUOC A,GENERAL
808002,THUY CONG 1,GENERAL
808003,THUY CONG 2,GENERAL
808004,THUY DIEN,GENERAL
808005,TN THUY LUC & CTT,PHYSICS_LAB
808006,PHUONG PHAP SO UNG DUNG,GENERAL
808007,KY THUAT TUOI TIEU,GENERAL
808008,TIN HOC UNG DUNG,GENERAL
808009,TRAM NANG LUONG NHO,GENERAL
808010,NHA MAY THUY DIEN,GENERAL
808011,NHA MAY THUY DIEN,GENERAL
808012,THUY VAN NGANH (HAI VAN),GENERAL
808013,MAY THUY LUC,GENERAL
808014,THUY DIEN TRAM BOM,GENERAL
808015,THUY VAN,GENERAL
808017,TRAM NANG LUONG NHO,GENERAL
808018,THUY CONG,GENERAL
808019,THUY CONG 2,GENERAL
808021,THUY NONG 1,GENERAL
808022,THUY NONG 2,GENERAL
808023,THI CONG THUY LOI,GENERAL
808026,CONG TRINH THUY,GENERAL
808027,THUY CONG,GENERAL
808028,QUI HOACH NGUON NUOC,GENERAL
808029,KT & TO CHUC THI CONG,GENERAL
808031,AN TOAN LAO DONG,GENERAL
808032,CAP THOAT NUOC,GENERAL
808033,THUY NONG,GENERAL
808034,THI CONG THUY LOI,GENERAL
808035,T/BI TRONG NM THUY DIEN,GENERAL
808036,HO CHUA & MOI TRUONG,GENERAL
808037,PP SO CANG-C/TRINH BIEN,GENERAL
808038,THUY NONG & CAI TAO DAT,GENERAL
808040,MAY THUY LUC,GENERAL
808041,THUY CONG,GENERAL
808042,THUY VAN NGANH,GENERAL
808043,THUY CONG 2,GENERAL
808044,THUY NANG - TRAM N.LUONG,GENERAL
808046,THUY DIEN,GENERAL
808047,THUY NONG 1,GENERAL
808048,TRAM BOM,GENERAL
808049,THUY NONG 2,GENERAL
808051,THUY VAN CONG TRINH,GENERAL
808052,THI CONG THUY LOI,GENERAL
808053,THUY VAN CONG TRINH,GENERAL
808055,MAY THUY LUC,GENERAL
808056,CONG TRINH THUY,GENERAL
808057,TRAM NANG LUONG NHO,GENERAL
808058,THUY CONG 1,GENERAL
808059,NHA MAY THUY DIEN,GENERAL
808060,QUI HOACH NGUON NUOC,GENERAL
808061,NHA MAY THUY DIEN,GENERAL
808062,THUY VAN NGANH (HAI VAN),GENERAL
808063,THUY DIEN TRAM BOM,GENERAL
808064,THUY VAN,GENERAL
808065,THUY VAN CONG TRINH,GENERAL
808066,TRAM NANG LUONG NHO,GENERAL
808067,KT & TO CHUC THI CONG,GENERAL
808069,AN TOAN LAO DONG,GENERAL
808073,CHINH TRI SONG,GENERAL
808074,CAP THOAT NUOC,GENERAL
808075,CONG TRINH THUY LOI,GENERAL
808078,CONG TRINH CAP THOATNUOC,GENERAL
808079,KY THUAT XU LY NUOC,GENERAL
808101,PP SO UNG DUNG (TNN),GENERAL
808102,THUY NANG - THUY DIEN,GENERAL
808103,THUY CONG 2,OTHER_SPECIAL
808104,CONG TRINH THU &TRAM BOM,GENERAL
808105,THUY NONG,GENERAL
808107,THUY VAN (CAU DUONG),GENERAL
808108,THI NGHIEM CONG TRINH,OTHER_SPECIAL
808151,THUY VAN CONG TRINH,GENERAL
808152,CAP THOAT NUOC,GENERAL
808153,CONG TRINH THUY,GENERAL
808701,THUY VAN DAI CUONG,GENERAL
809001,SUC BEN VAT LIEU 2C,OTHER_SPECIAL
809002,SUC BEN VAT LIEU B,GENERAL
809003,SUC BEN VAT LIEU 1B,OTHER_SPECIAL
809004,SUC BEN VAT LIEU 2B,OTHER_SPECIAL
809005,SUC BEN VAT LIEU,GENERAL
809006,CO KET CAU,GENERAL
809007,CO HOC KET CAU 2A,GENERAL
809008,CO HOC KET CAU 1B,GENERAL
809009,CO HOC KET CAU 2B,GENERAL
809010,LY THUYET VO MONG,GENERAL
809011,DONG LUC HOC CONG TRINH,GENERAL
809012,DAN HOI UNG DUNG,GENERAL
809013,LY THUYET DAN HOI & PTHH,GENERAL
809014,SUC BEN VAT LIEU 1,GENERAL
809015,SUC BEN VAT LIEU 2,GENERAL
809016,CO KET CAU 1,GENERAL
809017,CO KET CAU 2,GENERAL
809018,DAN HOI UNG DUNG,GENERAL
809019,DONG LUC HOC CONG TRINH,GENERAL
809020,CO KET CAU 2,GENERAL
809021,SUC BEN VAT LIEU 1A,GENERAL
809022,TNGHIEM SUC BEN VAT LIEU,PHYSICS_LAB
809023,LY THUYET DAN HOI PTHH,GENERAL
809024,SUC BEN VAT LIEU 1,GENERAL
809025,SUC BEN VAT LIEU,GENERAL
809026,SUC BEN VAT LIEU 1,GENERAL
809027,SUC BEN VAT LIEU 2 (CK),GENERAL
809028,DAN HOI UNG DUNG & PTHH,GENERAL
809029,CO KY THUAT 1 (CDT),GENERAL
809030,CO KY THUAT 3 (CDT),GENERAL
809031,SUC BEN VAT LIEU,GENERAL
809032,CO KET CAU (QT),GENERAL
809033,SUC BEN VAT LIEU,GENERAL
809051,SUC BEN VAT LIEU 1,GENERAL
809052,SUC BEN VAT LIEU 2,GENERAL
809053,TN SUC BEN VAT LIEU,PHYSICS_LAB
809054,CO KET CAU 1,GENERAL
809055,CO KET CAU 2,GENERAL
809056,CO KET CAU 2,GENERAL
809057,SUC BEN 1,GENERAL
809058,SUC BEN 2,GENERAL
809059,DAN HOI UNG DUNG,GENERAL
809060,TN SUC BEN VAT LIEU,PHYSICS_LAB
809402,SUC BEN VAT LIEU 2,GENERAL
809701,TN SBVL 1 (TUAN 10 - 14),PHYSICS_LAB
809702,CO HOC CAC CAU TRUC,GENERAL
809703,SUC BEN VAT LIEU,PHYSICS_LAB
809704,"SUC BEN V/LIEU, T/NGHIEM",PHYSICS_LAB
809705,CO HOC MOI TRUONG RAN,GENERAL
809706,PP PHAN TICH K/C(T/PHAP),GENERAL
809708,CO KET CAU NANG CAO,GENERAL
809709,MO HINH HOA KET CAU NHA,COMPUTER_LAB
809710,DONG LUC HOC CONG TRINH,GENERAL
809711,CO HOC CAC CAU TRUC (BT),GENERAL
809712,CO KET CAU NANG CAO (BT),GENERAL
809713,DONG LUC HOC C/TRINH (BT,GENERAL
809714,CO HOC MOI TRUONG RAN(TH,GENERAL
809801,SUC BEN VAT LIEU 1,GENERAL
809802,SUC BEN VAT LIEU 2,GENERAL
809816,CO KET CAU 1,GENERAL
809828,DAN HOI UNG DUNG & PTHH,COMPUTER_LAB
810001,L/TRINH UD TRG TRAC DIA,COMPUTER_LAB
810002,BAN DO HOC DAI CUONG,GENERAL
810003,VE BAN DO,STUDIO
810004,ANH VAN CHUYEN NGANH,GENERAL
810005,THUC TAP TRAC DIA,OTHER_SPECIAL
810006,TRAC LUONG ANH CAN BAN,GENERAL
810007,THUC TAP TRAC LUONG ANH,COMPUTER_LAB
810008,DIA CHINH CAN BAN,GENERAL
810009,DIA HINH,GENERAL
810010,HE THONG TIN DIA LY,GENERAL
810011,LUONG ANH 1,GENERAL
810012,DIA CHINH DAI CUONG,GENERAL
810013,DINH VI VE TINH GPS,GENERAL
810014,KY THUAT BAN DO SO,COMPUTER_LAB
810015,BIEN TAP THANHLAP BAN DO,GENERAL
810016,TRAC DIA CONG TRINH,GENERAL
810017,TIN HOC TRONG TRAC DIA,COMPUTER_LAB
810018,SU DUNG DAT,GENERAL
810019,BAN DO CHUYEN DE,GENERAL
810020,TRAC DIA DAI CUONG,GENERAL
810022,TRAC DIA CAO CAP 2,GENERAL
810023,XAY DUNG LUOI TRAC DIA,GENERAL
810024,TT X/DUNG LUOI TRAC DIA,OTHER_SPECIAL
810026,TRAC LUONG ANH NANG CAO,COMPUTER_LAB
810027,PHAN TICH KHONG GIAN,GENERAL
810028,AN TOAN LAO DONG,GENERAL
810029,DO VE DIA CHINH,GENERAL
810030,THUY DAC,GENERAL
810031,THONG KE KHONG GIAN,GENERAL
810032,TRAC DIA UNG DUNG,GENERAL
810033,PHEP CHIEU BAN DO,GENERAL
810034,TAI NGUYEN DAT& M/TRUONG,GENERAL
810035,CAC HE THONG TOA DO,GENERAL
810036,TT PHAN TICH KHONG GIAN,COMPUTER_LAB
810037,LAP TRINH GIS,COMPUTER_LAB
810039,LUOI TRAC DIA,GENERAL
810041,BINH SAI LUOI TRAC DIA,GENERAL
810042,LT SAISO&XL SOLIEU DODAC,GENERAL
810043,TRAC DIA CAO CAP,GENERAL
810044,TT TRAC DIA CONG TRINH,OTHER_SPECIAL
810045,THUC TAP LUOI TRAC DIA,OTHER_SPECIAL
810047,TRAC DIA C/TRINH UNGDUNG,GENERAL
810048,THUY DAC,GENERAL
810049,VIEN THAM,GENERAL
810050,LUAT DAT DAI,GENERAL
810051,TRAC DIA DAI CUONG,GENERAL
810052,THUC TAP TRAC DIA,OTHER_SPECIAL
810053,CONG NGHE IN BAN DO,GENERAL
810054,HE THONG TIN GIS & LIS,COMPUTER_LAB
810055,THUC TAP HE TT DIALY GIS,COMPUTER_LAB
810056,BIEN TAP BAN DO,GENERAL
810059,VIEN THAM,GENERAL
810060,TT VIEN THAM,COMPUTER_LAB
810061,TRAC DIA BIEN,GENERAL
810062,TIN HOC TRONG TRAC DIA,COMPUTER_LAB
810063,TT TIN HOC TRONG TRACDIA,COMPUTER_LAB
810064,AN TOAN LD TRONG TRACDIA,GENERAL
810065,LUONG ANH 1,GENERAL
810067,THUC TAP THUY DAC,OTHER_SPECIAL
810068,GIS 1,GENERAL
810069,TT TRAC DIA CONG TRINH,OTHER_SPECIAL
810070,TRAC DIA CONG TRINH 2,GENERAL
810071,GIS 2,GENERAL
810072,CONG NGHE DIA CHINH,GENERAL
810073,THUC TAP GIS,COMPUTER_LAB
8100B0,TRAC DIA DAI CUONG,GENERAL
810101,AN TOAN LD TRONG TR/DIA,GENERAL
810102,VIEN THAM,GENERAL
810103,THUC TAP VIEN THAM,COMPUTER_LAB
810104,TRAC DIA CONG TRINH,GENERAL
810105,LUONG ANH 2,GENERAL
810106,TOAN BAN DO,GENERAL
810107,BAN DO SO,GENERAL
810108,TTAP DINH VI VE TINH GPS,OTHER_SPECIAL
810109,LUOI TRAC DIA,GENERAL
810110,HE THONG TIN DIA LY GIS1,GENERAL
810111,QUY HOACH SU DUNG DAT,GENERAL
810112,CONG NGHE DIA CHINH,GENERAL
810113,HE THONG TIN DIA LY(GIS2,GENERAL
810114,TIN HOC TRONG TRAC DIA,GENERAL
810115,TT TRAC DIA DAI CUONG,OTHER_SPECIAL
810116,DIA MAO,GENERAL
810117,THO NHUONG,GENERAL
810118,DINH GIA DAT,GENERAL
810119,LUOI DIA CHINH,GENERAL
810120,THUC TAP LUOI DIA CHINH,OTHER_SPECIAL
810122,HE THONGTIN DAT DAI (LIS,GENERAL
810123,TIN HOC TRONG DIA CHINH,GENERAL
810124,THONG KE TRONG DIA LY,GENERAL
810125,QUAN LY DAT DAI,GENERAL
810126,TT TRAC DIA CONG TRINH,OTHER_SPECIAL
810127,THUC TAP LUOI TRAC DIA,OTHER_SPECIAL
810128,THUC TAP HE TT DIA LYGIS,COMPUTER_LAB
810130,CO SO DU LIEU KHONG GIAN,GENERAL
810131,INTERNET GIS,GENERAL
810132,UD GIS-VIENTHAM TRG QLDT,GENERAL
810133,UD GIS-VT TRG QL TNGUYEN,GENERAL
810134,QUY HOACH SU DUNG DAT,GENERAL
810136,XU LY ANH SO,GENERAL
810137,TRAC DIA CAO CAP 1,GENERAL
810138,TRAC DIA DAI CUONG (KT),GENERAL
810151,LUONG ANH CAN BAN,GENERAL
810152,LY THUYET SAI SO TR/DIA,GENERAL
810153,DIA HINH,GENERAL
810154,TRAC DIA DAI CUONG,GENERAL
810155,THUC TAP TRAC DIA,OTHER_SPECIAL
810156,THUC TAP DIA HINH,OTHER_SPECIAL
810157,LUOI TRAC DIA,GENERAL
810159,THUC TAP LUOI TRAC DIA,OTHER_SPECIAL
810160,THUC TAP LUONG ANH C/BAN,COMPUTER_LAB
810161,DIA CHINH CAN BAN,GENERAL
810162,BIEN TAP BAN DO,GENERAL
810163,LUAT DAT DAI,GENERAL
810164,DIA CHINH CAN BAN,GENERAL
810166,VE BAN DO,GENERAL
810167,TRAC DIA CONG TRINH 1,GENERAL
810168,TT TRAC DIA CONG TRINH 1,OTHER_SPECIAL
810169,TRAC DIA CAO CAP,GENERAL
810170,LUOI TRAC DIA,GENERAL
810171,CONG NGHE CHE IN BAN DO,GENERAL
810172,HE THONG TIN GIS,GENERAL
810173,VE BAN DO,GENERAL
810174,QUY HOACH SU DUNG DAT,GENERAL
810175,THONG KE TRONG DIA LY,GENERAL
810176,THUC TAP GIS,COMPUTER_LAB
810177,TOAN BAN DO,GENERAL
810178,TRAC DIA CONG TRINH 2,GENERAL
810179,DIA MAO,GENERAL
810180,LY THUYET SAI SO TR/DIA,GENERAL
810181,DIA HINH,GENERAL
810182,LAP TRINH UDUNG TRONG TD,COMPUTER_LAB
810183,BAN DO SO,GENERAL
810184,LUONG ANH 2,GENERAL
810185,THUC TAP LUONG ANH 2,OTHER_SPECIAL
810186,BIEN TAP &THANH LAP B/DO,GENERAL
810188,THUC TAP LUOI TRAC DIA,OTHER_SPECIAL
810189,DINH VI VE TINH GPS,GENERAL
810191,LAP & PHAN TICH DU AN,GENERAL
810193,TRAC DIA CONG TRINH 1,GENERAL
810194,QUY HOACH SU DUNG DAT,GENERAL
810195,THUY DAC,GENERAL
810196,TRAC DIA NANG CAO,OTHER_SPECIAL
810701,T/DIA &TT B/DO &H/TRO MT,GENERAL
810820,TRAC DIA DAI CUONG,GENERAL
811001,XU LY CHAT THAI C/NGHIEP,GENERAL
811002,CAP THOAT NUOC MOI SINH,GENERAL
811003,HOA HOC KT MOI TRUONG,CHEMISTRY_LAB
811004,CAP NUOC DO THI-C/NGHIEM,GENERAL
811005,MANG LUOI THOAT NUOC,GENERAL
811006,KT VE SINH TRONG NHA,GENERAL
811007,XU LY O NHIEM TIENG ON,OTHER_SPECIAL
811010,VI SINH VAT KT M/TRUONG,GENERAL
811011,XU LY NUOC THAI SH-CN,GENERAL
811012,XU LY CHAT THAI RAN,GENERAL
811013,DANH GIA TAC DONG DEN MT,GENERAL
811014,QUAN LY CAC NGUON NUOC,GENERAL
811017,KT NUOC & KT MOI SINH,GENERAL
811032,VI SINH VAT & H/HOC KTMT,GENERAL
811033,HE THONG CAP NUOC,GENERAL
811034,KT VSMT TRONG NHA,GENERAL
811035,C/NUOC XL NUOC TN,GENERAL
811036,THUY LUC MOI TRUONG,GENERAL
811037,THOAT NUOC & XLN SHCN,GENERAL
811038,DANH GIA TAC DONG MT,GENERAL
811039,Q/LY CHAT LUONG M/TRUONG,GENERAL
811040,QUAN LY CHAT THAI DOCHAI,GENERAL
811041,MO HINH HOA MOI TRUONG,GENERAL
811042,O NHIEM KHONG KHI- XU LY,GENERAL
811043,XU LY NUOC THAI,GENERAL
811044,XU LY CHAT THAI C/NGHIEP,GENERAL
811046,O NHIEM KHONG KHI & ON,GENERAL
811047,HOA HOC KY THUAT MTRUONG,GENERAL
811051,CAP THOAT NUOC,GENERAL
811052,MOI TRUONG,GENERAL
812001,HOA LY KY THUAT,GENERAL
812002,VAT LIEU HOC,GENERAL
812003,VAT LIEU XAY DUNG,GENERAL
812004,VAT LIEU MOI,GENERAL
812005,MAY & THIET BI SX VLXD,GENERAL
812006,NGUYEN LY LO CN VLXD,GENERAL
812007,C/NGHE CHE TAO BE TONG,GENERAL
812008,KTSX CHAT KET DINH VO CO,GENERAL
812009,CONG NGHE GOM XAY DUNG,GENERAL
812010,TINH THE KHOANG VAT HOC,GENERAL
812011,V/LIEU C/LUA- VL C/NHIET,GENERAL
812012,CHONG XAM THUC BE TONG,GENERAL
812013,QL KINH TE CN VLXD,GENERAL
812014,TN VAT LIEU XAY DUNG,OTHER_SPECIAL
812015,VAT LIEU POLYMER,GENERAL
812016,KT SAN XUAT T.TINH XDUNG,GENERAL
812017,LY THUYET BE TONG,GENERAL
812020,VAT LIEU XAY DUNG,GENERAL
812021,TN VAT LIEU XAY DUNG,OTHER_SPECIAL
812022,MAY & THIET BI SX VLXD,GENERAL
812024,LY THUYET BE TONG,GENERAL
812025,CONG NGHE CHE TAO BETONG,GENERAL
812027,KY THUAT SAN XUAT GOM XD,GENERAL
812028,KT SXVL CLUA & VLCNHIET,GENERAL
812029,KT SX CHAT KET DINH VOCO,GENERAL
812030,CHONG XAM THUC BE TONG,GENERAL
812031,TN CNGANH VAT LIEU XDUNG,OTHER_SPECIAL
812035,VAT LIEU XAY DUNG,GENERAL
812038,VAT LIEU COMPOSITE,GENERAL
812039,VL CNHIET- VL HOAN THIEN,GENERAL
812040,CN BT SILICAT & BT RONG,GENERAL
812051,VAT LIEU XAY DUNG,GENERAL
812052,VAT LIEU XAY DUNG,GENERAL
812053,TN VAT LIEU XAY DUNG,OTHER_SPECIAL
812055,VAT LIEU XAY DUNG,GENERAL
812701,VAT LIEU XAY DUNG (VP),OTHER_SPECIAL
813001,LSKT PHUONG DONG&VIETNAM,GENERAL
813002,NHAP MON KIEN TRUC,GENERAL
813003,HOI HOA PHONG CANH,STUDIO
813007,NG/LY TK KIEN TRUC DDUNG,STUDIO
813008,CO DIEN CONG TRINH,GENERAL
813009,UD THIET KE BANG MO HINH,STUDIO
813010,BO CUC TAO HINH,STUDIO
813012,LICH SU KIEN TRUC PH/TAY,GENERAL
813013,TIN HOC CHUYEN NGANH 3D,COMPUTER_LAB
813014,MY HOC,GENERAL
813015,NG/LY T/KE KIEN TRUC CN,STUDIO
813016,CAU TAO KIEN TRUC DANDUG,GENERAL
813020,QUY HOACH DO THI,GENERAL
813021,CAU TAO KIEN TRUC CN,GENERAL
813025,NGUYEN LY THIET KE NHA O,STUDIO
813026,THIET KE NOI THAT,STUDIO
813027,QUANG HOC & AM HOC,GENERAL
813028,BO CUC T/HINH KIEN TRUC2,STUDIO
813029,DA KIEN TRUC CONGCONG3,STUDIO
813030,KY THUAT HA TANG DO THI,GENERAL
813031,M/TRUONG&K/TRUC BEN VUNG,GENERAL
813032,NHIET K/HAU & THONG GIO,GENERAL
813033,TAP TAI LIEU NHA CONGCOG,STUDIO
813034,DAMH KIEN TRUC C/NGHIEP,STUDIO
813035,KIEN TRUC CANH QUAN,STUDIO
813037,DA KIEN TRUC NHA O,STUDIO
813038,DA QUY HOACH DO THI,STUDIO
813040,DA KIEN TRUC CONG CONG 4,STUDIO
813041,BAO TON VA TRUNG TU,STUDIO
813042,KET CAU MOI,GENERAL
813043,UD THIET KE BANG MO HINH,STUDIO
813044,XH HOC KIEN TRUC DO THI,GENERAL
813045,DU DOAN KHOA HOC,GENERAL
813046,T/KE NOI THAT HIEN DAI,STUDIO
813047,PHONG SINH HOC KIEN TRUC,GENERAL
813048,CHUYEN DE TU CHON 1,GENERAL
813049,TRIET HOC PHUONG DONG,GENERAL
813050,CHUYEN DE TU CHON 2,GENERAL
813051,CHUYEN DE TU CHON 3,GENERAL
813052,CHUYEN DE TU CHON 4,GENERAL
813053,BO CUC KIEN TRUC 1,STUDIO
813054,BO CUC KIEN TRUC 2,STUDIO
813701,N/C DO THI VA THUC HANH,STUDIO
813702,K/G AM THANH VA ANH SANG,STUDIO
813703,T/KE M/TRUONG CHAT L/CAO,STUDIO
813704,PHAN TICH DO THI,GENERAL
813706,KIEN TRUC (VP),GENERAL
AS1001,NHAP MON VE KY THUAT,GENERAL
AS1002,NHAP MON VE KY THUAT(BT),GENERAL
AS1003,Cơ lý thuyết,GENERAL
AS1004,CO LY THUYET(BT),GENERAL
AS1005,NHAP MON VE KYTHUAT(VLKT,GENERAL
AS1006,NHAP MON VE KY THUAT(BT),GENERAL
AS1007,PHUONG PHAP SO TRONG CKT,GENERAL
AS2001,Cơ học ?ng dụng,GENERAL
AS2002,CO HOC UNG DUNG(BT),GENERAL
AS2003,Kỹ thuật Lập trình Cơ Kỹ,COMPUTER_LAB
AS2004,KYTHUAT LAPTRINH CKT (BT,COMPUTER_LAB
AS2005,CO LY THUYET NANG CAO,GENERAL
AS2006,CO LY THUYET NANG CAO(BT,GENERAL
AS2007,CO HOC UNG DUNG,GENERAL
AS2009,Cơ sở Cơ học Lượng tử -,GENERAL
AS2010,CSO COHOC L/TU - VLCR(BT,GENERAL
AS2011,Lý Thuyết Đàn hồi,GENERAL
AS2012,LY THUYET DAN HOI(BT),GENERAL
AS2013,CAD ?ng dụng,COMPUTER_LAB
AS2014,CAD UNG DUNG(BT),COMPUTER_LAB
AS2015,THUC TAP CO KY THUAT 1,MECHANICAL_WORKSHOP
AS2019,CO SO Y KHOA,GENERAL
AS2020,CO SO Y KHOA(BT),GENERAL
AS2021,THIET KE KY THUAT,GENERAL
AS2022,THIET KE KY THUAT(BT),GENERAL
AS2033,Cảm biến và Kỹ thuật Đo,ELECTRICAL_LAB
AS2034,CAM BIEN &KYTHUAT DL (BT,GENERAL
AS2035,GT NGON NGU LT FORTRAN,COMPUTER_LAB
AS2036,GT NG/NGU LT FORTRAN(BT),COMPUTER_LAB
AS2039,Cơ sở vật lý Hạt nhân và,GENERAL
AS2040,C/SO VL HAT NHAN & UD(BT,GENERAL
AS2045,DO AN THIET KE CO SO,GENERAL
AS2047,Vật lý sóng,GENERAL
AS2048,VAT LY SONG (THL),GENERAL
AS2049,Cơ học Vật rắn và Sóng c,GENERAL
AS2050,CO HOC VAT RAN & S/CO(BT,GENERAL
AS2051,TINH TOAN KHOA HOC,COMPUTER_LAB
AS2052,TINH TOAN KHOA HOC(BT),COMPUTER_LAB
AS2053,T/BI CHAN DOAN H/ANH YH,GENERAL
AS2054,T/BI CH/DOAN H/ANH YH(TN,OTHER_SPECIAL
AS2055,Cơ kỹ thuật đại cương,GENERAL
AS2056,CO KY THUAT DAI CUONG,PHYSICS_LAB
AS2057,P/PHAP PHANTU HUUHAN CKT,COMPUTER_LAB
AS2059,QUANGHOC K/THUAT &U/DUNG,GENERAL
AS2060,QUANGHOC KT &U/DUNG (BT),GENERAL
AS2061,DAO DONG CO SO,GENERAL
AS2063,Lập trình tính toán cơ k,COMPUTER_LAB
AS2064,LAP TRINH T/TOAN CKT(BT),COMPUTER_LAB
AS2065,Cơ sở tối ưu,GENERAL
AS2067,Giải tích ma trận và top,GENERAL
AS2069,Phương pháp số cho khoa,COMPUTER_LAB
AS2071,Cơ học kỹ thuật,GENERAL
AS2072,CO HOC KY THUAT (BT),GENERAL
AS2073,Phương pháp tính và mô p,COMPUTER_LAB
AS2075,"Cơ học lượng tử, Vật lý",GENERAL
AS2077,Đo lường và an toàn bức,GENERAL
AS2081,"Điện tử hạt nhân, cảm bi",ELECTRICAL_LAB
AS2083,Vật lý Bán dẫn và ?ng dụ,GENERAL
AS3001,Động học Robot,GENERAL
AS3002,DONG HOC ROBOT(BT),GENERAL
AS3003,Cơ học Môi trường liên t,GENERAL
AS3004,COHOC MOITRUONG L/TUC(BT,GENERAL
AS3011,THUC TAP CO KY THUAT 2,MECHANICAL_WORKSHOP
AS3013,Tính toán Kết cấu,GENERAL
AS3014,TINH TOAN KET CAU(BT),GENERAL
AS3015,Phương pháp Phần tử hữu,GENERAL
AS3016,P/PHAP P/T HUUHAN CKT(BT,GENERAL
AS3017,KYTHUAT THIETBI Y HOC-TN,ELECTRICAL_LAB
AS3018,KYTHUAT THIETBI Y HOC-TN,ELECTRICAL_LAB
AS3019,Phân tích Số liệu thực n,COMPUTER_LAB
AS3020,PT SL THUC NGHIEM C/H(BT,GENERAL
AS3021,Động lực học Hệ nhiều vậ,GENERAL
AS3022,D/L/HOC HE NHIEU VAT (BT,GENERAL
AS3023,LY THUYET ON DINH,GENERAL
AS3024,LY THUYET ON DINH(BT),GENERAL
AS3025,Quang học Kỹ thuật và ?n,GENERAL
AS3026,QUANGHOC K/THUAT &U/D(BT,GENERAL
AS3027,Dao động kỹ thuật,GENERAL
AS3028,DAO DONG KY THUAT(BT),GENERAL
AS3029,Lý thuyết dẻo Kỹ thuật,GENERAL
AS3030,LY THUYET DEO K/THUAT(BT,GENERAL
AS3031,Đo lường các Đại lượng p,GENERAL
AS3032,D/L CAC DAI LUONG PD (BT,GENERAL
AS3035,Tính toán Động lực học l,GENERAL
AS3036,T/T D/LUC HOC LUUCHAT(BT,GENERAL
AS3039,Mô hình Hóa động lực học,GENERAL
AS3040,M/H HOA DL HOC CO HE(BT),GENERAL
AS3041,Xử lý Tín hiệu số,GENERAL
AS3042,XU LY TIN HIEU SO(BT),GENERAL
AS3045,?ng dụng Laser trong Y h,GENERAL
AS3046,U/DUNG LASER TRONG YH(TN,PHYSICS_LAB
AS3047,Cơ sở Vật liệu Sinh học,GENERAL
AS3048,CO SO VAT LIEU S/HOC(BT),GENERAL
AS3049,Cơ sinh học,GENERAL
AS3050,CO SINH HOC(BT),GENERAL
AS3051,Cơ sở Tin học Y sinh,COMPUTER_LAB
AS3055,Xử lý hình ảnh Y sinh bằ,GENERAL
AS3056,XL H/ANH Y/S BANGKTS (BT,COMPUTER_LAB
AS3057,TRUC QUAN HOA DU LIEU,COMPUTER_LAB
AS3059,KY THUAT LAP TRINH (VLTT,COMPUTER_LAB
AS3061,Dao động Cơ sở,GENERAL
AS3062,DAO DONG CO SO(BT),GENERAL
AS3063,U/DUNG MATLAB TRONG VLTT,COMPUTER_LAB
AS3064,U/D MATLAB TRONG VLTT(BT,COMPUTER_LAB
AS3065,CS VATLY TINHTOAN & MPVL,COMPUTER_LAB
AS3069,Thiết bị Chẩn đoán hình,GENERAL
AS3069.P,Thiết bị Chẩn đoán hình,OTHER_SPECIAL
AS3070,T/BI CHAN DOAN HA YH(BT),OTHER_SPECIAL
AS3071,Trường điện từ,GENERAL
AS3072,TRUONG DIEN TU (BT),GENERAL
AS3073,Vật lý thống kê,GENERAL
AS3075,Cơ sở về Laser và ?ng dụ,GENERAL
AS3076,CO SO VE LASER &U/D (TN),PHYSICS_LAB
AS3077,C/SO VL SOI QUANG HOC&UD,GENERAL
AS3081,TINH TOAN KHOA HOC,COMPUTER_LAB
AS3083,CO HOC VAT RAN BIEN DANG,GENERAL
AS3084,CO HOC VAT RAN B/DANG(TH,GENERAL
AS3085,Lập trình tính toán Cơ k,COMPUTER_LAB
AS3086,LAP TRINH T/TOAN CKT(BT),COMPUTER_LAB
AS3087,CO SO VAT LY Y SINH,GENERAL
AS3091,PHAN TICH SO LIEU TNNC,COMPUTER_LAB
AS3092,P/TICH SO LIEU TNNC(BT),COMPUTER_LAB
AS3093,Phương pháp Phần tử hữu,COMPUTER_LAB
AS3094,P/PHAP PHAN TU HHUD (BT),COMPUTER_LAB
AS3097,?ng xử Cơ học vật liệu,GENERAL
AS3098,UNG XU C/H CUA V/LIEU(BT,GENERAL
AS3099,Các phần mềm Tính toán M,COMPUTER_LAB
AS3101,LAPTRINH TT HIEUNANG CAO,COMPUTER_LAB
AS3103,Kỹ thuật Thiết bị Y học,GENERAL
AS3104,KYTHUAT T/BI Y HOC-TN(TN,ELECTRICAL_LAB
AS3105,Cơ sở Y khoa,GENERAL
AS3106,CO SO Y KHOA(BT),GENERAL
AS3107,KY THUAT LAP TRINH (VLTT,COMPUTER_LAB
AS3108,K/THUAT L/TRINH(VLTT)(BT,COMPUTER_LAB
AS3109,CS VATLY TINHTOAN & MPVL,COMPUTER_LAB
AS3110,CS VATLY T/TOAN &MPVL(BT,COMPUTER_LAB
AS3111,CO SO THIET KE KY THUAT,GENERAL
AS3112,CO SO T/KE KY THUAT(BT),COMPUTER_LAB
AS3113,"Phân loại, Kiểm định và",GENERAL
AS3115,?ng dụng Vi xử lý trong,GENERAL
AS3117,MANG MAY TINH & A/N MANG,COMPUTER_LAB
AS3119,Cơ học tính toán,COMPUTER_LAB
AS3121,Y-SINH HOC TINH TOAN,COMPUTER_LAB
AS3123,CO HOC LUONG TU NANG CAO,GENERAL
AS3125,CO SO MO HINH HOA PHANTU,COMPUTER_LAB
AS3127,CONG NGHE VAT LIEU DC,GENERAL
AS3129,CAC PP T/TRUNG CHO VLYS,GENERAL
AS3131,CO SO HOA HOC & VL NANO,GENERAL
AS3133,HE THONG MANG &NHA THUOC,COMPUTER_LAB
AS3135,VAT LIEU SINH HOC TO HOP,GENERAL
AS3137,Tĩnh học và động lực học,GENERAL
AS3138,TINH HOC& DLH CO SINH BT,COMPUTER_LAB
AS3139,CAC PP P/TICH TRONG CSH,GENERAL
AS3141,MO HINH VA MO PHONG,COMPUTER_LAB
AS3143,Cơ sinh học xương và khớ,GENERAL
AS3144,CO SINH HOC XUONG&KHOPBT,GENERAL
AS3145,CAC CD CL CO SINH HOC,GENERAL
AS3147,Cơ học Vật rắn Biến dạng,GENERAL
AS3148,CO HOC VAT RAN B/D (THL),PHYSICS_LAB
AS3149,ứng dụng các phần mềm tr,COMPUTER_LAB
AS3150,UD CAC PM TRONG TTCH(THL,COMPUTER_LAB
AS3153,Thực tập cơ kỹ thuật,MECHANICAL_WORKSHOP
AS3155,Động lực học vật rắn,GENERAL
AS3157,Động lực học máy,GENERAL
AS3159,Tối ưu hóa kỹ thuật,GENERAL
AS3161,Kỹ thuật đo và xử lý số,COMPUTER_LAB
AS3165,Cơ lý thuyết nâng cao,GENERAL
AS3167,THUC TAP CO KY THUAT 1,MECHANICAL_WORKSHOP
AS3169,Thiết kế kỹ thuật,GENERAL
AS3170,THIET KE KY THUAT,COMPUTER_LAB
AS3175,"VAT LY - NHIET, LUONG TU",GENERAL
AS3177,GT NGON NGU LT FORTRAN,COMPUTER_LAB
AS3178,GT NG/NGU LT FORTRAN(BT),COMPUTER_LAB
AS3179,Mô hình thống kê,GENERAL
AS3181,Thống kê nhiều chiều,GENERAL
AS3187,Mô hình nhân quả,GENERAL
AS3189,Nguyên lý khai phá dữ li,COMPUTER_LAB
AS3191,Cơ sở học máy,COMPUTER_LAB
AS3201,Vật lý neutron và cơ sở,GENERAL
AS3203,?ng dụng kỹ thuật hạt nh,OTHER_SPECIAL
AS3205,Phân tích an toàn lò phả,GENERAL
AS3207,Máy gia tốc,GENERAL
AS3209,Thu hồi và Lưu trữ Nguồn,GENERAL
AS3211,Kỹ thuật phân tích hạt n,OTHER_SPECIAL
AS4003,Cơ học rạn nứt,GENERAL
AS4004,CO HOC RAN NUT (THL),OTHER_SPECIAL
AS4009,Cơ sở học sâu,COMPUTER_LAB
AS4017,Cơ sở phân tích hình ảnh,COMPUTER_LAB
AS4019,Tin sinh học,COMPUTER_LAB
AS4021,Phân tích dữ liệu lớn,COMPUTER_LAB
AS4023,Vật liệu và nhiên liệu h,GENERAL
AS4055,GIAI TICH 2,GENERAL
AS4057,TOI UU HOA,GENERAL
AS4059,CO LY THUYET,GENERAL
AS4061,TINH TOAN KHOA HOC,COMPUTER_LAB
AS4063,TRUC QUAN HOA DU LIEU,COMPUTER_LAB
AS4065,KY THUAT LAP TRINH,COMPUTER_LAB
AS4067,GIOI THIEU NGON NGU LAP,COMPUTER_LAB
AS4069,DAO DONG CO SO,GENERAL
AS4071,CO HOC VAT RAN BIEN DANG,GENERAL
AS5001,TINH TOAN CAU TRUC DIEN,COMPUTER_LAB
AS5003,CO HOC PHI TUYEN TINH TO,COMPUTER_LAB
AS5005,CAC PHAN MEM TINH TOAN M,COMPUTER_LAB
AS5007,CO HOC TINH TOAN TRONG D,COMPUTER_LAB
AS5009,CHUYEN DE VAT LY NANG CA,GENERAL
AS5011,UNG DUNG KY THUAT QUANG,GENERAL
AS5013,MO HINH HOA TOAN HOC TRO,GENERAL
AS5015,THONG KE VA KHOA HOC DU,GENERAL
AS5017,GIAI TICH NGAU NHIEN,GENERAL
AS5019,MA TRAN NGAU NHIEN,GENERAL
AS5021,CHUYEN DE DAI SO VA TO P,GENERAL
AS5023,CHUYEN DE NHUNG VAN DE T,GENERAL
AS5025,DAO DONG KY THUAT,GENERAL
AS5027,UNG XU CO HOC CUA VAT LI,GENERAL
AS5029,MO HINH HOA DONG LUC HOC,GENERAL
AS5031,PHUONG PHAP PTHH UNG DUN,GENERAL
AS5033,LY THUYET DEO KY THUAT,GENERAL
AS5035,HE THONG DIEU KHIEN SO,GENERAL
AS5037,DO LUONG CAC DAI LUONG P,GENERAL
AS5039,DONG HOC ROBOT,GENERAL
AS5041,DONG LUC HOC MAY,GENERAL
AS5043,MANG THAN KINH NHAN TAO,GENERAL
AS5045,TOI UU HOA KY THUAT,GENERAL
AS5047,TINH TOAN DONG LUC HOC L,GENERAL
AS5049,PHAN TICH SO LIEU THUC N,GENERAL
AS5079,TINH TOAN KHOA HOC,GENERAL
AS5101,KY THUAT THIET BI Y HOC,OTHER_SPECIAL
AS5103,TIN HOC VAT LY KY THUAT,COMPUTER_LAB
AS5105,THIET BI CHAN DOAN HINH,GENERAL
AS5107,DAO DONG KY THUAT,GENERAL
AS5109,DAN HOI UNG DUNG,GENERAL
AS5111,DAI SO TUYEN TINH,GENERAL
AS5113,TRIET HOC,GENERAL
AS5115,GIAI TICH HAM NANG CAO,GENERAL
AS5117,PHUONG TRINH DAO HAM RIE,GENERAL
AS5119,MO HINH TOAN VA MO PHONG,GENERAL
AS5121,DAI SO TUYEN TINH NANG C,GENERAL
AS5123,XAC SUAT VA UNG DUNG,GENERAL
AS5125,BIEN PHAN VA PHAN TU HUU,GENERAL
AS5127,MO HINH HOA TOAN HOC TRO,GENERAL
AS5129,GIAI TICH PHUC UNG DUNG,GENERAL
AS5131,PHUONG TRINH VI PHAN VA,GENERAL
AS5133,GIAI TICH DA TRI,GENERAL
AS5135,TOI UU PHI TUYEN,GENERAL
AS5137,PHUONG PHAP SAI PHAN HUU,GENERAL
AS5139,XAC SUAT NANG CAO,GENERAL
AS5141,TOAN TAI CHINH,GENERAL
AS5143,PHUONG PHAP SO NANG CAO,GENERAL
AS5151,LY THUYET ON DINH DAN HO,GENERAL
AS5153,PHUONG PHAP PTHH NANG CA,GENERAL
AS5155,PHUONG PHAP TINH TUOI TH,GENERAL
AS5157,DAO DONG KY THUAT NANG C,GENERAL
AS5159,CO SO LASER VA UNG DUNG,PHYSICS_LAB
AS5161,CAM BIEN TRONG UNG DUNG,GENERAL
AS5163,TIN HOC VAT LY KY THUAT,COMPUTER_LAB
AS5165,TIN HOC Y SINH HOC,GENERAL
AS5167,Y HOC HAT NHAN VA KY THU,GENERAL
AS5169,UNG DUNG LASER CONG SUAT,GENERAL
AS5171,UNG DUNG LASER CONG SUAT,PHYSICS_LAB
AS5173,QUANG HOC MO – CONG NGHE,GENERAL
AS5175,CHUYEN DE NANG CAO VE TH,PHYSICS_LAB
AS5177,CO SO VAT LY TINH TOAN,COMPUTER_LAB
AS5179,CO SO MO PHONG TRONG VAT,COMPUTER_LAB
AS5181,UNG DUNG KY THUAT HAT NH,GENERAL
AS5183,CO SO VAT LY KY THUAT CU,GENERAL
AS5185,HE THONG THIET BI CHAN D,PHYSICS_LAB
AS5187,HE THONG THIET BI VAT LY,PHYSICS_LAB
AS5189,"PHAN LOAI, KIEM DINH VA",GENERAL
AS5191,CO SO KHOA HOC TINH TOAN,COMPUTER_LAB
AS5193,LAP TRINH TINH TOAN HIEU,COMPUTER_LAB
AS5195,DO AN KHOA HOC,GENERAL
AS5197,CO SO KHOA HOC TINH TOAN,COMPUTER_LAB
AS5199,TOI UU HOA UNG DUNG,COMPUTER_LAB
AS5201,CAC PHAN MEM TINH TOAN M,COMPUTER_LAB
AS5203,CO HOC THONG KE,COMPUTER_LAB
AS5205,VAT LY CHAT RAN NANG CAO,GENERAL
AS5207,THUC TAP CHUYEN DE,GENERAL
AS5209,VAT LY SINH HOC TINH TOA,COMPUTER_LAB
AS5211,CO SO VAT LY PROTEIN,GENERAL
AS5213,MO HINH HOA CAU TRUC PRO,COMPUTER_LAB
AS5215,VAT LY HAT NHAN TINH TOA,COMPUTER_LAB
AS5217,VAT LY PHAN TU TINH TOAN,GENERAL
AS5219,CO MOI TRUONG LIEN TUC,GENERAL
AS5221,DONG HOC CHAT LUU TINH T,COMPUTER_LAB
AS5223,DANH GIA DO TIN CAY TRON,COMPUTER_LAB
AS5225,TOI UU HOA KET CAU DUA T,COMPUTER_LAB
AS5227,CO HOC TINH TOAN NANG CA,COMPUTER_LAB
AS5229,CO HOC RAN NUT TINH TOAN,COMPUTER_LAB
AS5231,DAO DONG KY THUAT NANG C,PHYSICS_LAB
AS5233,TINH CHAT CO HOC CUA VAT,GENERAL
AS5235,DONG LUC HOC KET CAU,GENERAL
AS5237,KY THUAT DO VA XU LY SO,GENERAL
AS5239,DONG LUC HOC VAT RAN,GENERAL
AS5241,GIAI TICH THUC,GENERAL
AS5243,TOI UU UNG DUNG,GENERAL
AS5245,THONG KE CO SO,GENERAL
AS5247,THONG KE NANG CAO,GENERAL
AS5249,MO HINH NHAN QUA NANG CA,GENERAL
AS5251,MO HINH HOA HE CO DIEN T,GENERAL
AS5253,DONG LUC HOC VAT RAN,GENERAL
AS5255,CO HOC PHA HUY,PHYSICS_LAB
AS5257,TINH TOAN KET CAU,GENERAL
AS5259,HE THONG THIET BI Y TE D,ELECTRICAL_LAB
AS5263,HOC MAY,GENERAL
AS5265,MO PHONG DONG LUC HOC PH,GENERAL
AS5267,THIET KE CAU TRUC VAT LI,GENERAL
AS5269,TINH TOAN CAU TRUC DIEN,GENERAL
AS5271,CAC PHAN MEM TINH TOAN M,GENERAL
AS5281,TRUC QUAN HOA DU LIEU,GENERAL
AS5283,LY THUYET PHIEM HAM MAT,GENERAL
AS5285,CO SO KHOA HOC TINH TOAN,GENERAL
AS5287,CO SO CO HOC LUONG TU -,GENERAL
AS5293,PHUONG TRINH TOAN LY VA,GENERAL
AS5295,PHUONG PHAP TINH,GENERAL
AS5297,XAC SUAT THONG KE,GENERAL
AS5299,CO SO CO HOC LUONG TU -,GENERAL
AS5311,LY THUYET ON DINH DAN HO,GENERAL
AS5900,TRIET HOC,GENERAL
AS7001,UNG DUNG LASER CONG SUAT,GENERAL
AS7003,UNG DUNG LASER CONG SUAT,GENERAL
AS7005,CHUYEN DE NANG CAO VE TH,GENERAL
AS7007,QUANG HOC MO - CONG NGHE,GENERAL
AS7009,TIN HOC Y SINH HOC,GENERAL
AS7011,MOT SO VAN DE XU LY ANH,GENERAL
AS7013,CO SO MO PHONG TRONG VAT,GENERAL
AS7015,CO SO VAT LY KY THUAT CU,GENERAL
AS7017,LAP TRINH TINH TOAN HIEU,COMPUTER_LAB
AS7019,CO SO KHOA HOC TINH TOAN,GENERAL
AS7021,TINH TOAN CAU TRUC DIEN,GENERAL
AS7023,CAC PHAN MEM TINH TOAN -,COMPUTER_LAB
AS7025,CO HOC THONG KE,GENERAL
AS7027,VAT LY CHAT RAN NANG CAO,GENERAL
AS7029,VAT LY SINH HOC TINH TOA,GENERAL
AS7031,PHUONG PHAP SO NANG CAO,COMPUTER_LAB
AS7033,CO HOC PHA HUY,PHYSICS_LAB
AS7035,DAO DONG KY THUAT NANG C,GENERAL
AS7037,TINH CHAT CO HOC CUA VAT,GENERAL
AS7039,PHUONG PHAP PHAN TU HUU,COMPUTER_LAB
AS7041,PHUONG PHAP TINH TUOI TH,GENERAL
AS7043,KY THUAT DO VA XU LY SO,ELECTRICAL_LAB
AS7045,LOGIC MO VA UNG DUNG TRO,GENERAL
AS7047,MO HINH HOA VA PHAN TICH,GENERAL
AS7049,DONG LUC HOC PHI TUYEN,GENERAL
AS7051,CO HOC VAT LIEU COMPOSIT,GENERAL
AS7053,LY THUYET ON DINH DAN HO,GENERAL
AS7055,PHAN TICH KET CAU,GENERAL
AS7057,PHAN TICH UNG SUAT BANG,GENERAL
AS7059,MO HINH HOA HE CO - DIEN,COMPUTER_LAB
AS7061,DONG LUC HOC VAT RAN,COMPUTER_LAB
AS7063,DONG LUC HOC MAY,COMPUTER_LAB
AS7065,PHAN TICH SONG SOT,GENERAL
AS7067,TOI UU SO,GENERAL
AS7069,GIAI TICH BIEN PHAN VA U,GENERAL
AS7071,TOI UU KHONG TRON,GENERAL
AS7073,HINH HOC TINH TOAN VA UN,GENERAL
AS7075,KHONG GIAN SO HOA: CAC P,GENERAL
AS7077,LY THUYET NUA NHOM VA UN,GENERAL
AS7079,MO HINH TOAN VA MO PHONG,GENERAL
AS7081,GIAI TICH NGAU NHIEN VA,GENERAL
AS7083,HE HYPERBOLIC CAC DINH L,GENERAL
AS7085,PHUONG TRINH MONGE-AMPER,GENERAL
AS7087,CAC GIAI PHAP RIEMANN VA,GENERAL
AS7089,CAC MO HINH DO THI XAC S,GENERAL
AS7091,THONG KE NHIEU CHIEU,GENERAL
AS7093,PHAN TICH NHAN QUA,GENERAL
AS7095,CO SO VAT LY TINH TOAN,COMPUTER_LAB
AS7097,CO SO CO HOC LUONG TU -,GENERAL
AS7099,CO SO LASER VA UNG DUNG,PHYSICS_LAB
AS7101,CHUYEN DE NANG CAO VE TH,PHYSICS_LAB
AS7103,CHUYEN DE VAT LY NANG CA,GENERAL
AS7105,UNG DUNG KY THUAT QUANG,GENERAL
AS7107,CAM BIEN TRONG UNG DUNG,GENERAL
AS7109,TIN HOC VAT LY KY THUAT,COMPUTER_LAB
AS7111,KY THUAT THIET BI Y HOC,OTHER_SPECIAL
AS7113,THIET BI CHAN DOAN HINH,GENERAL
AS7115,Y HOC HAT NHAN VA KY THU,GENERAL
AS7117,QUANG HOC MO – CONG NGHE,GENERAL
AS7119,HE THONG THIET BI Y TE D,OTHER_SPECIAL
AS7121,PHUONG TRINH VI PHAN VA,GENERAL
AS7123,MA TRAN NGAU NHIEN,GENERAL
AS7125,CHUYEN DE NHUNG VAN DE T,GENERAL
AS7127,MANG THAN KINH NHAN TAO,COMPUTER_LAB
AV250,ANH VAN 250,GENERAL
AV300,ANH VAN 300,GENERAL
AV350,ANH VAN 350,GENERAL
AV400,ANH VAN 400,GENERAL
AV450,ANH VAN 450,GENERAL
AV500,ANH VAN 500,GENERAL
AV550,ANH VAN 550,GENERAL
AV600,ANH VAN 600,GENERAL
CH0001,HOA HOC CAN BAN,GENERAL
CH1001,NHAP MON VE KY THUAT,GENERAL
CH1002,NHAP MON VE KY THUAT(BT),GENERAL
CH1003,HOA DAI CUONG,CHEMISTRY_LAB
CH1004,HOA DAI CUONG (TN),CHEMISTRY_LAB
CH1005,HOA LY HOA KEO,GENERAL
CH1006,HOA LY HOA KEO (THL),CHEMISTRY_LAB
CH1007,PHAT TRIEN BEN VUNG,GENERAL
CH1009,HOA PHAN TICH,CHEMISTRY_LAB
CH1010,HOA PHAN TICH (TN),CHEMISTRY_LAB
CH1011,SINH HOC,GENERAL
CH1012,SINH HOC (TN),CHEMISTRY_LAB
CH1013,NHIENLIEU SINHHOC &SKHOI,GENERAL
CH1015,HOA DAI CUONG,CHEMISTRY_LAB
CH1016,HOA DAI CUONG (TN),CHEMISTRY_LAB
CH1017,SINH HOC DAI CUONG,GENERAL
CH1018,SINH HOC DAI CUONG (TN),CHEMISTRY_LAB
CH1019,DINH DUONG,GENERAL
CH1020,DINH DUONG (BT),GENERAL
CH2001,HOA LY,CHEMISTRY_LAB
CH2002,HOA LY (TN),CHEMISTRY_LAB
CH2003,HOA LY 1,GENERAL
CH2004,HOA LY 1 (THL),CHEMISTRY_LAB
CH2005,HOA PHAN TICH,CHEMISTRY_LAB
CH2006,HOA PHAN TICH (TN),CHEMISTRY_LAB
CH2007,HOA HOC-HOASINH THUCPHAM,GENERAL
CH2008,HOA HOC-HOASINH T/P (THL,CHEMISTRY_LAB
CH2009,HOA PHAN TICH,CHEMISTRY_LAB
CH2010,HOA PHAN TICH (TN),CHEMISTRY_LAB
CH2011,HOA VO CO,CHEMISTRY_LAB
CH2012,HOA VO CO (THL-TN),CHEMISTRY_LAB
CH2013,HOA VO CO,CHEMISTRY_LAB
CH2014,HOA VO CO (TN),CHEMISTRY_LAB
CH2015,CAC QTRINH KTHUAT SHOC 1,GENERAL
CH2017,KY THUAT THUC PHAM 1,GENERAL
CH2019,QUATRINH &THIET BI COHOC,GENERAL
CH2021,HOA HUU CO,GENERAL
CH2022,HOA HUU CO (THL),GENERAL
CH2023,HOA HUU CO,GENERAL
CH2024,HOA HUU CO (TN),CHEMISTRY_LAB
CH2025,CO SO SINH HOC,GENERAL
CH2026,CO SO SINH HOC (TN),CHEMISTRY_LAB
CH2027,SINH HOC DAI CUONG,GENERAL
CH2028,SINH HOC DAI CUONG (TN),CHEMISTRY_LAB
CH2029,SINH HOC TE BAO,GENERAL
CH2031,HOA LY 2,GENERAL
CH2033,HOA SINH,GENERAL
CH2034,HOA SINH (TN),CHEMISTRY_LAB
CH2035,KY THUAT THUC PHAM 2,GENERAL
CH2037,HOA SINH CONG NGHIEP,GENERAL
CH2038,HOA SINH CONG NGHIEP(TN),CHEMISTRY_LAB
CH2039,KY THUAT THUC PHAM 3,GENERAL
CH2041,THI NGHIEM HOA LY,CHEMISTRY_LAB
CH2043,Q/TR & TH/BI TRUYENNHIET,GENERAL
CH2045,VI SINH THUC PHAM,GENERAL
CH2047,QUATRINH KTHUAT SINHHOC2,GENERAL
CH2049,TN HOA HOC & HOA SINH TP,CHEMISTRY_LAB
CH2051,Q/TRINH &TBI TRUYEN KHOI,GENERAL
CH2053,THI NGHIEM HOA HUU CO,CHEMISTRY_LAB
CH2055,VAT LY THUC PHAM,GENERAL
CH2057,CO SO VAT LIEU VA AN MON,GENERAL
CH2059,KY THUAT PHAN UNG,GENERAL
CH2061,CS T/TOAN &TKE TBI HCHAT,GENERAL
CH2065,HOA KEO,GENERAL
CH2071,HOA HOC XANH,GENERAL
CH2077,C/NGHE SAN XUAT THEO ME,GENERAL
CH2079,KY THUAT DUONGONG BECHUA,GENERAL
CH2081,THIET KE P&ID,COMPUTER_LAB
CH2089,QUA TRINH &THIET BI CN 1,GENERAL
CH2091,SINH HOC DAI CUONG,GENERAL
CH2093,QUA TRINH SINH HOC 3,GENERAL
CH2095,TK HETHONG QUYTRINH CNHH,COMPUTER_LAB
CH2097,HOA SINH HOC,GENERAL
CH2099,PHANTICH HOALY THUC PHAM,GENERAL
CH2101,THI NGHIEM PT HOA LY TP,CHEMISTRY_LAB
CH2103,LUAT THUC PHAM,GENERAL
CH2105,QUAN LY CHUOI CUNGUNG TP,GENERAL
CH2107,"THUC PHAM,VAN HOA,MT &XH",GENERAL
CH2109,HOA LY 2,GENERAL
CH2111,THI NGHIEM HOA HUU CO CB,CHEMISTRY_LAB
CH2113,HOA PHAN TICH,GENERAL
CH2114,HOA PHAN TICH (THL),GENERAL
CH2115,THI NGHIEM HOA PHAN TICH,CHEMISTRY_LAB
CH2117,THI NGHIEM VISINH T/PHAM,CHEMISTRY_LAB
CH2119,VI SINH VAT,GENERAL
CH2121,T/N QUA TRINH THIET BI,CHEMISTRY_LAB
CH2123,HOA KEO,GENERAL
CH2125,CAC P/PHAP PHAN TICH HD,GENERAL
CH2127,CS VATLIEU &BAO VE ANMON,GENERAL
CH2129,TONG HOP HUU CO HOA DAU,GENERAL
CH2131,CO SO HOA SINH & VI SINH,GENERAL
CH2133,COSO DIEU KHIEN QUATRINH,ELECTRICAL_LAB
CH2135,KY THUAT PHAN UNG,GENERAL
CH2137,SINH HOC TE BAO,GENERAL
CH2139,TE BAO HOC,GENERAL
CH2141,S/HOC PHAN TU &DI TRUYEN,GENERAL
CH2143,DI TRUYEN HOC,GENERAL
CH2145,DINH DUONG,GENERAL
CH2147,PHAN TICH THUC PHAM,GENERAL
CH2149,T/H P/TICH T/PHAM A,CHEMISTRY_LAB
CH2151,T/H P/TICH T/PHAM B,CHEMISTRY_LAB
CH2155,THI NGHIEM HOA PHAN TICH,CHEMISTRY_LAB
CH2159,THI NGHIEM VISINH T/PHAM,CHEMISTRY_LAB
CH3001,THI NGHIEM VISINH T/PHAM,CHEMISTRY_LAB
CH3003,VI SINH VAT,GENERAL
CH3004,VI SINH VAT (TN),CHEMISTRY_LAB
CH3005,CAC PP PHAN TICH HIENDAI,GENERAL
CH3007,TONG HOP HUU CO HOA DAU,GENERAL
CH3009,VI SINH CONG NGHIEP,GENERAL
CH3010,VI SINH CONG NGHIEP (TN),CHEMISTRY_LAB
CH3011,CONG NGHE SAU THU HOACH,GENERAL
CH3013,S/HOC PHAN TU &DI TRUYEN,GENERAL
CH3015,T/N QUA TRINH THIET BI,CHEMISTRY_LAB
CH3017,CONGNGHE CHEBIEN TH/PHAM,GENERAL
CH3018,C/NGHE CHEBIEN T/PHAM(BT,GENERAL
CH3019,CONG NGHE TE BAO,GENERAL
CH3020,CONG NGHE TE BAO (TN),CHEMISTRY_LAB
CH3021,CONGNGHE PROTEIN -ENZYME,GENERAL
CH3022,CONGNGHE PROTEIN/EZY(TN),CHEMISTRY_LAB
CH3023,T/K HETHONGQUYTRINH CNHH,GENERAL
CH3027,DINH DUONG VA AN TOAN TP,GENERAL
CH3029,CO SO KY THUAT HOA DUOC,GENERAL
CH3031,COSO DIEU KHIEN QUATRINH,GENERAL
CH3033,KY THUAT MOI TRUONG,GENERAL
CH3037,COSO THIETKE NHA MAY HOA,GENERAL
CH3039,COSO THIETKE MAY &TBI TP,GENERAL
CH3040,COSO T/KE MAY &TBI TP(BT,GENERAL
CH3041,SINH HOA DUOC,GENERAL
CH3047,MO H/H &M/PHONG TRG CNTP,GENERAL
CH3048,MO H/H &M/P TRG CNTP(BT),COMPUTER_LAB
CH3049,P/TICH CAM QUAN THUCPHAM,OTHER_SPECIAL
CH3050,P/TICH CAM QUAN TP (TN),OTHER_SPECIAL
CH3051,CONG NGHE LEN MEN,GENERAL
CH3052,CONG NGHE LEN MEN (TN),CHEMISTRY_LAB
CH3053,THIET KE NHAMAY THUCPHAM,GENERAL
CH3054,T/KE NHAMAY THUCPHAM(BT),GENERAL
CH3055,C/NGHE CHE BIEN RAU QUA,GENERAL
CH3057,C/NGHE SH NGUYEN LIEU TP,GENERAL
CH3059,C/NGHE SINH HOC XU LY NT,GENERAL
CH3061,C/NGHE SHOC UD TRONGBVTV,GENERAL
CH3063,CONG NGHE TE BAO GOC,GENERAL
CH3065,CONGNGHE PROTEIN DON BAO,GENERAL
CH3067,C/NGHE SH TRONG SXNLXANH,GENERAL
CH3069,C/NGHE SXKS &VACCINE TCN,GENERAL
CH3071,C/NGHE SX DUONG& BANHKEO,GENERAL
CH3073,C/NGHE TINH CHE NL DUOC,GENERAL
CH3075,KY THUAT LANH &LD T/PHAM,GENERAL
CH3076,KY THUAT LANH &LD T/P(BT,OTHER_SPECIAL
CH3077,LIEU PHAP GEN,GENERAL
CH3079,PHUONG PHAP SO TROG CNHH,GENERAL
CH3081,"C/NGHE CB TRA,CPHE,CACAO",GENERAL
CH3083,CONG NGHE HAT VA BOT,GENERAL
CH3085,HE THONG VC TRONG NMTP,GENERAL
CH3087,DIEU KHIEN TU DONG 1,GENERAL
CH3089,C/NGHE CB CHAT BEO TPHAM,GENERAL
CH3091,KY THUAT SX D/PHAM & DG,GENERAL
CH3093,CONG NGHE CHE BIEN THIT,GENERAL
CH3095,THI NGHIEM SAN XUAT DP,OTHER_SPECIAL
CH3097,C/NGHE CHE BIEN THUY SAN,GENERAL
CH3099,H/HOC CAYTHUOC &CAC NNLD,GENERAL
CH3101,H/HOC &C/NGHE CHAT HDBM,GENERAL
CH3103,C/NGHE SX SP TU SUA&TUPC,GENERAL
CH3105,CO SO TONG HOP THUOC,GENERAL
CH3107,KY THUAT VL VOCO SILICAT,GENERAL
CH3111,CO SO KY THUAT POLYMER,GENERAL
CH3113,CAC PP XD HT CUA THUOC,GENERAL
CH3117,C/NGHE SX KHANG SINH,GENERAL
CH3119,CAC PP VATLY NC CHAT RAN,GENERAL
CH3121,THI NGHIEM THIET BI TDH,ELECTRICAL_LAB
CH3123,C/NGHE SAN XUAT VACCINE,GENERAL
CH3127,DOC CHAT HOC C/NGHIEP UD,GENERAL
CH3129,C/NGHE BAO GOI THUC PHAM,GENERAL
CH3131,CONG NGHE GEN,GENERAL
CH3132,CONG NGHE GEN (TN),CHEMISTRY_LAB
CH3133,"MO HINH HOA,MP &TƯH CNHH",COMPUTER_LAB
CH3135,CONG NGHE VI SINH,GENERAL
CH3137,NHIET DONG &DONG HOC THS,GENERAL
CH3141,NHIEN LIEU S/HOC & NLTT,GENERAL
CH3145,CONG NGHE LOC DAU,GENERAL
CH3147,CONGNGHE SANPHAM MY PHAM,GENERAL
CH3149,CONGNGHE SANXUAT PHANBON,GENERAL
CH3151,KY THUAT XUC TAC VA UD,GENERAL
CH3153,PT CAC CHAT ONHIEM TMTKK,GENERAL
CH3155,CONG NGHE CHE BIEN KHI,GENERAL
CH3157,CONG NGHE HOA HUONG LIEU,GENERAL
CH3159,CAC PP CB MAU TROG PTICH,GENERAL
CH3161,GIAN DO PHA,GENERAL
CH3169,C/NGHE CAC SPHAM TAY RUA,GENERAL
CH3171,CAC SAN PHAM DAU KHI,GENERAL
CH3173,KY THUAT CHAN KHONG,GENERAL
CH3175,KY THUAT DIEN HOA,GENERAL
CH3177,P/PHAP PHAN TICH T/PHAM,GENERAL
CH3179,THI NGHIEM CHUYENNGANHVC,CHEMISTRY_LAB
CH3180,THI NGHIEM CHUYENNGANHVC,CHEMISTRY_LAB
CH3183,C/NGHE CAC SP CO N/GOCTN,GENERAL
CH3185,C/NGHE SX CHAT MAU VO CO,GENERAL
CH3187,KY THUAT PT KS &CC VO CO,GENERAL
CH3188,KY THUAT PT KS &CCVC (TN,CHEMISTRY_LAB
CH3191,THI NGHIEM KY THUAT DH,CHEMISTRY_LAB
CH3193,XUC TAC TRONG CN LOC -HD,GENERAL
CH3195,HOA HOC CHAT RAN VA UD,GENERAL
CH3197,KY THUAT CHE BIEN K/SAN,GENERAL
CH3201,KY THUAT NHUOM IN,GENERAL
CH3203,KY THUAT P/TICH NUOC &NT,GENERAL
CH3204,KY THUAT P/TICH NUOC (TN,CHEMISTRY_LAB
CH3205,THI NGHIEM CHUYEN DE DK,CHEMISTRY_LAB
CH3207,C/NGHE SX BOT GIAY &GIAY,GENERAL
CH3209,HOA HOC NANO,GENERAL
CH3211,PHAN TICH DOC TO & PGTP,GENERAL
CH3212,PHAN TICH DOC TO & (TN),CHEMISTRY_LAB
CH3215,VAT LIEU NANO VO CO & UD,GENERAL
CH3219,C/NGHE SX OXYT&MSHCCKLCT,GENERAL
CH3221,CAC PP XD CT HOP CHAT HC,GENERAL
CH3223,KY THUAT PHAN TAN PHA,GENERAL
CH3225,PHANTICH MAU SILICATE&PB,GENERAL
CH3227,QUA TRINH HOALY TRG XLMT,GENERAL
CH3229,THIET BI HOAHOC TRONG DK,GENERAL
CH3231,CAC PP P/LAP TC HC HUUCO,GENERAL
CH3233,KY THUAT HAP PHU VA UD,GENERAL
CH3235,KY THUAT PT CAC SP NGTN,GENERAL
CH3237,MANG VO CO-TONG HOP & UD,GENERAL
CH3241,TOIUU HOA TRONG N/MAY LD,GENERAL
CH3243,C/NGHE LEN MEN THUC PHAM,GENERAL
CH3244,C/NGHE LEN MEN T/PHAM(TH,CHEMISTRY_LAB
CH3245,CO SO CONG NGHIEP CN SH,GENERAL
CH3247,C/NGHE SX HOA CHAT VCCB,GENERAL
CH3249,HOA DI VONG,GENERAL
CH3251,LY THUYET TRUYEN VAN,GENERAL
CH3253,PHUONG PHAP P/TICH SACKY,GENERAL
CH3255,DIEN HOA CHATRAN &PIN NL,GENERAL
CH3259,THI NGHIEM CO SO KT HD,CHEMISTRY_LAB
CH3261,ANTOAN TRONG CONGNGHE SH,GENERAL
CH3263,SINH LY MIEN DICH,GENERAL
CH3265,TIN HOC U/DUNG TRONGCNHH,COMPUTER_LAB
CH3267,CAC SANPHAM CONG NGHE SH,GENERAL
CH3269,CONG NGHE VI SINH T/PHAM,GENERAL
CH3271,SH PT THUCVAT &UD TCTCTG,GENERAL
CH3273,VISINH VAT HOC MOITRUONG,GENERAL
CH3275,C/NGHE SH DONGVAT UD TCN,GENERAL
CH3277,C/NGHE SAN XUAT VITAMIN,GENERAL
CH3279,KY THUAT HOA SINH,GENERAL
CH3281,PHAT TRIEN SP THUC PHAM,GENERAL
CH3282,PH/TRIEN SP THUC PHAM(TN,CHEMISTRY_LAB
CH3283,THUNHAN &UD ENZYME TCNTP,GENERAL
CH3285,VANHANH HT QUYTRINH CNHH,GENERAL
CH3287,C/NGHE CHEBIEN LUONGTHUC,GENERAL
CH3289,C/NGHE SINH HOC XU LY CT,GENERAL
CH3291,C/NGHE SX PHAN BON S/HOC,GENERAL
CH3293,KY THUAT SAY,GENERAL
CH3295,THUC PHAM BIEN DOI GEN,GENERAL
CH3297,AN TOAN QUA TRINH,GENERAL
CH3299,THIET KE MAY VA NHA MAY,GENERAL
CH3303,GIAOTIEP KYTHUAT BANG TA,GENERAL
CH3305,THIET KE CONG NGHE VA P&,GENERAL
CH3307,AN TOAN VA VAN HANH QUA,OTHER_SPECIAL
CH3309,T/KE TNGHIEM &XLY SOLIEU,GENERAL
CH3311,X/DUNG MOHINH TRONG DKQT,GENERAL
CH3315,CO SO KYTHUAT HOA BUC XA,GENERAL
CH3317,KY THUAT XL NUOC CAP -NT,GENERAL
CH3319,CNSX KHANGSINH CHO HDUOC,GENERAL
CH3321,THIET KE HE THONG QTCNHH,GENERAL
CH3327,HOA KEO,GENERAL
CH3329,CAC P/PHAP PHAN TICH HD,GENERAL
CH3331,CS VATLIEU &BAO VE ANMON,GENERAL
CH3337,TONG HOP HUU CO HOA DAU,GENERAL
CH3339,CO SO HOA SINH & VI SINH,GENERAL
CH3340,CO SO H/SINH &VI SINH(BT,GENERAL
CH3341,COSO DIEU KHIEN QUATRINH,GENERAL
CH3342,COSO DIEU KHIEN QT (TN),CHEMISTRY_LAB
CH3347,KY THUAT PHAN UNG,GENERAL
CH3348,KY THUAT PHAN UNG(BT),GENERAL
CH3349,CO SO TINH TOAN TK TB HH,GENERAL
CH3351,SINH HOC TE BAO,GENERAL
CH3352,SINH HOC TE BAO (TN),CHEMISTRY_LAB
CH3357,TE BAO HOC,GENERAL
CH3358,TE BAO HOC (TN),CHEMISTRY_LAB
CH3359,CONG NGHE LEN MEN VS VAT,GENERAL
CH3360,C/NGHE LEN MEN VS VAT(TN,CHEMISTRY_LAB
CH3361,S/HOC PHAN TU &DI TRUYEN,GENERAL
CH3362,S/HOC P/TU &DI TRUYEN(TN,CHEMISTRY_LAB
CH3367,DI TRUYEN HOC,GENERAL
CH3368,DI TRUYEN HOC (TN),CHEMISTRY_LAB
CH3369,DINH DUONG,GENERAL
CH3370,DINH DUONG(BT),GENERAL
CH3371,PHAN TICH THUC PHAM,GENERAL
CH3372,PHAN TICH THUC PHAM(BT),GENERAL
CH3379,T/H P/TICH T/PHAM A,CHEMISTRY_LAB
CH3381,T/H P/TICH T/PHAM B,CHEMISTRY_LAB
CH3389,P/TRIEN BEN VUNG &CNXLMT,GENERAL
CH3391,KT THU NHAN ENZYME &UD,GENERAL
CH3392,KT THUNHAN ENZYME &UD(TN,CHEMISTRY_LAB
CH3399,CONG NGHE S/XUAT VACCINE,GENERAL
CH3400,C/NGHE S/XUAT VACCINE(TN,CHEMISTRY_LAB
CH3401,C/NGHE S/XUAT KHANG SINH,GENERAL
CH3402,C/NGHE S/XUAT K/SINH(THL,CHEMISTRY_LAB
CH3403,PPDG HOAT TINH SHCCHCTN,GENERAL
CH3404,PPDG H/TINH SHCCHCTN(TN),CHEMISTRY_LAB
CH3405,CONG NGHE NUOI TRONG NAM,GENERAL
CH3406,C/NGHE NUOI TRONG NAM(TN,CHEMISTRY_LAB
CH3407,K/T NUOI CAY TE BAO TV,GENERAL
CH3408,K/T NUOI CAY TEBAO TV(TN,CHEMISTRY_LAB
CH3409,C/NGHE SAN XUAT VITAMIN,CHEMISTRY_LAB
CH3410,C/NGHE S/XUAT VITAMIN(TN,CHEMISTRY_LAB
CH3421,CO SO KY THUAT MY PHAM,GENERAL
CH3423,PHAT TRIEN BEN VUNG VA X,GENERAL
CH3425,SINH HOA DUOC,GENERAL
CH3426,SINH HOA DUOC(BT),CHEMISTRY_LAB
CH3427,"SINH LY, MIEN DICH HOC",GENERAL
CH3429,CONG NGHE SX MY PHAM,CHEMISTRY_LAB
CH3430,CONG NGHE SX MY PHAM(TN),CHEMISTRY_LAB
CH3433,THUC HANH PHAN TICH THUC,CHEMISTRY_LAB
CH3435,CONG NGHE LEN MEN THUC P,GENERAL
CH3437,SINH HOC TE BAO,GENERAL
CH3437.P,SINH HOC TE BAO,CHEMISTRY_LAB
CH3438,SINH HOC TE BAO,CHEMISTRY_LAB
CH3439,SINH HOC PHAN TU VA DI T,GENERAL
CH3440,SINH HOC PHAN TU VA DI T,CHEMISTRY_LAB
CH3441,SINH LY MIEN DICH,GENERAL
CH3443,DI TRUYEN HOC,GENERAL
CH3445,QUAN LY CHAT LUONG THUC,GENERAL
CH4001,THI NGHIEM C/NGHE CBTP,CHEMISTRY_LAB
CH4015,NHAN DANG HE THONG,GENERAL
CH4017,THI NGHIEM KY THUAT XT,PHYSICS_LAB
CH4019,DIEU KHIEN TU DONG 2,GENERAL
CH4021,CAC QUA TRINH KG ON DINH,GENERAL
CH4023,KY THUAT PHANTACH HE NCT,GENERAL
CH4025,LUU BIEN TRONG HOA HOC,GENERAL
CH4027,SAN XUAT SACH HON,GENERAL
CH4029,XL TIN HIEU TRONG DKQT,GENERAL
CH4031,THI NGHIEM DIEU KHIEN QT,ELECTRICAL_LAB
CH4033,P/PHAP KIEM TOAN & TKNL,GENERAL
CH4035,TU DONG HOA Q/TRINH CNHH,GENERAL
CH4041,QUAN LY CHAT LUONG TP,GENERAL
CH4047,KY THUAT LANH,GENERAL
CH4049,THIET BI PHAN UNG ND CAO,GENERAL
CH4051,AN TOAN QUA TRINH,OTHER_SPECIAL
CH4052,AN TOAN QUA TRINH (TN),CHEMISTRY_LAB
CH4059,KIEM TOAN NANG LUONG,GENERAL
CH4061,K/THUAT DUONG ONG BECHUA,GENERAL
CH4063,THIET KE P&ID,GENERAL
CH4065,VANHANH HT QUYTRINH CNHH,GENERAL
CH4066,V/H HT QUYTRINH CNHH(BT),GENERAL
CH4067,CO SO THIET KE NHA MAY,GENERAL
CH4068,CO SO TH/KE NHA MAY(BT),GENERAL
CH4069,SAN XUAT SACH HON,GENERAL
CH4071,DIEU KHIEN TU DONG QTCN,GENERAL
CH4072,D/KHIEN TU DONG QTCN (TN,ELECTRICAL_LAB
CH4073,KY THUAT PHA PHAN TAN,GENERAL
CH4075,CONG NGHE XL &TAI CHE CT,GENERAL
CH4076,C/NGHE XL &TAI CHE CT(TH,CHEMISTRY_LAB
CH4077,NHIEN LIEU S/HOC & NLTT,GENERAL
CH4079,HOA HOC XANH,GENERAL
CH4081,C/NGHE SX PB&CAC HC VOCO,GENERAL
CH4083,CO SO KY THUAT POLYMER,GENERAL
CH4085,H/HOC &C/NGHE CHAT HDBM,GENERAL
CH4087,CAC PP VATLY NC CHAT RAN,GENERAL
CH4089,CO SO KT BUC XA &UNGDUNG,GENERAL
CH4091,HOA HOC NANO & UNG DUNG,GENERAL
CH4093,DOC CHAT HOC CN UNG DUNG,GENERAL
CH4097,AN TOAN SH &AT THUC PHAM,GENERAL
CH4098,AN TOAN SH &AT T/PHAM(BT,GENERAL
CH4101,QUAN TRI C/LUONG T/PHAM,GENERAL
CH4102,QUAN TRI C/L T/PHAM(BT),GENERAL
CH4105,CONG NGHE CB SUA &DOUONG,CHEMISTRY_LAB
CH4106,C/NGHE CB SUA &DOUONG(TN,CHEMISTRY_LAB
CH4107,PT SAN PHAM THUCPHAM MOI,CHEMISTRY_LAB
CH4109,"CN SANXUAT DUONG,BANHKEO",CHEMISTRY_LAB
CH4110,"CN SX DUONG,BANHKEO (TN)",CHEMISTRY_LAB
CH4111,VAT LY THUC PHAM,GENERAL
CH4112,VAT LY THUC PHAM(BT),GENERAL
CH4113,KY THUAT BAO GOI T/PHAM,GENERAL
CH4114,K/T BAO GOI T/PHAM(BT),GENERAL
CH4115,CONG NGHE SAU THU HOACH,GENERAL
CH4116,C/NGHE SAU THU HOACH(BT),GENERAL
CH4117,C/S C/N C/HOA SINH KHOI,GENERAL
CH4119,CO SO PHAT TRIEN SP HH,GENERAL
CH4121,C/N SAN XUAT HOA CHAT CN,GENERAL
CH4123,HOAHOC SILICATE &UNGDUNG,GENERAL
CH4125,DOC CHAT HOC,GENERAL
CH4127,CNCB KHI THIEN NHIEN,GENERAL
CH4129,CONG NGHE LOC VA CB DAU,GENERAL
CH4131,THIET BI DO LUONG & ĐK,GENERAL
CH4132,THIET BI DO LUONG &ĐK(BT,ELECTRICAL_LAB
CH4133,PIN&CAC HE CHUYEN HOA NL,GENERAL
CH4135,CO SO VAT LIEU BAN DAN,GENERAL
CH4137,CN DAN TRUYEN THUOC DPMP,GENERAL
CH4139,CONG NGHE BAO CHE VA SAN,CHEMISTRY_LAB
CH4140,CONG NGHE BAO CHE&SAN(BT,CHEMISTRY_LAB
CH4141,CO SO TONG HOP HOA DUOC,GENERAL
CH4143,CN UNG DUNG HOP CHAT TN,GENERAL
CH4145,KIEM NGHIEM DUOC PHAM,GENERAL
CH4147,CS VAT LIEU&CHONG AN MON,GENERAL
CH4149,QL CHAT LUONG MY PHAM,GENERAL
CH4151,MY PHAM CHUC NANG,GENERAL
CH4153,TK&PHAT TRIEN SP MY PHAM,GENERAL
CH4155,THUC PHAM TU THUC VAT,CHEMISTRY_LAB
CH4156,THUC PHAM TU THUC VAT(BT,CHEMISTRY_LAB
CH4157,THUC PHAM TU DONG VAT,CHEMISTRY_LAB
CH4159,AN TOAN THUC PHAM,GENERAL
CH4161,CONG NGHE GEN,GENERAL
CH4163,AN TOAN SINH HOC,GENERAL
CH4201,THIET KE NHA MAY THUC PH,GENERAL
CH4203,THI NGHIEM CONG NGHE CHE,CHEMISTRY_LAB
CH4205,DO AN CONG NGHE THUC PHA,CHEMISTRY_LAB
CH4207,QUA TRINH VA THIET BI CO,GENERAL
CH4209,QUA TRINH VA THIET BI TR,GENERAL
CH4211,HOA HUU CO,GENERAL
CH4213,HOA PHAN TICH,CHEMISTRY_LAB
CH4215,KY THUAT PHAN UNG SINH H,GENERAL
CH4217,SINH HOC TE BAO,GENERAL
CH4219,HOA SINH,CHEMISTRY_LAB
CH4221,SINH HOC PHAN TU VA DI T,GENERAL
CH4223,VI SINH VAT,GENERAL
CH4225,CONG NGHE? CHE? BIE?N KH,GENERAL
CH4227,CONG NGHE LEN MEN VI SIN,GENERAL
CH4229,CONG NGHE? LO?C VA? CHE?,GENERAL
CH4231,CONG NGHE? HO?A DA?U NAN,GENERAL
CH4233,CO SO CAC QUA TRINH TRUY,GENERAL
CH4235,CONG NGHE CHE BIEN THUC,GENERAL
CH4237,CONG NGHE SAU THU HOACH,GENERAL
CH4239,QUA TRINH VA THIET BI TR,GENERAL
CH5013,CAC PP P/TICH TRG CNSH,GENERAL
CH5015,THIET KE P&ID TRONG CN,GENERAL
CH5017,XUC TAC & QT XUC TAC CN,GENERAL
CH5019,TDH CAC QT&THIET BI CNHH,CHEMISTRY_LAB
CH5020,TDH CAC QT& TB CNHH (TN),CHEMISTRY_LAB
CH5021,CN CHAT HOAT DONG BMTCN,GENERAL
CH5023,SINH HOA DUOC,GENERAL
CH5025,CS KY THUAT HOA DUOC&TN,CHEMISTRY_LAB
CH5026,CS KTHUAT HOA DUOC&TN(TN,CHEMISTRY_LAB
CH5027,SINH LY MIEN DICH CN&VS,GENERAL
CH5029,T/K THI NGHIEM &XLSLTNKH,GENERAL
CH5031,CS THIET KE NHA MAY TCN,GENERAL
CH5033,KIEM TOAN NANG LUONG TCN,GENERAL
CH5034,KIEM TOAN N/LUONG TCN(TH,GENERAL
CH5035,SAN XUAT SACH HON TCN,GENERAL
CH5037,NHIEN LIEU SH &NLTTTCN,GENERAL
CH5039,CO SO KY THUAT BX&UDTCN,GENERAL
CH5041,K/H &TTUD CC HE CT NANO,GENERAL
CH5043,DOC CHAT HOC VA UD TCN,GENERAL
CH5045,CONG NGHE XU LY &TCCTTCN,GENERAL
CH5047,CAC PPNC CAU TRUC CUA VL,GENERAL
CH5049,HOA HOC XANH TRONG CNHH,GENERAL
CH5051,TOIUUHOA &V/H CAC QTCNHH,GENERAL
CH5053,CN VC&TON TRU TRONG CNHH,GENERAL
CH5055,CS KY THUAT POLYMER &UD,GENERAL
CH5057,K/T PHAN TAN PHA & UD,GENERAL
CH5059,HOA KEO UNG DUNG,GENERAL
CH5061,CAC CLTT TRONG PT DT&DL,GENERAL
CH5063,CO SO VL &BAO VE AMTCN,GENERAL
CH5065,CAC C/NGHE TONG HOP HCHD,GENERAL
CH5067,HOA SINH VA VI SINH,GENERAL
CH5068,HOA SINH VA VI SINH (THL,CHEMISTRY_LAB
CH5069,VH & D/KHIEN QT BANG MT,GENERAL
CH5071,C/N CHE BIEN KHI &CHKTL,GENERAL
CH5073,C/N LOC DAU &CAC QTXT,GENERAL
CH5075,THIET KE NHA MAY LOC DAU,GENERAL
CH5077,CAC S/PHAM DAU KHI &TNCD,CHEMISTRY_LAB
CH5078,CAC S/P DAU KHI &TNCD(TN,CHEMISTRY_LAB
CH5079,NANG LUONG TAI TAO,GENERAL
CH5081,TU DONG HOA TRONG NMLD,GENERAL
CH5083,C/N DIEN HOA &CHCHNL,GENERAL
CH5085,C/N K/SOAT ONMTBPPHL&XT,GENERAL
CH5087,C/N CAC VAT LIEU CN&VLTT,GENERAL
CH5089,HOA HOC CHAT RAN &CCNBM,GENERAL
CH5091,K/T XU LY MAU &PTONMT,GENERAL
CH5093,THI NGHIEM CD& CNKTHL&PT,CHEMISTRY_LAB
CH5095,CONG NGHE SX PB&HC PVNN,GENERAL
CH5097,GIAN DO PHA,GENERAL
CH5099,THI NGHIEM &TLCNKTHVC,CHEMISTRY_LAB
CH5101,C/N SXBM NANO &XTTCOKLCT,GENERAL
CH5103,KY THUAT CHE BIEN K/SAN,GENERAL
CH5105,C/N V/LIEU NANO TLVNL&MT,GENERAL
CH5107,C/N S/PHAM MY PHAM &CSCN,GENERAL
CH5108,C/N S/P MY PHAM &CSCN(TN,CHEMISTRY_LAB
CH5109,C/NGHE SAN PHAM TRDD&CN,GENERAL
CH5110,C/NGHE S/P TRDD&CN (TN),CHEMISTRY_LAB
CH5111,C/N HUONG LIEU &SPNGTN,GENERAL
CH5113,HOA MAU &CONG NGHE N/IN,GENERAL
CH5115,C/NGHE PHANLAP &XDCTHCHC,GENERAL
CH5117,C/N NANO CAC HCHC&UD,GENERAL
CH5119,THIET KE MO PHONG QTCNHH,COMPUTER_LAB
CH5121,"TICH HOP,DONG BO &DGHTCN",GENERAL
CH5123,THIET BI VA CONG NGHE CB,GENERAL
CH5125,K/THUAT QUATRINH BENVUNG,GENERAL
CH5127,CONG NGHE MOI TRONG CNHH,GENERAL
CH5129,LO HOI - LO CONG NGHIEP,GENERAL
CH5131,THI NGHIEM DIEU KHIEN QT,CHEMISTRY_LAB
CH5133,DONG HOC QUA TRINH VA DK,GENERAL
CH5135,HETHONG DIEU KHIEN &ATNM,GENERAL
CH5137,CAC PP PHAN TICH SK&UD,GENERAL
CH5139,THAM DINH PP&QLCLTPT,GENERAL
CH5141,KY THUAT PHAN TICH TP&DP,GENERAL
CH5143,C/N D/T/THUOC TROG DP&MP,GENERAL
CH5145,CAC PP XDHT CUA THUOC,GENERAL
CH5147,CO SO TONG HOP HC&HD,GENERAL
CH5149,HH CAY THUOC &CNNL DUOC,GENERAL
CH5151,CONG NGHE BAO CHE &SXDP,CHEMISTRY_LAB
CH5152,C/NGHE BAO CHE &SXDP(TN),CHEMISTRY_LAB
CH5153,CONG NGHE SAN PHAM TPCN,GENERAL
CH5157,KY THUAT THUC PHAM 4,GENERAL
CH5158,KY THUAT THUC PHAM 4(THL,CHEMISTRY_LAB
CH5159,CAC TINH CHAT KT CUA TP,GENERAL
CH5160,CACTINHCHAT KT CUA TP(TH,CHEMISTRY_LAB
CH5161,HE THONG SAU THUHOACH NS,GENERAL
CH5162,H/T SAU THUHOACH NS (THL,CHEMISTRY_LAB
CH5163,HE THONG BAO GOI T/PHAM,GENERAL
CH5164,HE THONG BAO GOI T/P(THL,CHEMISTRY_LAB
CH5165,DOI MOI &PHAT TRIEN SPTP,CHEMISTRY_LAB
CH5166,DOI MOI &P/TRIEN SPTP(TN,CHEMISTRY_LAB
CH5167,CONG NGHE LEN MEN,CHEMISTRY_LAB
CH5168,CONG NGHE LEN MEN (TN),CHEMISTRY_LAB
CH5169,"C/NGHE CHE BIEN TRA,CPCC",GENERAL
CH5170,"C/N CHE BIEN TRA,CPCC(TN",CHEMISTRY_LAB
CH5171,CONG NGHE CHE BIEN THIT,GENERAL
CH5172,C/N CHE BIEN THIT (TN),CHEMISTRY_LAB
CH5173,C/NGHE CHE BIEN THUY SAN,GENERAL
CH5174,C/N CHE BIEN THUY SAN(TN,CHEMISTRY_LAB
CH5175,C/NGHE CHE BIEN CHAT BTP,GENERAL
CH5176,C/N CHE BIEN CHAT BTP(TN,CHEMISTRY_LAB
CH5177,CONG NGHE CHEBIEN L/THUC,GENERAL
CH5178,C/N CHEBIEN L/THUC (TN),CHEMISTRY_LAB
CH5179,C/NGHE CHE BIEN RAU QUA,GENERAL
CH5180,C/N CHE BIEN RAU QUA(TN),CHEMISTRY_LAB
CH5183,CS C/NGHIEP CONG NGHE SH,GENERAL
CH5185,TIN SINH HOC,GENERAL
CH5186,TIN SINH HOC (THL),COMPUTER_LAB
CH5187,CONG NGHE LEN MEN H/DAI,GENERAL
CH5188,CONG NGHE LEN MEN H/D(TH,CHEMISTRY_LAB
CH5189,Q/L CHAT LUONG SP CNSH,GENERAL
CH5190,Q/L CHATLUONG SP CNSH(TH,CHEMISTRY_LAB
CH5191,KY THUAT HOA SINH,GENERAL
CH5192,KY THUAT HOA SINH (TN),CHEMISTRY_LAB
CH5193,K/T CO DINH ENZYME &TB,GENERAL
CH5194,K/T CO DINH ENZYME&TB(TN,CHEMISTRY_LAB
CH5195,KY THUAT DI TRUYEN VSV,GENERAL
CH5196,K/THUAT DI TRUYEN VSV(TH,CHEMISTRY_LAB
CH5197,K/T SAN XUAT SKVSV&UD,GENERAL
CH5198,K/T SAN XUAT SKVSV&UD(TH,CHEMISTRY_LAB
CH5199,KY THUAT NUOI CAY TBDV,GENERAL
CH5200,KYTHUAT NUOI CAY TBDV(TH,CHEMISTRY_LAB
CH5201,KYTHUAT NCTBTV DE TNHCTC,GENERAL
CH5202,KT NCTBTV DE TNHCTC (THL,CHEMISTRY_LAB
CH5203,ENZYME TRONG CONG NGHIEP,GENERAL
CH5204,ENZYME TRONG C/NGHIEP(TN,CHEMISTRY_LAB
CH5205,CONG NGHE SX PROTEIN TTH,GENERAL
CH5207,CONG NGHE SAN XUAT NLSH,GENERAL
CH5208,CONGNGHE SANXUAT NLSH(TH,CHEMISTRY_LAB
CH5209,CONG NGHE XULY NUOC THAI,GENERAL
CH5211,CONG NGHE XU LY CHAT T/R,GENERAL
CH5213,CONG NGHE SINHHOC Y DUOC,GENERAL
CH5214,C/NGHE SINHHOC Y DUOC(TH,CHEMISTRY_LAB
CH5215,CONG NGHE SINH HOC NN,GENERAL
CH5216,CONG NGHE SINH HOC NN(TH,CHEMISTRY_LAB
CH5217,CONG NGHE SINHHOC T/PHAM,GENERAL
CH5221,CNSX SP TU SUA & TUPC,GENERAL
CH5222,CNSX SP TU SUA & TUPC(TN,CHEMISTRY_LAB
CH5223,"CN SANXUAT DUONG,BANHKEO",GENERAL
CH5224,"CN SX DUONG,BANHKEO (TN)",CHEMISTRY_LAB
CH5225,V/L MAO QUAN - TU TNDCN,GENERAL
CH5227,KT PHANUNG DUOI TDCBXNLL,GENERAL
CH5229,HOAHOC BEMAT TX &CPPPTBM,GENERAL
CH5231,CHE TAO &UD VAT LIEU TCN,GENERAL
CH5233,VAT LIEU CARBON TIENTIEN,GENERAL
CH5235,TINH TOAN MEM TRONG CNHH,GENERAL
CH5237,C/NGHE HOA HOC CHO NNBV,GENERAL
CH5239,QUAN LY DUOC PHAM,GENERAL
CH5241,C/N SX GOM SU & VLXDKN,GENERAL
CH5243,LY THUYET TRUYEN VAN,GENERAL
CH5245,C/NGHE CHAT H/DONG BMTMP,GENERAL
CH5247,NHAP MON VE KY THUAT MP,GENERAL
CH5249,THI NGHIEM MY PHAM,CHEMISTRY_LAB
CH5251,MY PHAM CHUC NANG,GENERAL
CH5253,NGUYEN LIEU TRONG KTMP,GENERAL
CH5255,HOPCHAT TUNHIEN TRONG MP,GENERAL
CH5257,KIEM SOAT CHAT LUONG MP,GENERAL
CH5259,QUAN LY MY PHAM,GENERAL
CH5261,C/NGHE HUONG LIEU CHO MP,GENERAL
CH5263,CONG NGHE SINH HOC MT,GENERAL
CH5271,DINH DUONG VA SUC KHOE,GENERAL
CH5273,THUC PHAM CHUC NANG,GENERAL
CH5275,CONGNGHE ENZYME &PROTEIN,GENERAL
CH5277,DOC TO HOC THUC PHAM,GENERAL
CH5279,CAC P/PHAP LEN MEN CN,GENERAL
CH5281,KHOA HOC CAM QUAN,GENERAL
CH5283,P/P SO & MO PHONG TCNTP,GENERAL
CH5285,LUAT &QUAN TRI ANNINH TP,GENERAL
CH5287,TRUY XUAT NGUON GOC TP,GENERAL
CH5289,NHUNG CHE PHAM BS VAO TP,GENERAL
CH5291,NHUNG THANH TUU VE KHTP,GENERAL
CH5293,NHUNG THANH TUU VE CNTP,GENERAL
CH5295,VI SINH VAT MOI TRUONG,GENERAL
CH5297,LIEU PHAP GEN,GENERAL
CH5299,CONG NGHE TE BAO GOC,GENERAL
CH5301,SH PHAN TU TV&UD TCTCTG,GENERAL
CH5303,CONG NGHE SX PHAN BON SH,GENERAL
CH5309,CAC TINH CHAT KY THUAT C,OTHER_SPECIAL
CH5311,LY THUYET TRUYEN VAN,GENERAL
CH5313,HE THONG BAO GOI THUC PH,OTHER_SPECIAL
CH5315,MO PHONG VA TOI UU HOA C,GENERAL
CH5317,CO SO VAN HANH NHA MAY L,GENERAL
CH5319,HE THONG NONG SAN SAU TH,OTHER_SPECIAL
CH5321,CONG NGHE? LO?C VA? CHE?,GENERAL
CH5323,THIET KE P&ID TRONG CONG,GENERAL
CH5325,TU DONG HOA CAC QUA TRIN,GENERAL
CH5327,SINH HOA DUOC,GENERAL
CH5329,SINH LY MIEN DICH CON NG,GENERAL
CH5331,HOA HOC XANH TRONG CONG,GENERAL
CH5333,TOI UU HOA VA VAN HANH C,GENERAL
CH5335,CONG NGHE VAN CHUYEN VA,GENERAL
CH5337,CAC CONG NGHE TONG HOP H,GENERAL
CH5339,CONG NGHE LOC DAU VA CAC,GENERAL
CH5341,CONG NGHE KIEM SOAT O NH,GENERAL
CH5343,CONG NGHE SAN XUAT PHAN,GENERAL
CH5345,CONG NGHE SAN PHAM MY PH,GENERAL
CH5347,CONG NGHE SAN PHAM TAY R,GENERAL
CH5349,CONG NGHE HUONG LIEU VA,GENERAL
CH5351,HOA MAU VA CONG NGHE NHU,GENERAL
CH5353,CONG NGHE NANO CAC HOAT,GENERAL
CH5355,KY THUAT QUA TRINH BEN V,GENERAL
CH5357,CONG NGHE DAN TRUYEN THU,GENERAL
CH5359,HOA HOC CAY THUOC VA CAC,GENERAL
CH5361,DO AN CONG NGHE HOA HOC,GENERAL
CH5363,THUC TAP CHUYEN NGANH KY,CHEMISTRY_LAB
CH5365,CAC TINH CHAT KY THUAT C,GENERAL
CH5367,HE  THONG BAO GOI THUC P,GENERAL
CH5369,HE THONG SAU THU HOACH N,GENERAL
CH5371,KY THUAT THUC PHAM 4,GENERAL
CH5373,CONG NGHE PHAN LAP VA TI,GENERAL
CH5375,CONG NGHE CHUYEN HOA NGU,GENERAL
CH5405,HE THONG DIEU KHIEN VA A,GENERAL
CH5407,LUAT VA QUAN TRI AN NINH,GENERAL
CH5409,THUC PHAM CHUC NANG,GENERAL
CH5411,KY THUAT DI TRUYEN VI SI,GENERAL
CH5413,TIN SINH HOC,COMPUTER_LAB
CH5415,CONG NGHE LEN MEN HIEN D,GENERAL
CH5417,CONG NGHIEP CONG NGHE SI,GENERAL
CH5419,CAC PHUONG PHAP PHAN TIC,GENERAL
CH5421,NHIET DONG KY THUAT HOA,GENERAL
CH5423,LY THUYET TRUYEN VAN,GENERAL
CH5425,HOA HUU CO NANG CAO,GENERAL
CH5427,CONG NGHE DIEN HOA VA CA,GENERAL
CH5429,DONG HOC PHAN UNG XUC TA,GENERAL
CH5431,VI SINH THUC PHAM,GENERAL
CH5433,HOA SINH THUC PHAM,GENERAL
CH5435,CAC CONG NGHE TIEN TIEN,GENERAL
CH5437,THUC HANH CAC CONG NGHE,GENERAL
CH5439,XU LY SO LIEU DA CHIEU,COMPUTER_LAB
CH5441,CO SO VAN HANH NHA MAY L,GENERAL
CH5443,MO PHONG VA TOI UU HOA C,GENERAL
CH5445,CAC PHUONG PHAP PHAN TIC,GENERAL
CH5447,VAT LIEU MAO QUAN TIEN T,GENERAL
CH5449,CONG NGHE CAC HOP CHAT N,GENERAL
CH5451,HOA HOC CAC HE DAN TRUYE,GENERAL
CH5453,HOA HOC CAC HOP CHAT TU,GENERAL
CH5455,NHUNG TIEN BO TRONG HOA,GENERAL
CH5457,HOA HOC VAT LIEU NANO,GENERAL
CH5459,XUC TAC NANO,GENERAL
CH5461,DIEN HOA CHAT RAN VA PIN,GENERAL
CH5463,KY THUAT SAC KY TRONG PH,GENERAL
CH5465,KY THUAT PHAN TICH CAC C,GENERAL
CH5467,CAC VAN DE KY THUAT - KI,GENERAL
CH5469,AN TOAN VA KY THUAT XU L,GENERAL
CH5471,TIET KIEM NANG LUONG TRO,GENERAL
CH5473,PHU GIA CHO CAC SAN PHAM,GENERAL
CH5475,THIET KE VA TU DONG HOA,GENERAL
CH5477,MOT SO PHUONG PHAP PHAN,GENERAL
CH5479,CAC PHUONG PHAP LEN MEN,GENERAL
CH5481,CONG NGHE PROTEIN VA ENZ,GENERAL
CH5483,TRUY XUAT NGUON GOC THUC,GENERAL
CH5485,DOC TO HOC THUC PHAM,GENERAL
CH5487,PHUONG PHAP XAY DUNG VA,GENERAL
CH5489,CONG NGHE VAT LIEU NANO,GENERAL
CH5491,"TINH TOAN, MO PHONG CAC",GENERAL
CH5493,CONG NGHE VAT LIEU CACBO,GENERAL
CH5495,OXYT KIM LOAI CHUYEN TIE,GENERAL
CH5497,CONG NGHE BOT VA HAT,GENERAL
CH5499,CONG NGHE TAI TAO NGUYEN,GENERAL
CH5501,KY THUAT PHAN UNG NANG C,GENERAL
CH5503,CAC QUA TRINH TRUYEN VAN,GENERAL
CH5505,DINH DUONG VA SUC KHOE,GENERAL
CH5507,PHUONG PHAP SO VA MO PHO,GENERAL
CH5509,KHOA HOC CAM QUAN,GENERAL
CH5511,CONG NGHE MANG,GENERAL
CH5513,CONG NGHE CHE BIEN KHI,GENERAL
CH5515,NANG LUO?NG TA?I TA?O,GENERAL
CH5517,AN MON TRONG CONG NGHIE,GENERAL
CH5519,THIE?T KE? CA?C THIE?T B,GENERAL
CH5521,KY THUAT VI NHAN GIONG T,GENERAL
CH5523,ENZYME TRONG CONG NGHIEP,GENERAL
CH5525,QUAN LY CHAT LUONG SAN P,GENERAL
CH5527,CONG NGHE SINH HOC THUC,GENERAL
CH5529,NANG LUONG SINH KHOI,GENERAL
CH5531,CONG NGHE SINH HOC Y DUO,GENERAL
CH5533,CONG NGHE SINH HOC MOI T,GENERAL
CH5535,CONG NGHE SINH HOC NONG,GENERAL
CH5537,KY THUAT NUOI CAY TE BAO,GENERAL
CH5595,CONG NGHE ENZYME VA PROT,GENERAL
CH5601,THIET KE P&ID TRONG CONG,GENERAL
CH5603,CONG NGHE CHAT HOAT DONG,GENERAL
CH5605,TU DONG HOA QUA TRINH HO,GENERAL
CH5607,XUC TAC VA QUA TRINH XUC,GENERAL
CH5609,CONG NGHE TONG HOP HUU C,GENERAL
CH5611,NHIEN LIEU SINH HOC VA N,GENERAL
CH5613,CO SO KY THUAT POLYMER V,GENERAL
CH5615,TOI UU HOA VA VAN HANH,GENERAL
CH5617,CONG NGHE? VA?N CHUYE?N,GENERAL
CH5619,HOA SINH VA VI SINH,GENERAL
CH5621,THIET KE THI NGHIEM VA X,GENERAL
CH5623,VAT LIEU MAO QUAN - TU T,GENERAL
CH5625,DOC CHAT HOC VA UNG DUNG,GENERAL
CH5627,HOA HOC XANH TRONG CONG,GENERAL
CH5629,CONG NGHE PHAN LAP VA XA,GENERAL
CH5631,CO SO TONG HOP HUU CO VA,GENERAL
CH5633,KHOA HOC VA THUC TIEN UN,GENERAL
CH5635,CAC CHIEN LUOC THUC TIEN,GENERAL
CH5637,KY THUAT PHAN UNG DUOI T,GENERAL
CH5639,HOA HOC BE MAT TIEP XUC,GENERAL
CH5641,CHE TAO VA UNG DUNG VAT,GENERAL
CH5643,VAT LIEU CARBON TIEN TIE,GENERAL
CH5645,TINH TOAN MEM TRONG CONG,GENERAL
CH5647,CAC PHUONG PHAP NGHIEN C,GENERAL
CH5649,CONG NGHE VAT LIEU NANO,GENERAL
CH5651,KIEM TOAN NANG LUONG TRO,GENERAL
CH5653,SAN XUAT SACH HON TRONG,GENERAL
CH5655,CONG NGHE XU LY VA TAI C,GENERAL
CH5657,KY THUAT PHAN TAN PHA VA,GENERAL
CH5659,VAN HANH VA DIEU KHIEN Q,GENERAL
CH5661,CAC PHUONG PHAP PHAN TIC,GENERAL
CH5663,CO SO CONG NGHIEP CONG N,GENERAL
CH5665,THIET KE THI NGHIEM VA X,GENERAL
CH5667,TIN SINH HOC,COMPUTER_LAB
CH5669,KY THUAT NUOI CAY TE BAO,GENERAL
CH5671,SAN XUAT CONG NGHIEP CAC,CHEMISTRY_LAB
CH5681,CONG NGHE CAC VAT LIEU C,GENERAL
CH5683,HOA HOC VA HOA SINH THUC,GENERAL
CH5685,VI SINH THUC PHAM NANG C,GENERAL
CH5687,CAC CONG NGHE TIEN TIEN,GENERAL
CH5689,DONG HOC QUA TRINH VA DI,GENERAL
CH5691,THUC HANH CAC CONG NGHE,CHEMISTRY_LAB
CH5693,THUC HANH CAC CONG NGHE,CHEMISTRY_LAB
CH5695,DONG HOC QUA TRINH VA DI,GENERAL
CH5697,THIET BI VA CONG NGHE CH,GENERAL
CH5699,HOA HUU CO NANG CAO,GENERAL
CH5701,"TICH HOP, DONG BO VA DAN",GENERAL
CH5703,NHIET DONG KY THUAT HOA,GENERAL
CH5705,CO SO KY THUAT HOA DUOC,CHEMISTRY_LAB
CH5707,CAC PHUONG PHAP PHAN TIC,GENERAL
CH5709,CO SO KY THUAT HOA DUOC,CHEMISTRY_LAB
CH5711,CAC PHUONG PHAP PHAN TIC,GENERAL
CH5713,KY THUAT CO DINH ENZYME,GENERAL
CH5715,KY THUAT SAN XUAT SINH K,GENERAL
CH5717,CONG NGHE SAN XUAT PROTE,GENERAL
CH5719,CONG NGHE LEN MEN HIEN D,GENERAL
CH5721,CONG NGHIEP CONG NGHE SI,GENERAL
CH5723,KY THUAT DI TRUYEN VI SI,GENERAL
CH5725,CONG NGHE SAN XUAT PROTE,GENERAL
CH5727,KY THUAT SAN XUAT SINH K,GENERAL
CH5729,KY THUAT CO DINH ENZYME,GENERAL
CH5731,CONG NGHE SINH HOC NONG,GENERAL
CH5733,CONG NGHE SINH HOC MOI T,GENERAL
CH5735,CONG NGHE SINH HOC Y DUO,GENERAL
CH5737,NANG LUONG SINH KHOI,GENERAL
CH5739,CONG NGHE SINH HOC THUC,GENERAL
CH5741,QUAN LY CHAT LUONG SAN P,GENERAL
CH5743,ENZYME TRONG CONG NGHIEP,GENERAL
CH5745,NHUNG TIEN BO VE CHE PHA,GENERAL
CH5747,DOI MOI VA PHAT TRIEN SA,OTHER_SPECIAL
CH5749,CONG NGHE SAN XUAT SAN P,GENERAL
CH5751,CONG NGHE LEN MEN,GENERAL
CH5753,CONG NGHE SAN XUAT DUONG,CHEMISTRY_LAB
CH5755,"CONG NGHE CHE BIEN TRA,",CHEMISTRY_LAB
CH5757,CONG NGHE CHE BIEN THIT,CHEMISTRY_LAB
CH5759,CONG NGHE CHE BIEN THUY,CHEMISTRY_LAB
CH5761,CONG NGHE CHE BIEN CHAT,CHEMISTRY_LAB
CH5763,CONG NGHE CHE BIEN LUONG,CHEMISTRY_LAB
CH5765,CONG NGHE CHE BIEN RAU Q,CHEMISTRY_LAB
CH5767,TRUY XUAT NGUON GOC THUC,GENERAL
CH5803,CONG NGHE CHE BIEN KHI,GENERAL
CH5805,AN MON TRONG CONG NGHIE,GENERAL
CH7001,NHIET DONG HOC KY THUAT,GENERAL
CH7003,LY THUYET CAC QUA TRINH,GENERAL
CH7005,HOA HUU CO NANG CAO,GENERAL
CH7007,MO HINH HOA VA MO PHONG,COMPUTER_LAB
CH7009,VAT LIEU NANO VO CO VA C,GENERAL
CH7011,CONG NGHE XU LY CHAT THA,GENERAL
CH7013,GIAN DO PHA,GENERAL
CH7015,HOA HOC CAC HOP CHAT THI,GENERAL
CH7017,NHUNG TIEN BO TRONG HOA,GENERAL
CH7019,TONG HOP HUU CO HOA DUOC,GENERAL
CH7021,HOP CHAT CO KIM LOAI,GENERAL
CH7023,CAC PHUONG PHAP XAC DINH,GENERAL
CH7025,HOA BUC XA,GENERAL
CH7027,CONG NGHE XUC TAC AXIT-B,GENERAL
CH7029,TONG HOP CAC CHAT BANG P,GENERAL
CH7031,KY THUAT XU LY MOI TRUON,GENERAL
CH7033,PHAN TICH CAC CHAT O NHI,GENERAL
CH7035,UNG DUNG SAC KY TRONG PH,GENERAL
CH7037,KY THUAT PHAN UNG NANG C,GENERAL
CH7039,CONG NGHE MANG,GENERAL
CH7041,CONG NGHE TAI TAO NGUYEN,GENERAL
CH7043,CAC NGUON NANG LUONG THA,GENERAL
CH7045,CAC QUA TRINH CHUYEN HOA,GENERAL
CH7047,CAC KY THUAT HIEN DAI TR,GENERAL
CH7049,QUAN TRI CHAT LUONG & LU,GENERAL
CH7051,KY THUAT LEN MEN,GENERAL
CH7053,THANH TUU CONG NGHE LEN,GENERAL
CH7055,CONG NGHE PROTEIN VA ENZ,GENERAL
CH7057,THUC PHAM CHUC NANG,GENERAL
CH7059,DINH DUONG NANG CAO,GENERAL
CH7061,CO SO PHAN TU CUA CAM GI,GENERAL
CH7063,NGUOI TIEU DUNG VA THI H,GENERAL
CH7065,PHAT TRIEN SAN PHAM THUC,GENERAL
CH7067,MOT SO PHUONG PHAP PHAN,GENERAL
CH7069,PHUONG PHAP SO VA MO PHO,GENERAL
CH7071,TINH CHAT KY THUAT CUA T,GENERAL
CH7073,SINH HOC PHAN TU VA DI T,GENERAL
CH7075,CONG NGHE LEN MEN,GENERAL
CH7077,CONG NGHE TE BAO,GENERAL
CH7079,KY THUAT PHAN UNG SINH H,GENERAL
CH7081,CONG NGHE LEN MEN HIEN D,GENERAL
CH7083,CONG NGHIEP CONG NGHE SI,GENERAL
CH7085,KY THUAT DI TRUYEN VI SI,GENERAL
CH7087,TIN SINH HOC,GENERAL
CH7089,CONG NGHE PROTEIN TAI TO,GENERAL
CH7091,KY THUAT NUOI CAY TE BAO,GENERAL
CH7093,KY THUAT CO DINH ENZYME,GENERAL
CH7095,CAC PHUONG PHAP PHAN TIC,GENERAL
CH7097,CHIEN LUOC TONG HOP HUU,GENERAL
CH7099,CONG NGHE HOP CHAT NANO,GENERAL
CH7101,HOA HOC CAC HE DAN TRUYE,GENERAL
CH7103,HOA HOC NANO,GENERAL
CH7105,DIEN HOA CHAT RAN,GENERAL
CH7107,XUC TAC DI THE,GENERAL
CH7109,HOA HOC VA HOA SINH THUC,GENERAL
CH7111,VI SINH THUC PHAM NANG C,GENERAL
CH7113,CAC CONG NGHE TIEN TIEN,GENERAL
CH7115,DONG HOC PHAN UNG XUC TA,GENERAL
CH7117,LUAT VA QUAN TRI AN NINH,GENERAL
CH7119,AN TOAN VA KY THUAT XU L,GENERAL
CH7121,PHU GIA CHO CAC SAN PHAM,GENERAL
CH7123,THUC PHAM CHUC NANG,GENERAL
CH7125,MOT SO PHUONG PHAP PHAN,GENERAL
CH7127,CAC PHUONG PHAP LEN MEN,GENERAL
CH7129,DOC TO HOC THUC PHAM,GENERAL
CH7131,DINH DUONG VA SUC KHOE,GENERAL
CH7133,KHOA HOC CAM QUAN,OTHER_SPECIAL
CH7135,CONG NGHE? CHE? BIE?N KH,GENERAL
CH7137,AN MO?N TRONG CONG NGHIE,GENERAL
CH7139,CONG NGHIEP CONG NGHE SI,GENERAL
CH7141,KY THUAT DI TRUYEN VI SI,GENERAL
CH7143,NHUNG TIEN BO VE CHE PHA,GENERAL
CH7145,DOI MOI VA PHAT TRIEN SA,CHEMISTRY_LAB
CH7147,TRUY XUAT NGUON GOC THUC,GENERAL
CH7149,CONG NGHE ENZYME VA PROT,GENERAL
CH7151,THIET KE P&ID TRONG CONG,GENERAL
CH7153,XUC TAC VA QUA TRINH XUC,GENERAL
CH7155,CONG NGHE TONG HOP HUU C,GENERAL
CH7157,NHIEN LIEU SINH HOC VA N,GENERAL
CH7159,CO SO KY THUAT POLYMER V,GENERAL
CH7161,TO?I UU HO?A VA? VA?N HA,GENERAL
CH7163,CONG NGHE? VA?N CHUYE?N,GENERAL
CH7165,CAC PHUONG PHAP PHAN TIC,GENERAL
CH7167,CO SO CONG NGHIEP CONG N,GENERAL
CH7169,THIET KE THI NGHIEM VA X,GENERAL
CH7171,TIN SINH HOC,COMPUTER_LAB
CH7173,SAN XUAT CONG NGHIEP CAC,MECHANICAL_WORKSHOP
CI0001,BO TUC KIEN THUC KHOI XD,GENERAL
CI1001,NHAP MON VE KY THUAT,GENERAL
CI1003,VE KY THUAT,STUDIO
CI1004,"VE KY THUAT (THL,TN)",STUDIO
CI1007,TRAC DIA DAI CUONG,OTHER_SPECIAL
CI1008,TRAC DIA DAI CUONG (TT),OTHER_SPECIAL
CI1009,NHAP MON KIEN TRUC,GENERAL
CI1011,HINH HOC HOA HINH,GENERAL
CI1013,THIET KE COSO KIENTRUC 1,STUDIO
CI1015,THIET KE COSO KIENTRUC 2,STUDIO
CI1017,KY THUAT KIEN TRUC 1,GENERAL
CI1019,VE BONG & PHOI CANH,STUDIO
CI1021,NGUYEN LY THIET KE KTDD,GENERAL
CI1023,NGHE THUAT TAO HINH,GENERAL
CI1025,TIN HOC CHUYEN NGANH 3D,COMPUTER_LAB
CI1027,NHAP MON VE KY THUAT,GENERAL
CI1029,BOCUC TAOHINH KIENTRUC 1,GENERAL
CI1033,VE KY THUAT XAY DUNG,STUDIO
CI1034,"VE KY THUAT X/D(THL,TN)",STUDIO
CI1035,LAP TRINH UD TRONG TRDIA,COMPUTER_LAB
CI1036,LAP TRINH UD TRONG TD(TN,COMPUTER_LAB
CI1037,NHAP MON VE KY THUAT,GENERAL
CI1039,KY HOA KIEN TRUC,STUDIO
CI1041,LICH SU KTRUC PHUONG TAY,GENERAL
CI1043,DIA CHAT CONG TRINH,GENERAL
CI1045,NG/LY KINHTE &QUAN LY XD,GENERAL
CI1047,LUAT VA KINH TE XAY DUNG,GENERAL
CI1049,KIEN TRUC,GENERAL
CI1051,HUHONG SUACHUA CONGTRINH,GENERAL
CI1053,QUAN LY DU AN XAY DUNG,GENERAL
CI1055,T/KE KIENTRUC CONGNGHIEP,STUDIO
CI1056,T/KE KIENTRUCC/NGHIEP(BT,STUDIO
CI1061,L/SU KTR PHUONG DONG &VN,GENERAL
CI1063,MY HOC,GENERAL
CI1065,NHAP MON KIEN TRUC,GENERAL
CI1067,VE KY THUAT KIEN TRUC,STUDIO
CI1068,VE KY THUAT KIEN TRUC(BT,STUDIO
CI1069,KHOA HOC TRAI DAT,GENERAL
CI1070,KHOA HOC TRAI DAT (BT),GENERAL
CI1073,KY HOA KIEN TRUC CO BAN,STUDIO
CI1075,KY HOA KIEN TRUC NANGCAO,STUDIO
CI1077,NGUYEN LY KINH TE HOC,GENERAL
CI1078,NGUYEN LY KINH TE HOC(BT,GENERAL
CI2001,SUC BEN VAT LIEU,PHYSICS_LAB
CI2002,SUC BEN VAT LIEU (TN),OTHER_SPECIAL
CI2003,CO LUU CHAT,GENERAL
CI2004,CO LUU CHAT (TN),OTHER_SPECIAL
CI2005,CO LUU CHAT,GENERAL
CI2007,SUC BEN VAT LIEU,GENERAL
CI2008,SUC BEN VAT LIEU (TN),OTHER_SPECIAL
CI2009,SUC BEN VAT LIEU,GENERAL
CI2011,BAN DO HOC 1,GENERAL
CI2013,BO CUC TAO HINH KTRUC 2,STUDIO
CI2019,LYTHUYET SSO & XLY SL DO,GENERAL
CI2020,LYTHUYET SSO &XLSL DO(TH,COMPUTER_LAB
CI2021,NGLY KIENTRUC CONGNGHIEP,GENERAL
CI2023,THIET KE KTRUC CONGCONG1,STUDIO
CI2025,THIET KE KTRUC CONGCONG2,STUDIO
CI2027,THIETKE KYTHUAT KIENTRUC,STUDIO
CI2029,CO HOC KET CAU,GENERAL
CI2031,VE BAN DO,STUDIO
CI2033,THIETBI & ANTOAN LAODONG,GENERAL
CI2035,TIN HOC TRONG TRAC DIA,COMPUTER_LAB
CI2037,VAT LIEU XAY DUNG,GENERAL
CI2038,VAT LIEU XAY DUNG (TN),OTHER_SPECIAL
CI2039,KET CAU BETONG COT THEP1,GENERAL
CI2041,QUYHOACH &Q/LY KT HATANG,GENERAL
CI2043,DO VE DIA HINH,GENERAL
CI2044,DO VE DIA HINH (TN),OTHER_SPECIAL
CI2045,HE THONG THONGTIN DIA LY,COMPUTER_LAB
CI2046,HE THONG T/TIN DIALY(TN),COMPUTER_LAB
CI2047,UNG DUNG GIS,COMPUTER_LAB
CI2048,UNG DUNG GIS (TN),COMPUTER_LAB
CI2049,THONG KE KHONG GIAN,COMPUTER_LAB
CI2050,THONG KE KHONG GIAN (TN),COMPUTER_LAB
CI2069,THIETKE K/TRUC CONGCONG3,STUDIO
CI2071,KY THUAT KIEN TRUC 2,STUDIO
CI2073,CO DIEN CONG TRINH,GENERAL
CI2075,CHUYEN DE 1,GENERAL
CI2077,KIEN TRUC SINH KHI HAU,STUDIO
CI2079,CO HOC KET CAU,GENERAL
CI2085,CHUYEN DE TU CHON 2,GENERAL
CI2087,DAICUONG TH/KE MOITRUONG,GENERAL
CI2089,DAICUONG KTHUAT M/TRUONG,GENERAL
CI2091,KET CAU BETONG COT THEP1,GENERAL
CI2095,DIA CHAT CONG TRINH,OTHER_SPECIAL
CI2096,DIA CHAT CONG TRINH (TN),OTHER_SPECIAL
CI2097,N/LY THIETKE K/TRUC CTDD,STUDIO
CI2098,N/LY THIETKE K/TRUC CTDD,STUDIO
CI2099,L/SU KIEN TRUC VA DINHCU,GENERAL
CI2100,L/SU KIEN TRUC VA DINHCU,GENERAL
CI2103,N/L T/KE K/TRUC CT NHA O,STUDIO
CI2104,N/L T/KE K/TRUC CT NHA O,STUDIO
CI2105,T/KE KT KIEN TRUC CTDD,STUDIO
CI2106,T/KE KT KIEN TRUC CTDDBT,STUDIO
CI2107,T/KE K/TRUC 1- CT C/CONG,STUDIO
CI2111,BO CUC TAO HINH TRONG KT,STUDIO
CI2113,KYTHUAT CONGTRINH D/DUNG,GENERAL
CI2115,N/LY QUY HOACH &TK DOTHI,STUDIO
CI2116,NL QUY HOACH&TK DOTHI(BT,STUDIO
CI2117,DO AN KIENTRUC CANH QUAN,STUDIO
CI2121,KETCAU C/TRINH XD - MTRG,GENERAL
CI2123,PT DIA DIEM& KIEN TAO NC,GENERAL
CI2125,T/KE I- CT CONG CONG,STUDIO
CI2127,HOA HOC NUOC TRONG KTMT,CHEMISTRY_LAB
CI2128,HOA HOC NUOC TRONG KTMT,CHEMISTRY_LAB
CI2129,CAC QT XU LY TRONG KTMT,GENERAL
CI2131,TN MOI TRUONG NUOC DOTHI,CHEMISTRY_LAB
CI2133,KET CAU THEP,GENERAL
CI2135,CO KET CAU,GENERAL
CI2136,CO KET CAU (THL),OTHER_SPECIAL
CI2137,CO HOC DAT,GENERAL
CI2138,CO HOC DAT (THL),OTHER_SPECIAL
CI2139,KET CAU BE TONG COT THEP,GENERAL
CI2141,BAN DO HOC,GENERAL
CI2143,VIEN THAM,COMPUTER_LAB
CI2144,VIEN THAM (TN),COMPUTER_LAB
CI2145,NEN MONG,GENERAL
CI2147,THI NGHIEM CONG TRINH,OTHER_SPECIAL
CI2149,THI NGHIEM VAT LIEU CTGT,OTHER_SPECIAL
CI2151,KINH TE XAY DUNG,GENERAL
CI2153,THUY LUC &THUY VAN DOTHI,GENERAL
CI2154,THUY LUC &THUY VAN DT(TN,OTHER_SPECIAL
CI2155,THINGHIEM VATLY KIENTRUC,PHYSICS_LAB
CI2157,NHAP MON BIM TRONG XD,GENERAL
CI2158,NHAP MON BIM TRG XD (TH),COMPUTER_LAB
CI2159,BAN VE XAY DUNG VA DO HO,GENERAL
CI2161,KINH TE KY THUAT,GENERAL
CI2163,PHAN TICH SU LAM VIEC CO,GENERAL
CI2164,PHAN TICH SU LAM VIEC,COMPUTER_LAB
CI3001,CO HOC DAT,GENERAL
CI3002,CO HOC DAT (TN),OTHER_SPECIAL
CI3003,TRAC LUONG ANH,GENERAL
CI3004,TRAC LUONG ANH (TN),OTHER_SPECIAL
CI3005,VIEN THAM,GENERAL
CI3006,VIEN THAM (TN),COMPUTER_LAB
CI3007,KETCAU BETONG COT THEP 2,GENERAL
CI3009,KET CAU THEP 1,GENERAL
CI3011,THUY LUC VA THUY VAN CD,GENERAL
CI3012,THUY LUC &THUY VAN CD(TH,OTHER_SPECIAL
CI3013,THUY VAN DO THI,GENERAL
CI3014,THUY VAN DO THI (TN),OTHER_SPECIAL
CI3015,DIA CHINH DAI CUONG,GENERAL
CI3017,CAP THOAT NUOC DO THI,GENERAL
CI3019,G/THIEU KHOA HOC G/THONG,GENERAL
CI3021,QUY HOACH CANG,GENERAL
CI3022,QUY HOACH CANG(BT),GENERAL
CI3023,T/KE COSO HATANG KYTHUAT,GENERAL
CI3025,THUY VAN CONG TRINH,GENERAL
CI3026,THUY VAN CONG TRINH (TN),OTHER_SPECIAL
CI3027,TRAC DIA CAO CAP 1,GENERAL
CI3029,VAT LIEU HOC,GENERAL
CI3031,CONG NGHE GOM XAY DUNG,GENERAL
CI3033,GIAO THONG DO THI,GENERAL
CI3034,GIAO THONG DO THI(BT),GENERAL
CI3035,GIAOTIEP KYTHUAT TRONGTD,GENERAL
CI3037,NEN MONG,GENERAL
CI3039,THIET KE CAU 1,GENERAL
CI3040,THIET KE CAU 1 (THL),COMPUTER_LAB
CI3041,BAN DO HOC 2,GENERAL
CI3043,KY THUAT THI CONG,GENERAL
CI3044,KY THUAT THI CONG(BT),GENERAL
CI3045,KY THUAT XU LY NUOC CAP,GENERAL
CI3047,THUY CONG 1,GENERAL
CI3049,THUY LUC - HAI VAN,GENERAL
CI3050,THUY LUC - HAI VAN (THL),OTHER_SPECIAL
CI3051,TOAN TRONG GIAO THONG VT,GENERAL
CI3053,CONG TRINH CANG,GENERAL
CI3055,CAP THOAT NUOC TRONG CT,GENERAL
CI3057,KY THUAT BE TONG,GENERAL
CI3058,KY THUAT BE TONG (TN),OTHER_SPECIAL
CI3059,MAY BOM VA TRAM BOM,GENERAL
CI3061,PHUONG PHAP PHAN TU HH,GENERAL
CI3062,P/PHAP PHAN TU HH (THL),COMPUTER_LAB
CI3063,THIET KE DUONG 1,GENERAL
CI3064,THIET KE DUONG 1 (THL),COMPUTER_LAB
CI3065,DO VE DIA CHINH,GENERAL
CI3066,DO VE DIA CHINH (TN),OTHER_SPECIAL
CI3067,HE THONG DINHVI TOAN CAU,GENERAL
CI3068,HT DINHVI TOAN CAU (TN),OTHER_SPECIAL
CI3069,KET CAU THEP 2,GENERAL
CI3071,"PHUONG PHAP SO,THUD &GIS",GENERAL
CI3073,THI CONG CONG TRINH CANG,GENERAL
CI3075,XAY DUNG &KHAI THAC DUOG,GENERAL
CI3077,MOHINHHOA CHATLUONG NUOC,GENERAL
CI3079,T/NGHIEM CHUYENNGANHVLXD,OTHER_SPECIAL
CI3081,THUY LUC,GENERAL
CI3083,MANG LUOI DIEN VA TTLL,GENERAL
CI3085,GIS,GENERAL
CI3086,GIS (TN),COMPUTER_LAB
CI3087,HA TANG NGAM,GENERAL
CI3089,LUOI TRAC DIA,GENERAL
CI3090,LUOI TRAC DIA(BT),GENERAL
CI3093,C/NGHE SX CAUKIEN BTCTDS,GENERAL
CI3095,CAP THOAT NUOC,GENERAL
CI3097,THUC TAP LUOI TRAC DIA,OTHER_SPECIAL
CI3099,KY THUAT SX CHAT KD VOCO,GENERAL
CI3100,K/T SX CHAT KD VOCO(THL),CHEMISTRY_LAB
CI3101,THUY NANG - THUY DIEN,GENERAL
CI3105,THUC TAP TRACDIA C/TRINH,OTHER_SPECIAL
CI3107,VIEN THAM UNG DUNG,GENERAL
CI3109,AN MON &CHONG ANMON BTCT,GENERAL
CI3110,ANMON &CHONG A/M BTCT(BT,OTHER_SPECIAL
CI3111,DANH GIA TACDONG M/TRUOG,GENERAL
CI3113,CHINH TRI SONG,GENERAL
CI3115,KET CAU BETONG COT THEP3,GENERAL
CI3116,K/C BETONG COT THEP3(THL,OTHER_SPECIAL
CI3119,CAP THOAT NUOC A,GENERAL
CI3121,NHA NHIEU TANG,GENERAL
CI3122,NHA NHIEU TANG (THL),COMPUTER_LAB
CI3123,K/CAU BETONG U/SUATTRUOC,GENERAL
CI3124,K/CAU B/T U/SUATTRUOC(BT,COMPUTER_LAB
CI3125,KY THUAT XL CHAT THAIRAN,GENERAL
CI3127,TAC DONG CUA CT DEN MT,GENERAL
CI3129,TIEP CAN TAI LIEU KTCN,GENERAL
CI3131,THONG GIO,GENERAL
CI3132,THONG GIO (tn),OTHER_SPECIAL
CI3135,KETCAU C/TRINH XD - MTRG,GENERAL
CI3137,Q/LY HE THONG CAP & TNDT,GENERAL
CI3141,NG/LY T/KE K/TRUC NHA O,GENERAL
CI3143,QUANG HOC - AM HOC,GENERAL
CI3145,THIET KE KIEN TRUC NHA O,STUDIO
CI3146,TH/KE KIEN TRUC NHA O(BT,STUDIO
CI3147,QUY HOACH DOTHI BEN VUNG,GENERAL
CI3148,Q/HOACH DOTHI B/VUNG (BT,GENERAL
CI3149,THIET KE CANH QUAN,GENERAL
CI3151,THINGHIEM VATLY KIENTRUC,PHYSICS_LAB
CI3155,CH/DE 3:BAO TON DISAN DT,GENERAL
CI3157,THIET KE NOI THAT,GENERAL
CI3159,P/A TOIUU HOA TRONG QHGT,GENERAL
CI3161,MAY THUY LUC - MAY NEN,GENERAL
CI3163,PHANTICH THIETKE KET CAU,GENERAL
CI3164,P/T THIETKE KET CAU(THL),COMPUTER_LAB
CI3165,PHUONG PHAP SO VA TH UD,GENERAL
CI3167,CONGTRINH CAP THOAT NUOC,GENERAL
CI3168,C/TR CAP THOAT NUOC (BT),GENERAL
CI3169,TIN HOC TRONG QUAN LY XD,COMPUTER_LAB
CI3171,CO HOC MOI TRUONG ROI,GENERAL
CI3172,CO HOC MOI TRUONG ROI(TH,OTHER_SPECIAL
CI3173,MOI TRUONG &KIEN TRUC BV,GENERAL
CI3175,KET CAU BETONG COT THEP2,GENERAL
CI3179,CAP THOAT NUOC DO THI,GENERAL
CI3183,QUY HOACH CANG,GENERAL
CI3187,THIET KE COSO HA TANG KT,GENERAL
CI3191,CONG NGHE GOM XAY DUNG,GENERAL
CI3195,NEN MONG,GENERAL
CI3199,THUY CONG 1,GENERAL
CI3203,CONG TRINH CANG,GENERAL
CI3207,CAP THOAT NUOC TRONG CT,GENERAL
CI3211,KET CAU THEP 2,GENERAL
CI3215,THI CONG CONG TRINH CANG,GENERAL
CI3219,XAYDUNG &KHAI THAC DUONG,GENERAL
CI3223,C/NGHE SX CK BTCT DUCSAN,GENERAL
CI3227,THUY NANG - THUY DIEN,GENERAL
CI3231,KET CAU THEP,GENERAL
CI3232,KET CAU THEP(BT),GENERAL
CI3233,CO KET CAU,GENERAL
CI3234,CO KET CAU (THL),OTHER_SPECIAL
CI3235,CO HOC DAT,GENERAL
CI3236,CO HOC DAT (THL),OTHER_SPECIAL
CI3237,KET CAU BE TONG COT THEP,GENERAL
CI3238,KET CAU B/T COT THEP (BT,GENERAL
CI3239,NEN MONG,GENERAL
CI3241,CAP THOAT NUOC,GENERAL
CI3242,CAP THOAT NUOC (THL),PHYSICS_LAB
CI3243,KET CAU CONG TRINH BTCT,GENERAL
CI3244,KET CAU C/TRINH BTCT(BT),GENERAL
CI3245,KY THUAT CHAT KET DINH,GENERAL
CI3246,K/THUAT CHAT KET DINH(BT,CHEMISTRY_LAB
CI3247,DONG LUC HOC SONG - BIEN,GENERAL
CI3248,DONGLUC HOC SONG-BIEN(BT,GENERAL
CI3251,LY THUYET S/SO &XU LY SL,GENERAL
CI3252,LY THUYET S/SO &XULY(TN),COMPUTER_LAB
CI3253,BAN DO HOC,GENERAL
CI3254,BAN DO HOC(BT),GENERAL
CI3255,THUC TAP DOVE &LAP BD DH,STUDIO
CI3257,TRAC DIA CAO CAP,GENERAL
CI3259,KY THUAT DIA CHINH,GENERAL
CI3260,KY THUAT DIA CHINH(BT),GENERAL
CI3261,C/SO T/KE CONG TRINH CAU,GENERAL
CI3262,C/SO T/K C/TRINH CAU(THL,GENERAL
CI3263,CO SO THIET KE DUONG,GENERAL
CI3264,CO SO T/KE DUONG (THL),GENERAL
CI3265,KY THUAT HA TANG DO THI,GENERAL
CI3267,THUY CONG,GENERAL
CI3268,THUY CONG (THL),GENERAL
CI3269,SUC BEN VAT LIEU,GENERAL
CI3270,SUC BEN VAT LIEU (THL),GENERAL
CI3271,N/LY T/KE K/TRUC &KTCTCN,STUDIO
CI3273,T/KE KIEN TRUC II - CTCC,STUDIO
CI3279,T/KE KIEN TRUC III -CTCN,STUDIO
CI3281,KETCAU C/TRINH XD - MTRG,GENERAL
CI3282,K/C C/TRINH XD -MTRG(THL,GENERAL
CI3283,QL HT CAP &THOAT NUOC DT,GENERAL
CI3284,QL HT CAP &T/NUOC DT(THL,OTHER_SPECIAL
CI3285,N/LY T/KE K/TRUC &KTCTCN,GENERAL
CI3287,M/LY T/K K/TRUC CANHQUAN,GENERAL
CI3288,NLT/K K/TRUC CQ (BT),STUDIO
CI3289,LANH DAO VA KHOI NGHIEP,GENERAL
CI3291,LANH DAO &QUAN LY DU AN,GENERAL
CI3293,K/THUAT C/TRINH DAN DUNG,GENERAL
CI3295,THIET KE III - TCQ DOTHI,STUDIO
CI3297,T/KE II - CHUNG CU,STUDIO
CI3299,T/KE III -CT CONG NGHIEP,STUDIO
CI3301,DO VE DIA HINH,OTHER_SPECIAL
CI3302,DO VE DIA HINH (TN),OTHER_SPECIAL
CI3303,MO HINH HOA TTIN C/TRINH,COMPUTER_LAB
CI3304,MO HINH HOA TTIN C/TR(TN,COMPUTER_LAB
CI3305,TIN HOC TRG QL DU AN XD,COMPUTER_LAB
CI3307,DU TOAN VA DINH GIA,GENERAL
CI3309,Q/LY QUA TRINH DU AN XD,GENERAL
CI3411,LANH DAO & QL NANG LUONG,GENERAL
CI3488,NGUYEN TAC THIET KE CONG,STUDIO
CI3487,NGUYEN TAC THIET KE CONG,GENERAL
CI3489,HE THONG QUY PHAM VA TIE,GENERAL
CI3491,LUAT VA MOI TRUONG PHAP,GENERAL
CI3493,NGUYEN LY QUAN LY DU AN,GENERAL
CI3497,DU TOAN VA DINH GIA TRON,GENERAL
CI3501,BOC TACH KHOI LUONG,GENERAL
CI3507,THIET KE MAT DUNG,STUDIO
CI3508,THIET KE MAT DUNG(BT),STUDIO
CI4003,CONG TRINH GIAO THONG,GENERAL
CI4004,C/TRINH GIAO THONG(BT),GENERAL
CI4005,CONG TRINH VEN BIEN,GENERAL
CI4007,CO SO DU LIEU DIA CHINH,COMPUTER_LAB
CI4009,KY THUAT GIAO THONG,GENERAL
CI4011,THI NGHIEM CONG TRINH,OTHER_SPECIAL
CI4013,THUY CONG 2,GENERAL
CI4017,CONG TRINH DUONG THUY,GENERAL
CI4019,HA TANG CONG TRINH GT,GENERAL
CI4020,HA TANG CONG TRINH GT(BT,GENERAL
CI4021,ITS UNG DUNG,COMPUTER_LAB
CI4022,ITS UNG DUNG(BT),COMPUTER_LAB
CI4023,THI CONG CONG TRINH CSHT,GENERAL
CI4025,THI CONG CONG TRINH THUY,GENERAL
CI4029,PHUONG PHAP SO CT BIEN,COMPUTER_LAB
CI4030,PH/PHAP SO CT BIEN(BT),COMPUTER_LAB
CI4031,QUY HOACH MANG LUOI GT,COMPUTER_LAB
CI4032,QUYHOACH MANG LUOI GT(BT,COMPUTER_LAB
CI4033,XAY DUNG CAU,GENERAL
CI4035,AN TOAN GIAO THONG,GENERAL
CI4036,AN TOAN GIAO THONG(BT),GENERAL
CI4037,CONG TRINH TREN DAT YEU,GENERAL
CI4038,C/TRINH TREN DAT YEU (TH,GENERAL
CI4039,THIET KE CAU 2,GENERAL
CI4040,THIET KE CAU 2(BT),GENERAL
CI4041,CONG TRINH NGOAI KHOI,GENERAL
CI4043,QUY HOACH DO THI,GENERAL
CI4044,QUY HOACH DO THI(BT),GENERAL
CI4047,TIN HOC U/DUNG CAU DUONG,COMPUTER_LAB
CI4048,TIN HOC U/D CAU DUONG(BT,COMPUTER_LAB
CI4049,TO CHUC THI CONG,GENERAL
CI4051,BE TONG CONG TRINH BIEN,GENERAL
CI4053,CAC CHUYEN DE VE CTGT,GENERAL
CI4054,CAC CHUYEN DE VE CTGT(BT,GENERAL
CI4055,THIET KE DUONG 2,GENERAL
CI4056,THIET KE DUONG 2(BT),GENERAL
CI4059,QUANLY XD CONGTRINH CANG,GENERAL
CI4061,T/NGHIEM &VL XD DUONGOTO,OTHER_SPECIAL
CI4062,T/N &VL XD DUONGOTO (TN),OTHER_SPECIAL
CI4063,TRAC DIA CAO CAP 2,GENERAL
CI4065,DINH GIA DAT,GENERAL
CI4067,DONG LUC HOC KET CAU,GENERAL
CI4068,DONG LUC HOC KET CAU(THL,GENERAL
CI4069,TAI NGUYEN DAT &MOITRUOG,GENERAL
CI4070,TAI NGUYEN DAT &M/TR(BT),GENERAL
CI4071,LOGISTICS,GENERAL
CI4072,LOGISTICS(BT),GENERAL
CI4073,DUONG SAT,GENERAL
CI4074,DUONG SAT(BT),GENERAL
CI4075,DONGLUC HOC HINHTHAI VVB,GENERAL
CI4079,DUONG HAM,GENERAL
CI4080,DUONG HAM(BT),GENERAL
CI4081,KETCAU THEP CONGTRINHCAO,GENERAL
CI4082,K/CAU THEP C/TRINHCAO(BT,GENERAL
CI4083,PHONG CHONG THIEN TAI VB,GENERAL
CI4085,QUAN LY VUNG VEN BIEN,GENERAL
CI4087,QUAN LY DU AN XAY DUNG,GENERAL
CI4089,THIET KE QUYHOACH DO THI,STUDIO
CI4091,KY THUAT HA TANG DO THI,GENERAL
CI4093,THIET KE KIEN TRUC CC4,STUDIO
CI4095,CHUYEN DE 4:NC & TK KGCC,STUDIO
CI4097,THAM QUAN DISAN KIENTRUC,GENERAL
CI4099,TRIET HOC PHUONG DONG,GENERAL
CI4101,KIEN TRUC CANH QUAN,STUDIO
CI4105,VAT LIEU CACH NHIET & HT,GENERAL
CI4107,TRAC DIA CONG TRINH,GENERAL
CI4109,TRAC DIA CONG TRINH UD,GENERAL
CI4111,HETHONG THONGTIN DAT DAI,COMPUTER_LAB
CI4112,HETHONG TH/TIN DATDAI(BT,COMPUTER_LAB
CI4113,CONG TRINH VEN BIEN,GENERAL
CI4117,CONG TRINH DUONG THUY,GENERAL
CI4121,XAY DUNG CAU,GENERAL
CI4125,TO CHUC THI CONG,GENERAL
CI4129,KINH TE XAY DUNG,GENERAL
CI4130,KINH TE XAY DUNG(BT),GENERAL
CI4131,KET CAU CONG TRINH THEP,GENERAL
CI4132,KET CAU C/TRINH THEP(BT),GENERAL
CI4139,TKE CNSX& LDCKBT DUC SAN,GENERAL
CI4140,TKE CNSX& LDCKBT D/S(BT),GENERAL
CI4141,C/TRINH CAPTHOATNUOC &TB,GENERAL
CI4142,C/T CAPTHOATNUOC &TB(THL,GENERAL
CI4143,QUAN LY DU AN & KT CANG,GENERAL
CI4144,QUANLY DUAN & KT CANG(BT,GENERAL
CI4145,CS THICONG &KHAI THAC CD,GENERAL
CI4146,CS THICONG &K/THAC CD(TH,GENERAL
CI4147,KY THUAT T/CONG DUOINUOC,GENERAL
CI4148,K/T T/CONG DUOINUOC(BT),GENERAL
CI4150,N/L Q/HOACH &TK DOTHI(BT,GENERAL
CI4151,THI NGHIEM VAT LIEU CTGT,OTHER_SPECIAL
CI4153,BE TONG DAC BIET CHO CT,OTHER_SPECIAL
CI4154,BE TONG D/BIET CHO CT(TN,OTHER_SPECIAL
CI4155,THUY DIEN VA TRAM BOM,GENERAL
CI4156,THUY DIEN &TRAM BOM (THL,GENERAL
CI4159,TRAC DIA CONG TRINH,OTHER_SPECIAL
CI4160,TRAC DIA CONG TRINH (TN),OTHER_SPECIAL
CI4161,QUY HOACH HA TANG DO THI,GENERAL
CI4163,AN MON BE TONG VA BTCT,GENERAL
CI4164,AN MON BETONG VA BTCT(BT,GENERAL
CI4165,HA TANG C/TR GIAO THONG,GENERAL
CI4166,KY THUAT GIAO THONG (THL,COMPUTER_LAB
CI4177,T/KE IV - CT PHUC HOP,STUDIO
CI4181,LANH DAO VA KHOI NGHIEP,GENERAL
CI4183,LANH DAO & QUAN LY DU AN,GENERAL
CI4187,THIEN TAI &B/DOI KHI HAU,GENERAL
CI4188,THIEN TAI &B/DOI KHI HAU,GENERAL
CI4189,Q/HOACH TO CHUC THI CONG,GENERAL
CI4190,Q/H TO CHUC THI CONG(BT),COMPUTER_LAB
CI4191,THUY LUC &THUY VAN DOTHI,GENERAL
CI4192,THUY LUC &THUY VAN DT(TN,OTHER_SPECIAL
CI4193,UD THOGKE TRG QL&CN NUOC,COMPUTER_LAB
CI4195,THUY LUC NUOC NGAM,GENERAL
CI4197,QUY HOACH HATANG G/THONG,GENERAL
CI4198,QUY HOACH HATANG G/T(THL,COMPUTER_LAB
CI4201,HE THONG C/D TRG TOA NHA,GENERAL
CI4205,CAM THU CANH QUAN,GENERAL
CI4207,THIET KE IV - C/QUAN DT,STUDIO
CI4209,XU HUONG K/TRUC CQ D/DAI,GENERAL
CI4211,KY THUAT XU LY NUOC CAP,GENERAL
CI4213,KY THUAT XU LY NUOC,GENERAL
CI4215,Q/LY CHAT LUONG XAY DUNG,GENERAL
CI4217,HOP DONG TRONG XAY DUNG,GENERAL
CI4219,DAU THAU VA TO CHUC DAU,GENERAL
CI4223,QUAN LY KINH DOANH TRONG,GENERAL
CI4225,QUAN LY XAY DUNG UNG DUN,GENERAL
CI4227,MUA HANG VA CHUOI CUNG U,GENERAL
CI4229,NGUYEN TAC KE TOAN TRONG,GENERAL
CI4231,TAI CHINH VA PHAN TICH K,GENERAL
CI4233,TO CHUC THI CONG,GENERAL
CI4709,CO LUU CHAT,GENERAL
CI4711,KINH TE XAY DUNG,GENERAL
CI4713,TO CHUC THI CONG,GENERAL
CI4715,VIEN THAM,COMPUTER_LAB
CI4717,HE THONG DINH VI TOAN CA,COMPUTER_LAB
CI4719,HE THONG THONG TIN DIA L,COMPUTER_LAB
CI4721,BAN DO HOC,GENERAL
CI4723,CO HOC KET CAU,GENERAL
CI4725,PHAN TICH KHONG GIAN,COMPUTER_LAB
CI4727,CO SO DU LIEU KHONG GIAN,COMPUTER_LAB
CI4729,TRAC LUONG ANH,COMPUTER_LAB
CI4731,TRAC DIA CAO CAP,GENERAL
CI4733,THUY NANG - THUY DIEN,GENERAL
CI4735,PHUONG PHAP SO & TIN HOC,COMPUTER_LAB
CI4737,CAP THOAT NUOC,GENERAL
CI4739,THUY CONG 1,GENERAL
CI4741,THUY CONG 2,GENERAL
CI4743,THUY VAN DO THI,GENERAL
CI4745,QUY HOACH TO CHUC THI CO,GENERAL
CI4747,KY THUAT THI CONG,GENERAL
CI4749,KINH TE XAY DUNG,GENERAL
CI4751,LANH DAO VA QUAN LY DU A,GENERAL
CI4753,CO KET CAU,GENERAL
CI4755,KY THUAT THI CONG DUOI N,GENERAL
CI4757,DONG LUC HOC SONG - BIEN,GENERAL
CI4759,CO LUU CHAT,GENERAL
CI4761,QUY HOACH CANG,GENERAL
CI5003,KS NUOC MUA CHAY TRAN DT,GENERAL
CI5007,MO HINH HOA NUOC NGAM,GENERAL
CI5011,C/TRINH CAPTHOATNUOC &TB,GENERAL
CI5013,KY THUAT HA TANG DO THI,GENERAL
CI5031,T/N &D/H K/K TRG TOA NHA,GENERAL
CI5033,DIA CHAT THUY VAN,GENERAL
CI5035,KY THUAT XU LY NUOC THAI,GENERAL
CI5037,D/G T/DONG & RUI RO M/T,GENERAL
CI5039,T/KE HQ NANG LUONG TCT,GENERAL
CI5043,CHUYEN TAI BUN CAT,GENERAL
CI5045,TRAC DIA VAT LY,OTHER_SPECIAL
CI5047,BAN DO TRONG MOI TRUONG,GENERAL
CI5049,HE THONG DINH VI TOAN CA,OTHER_SPECIAL
CI5051,TRAC DIA CONG TRINH NANG,OTHER_SPECIAL
CI5053,VIEN THAM NANG CAO,OTHER_SPECIAL
CI5055,UNG DUNG GIS TRONG TAI N,GENERAL
CI5057,VIEN THAM TRONG MOI TRUO,GENERAL
CI5059,VIEN THAM SIEU CAO TAN,OTHER_SPECIAL
CI5061,KY THUAT XU LY NUOC CAP,GENERAL
CI5063,TIN HOC UNG DUNG TRONG Q,COMPUTER_LAB
CI5065,THUY LUC BUN CAT VA BIEN,GENERAL
CI5067,PHUONG PHAP PHAN TU HUU,GENERAL
CI5069,DIA CHAT CONG TRINH NANG,GENERAL
CI5071,KY THUAT NEN MONG NANG C,GENERAL
CI5073,QUAN LY VA HOACH DINH TA,GENERAL
CI5075,QUAN LY DU AN NANG CAO,GENERAL
CI5077,QUAN LY RUI RO DU AN,GENERAL
CI5079,THUYET TRINH TRONG QUAN,GENERAL
CI5081,CO HOC DAT NANG CAO 2,GENERAL
CI5083,CAC PHUONG PHAP KHAO SAT,GENERAL
CI5085,CO HOC DA,GENERAL
CI5087,DAO SAU TRONG DAT,GENERAL
CI5089,TUONG CHAN DAT,GENERAL
CI5091,UNG XU CUA DAT DA TRONG,GENERAL
CI5093,DONG HOC DAT,GENERAL
CI5095,TINH TOAN CONG TRINH NGA,GENERAL
CI5097,KY THUAT XU LY NEN DAT Y,GENERAL
CI5099,ON DINH MAI DOC,GENERAL
CI5101,LY THUYET DEO TRONG DAT,GENERAL
CI5103,LUAT XAY DUNG,GENERAL
CI5105,QUAN LY VA PHAN TICH NAN,GENERAL
CI5107,KE TOAN CHI PHI XAY DUNG,GENERAL
CI5109,QUAN TRI DU AN XAY DUNG,GENERAL
CI5111,CONG NGHE TIEN TIEN XAY,GENERAL
CI5113,UNG DUNG THONG KE TRONG,GENERAL
CI5115,UNG DUNG TINH TOAN MEM T,GENERAL
CI5117,BIM VA TIN HOC UNG DUNG,COMPUTER_LAB
CI5119,PHUONG PHAP DINH LUONG T,GENERAL
CI5121,NHUNG CHU DE NANG CAO TR,GENERAL
CI5123,THUC TAP,GENERAL
CI5125,DAU TU XAY DUNG VA RA QU,GENERAL
CI5127,QUAN LY XAY DUNG,GENERAL
CI5129,CO HOC DAT NANG CAO 1,GENERAL
CI5131,LAP VA THAM DINH DU AN,GENERAL
CI5133,PHUONG PHAP PHAN TU HUU,GENERAL
CI5135,PHUONG PHAP SO TINH TOAN,GENERAL
CI5137,QUAN LY DU AN XAY DUNG N,GENERAL
CI5139,QUAN LY RUI RO TRONG XAY,COMPUTER_LAB
CI5141,THONG KE UNG DUNG TRONG,COMPUTER_LAB
CI5143,HE THONG VAN BAN QUI PHA,GENERAL
CI5145,UNG DUNG TINH TOAN MEM T,GENERAL
CI5147,QUAN LY XAY DUNG,GENERAL
CI5149,CAC CHU DE VA PHUONG PHA,GENERAL
CI5151,PHAN TICH DINH LUONG TRO,GENERAL
CI5153,QUAN LY KINH DOANH XAY D,GENERAL
CI5155,TO CHUC LAO DONG VA NANG,GENERAL
CI5157,PHUONG PHAP TIEN DO DU A,GENERAL
CI5159,QUAN LY TAI CHINH TRONG,GENERAL
CI5161,QUAN LY THIET BI XAY DUN,GENERAL
CI5163,DINH GIA TRONG XAY DUNG,GENERAL
CI5165,VAT LIEU VA CONG NGHE XA,GENERAL
CI5167,KET CAU CAU NANG CAO,GENERAL
CI5169,QUY HOACH MANG LUOI DUON,GENERAL
CI5171,PHAN TICH KET CAU CONG T,GENERAL
CI5173,CAC CHUYEN DE NANG CAO V,GENERAL
CI5175,"KIEM DINH, KHAI THAC CON",GENERAL
CI5177,DUONG HAM NANG CAO,GENERAL
CI5179,LY THUYET DO TIN CAY VA,GENERAL
CI5181,LY THUYET TINH TOAN NEN,GENERAL
CI5183,DANH GIA CHAT LUONG VA K,GENERAL
CI5185,DUONG O TO TREN NEN DAT,GENERAL
CI5187,CHONG SAT LO DUONG O TO,GENERAL
CI5189,LY THUYET DONG XE VA TO,GENERAL
CI5191,CAC CHUYEN DE NANG CAO V,GENERAL
CI5193,CAC CHUYEN DE NANG CAO V,GENERAL
CI5195,HE THONG GIAO THONG CONG,GENERAL
CI5197,LOGISTICS,GENERAL
CI5199,QUY HOACH VA QUAN LY NGU,GENERAL
CI5201,AP DUNG GIS TRONG KY THU,GENERAL
CI5203,PHUONG PHAP SO TINH TOAN,GENERAL
CI5205,CONG NGHE CHE TAO VAT LI,GENERAL
CI5207,MANG LUOI CAP VA THOAT N,GENERAL
CI5209,UNG DUNG VAT LIEU MOI TR,GENERAL
CI5211,CONG TRINH THUY NANG CAO,GENERAL
CI5213,QUAN LY VA KIEM TRA CHAT,GENERAL
CI5215,TINH TOAN HIEU CHINH DU,COMPUTER_LAB
CI5217,CAU TRUC DU LIEU KHONG G,COMPUTER_LAB
CI5219,UNG DUNG GIS TRONG KINH,COMPUTER_LAB
CI5221,GIS TRONG QUY HOACH KHON,COMPUTER_LAB
CI5223,DO CAO TU VE TINH VA UNG,GENERAL
CI5225,TRAC LUONG ANH NANG CAO,COMPUTER_LAB
CI5227,KY THUAT XU LY TUAN TU V,COMPUTER_LAB
CI5229,KY THUAT QUAN TRAC BIEN,OTHER_SPECIAL
CI5231,DO DAC XA BO,OTHER_SPECIAL
CI5233,DINH VI TRONG NHA,OTHER_SPECIAL
CI5235,QUAN LY VUNG VEN BIEN,GENERAL
CI5237,QUAN LY KINH DOANH XAY D,GENERAL
CI5239,PHAT TRIEN BEN VUNG TRON,GENERAL
CI5241,BIM VA TIN HOC UNG DUNG,COMPUTER_LAB
CI5243,QUAN LY XAY DUNG,GENERAL
CI5245,CO KET CAU NANG CAO,GENERAL
CI5247,KET CAU BE TONG COT THEP,GENERAL
CI5249,PHUONG PHAP PHAN TU HUU,GENERAL
CI5251,DONG LUC HOC KET CAU NAN,GENERAL
CI5253,KET CAU TAM VO,GENERAL
CI5255,TOI UU HOA KET CAU,GENERAL
CI5257,ON DINH KET CAU,GENERAL
CI5259,CO HOC VAT RAN BIEN DANG,GENERAL
CI5261,DO TIN CAY KET CAU,GENERAL
CI5263,PHUONG PHAP SO,GENERAL
CI5265,KHAO SAT VA NGHIEN CUU T,GENERAL
CI5267,KIEM DINH CHAT LUONG CON,GENERAL
CI5269,TAC DONG CUA GIO LEN CON,GENERAL
CI5271,PHUONG PHAP PHAN TICH CA,GENERAL
CI5273,AN MON VA CHONG AN MON B,GENERAL
CI5275,CONG NGHE CHE TAO BE TON,GENERAL
CI5277,VAT LIEU CACH NHIET VA H,GENERAL
CI5279,THIET KE KHANG CHAN CHO,GENERAL
CI5281,CONG TRINH BEN CANG,GENERAL
CI5283,CONG TRINH BIEN - VEN BI,GENERAL
CI5285,CONG TRINH DUONG THUY,GENERAL
CI5287,THI CONG CONG TRINH CANG,GENERAL
CI5289,CAC CONG NGHE TIEN TIEN,GENERAL
CI5291,"PHAN TICH, DANH GIA RUI",GENERAL
CI5293,THI CONG CONG TRINH BIEN,GENERAL
CI5295,PHUONG PHAP SO CONG TRIN,GENERAL
CI5297,LY THUYET TUONG TU VA MO,GENERAL
CI5299,UNG DUNG GIS TRONG DANH,GENERAL
CI5301,LAP BAN DO VOI UAV,OTHER_SPECIAL
CI5303,PHUONG PHAP PHAN TU HUU,GENERAL
CI5305,CO HOC DAT NANG CAO 1,GENERAL
CI5307,KY THUAT NEN MONG NANG C,GENERAL
CI5309,CAU TRUC DU LIEU KHONG G,COMPUTER_LAB
CI5311,VIEN THAM NANG CAO,OTHER_SPECIAL
CI5313,KY THUAT XU LY TUAN TU V,GENERAL
CI5315,CONG TRINH BAO VE BO,GENERAL
CI5317,UNG DUNG CONG NGHE TRONG,GENERAL
CI5319,CONG TRINH CHONG NGAP VA,GENERAL
CI5321,THIET KE CONG TRINH HA T,GENERAL
CI5329,BE TONG CONG TRINH BIEN,GENERAL
CI5335,KY THUAT QUAN TRAC BIEN,OTHER_SPECIAL
CI5337,QUY HOACH CANG,GENERAL
CI5339,LY THUYET TUONG TU VA MO,GENERAL
CI5341,KY THUAT THI CONG DUOI N,GENERAL
CI5355,THONG KE UNG DUNG TRONG,GENERAL
CI5357,KY THUAT XU LY NUOC CAP,GENERAL
CI5359,THUY LUC NUOC NGAM,GENERAL
CI5361,BIEN DOI KHI HAU VA CAC,GENERAL
CI5363,PHUONG PHAP SO TINH TOAN,GENERAL
CI5367,KET CAU NHA CAO TANG,GENERAL
CI5369,DIA CHAT CONG TRINH,GENERAL
CI5371,CO HOC DAT,OTHER_SPECIAL
CI5373,NEN MONG,GENERAL
CI5375,NHA NHIEU TANG,GENERAL
CI5377,KET CAU CONG TRINH BE TO,GENERAL
CI5379,PHUONG PHAP PHAN TU HUU,GENERAL
CI5381,CO KET CAU,GENERAL
CI5383,KET CAU CONG TRINH THEP,GENERAL
CI5385,KET CAU CONG TRINH THEP,GENERAL
CI5387,THIET KE VA CONG NGHE XA,GENERAL
CI5389,THIET KE VA CONG NGHE XA,GENERAL
CI5391,THIET KE VA CONG NGHE XA,GENERAL
CI5393,DUONG DO THI VA DUONG SA,GENERAL
CI5395,PHAN TICH KHONG GIAN,COMPUTER_LAB
CI5397,PHAN TICH KHONG GIAN,COMPUTER_LAB
CI5399,LAP TRINH GIS,COMPUTER_LAB
CI5401,THONG KE KHONG GIAN,COMPUTER_LAB
CI5403,KY THUAT VA CONG NGHE TH,GENERAL
CI5405,TO CHUC THI CONG CONG TR,GENERAL
CI5407,QUAN LY DU AN XAY DUNG,GENERAL
CI5409,NGUYEN LY KINH TE VA LUA,GENERAL
CI5411,CO SO DU LIEU KHONG GIAN,COMPUTER_LAB
CI5413,TIN HOC TRONG TRAC DIA,GENERAL
CI5415,HE THONG DINH VI TOAN CA,COMPUTER_LAB
CI5417,LUOI TRAC DIA,COMPUTER_LAB
CI5419,BAN DO CHUYEN DE,COMPUTER_LAB
CI5421,TIN HOC UNG DUNG TRONG Q,GENERAL
CI5423,QUY HOACH VA QUAN LY NGU,GENERAL
CI5425,THUY LUC BUN CAT VA BIEN,GENERAL
CI5427,BIEN DOI KHI HAU VA CAC,GENERAL
CI5429,QUY HOACH VA QUAN LY NGU,GENERAL
CI5431,PHUONG PHAP SO & TIN HOC,GENERAL
CI5433,MO HINH TOAN SO UNG DUNG,GENERAL
CI5435,CONG TRINH HA TANG NGAM,GENERAL
CI5437,PHAN TICH KHONG GIAN,COMPUTER_LAB
CI5439,CO SO DU LIEU KHONG GIAN,COMPUTER_LAB
CI5441,LUOI TRAC DIA,COMPUTER_LAB
CI5443,TIN HOC TRONG TRAC DIA,COMPUTER_LAB
CI5445,HE THONG DINH VI TOAN CA,COMPUTER_LAB
CI5447,KY THUAT XU LY TUAN TU V,COMPUTER_LAB
CI5449,KY THUAT QUAN TRAC BIEN,COMPUTER_LAB
CI5451,QUAN LY KINH DOANH XAY D,GENERAL
CI5591,KET CAU CONG TRINH BE TO,GENERAL
CI5643,CO HOC DAT NANG CAO 2,GENERAL
CI5657,KY THUAT XU LY NEN DAT Y,GENERAL
CI5663,PHUONG PHAP PHAN TU HUU,GENERAL
CI5763,CONG TRINH TREN DAT YEU,GENERAL
CI5765,THUY VAN NANG CAO,GENERAL
CI5767,MO HINH VA PHUONG PHAP D,GENERAL
CI5769,KY THUAT PHAN TICH DU LI,GENERAL
CI5771,PHAN TICH PHI TUYEN KET,GENERAL
CI5773,CO HOC RAN NUT,GENERAL
CI5775,KET CAU THEP-BE TONG LIE,GENERAL
CI5777,ON DINH KET CAU,GENERAL
CI5779,VAT LIEU XAY DUNG NANG C,OTHER_SPECIAL
CI5781,KY THUAT BE TONG NANG CA,OTHER_SPECIAL
CI5782,KY THUAT BE TONG NC (BT),OTHER_SPECIAL
CI5783,KET CAU TAM VO,GENERAL
CI5785,BIEN HINH LONG DAN TRONG,GENERAL
CI5787,LY THUYET TUONG TU VA MO,GENERAL
CI5789,THUY LUC NUOC NGAM,GENERAL
CI5791,MO HINH TOAN SO HE THONG,COMPUTER_LAB
CI5793,TAC DONG CUA CTT DOI VOI,GENERAL
CI5795,BIEN DOI KHI HAU VA THIE,GENERAL
CI5797,DONG LUC HOC SONG - VEN,GENERAL
CI5799,DONG LUC HOC HINH THAI V,GENERAL
CI5801,THONG KE UNG DUNG TRONG,GENERAL
CI5803,BIEN DOI KHI HAU VA CAC,GENERAL
CI5805,KET CAU THEP NANG CAO,GENERAL
CI7001,LY THUYET DO TIN CAY VA,GENERAL
CI7003,DONG LUC HOC CONG TRINH,GENERAL
CI7005,QUI HOACH VA QUAN LY NGU,GENERAL
CI7007,THUY VAN NANG CAO,GENERAL
CI7009,AP DUNG GIS TRONG XAY DU,COMPUTER_LAB
CI7011,PHAN TICH NHAN TO,GENERAL
CI7013,BI?NH SAI LUO?I TRA?C DI,GENERAL
CI7015,KY THUAT XU LY TUAN TU V,GENERAL
CI7017,HE QUY CHIEU TRAC DIA,GENERAL
CI7019,BAN DO NANG CAO,GENERAL
CI7021,HE THONG DINH VI TOAN CA,GENERAL
CI7023,TRAC DIA VAT LY,GENERAL
CI7025,KHAI THAC DU LIEU KHONG,COMPUTER_LAB
CI7027,CO SO DU LIEU KHONG GIAN,COMPUTER_LAB
CI7029,PHAN TICH KHONG GIAN,GENERAL
CI7031,VIEN THAM NANG CAO,GENERAL
CI7033,XU LY ?NH SO TRONG VIEN,COMPUTER_LAB
CI7035,LAP TRINH GIS,COMPUTER_LAB
CI7037,MO HINH KHONG GIAN VOI G,COMPUTER_LAB
CI7039,THONG KE KHONG GIAN,GENERAL
CI7041,VIEN THAM RADAR,GENERAL
CI7043,GIS TREN CAC THIET BI DI,COMPUTER_LAB
CI7045,CO KET CAU NANG CAO,GENERAL
CI7047,KET CAU BE TONG COT THEP,GENERAL
CI7049,PHUONG PHAP PHAN TU HUU,GENERAL
CI7051,DONG LUC HOC KET CAU,GENERAL
CI7053,KET CAU THEP NANG CAO,GENERAL
CI7055,PHAN TICH PHI TUYEN KET,GENERAL
CI7057,KHAO SAT VA NGHIEN CUU T,OTHER_SPECIAL
CI7059,CO HOC RAN NUT,OTHER_SPECIAL
CI7061,KET CAU THEP – BE TONG L,GENERAL
CI7063,KET CAU TAM VO,GENERAL
CI7065,TOI UU HOA KET CAU,GENERAL
CI7067,ON DINH KET CAU,GENERAL
CI7069,CO HOC VAT RAN BIEN DANG,OTHER_SPECIAL
CI7071,DO TIN CAY KET CAU,GENERAL
CI7073,TAC DONG GIO LEN CONG TR,GENERAL
CI7075,THIET KE KHANG CHAN CHO,GENERAL
CI7077,CO HOC DAT NANG CAO 1,GENERAL
CI7079,VAT LIEU XAY DUNG NANG C,OTHER_SPECIAL
CI7081,KY THUAT BE TONG NANG CA,OTHER_SPECIAL
CI7083,VAT LIEU MOI VA CAU KIEN,GENERAL
CI7085,PHUONG PHAP PHAN TICH CA,COMPUTER_LAB
CI7087,AN MON VA CHONG AN MON B,GENERAL
CI7089,CONG NGHE BE TONG COT TH,GENERAL
CI7091,VAT LIEU XAY DUNG CONG T,GENERAL
CI7093,KET CAU CAU NANG CAO,GENERAL
CI7095,CAC CHUYEN DE NANG CAO V,GENERAL
CI7097,DUONG HAM NANG CAO,GENERAL
CI7099,KIEM DINH KHAI THAC CAU,OTHER_SPECIAL
CI7101,DUONG TREN NEN DAT YEU,GENERAL
CI7103,CHONG SAT LO DUONG O TO,GENERAL
CI7105,LY THUYET TINH TOAN NEN,GENERAL
CI7107,QUY HOACH MANG LUOI DUON,GENERAL
CI7109,GIAO THONG DO THI,GENERAL
CI7111,LY THUYET DONG XE VA TO,GENERAL
CI7113,HE THONG GIAO THONG THON,GENERAL
CI7115,PHUONG PHAP PTHH TRONG D,GENERAL
CI7117,DIA CHAT CONG TRINH NANG,GENERAL
CI7119,KY THUAT NEN MONG NANG C,GENERAL
CI7121,CO HOC DAT NANG CAO 2,GENERAL
CI7123,DONG HOC DAT,GENERAL
CI7125,TUONG CHAN DAT,GENERAL
CI7127,CO HOC DA,GENERAL
CI7129,DAO SAU TRONG DAT,GENERAL
CI7131,TINH TOAN CONG TRINH NGA,GENERAL
CI7133,UNG XU CUA DAT DA MOI TR,GENERAL
CI7135,TO CHUC KHAI THAC CONG T,GENERAL
CI7137,DONG LUC HOC SONG – VEN,GENERAL
CI7139,CONG TRINH THUY NANG CAO,GENERAL
CI7141,LY THUYET TUONG TU VA MO,GENERAL
CI7143,THUY LUC BUN CAT VA BIEN,GENERAL
CI7145,DONG LUC HOC HINH THAI V,GENERAL
CI7147,THUY LUC TINH TOAN,GENERAL
CI7149,THUY LUC NUOC NGAM,GENERAL
CI7151,CAC PHUONG PHAP KHAO SAT,OTHER_SPECIAL
CI7153,TINH TOAN CAC BAI TOAN D,COMPUTER_LAB
CI7155,ON DINH MAI DOC,GENERAL
CI7157,KY THUAT XU LY NEN DAT Y,GENERAL
CI7159,LY THUYET DEO TRONG DAT,GENERAL
CI7161,LUU BIEN CUA DAT,GENERAL
CI7163,THI NGHIEM CONG TRINH NA,OTHER_SPECIAL
CI7165,PHAN TICH DU LIEU & DU B,GENERAL
CI7167,BIEN DOI KHI HAU & CAC G,GENERAL
CI7169,THONG KE UNG DUNG TRONG,GENERAL
CI7171,QUAN LY DU AN XAY DUNG N,GENERAL
CI7173,CONG NGHE VA KY THUAT TH,GENERAL
CI7175,QUAN LY XAY DUNG,GENERAL
CI7177,QUAN LY TAI CHINH TRONG,GENERAL
CI7179,TO CHUC VA KE HOACH HOA,GENERAL
CI7181,UNG DUNG TINH TOAN MEM T,COMPUTER_LAB
CI7183,DINH GIA XAY DUNG,GENERAL
CI7185,TO CHUC LAO DONG VA NANG,GENERAL
CI7187,CAC CHU DE VA PHUONG PHA,GENERAL
CI7189,PHAN TICH DINH LUONG TRO,GENERAL
CI7191,HE THONG VAN BAN PHAP LU,GENERAL
CI7193,QUA?N LY? RU?I RO TRONG,GENERAL
CI7195,QUAN LY KINH DOANH DOANH,GENERAL
CI7197,QUAN LY THIET BI XAY DUN,GENERAL
CI7199,MO HINH VA PHUONG PHAP D,GENERAL
CI7201,QUAN LY RUI RO TRONG XAY,COMPUTER_LAB
CI7203,HE THONG GIAO THONG CONG,GENERAL
CI7205,PHUONG PHAP PHAN TU HUU,COMPUTER_LAB
CI7207,CONG TRINH TREN DAT YEU,GENERAL
CI7209,DIA CHAT CONG TRINH,GENERAL
CI7211,NEN MONG,GENERAL
CI7213,CO HOC DAT,OTHER_SPECIAL
CI7215,UNG XU CUA DAT DA TRONG,GENERAL
CI7217,QUAN LY KINH DOANH XAY D,GENERAL
CI7219,TO CHUC LAO DONG VA NANG,GENERAL
CI7221,BIM VA TIN HOC UNG DUNG,COMPUTER_LAB
CI7223,LY THUYET DO TIN CAY VA,GENERAL
CI7225,PHAN TICH KET CAU CONG T,GENERAL
CI7227,VAT LIEU VA CONG NGHE XA,GENERAL
CI7229,"KIEM DINH, KHAI THAC CON",GENERAL
CI7231,DANH GIA CHAT LUONG VA K,GENERAL
CI7233,DUONG O TO TREN NEN DAT,GENERAL
CI7235,LOGISTICS,GENERAL
CI7237,PHAN TICH KHONG GIAN,COMPUTER_LAB
CI7239,LAP TRINH GIS,COMPUTER_LAB
CI7241,THONG KE KHONG GIAN,COMPUTER_LAB
CI7243,CO SO DU LIEU KHONG GIAN,COMPUTER_LAB
CI7245,TIN HOC TRONG TRAC DIA,GENERAL
CI7247,HE THONG DINH VI TOAN CA,OTHER_SPECIAL
CI7249,LUOI TRAC DIA,OTHER_SPECIAL
CI7251,BAN DO CHUYEN DE,COMPUTER_LAB
CI7253,MO HINH TOAN SO HE THONG,GENERAL
CI7255,DONG LUC HOC HINH THAI V,GENERAL
CI7257,BAN DO TRONG MOI TRUONG,GENERAL
CI7259,TRAC DIA CONG TRINH NANG,OTHER_SPECIAL
CI7261,VIEN THAM TRONG MOI TRUO,GENERAL
CI7263,VIEN THAM SIEU CAO TAN,COMPUTER_LAB
CI7265,CONG NGHE CHE TAO VAT LI,GENERAL
CI7267,TINH TOAN HIEU CHINH DU,COMPUTER_LAB
CI7269,UNG DUNG GIS TRONG KINH,COMPUTER_LAB
CI7271,DO CAO TU VE TINH VA UNG,GENERAL
CI7273,TRAC LUONG ANH NANG CAO,COMPUTER_LAB
CI7275,DO DAC XA BO,OTHER_SPECIAL
CI7277,DINH VI TRONG NHA,OTHER_SPECIAL
CI7279,QUAN LY VUNG VEN BIEN,GENERAL
CI7281,TAC DONG CUA GIO LEN CON,GENERAL
CI7283,PHUONG PHAP PHAN TICH CA,GENERAL
CI7285,AN MON VA CHONG AN MON B,GENERAL
CI7287,CONG NGHE CHE TAO BE TON,GENERAL
CI7289,VAT LIEU CACH NHIET VA H,GENERAL
CI7291,CONG TRINH BIEN - VEN BI,GENERAL
CI7293,CAC CONG NGHE TIEN TIEN,GENERAL
CI7295,PHUONG PHAP SO CONG TRIN,GENERAL
CI7297,UNG DUNG GIS TRONG DANH,GENERAL
CI7299,LAP BAN DO VOI UAV,COMPUTER_LAB
CI7301,CAU TRUC DU LIEU KHONG G,COMPUTER_LAB
CI7303,VIEN THAM NANG CAO,COMPUTER_LAB
CI7305,KY THUAT XU LY TUAN TU V,COMPUTER_LAB
CI7307,BE TONG CONG TRINH BIEN,GENERAL
CI7309,KY THUAT QUAN TRAC BIEN,COMPUTER_LAB
CI7311,KY THUAT XU LY NUOC CAP,GENERAL
CI7313,BIEN DOI KHI HAU VA CAC,GENERAL
CO0001,CO SO TIN HOC,GENERAL
CO1003,Nhập môn về Lập trình,COMPUTER_LAB
CO1004,NHAP MON VE LAP TRINH(TH,COMPUTER_LAB
CO1005,Nhập môn Điện toán,COMPUTER_LAB
CO1006,NHAP MON DIEN TOAN (TH),COMPUTER_LAB
CO1007,Cấu trúc Rời rạc cho Kho,GENERAL
CO1007.PT,Cấu trúc Rời rạc cho Kho,GENERAL
CO1009,HE THONG SO,GENERAL
CO1010,HE THONG SO (TN),ELECTRICAL_LAB
CO1011,KY THUAT LAP TRINH,GENERAL
CO1012,KY THUAT LAP TRINH (BT),COMPUTER_LAB
CO1013,KY THUAT LAP TRINH,GENERAL
CO1014,KY THUAT LAP TRINH (TN),COMPUTER_LAB
CO1021,HETHONG DIDONG &CAM BIEN,GENERAL
CO1022,H/TH DIDONG &CAM BIEN(BT,ELECTRICAL_LAB
CO1023,Hệ thống số,GENERAL
CO1024,HE THONG SO (TN),ELECTRICAL_LAB
CO1025,Thiết kế Luận lý Với HDL,GENERAL
CO1026,THIET KE L/LY VOI HDL(TN,ELECTRICAL_LAB
CO1027,Kỹ thuật Lập trình,GENERAL
CO1028,KY THUAT LAP TRINH (TN),COMPUTER_LAB
CO1033,NHAP MON HE THONG SO,GENERAL
CO2001,KYNANG CHNGHIEP CHO KYSU,GENERAL
CO2003,Cấu trúc Dữ liệu và Giải,GENERAL
CO2003.PT,Cấu trúc Dữ liệu và Giải,GENERAL
CO2004,CTRUC DULIEU &G/THUAT(TH,COMPUTER_LAB
CO2004.PT,CTRUC DULIEU &G/THUAT(TH,COMPUTER_LAB
CO2005,LAP TRINH HUONG DOITUONG,GENERAL
CO2006,L/TRINH HUONG D/TUONG(TH,COMPUTER_LAB
CO2007,Kiến trúc Máy tính,GENERAL
CO2007.PT,Kiến trúc Máy tính,GENERAL
CO2008,KIEN TRUC MAY TINH (TH,COMPUTER_LAB
CO2008.PT,KIEN TRUC MAY TINH (TH,COMPUTER_LAB
CO2009,THKE LLY VOI VERILOG,ELECTRICAL_LAB
CO2010,T/K LL VOI VERILOG (TH),ELECTRICAL_LAB
CO2011,Mô hình hóa Toán học,GENERAL
CO2011.PT,Mô hình hóa Toán học,GENERAL
CO2013,Hệ cơ sở Dữ liệu,COMPUTER_LAB
CO2013.PT,Hệ cơ sở Dữ liệu,COMPUTER_LAB
CO2014,HE CO SO DU LIEU (TN),COMPUTER_LAB
CO2014.PT,HE CO SO DU LIEU (TN),COMPUTER_LAB
CO2015,LINH KIEN & MACH DIEN TU,ELECTRICAL_LAB
CO2016,LINH KIEN & MACH DT (TN),ELECTRICAL_LAB
CO2017,Hệ điều hành,COMPUTER_LAB
CO2017.PT,Hệ điều hành,COMPUTER_LAB
CO2018,HE DIEU HANH (TN),COMPUTER_LAB
CO2018.PT,HE DIEU HANH (TN),COMPUTER_LAB
CO2019,THUCTAP PHANCUNG MAYTINH,COMPUTER_LAB
CO2025,TIN HOC QUAN LY,COMPUTER_LAB
CO2026,TIN HOC QUAN LY (TN),COMPUTER_LAB
CO2027,THIET KE WEB,COMPUTER_LAB
CO2028,THIET KE WEB (TN),COMPUTER_LAB
CO2029,XU LY TIN HIEU SO,ELECTRICAL_LAB
CO2030,XU LY TIN HIEU SO (TN),ELECTRICAL_LAB
CO2031,KY THUAT TRUYEN SO LIEU,ELECTRICAL_LAB
CO2032,KT TRUYEN SO LIEU (TN),ELECTRICAL_LAB
CO2033,THIET KE LLY VOI VERILOG,ELECTRICAL_LAB
CO2034,T/KE LLY VOI VERILOG(TN),ELECTRICAL_LAB
CO2035,Xử lý Tín hiệu số,GENERAL
CO2035.PT,Xử lý Tín hiệu số,GENERAL
CO2036,XU LY TIN HIEU SO (TN),ELECTRICAL_LAB
CO2036.PT,XU LY TIN HIEU SO (TN),ELECTRICAL_LAB
CO2037,Mạch Điện - Điện tử,GENERAL
CO2038,MACH DIEN - DIEN TU (TN),ELECTRICAL_LAB
CO2039,Lập trình Nâng cao,COMPUTER_LAB
CO2040,LAP TRINH NANG CAO(BT),COMPUTER_LAB
CO2103,Mạch điện - điện tử,GENERAL
CO2103.PT,Mạch điện - điện tử,GENERAL
CO2104,MACH DIEN - DIEN TU (TN),ELECTRICAL_LAB
CO2104.PT,MACH DIEN - DIEN TU (TN),ELECTRICAL_LAB
CO2105,HOC MAY VA PHAN TICH DU,GENERAL
CO3001,Công nghệ Phần mềm,GENERAL
CO3001.PT,Công nghệ Phần mềm,GENERAL
CO3002,CONG NGHE PHAN MEM(BT),COMPUTER_LAB
CO3003,MANG MAY TINH,GENERAL
CO3004,MANG MAY TINH (TN),COMPUTER_LAB
CO3005,Nguyên lý Ngôn ngữ Lập t,GENERAL
CO3007,Đánh giá Hiệu năng Hệ th,GENERAL
CO3007.PT,Đánh giá Hiệu năng Hệ th,GENERAL
CO3009,Vi xử lý - Vi điều khiển,GENERAL
CO3009.PT,Vi xử lý - Vi điều khiển,GENERAL
CO3010,VI XU LY - VI DK (TN),ELECTRICAL_LAB
CO3010.PT,VI XU LY - VI DK (TN),ELECTRICAL_LAB
CO3011,Quản lý Dự án Phần mềm,GENERAL
CO3011.PT,Quản lý Dự án Phần mềm,GENERAL
CO3012,Q/LY DU AN PHAN MEM (TN),COMPUTER_LAB
CO3013,X/DUNG CHUONG TRINH DICH,GENERAL
CO3013.PT,X/DUNG CHUONG TRINH DICH,GENERAL
CO3015,Kiểm tra Phần mềm,GENERAL
CO3015.PT,Kiểm tra Phần mềm,GENERAL
CO3017,Kiến trúc Phần mềm,GENERAL
CO3017.PT,Kiến trúc Phần mềm,GENERAL
CO3018,KIEN TRUC PHAN MEM (TN),COMPUTER_LAB
CO3021,Hệ Quản trị Cơ sở Dữ Liệ,GENERAL
CO3021.PT,Hệ Quản trị Cơ sở Dữ Liệ,GENERAL
CO3023,C/SO DULIEU PHANTAN &HDT,GENERAL
CO3023.PT,C/SO DULIEU PHANTAN &HDT,GENERAL
CO3025,PHAN TICH VA THIET KE HT,GENERAL
CO3027,Thương mại Điện tử,GENERAL
CO3027.PT,Thương mại Điện tử,GENERAL
CO3028,THUONG MAI DIEN TU (TN),COMPUTER_LAB
CO3029,Khai phá Dữ liệu,GENERAL
CO3029.PT,Khai phá Dữ liệu,GENERAL
CO3031,PHAN TICH VA THIET KE GT,GENERAL
CO3031.PT,PHAN TICH VA THIET KE GT,GENERAL
CO3033,Bảo mật Hệ thống Thông t,GENERAL
CO3033.PT,Bảo mật Hệ thống Thông t,GENERAL
CO3034,BAOMAT HE THONG T/TIN(TN,COMPUTER_LAB
CO3034.PT,BAOMAT HE THONG T/TIN(TN,COMPUTER_LAB
CO3035,Hệ thời gian thực,GENERAL
CO3035.PT,Hệ thời gian thực,GENERAL
CO3036,HE THOI GIAN THUC (BT),COMPUTER_LAB
CO3036.PT,HE THOI GIAN THUC (BT),COMPUTER_LAB
CO3037,Phát triển ?ng dụng Inte,GENERAL
CO3037.PT,Phát triển ?ng dụng Inte,GENERAL
CO3038,PT UD INTER.OF THINGS(TN,COMPUTER_LAB
CO3038.PT,PT UD INTER.OF THINGS(TN,COMPUTER_LAB
CO3039,U/DUNG HE THONG NHUNG NC,GENERAL
CO3040,U/D H/T NHUNG N/CAO (TH),COMPUTER_LAB
CO3041,Hệ thống Thông minh,GENERAL
CO3041.PT,Hệ thống Thông minh,GENERAL
CO3042,HE THONG THONG MINH,COMPUTER_LAB
CO3043,Phát triển ?ng dụng trên,GENERAL
CO3043.PT,Phát triển ?ng dụng trên,GENERAL
CO3044,PHAT TRIEN UD TREN TBDD,COMPUTER_LAB
CO3044.PT,PHAT TRIEN UD TREN TBDD,COMPUTER_LAB
CO3045,Lập trình Game,GENERAL
CO3045.PT,Lập trình Game,GENERAL
CO3047,MANG MAY TINH NANG CAO,GENERAL
CO3047.PT,MANG MAY TINH NANG CAO,GENERAL
CO3048,MANG MAY TINH NANGCAO(TN,COMPUTER_LAB
CO3048.PT,MANG MAY TINH NANGCAO(TN,COMPUTER_LAB
CO3049,Lập trình Web,GENERAL
CO3049.PT,Lập trình Web,GENERAL
CO3050,LAP TRINH WEB (TN),COMPUTER_LAB
CO3050.PT,LAP TRINH WEB (TN),COMPUTER_LAB
CO3051,Hệ thống thiết bị di độn,GENERAL
CO3051.PT,Hệ thống thiết bị di độn,GENERAL
CO3052,H/THONG THIETBI DD (TN),COMPUTER_LAB
CO3052.PT,H/THONG THIETBI DD (TN),COMPUTER_LAB
CO3053,Hệ thống nhúng,GENERAL
CO3053.PT,Hệ thống nhúng,GENERAL
CO3054,HE THONG NHUNG (TN),ELECTRICAL_LAB
CO3054.PT,HE THONG NHUNG (TN),ELECTRICAL_LAB
CO3057,Xử lý ?nh số và Thị giác,GENERAL
CO3057.PT,Xử lý ?nh số và Thị giác,GENERAL
CO3058,XL ANH SO &THIGIAC MT(TN,COMPUTER_LAB
CO3059,Đồ họa Máy tính,GENERAL
CO3059.PT,Đồ họa Máy tính,GENERAL
CO3060,DO HOA MAY TINH (TN),COMPUTER_LAB
CO3061.GV,Nhập môn Trí tuệ Nhân tạ,GENERAL
CO3061,Nhập môn Trí tuệ Nhân tạ,GENERAL
CO3061.PT,Nhập môn Trí tuệ Nhân tạ,GENERAL
CO3065,Công nghệ Phần mềm Nâng,GENERAL
CO3065.PT,Công nghệ Phần mềm Nâng,GENERAL
CO3066,C/NGHE P/MEM NANG CAO(TN,COMPUTER_LAB
CO3067,Tính toán Song song,GENERAL
CO3067.PT,Tính toán Song song,COMPUTER_LAB
CO3068,TINH TOAN SONG SONG (TN),COMPUTER_LAB
CO3068.PT,TINH TOAN SONG SONG (TN),COMPUTER_LAB
CO3069,Mật mã và An ninh mạng,COMPUTER_LAB
CO3069.PT,Mật mã và An ninh mạng,COMPUTER_LAB
CO3070,MAT MA &AN NINH MANG(TN),COMPUTER_LAB
CO3070.PT,MAT MA &AN NINH MANG(TN),COMPUTER_LAB
CO3071,Hệ phân bố,COMPUTER_LAB
CO3071.PT,Hệ phân bố,COMPUTER_LAB
CO3072,HE PHAN BO (TN),COMPUTER_LAB
CO3072.PT,HE PHAN BO (TN),COMPUTER_LAB
CO3077,LAP TRINH UNG DUNG CSDL,COMPUTER_LAB
CO3078,L/TRINH UNG DUNG CSDL(TN,COMPUTER_LAB
CO3079,QUAN TRI MANG,COMPUTER_LAB
CO3080,QUAN TRI MANG (TN),COMPUTER_LAB
CO3081,DO HOA UNG DUNG,COMPUTER_LAB
CO3082,DO HOA UNG DUNG (TN),COMPUTER_LAB
CO3083,MAT MA HOC VA MA HOA TT,COMPUTER_LAB
CO3083.PT,MAT MA HOC VA MA HOA TT,COMPUTER_LAB
CO3084,MAT MA HOC &MA HOA TT(TN,COMPUTER_LAB
CO3084.PT,MAT MA HOC &MA HOA TT(TN,COMPUTER_LAB
CO3085,Xử lý Ngôn ngữ Tự nhiên,GENERAL
CO3085.PT,Xử lý Ngôn ngữ Tự nhiên,GENERAL
CO3086,XU LY NN TU NHIEN (BT),GENERAL
CO3089,Những Chủ đề Nâng cao tr,GENERAL
CO3089.PT,Những Chủ đề Nâng cao tr,GENERAL
CO3093,Mạng máy tính,COMPUTER_LAB
CO3093.PT,Mạng máy tính,COMPUTER_LAB
CO3094,MANG MAY TINH (TN),COMPUTER_LAB
CO3094.PT,MANG MAY TINH (TN),COMPUTER_LAB
CO3097,Thiết kế Vi mạch,ELECTRICAL_LAB
CO3098,THIET KE VI MACH (TN),ELECTRICAL_LAB
CO3113,THIET KE LUANLY NANG CAO,ELECTRICAL_LAB
CO3114,THIET KE L/L NANG CAO(TN,ELECTRICAL_LAB
CO3115,Phân tích và Thiết kế Hệ,COMPUTER_LAB
CO3115.PT,Phân tích và Thiết kế Hệ,COMPUTER_LAB
CO3116,PHAN TICH VA THIET KE HT,COMPUTER_LAB
CO3116.PT,PHAN TICH VA THIET KE HT,COMPUTER_LAB
CO3117.GV,Học máy,COMPUTER_LAB
CO3117,Học máy,COMPUTER_LAB
CO3117.PT,Học máy,COMPUTER_LAB
CO3123,UD CNTT TRONG XULY SLMT,COMPUTER_LAB
CO3125,XU LY TIN HIEU SO,ELECTRICAL_LAB
CO3126,XU LY TIN HIEU SO (TN),ELECTRICAL_LAB
CO3129,Bảo mật Phần mềm,COMPUTER_LAB
CO3131,Công nghệ Phần mềm thế h,COMPUTER_LAB
CO3133,Học sâu và ?ng dụng,COMPUTER_LAB
CO3135,Lập trình cho Trí tuệ nh,COMPUTER_LAB
CO3137,Dữ liệu lớn,COMPUTER_LAB
CO3138,DU LIEU LON (BT),COMPUTER_LAB
CO3139,Chuyển đổi số,GENERAL
CO3141,Điện toán đám mây,GENERAL
CO3141.PT,Điện toán đám mây,GENERAL
CO3143,Giới thiệu hệ thống trên,COMPUTER_LAB
CO3143.PT,Giới thiệu hệ thống trên,COMPUTER_LAB
CO3144,GTHIEU HE THONG TREN CHI,COMPUTER_LAB
CO3144.PT,GTHIEU HE THONG TREN CHI,COMPUTER_LAB
CO3145,Thiết kế luận lý với HDL,COMPUTER_LAB
CO3145.PT,Thiết kế luận lý với HDL,COMPUTER_LAB
CO3146,THIET KE LUAN LY VOI HDL,COMPUTER_LAB
CO3146.PT,THIET KE LUAN LY VOI HDL,COMPUTER_LAB
CO3147,THIET KE VI MACH NANG CA,COMPUTER_LAB
CO3147.PT,THIET KE VI MACH NANG CA,COMPUTER_LAB
CO3148,THIET KE VI MACH NANG CA,COMPUTER_LAB
CO3148.PT,THIET KE VI MACH NANG CA,COMPUTER_LAB
CO3149,Tổng hợp luận lý vi mạch,COMPUTER_LAB
CO3149.PT,Tổng hợp luận lý vi mạch,COMPUTER_LAB
CO3150,TONG HOP LUAN LY VI MACH,COMPUTER_LAB
CO3150.PT,TONG HOP LUAN LY VI MACH,COMPUTER_LAB
CO3151,Quản trị mạng,COMPUTER_LAB
CO3153,Đánh giá an toàn mạng má,COMPUTER_LAB
CO3154,DANH GIA AN TOAN MANG MA,COMPUTER_LAB
CO4001,T/KE VI MACH VLSI VOI MT,COMPUTER_LAB
CO4002,TK VI MACH VLSIVOIMT(TN),COMPUTER_LAB
CO4003,THIET KE LUANLY NANG CAO,COMPUTER_LAB
CO4004,THIET KE LUANLY NC (TN),ELECTRICAL_LAB
CO4005,TONG HOP LUAN LY VI MACH,ELECTRICAL_LAB
CO4006,TONG HOP LUAN LY VM(TN),ELECTRICAL_LAB
CO4009,TOAN ROI RAC,GENERAL
CO4010,TOAN ROI RAC (TN),GENERAL
CO4011,KIEM TRA THU PHAM MEM,COMPUTER_LAB
CO4012,KIEM TRA THU PHAM MEM(TN,COMPUTER_LAB
CO4013,LAP TRINH MANG,COMPUTER_LAB
CO4014,LAP TRINH MANG (BT),COMPUTER_LAB
CO4015,CONG NGHE XML & U.DUNG,COMPUTER_LAB
CO4016,CONG NGHE XML &U.DUNG(TN,COMPUTER_LAB
CO4017,AN NINH MANG,COMPUTER_LAB
CO4018,AN NINH MANG (TN),COMPUTER_LAB
CO4019,CONG NGHE JAVA,COMPUTER_LAB
CO4020,CONG NGHE JAVA (TN),COMPUTER_LAB
CO4023,THIET KE VI MACH ASIC,ELECTRICAL_LAB
CO4024,THIET KE VMACH ASIC(TN),ELECTRICAL_LAB
CO4025,MANG XA HOI & THONG TIN,COMPUTER_LAB
CO4025.PT,MANG XA HOI & THONG TIN,COMPUTER_LAB
CO4027,HOC MAY,COMPUTER_LAB
CO4031,Kho dữ Liệu và Hệ hỗ trợ,COMPUTER_LAB
CO4031.PT,Kho dữ Liệu và Hệ hỗ trợ,COMPUTER_LAB
CO4032,KHO DL &HE HO TRO QD(BT),COMPUTER_LAB
CO4033,Phân tích Dữ liệu lớn và,COMPUTER_LAB
CO4033.PT,Phân tích Dữ liệu lớn và,COMPUTER_LAB
CO4035,Hệ hoạch Định tài Nguyên,GENERAL
CO4035.PT,Hệ hoạch Định tài Nguyên,GENERAL
CO4037,Hệ thống thông tin quản,GENERAL
CO4037.PT,Hệ thống thông tin quản,GENERAL
CO4039,Bảo mật sinh trắc,GENERAL
CO4039.PT,Bảo mật sinh trắc,GENERAL
CO5075,PHAT TRIEN UNG DUNG IOT,GENERAL
CO5077,BAO MAT PHAN MEM,GENERAL
CO5079,PHAT TRIEN PHAN MEM CHO,GENERAL
CO5081,KIEM THU PHAN MEM,GENERAL
CO5083,PHAN TICH MA DOC,GENERAL
CO5085,HOC SAU VA UNG DUNG TRON,GENERAL
CO5087,CACH TIEP CAN HIEN DAI T,GENERAL
CO5089,CACH TIEP CAN HIEN DAI T,GENERAL
CO5091,GIAO TIEP TRONG PHAT TRI,GENERAL
CO5093,AN NINH CHO CAC NEN TANG,GENERAL
CO5095,KIEN TRUC HE THONG HIEN,GENERAL
CO5097,CO SO TOAN CHO KHOA HOC,GENERAL
CO5099,UNG DUNG CONG NGHE THONG,GENERAL
CO5103,DO AN HE THONG THONG TIN,COMPUTER_LAB
CO5105,QUAN LY QUI TRINH NGHIEP,GENERAL
CO5111,HE THONG THONG TIN QUAN,GENERAL
CO5113,KHO DU LIEU VA HE HO TRO,GENERAL
CO5115,GIAI THUAT NANG CAO,GENERAL
CO5117,KHAI PHA DU LIEU,GENERAL
CO5119,HE THONG THONG MINH,COMPUTER_LAB
CO5121,LAP TRINH LOGIC VA RANG,COMPUTER_LAB
CO5123,TINH TOAN HE THONG KHA C,COMPUTER_LAB
CO5125,XU LY NGON NGU TU NHIEN,COMPUTER_LAB
CO5127,PHUONG PHAP THIET KE VI,COMPUTER_LAB
CO5129,PHAN TICH CHUONG TRINH,COMPUTER_LAB
CO5131,HE THOI GIAN THUC,COMPUTER_LAB
CO5133,TINH TOAN SONG SONG,COMPUTER_LAB
CO5135,DU LIEU LON,COMPUTER_LAB
CO5137,AN NINH MANG,COMPUTER_LAB
CO5139,KHOA HOC DU LIEU,COMPUTER_LAB
CO5141,HE KINH DOANH DIEN TU,COMPUTER_LAB
CO5143,BAO MAT THONG TIN CHO NH,COMPUTER_LAB
CO5145,NHUNG CHU DE MOI TRONG H,GENERAL
CO5147,KHOA HOC QUAN LY UNG DUN,GENERAL
CO5149,DIEU KHIEN VA GIAM SAT C,COMPUTER_LAB
CO5151,CONG NGHE PHAN MEM THE H,COMPUTER_LAB
CO5155,KHO DU LIEU VA HE HO TRO,COMPUTER_LAB
CO5157,BAO MAT CO SO DU LIEU,COMPUTER_LAB
CO5159,"CAC VAN DE VE LUAT PHAP,",GENERAL
CO5161,MAT MA HOC ?NG DUNG,COMPUTER_LAB
CO5165,QUAN LY DU LIEU DOANH NG,COMPUTER_LAB
CO5167,TRI TUE KINH DOANH,COMPUTER_LAB
CO5169,DICH VU HE THONG THONG T,COMPUTER_LAB
CO5171,HE THONG THONG TIN QUAN,COMPUTER_LAB
CO5173,KY THUAT DU LIEU,COMPUTER_LAB
CO5175,HOC MAY VA ?NG DUNG,COMPUTER_LAB
CO5177,NEN TANG LAP TRINH CHO P,COMPUTER_LAB
CO5179,NHUNG XU HUONG MOI TRONG,GENERAL
CO5181,THIET KE HE THONG NHUNG,COMPUTER_LAB
CO5183,THIET KE VA PHAN TICH TH,GENERAL
CO5185,KIEN TRUC PHAN MEM,COMPUTER_LAB
CO5187,PHAN TICH DU KIEN LON CU,COMPUTER_LAB
CO5317,MO HINH NGON NGU LON,COMPUTER_LAB
CO7001,KHAI PHA DU LIEU,COMPUTER_LAB
CO7003,HE THONG THONG TIN DIA L,COMPUTER_LAB
CO7005,CO SO TRI THUC,COMPUTER_LAB
CO7007,HE THONG THONG MINH,COMPUTER_LAB
CO7009,LAP TRINH LOGIC VA RANG,COMPUTER_LAB
CO7011,XU LY ANH SO VA VIDEO NA,COMPUTER_LAB
CO7013,THIET KE PHAN MEM HUONG,COMPUTER_LAB
CO7015,CAC GIAI THUAT TOI UU DU,GENERAL
CO7017,THONG KE DAI SO TINH TOA,COMPUTER_LAB
CO7019,TINH TOAN HE THONG KHA C,COMPUTER_LAB
CO7021,DO HOA MAY TINH NANG CAO,COMPUTER_LAB
CO7023,PHUONG PHAP THIET KE VI,COMPUTER_LAB
CO7025,PHAN TICH CHUONG TRINH,COMPUTER_LAB
CO7027,HE THONG NHUNG,COMPUTER_LAB
CO7029,KIEM TRA CHUONG TRINH,COMPUTER_LAB
CO7031,HE THOI GIAN THUC,COMPUTER_LAB
CO7033,HE PHAN BO,COMPUTER_LAB
CO7035,TINH TOAN SONG SONG,COMPUTER_LAB
CO7037,TRUC QUAN HOA THONG TIN,GENERAL
CO7039,TUONG TAC NGUOI MAY,GENERAL
CO7041,DU LIEU LON,GENERAL
CO7043,KIEN TRUC PHAN MEM,GENERAL
CO7045,MO HINH HOA PHAN MEM,COMPUTER_LAB
CO7047,THIET KE PHAN MEM THEO M,COMPUTER_LAB
CO7049,DIEN TOAN DAM MAY,GENERAL
CO7051,TONG QUAN VE TINH TOAN K,GENERAL
CO7053,KHAI PHA DU LIEU SIEU LO,COMPUTER_LAB
CO7055,NHUNG CHU DE NANG CAO VE,GENERAL
CO7057,NEN TANG TOAN HOC CHO TI,GENERAL
CO7059,DANH GIA HIEU SUAT HE TH,GENERAL
CO7061,MA HOA,GENERAL
CO7063,BAO MAT CO SO DU LIEU,GENERAL
CO7065,BAO MAT TREN THIET BI DI,GENERAL
CO7067,BAO MAT THONG TIN CHO NH,GENERAL
CO7069,TRUC QUAN HOA TRONG BAO,GENERAL
CO7071,BAO MAT SINH TRAC HOC,GENERAL
CO7073,BAO MAT TINH RIENG TU TR,GENERAL
CO7075,BAO MAT TREN DIEN TOAN D,GENERAL
CO7077,BANG CHUNG SO,GENERAL
CO7079,BAO MAT HE THONG THONG T,GENERAL
CO7081,HE CO SO DU LIEU NANG CA,GENERAL
CO7083,CONG NGHE PHAN MEM THE H,COMPUTER_LAB
CO7085,LAP TRINH NANG CAO,COMPUTER_LAB
CO7087,NHAN DANG MAU VA HOC MAY,COMPUTER_LAB
CO7089,MANG MAY TINH NANG CAO,COMPUTER_LAB
CO7091,KIEN TRUC MAY TINH NANG,COMPUTER_LAB
CO7093,GIAI THUAT NANG CAO,GENERAL
CO7095,NHUNG CHU DE NANG CAO VE,GENERAL
CO7097,DAC TA YEU CAU PHAN MEM,COMPUTER_LAB
CO7099,XU LY NGON NGU TU NHIEN,COMPUTER_LAB
CO7101,AN NINH MANG,COMPUTER_LAB
CO7103,"CAC VAN DE VE LUAT PHAP,",GENERAL
CO7105,MAT MA HOC ?NG DUNG,COMPUTER_LAB
CO7107,KY THUAT DU LIEU,COMPUTER_LAB
CO7109,HOC MAY VA ?NG DUNG,COMPUTER_LAB
CO7111,NEN TANG LAP TRINH CHO P,COMPUTER_LAB
CO7113,NHUNG XU HUONG MOI TRONG,GENERAL
CO7115,THIET KE HE THONG NHUNG,ELECTRICAL_LAB
CO7117,THIET KE VA PHAN TICH TH,GENERAL
CO7119,PHAN TICH DU KIEN LON CU,COMPUTER_LAB
CO7121,PHAT TRIEN UNG DUNG IOT,COMPUTER_LAB
CO7123,BAO MAT PHAN MEM,COMPUTER_LAB
CO7125,PHAT TRIEN PHAN MEM CHO,COMPUTER_LAB
CO7127,KIEM THU PHAN MEM,COMPUTER_LAB
CO7129,PHAN TICH MA DOC,COMPUTER_LAB
CO7131,HOC SAU VA UNG DUNG TRON,COMPUTER_LAB
CO7133,CACH TIEP CAN HIEN DAI T,GENERAL
CO7135,CACH TIEP CAN HIEN DAI T,GENERAL
CO7137,AN NINH CHO CAC NEN TANG,GENERAL
CO7139,KIEN TRUC HE THONG HIEN,GENERAL
CO7141,CO SO TOAN CHO KHOA HOC,GENERAL
EE0009,KY THUAT SO,GENERAL
EE0021,CO SO DIEN TU CONG SUAT,GENERAL
EE0033,GIAI TICH MACH,GENERAL
EE0035,MACH DIEN TU,GENERAL
EE1001,Nhập môn Về kỹ Thuật,ELECTRICAL_LAB
EE1002,NHAP MON VE KY THUAT (TN,ELECTRICAL_LAB
EE1003,TOAN KY THUAT,GENERAL
EE1005,Kỹ thuật điện,GENERAL
EE1006,KY THUAT DIEN(BT),GENERAL
EE1007,Vật lý Bán dẫn,ELECTRICAL_LAB
EE1008,VAT LY BAN DAN (TN),ELECTRICAL_LAB
EE1009,Kỹ thuật số,ELECTRICAL_LAB
EE1010,KY THUAT SO (TN),ELECTRICAL_LAB
EE1011,GIAI TICH MACH,ELECTRICAL_LAB
EE1012,GIAI TICH MACH (TN),ELECTRICAL_LAB
EE1013,VAT LY BAN DAN,ELECTRICAL_LAB
EE1014,VAT LY BAN DAN (TN),ELECTRICAL_LAB
EE1015,KY THUAT SO,ELECTRICAL_LAB
EE1016,KY THUAT SO (TN),ELECTRICAL_LAB
EE1017,RENEWABLE ENERGY SOURCES,GENERAL
EE1019,APP OF WIND&SOLAR ENERGY,GENERAL
EE1021,INTE OF RENEWABLE ENERGY,GENERAL
EE1023,POWER CONVER INTERFACES,GENERAL
EE1025,Nhập môn Về kỹ Thuật,GENERAL
EE1026,NHAP MON VE KY THUAT (TN,ELECTRICAL_LAB
EE1029,Cơ sở Kỹ thuật Điện - Má,GENERAL
EE1030,COSO KT DIEN-MAY TINH(TN,ELECTRICAL_LAB
EE2001,GIAI TICH MACH CO BAN,GENERAL
EE2003,Trường điện từ,GENERAL
EE2004,TRUONG DIEN TU(BT),GENERAL
EE2005,Tín hiệu và Hệ thống,GENERAL
EE2006,TIN HIEU VA HE THONG(BT),GENERAL
EE2007,MACH DIEN TU,GENERAL
EE2008,MACH DIEN TU (TN),ELECTRICAL_LAB
EE2009,Hệ thống Máy tính và Ngô,GENERAL
EE2010,HETHONG MT &NG/NGULT(TH),COMPUTER_LAB
EE2011,Kỹ thuật Điện - Điện tử,GENERAL
EE2012,KY THUAT DIEN-DIEN TU(BT,GENERAL
EE2013,VI XU LY,GENERAL
EE2014,VI XU LY (TN),ELECTRICAL_LAB
EE2015,Xử lý số Tín hiệu,GENERAL
EE2016,XU LY SO TIN HIEU (TN),ELECTRICAL_LAB
EE2017,Cơ sở Kỹ thuật điện,GENERAL
EE2018,CO SO KY THUAT DIEN (TN),ELECTRICAL_LAB
EE2019,Cơ sở Điều khiển Tự động,GENERAL
EE2020,COSO D/KHIEN TUDONG (TN),ELECTRICAL_LAB
EE2021,Cơ sở Điện tử Công suất,ELECTRICAL_LAB
EE2022,CS DIEN TU CONG SUAT(TN),ELECTRICAL_LAB
EE2023,Thực tập Điện tử 1,ELECTRICAL_LAB
EE2025,Thực tập Điện 1,ELECTRICAL_LAB
EE2027,KY THUAT DIEN,GENERAL
EE2029,KY THUAT DIEN TU,GENERAL
EE2031,Điện - Giải tích mạch,ELECTRICAL_LAB
EE2032,DIEN -GIAI TICH MACH(tn),ELECTRICAL_LAB
EE2033,Giải tích mạch,ELECTRICAL_LAB
EE2034,GIAI TICH MACH (TN),ELECTRICAL_LAB
EE2035,Mạch điện tử,ELECTRICAL_LAB
EE2036,MACH DIEN TU (TN),ELECTRICAL_LAB
EE2037,THUC TAP DIEN TU,ELECTRICAL_LAB
EE2039,Vi xử lý,ELECTRICAL_LAB
EE2040,VI XU LY (TN),ELECTRICAL_LAB
EE2047,TRUYEN SO LIEU VA MANG,COMPUTER_LAB
EE2048,TRUYEN SO LIEU &MANG(TN),COMPUTER_LAB
EE2049,THUC TAP DIEN TU 2,ELECTRICAL_LAB
EE2051,THUC TAP DIEN 2,ELECTRICAL_LAB
EE2065,DIEN TU HOC T/T &U/DUNG,ELECTRICAL_LAB
EE2066,DIEN TU HOC T/T &U/D(TN),ELECTRICAL_LAB
EE2069,GIAI TICH HE THONG DIEN,ELECTRICAL_LAB
EE2070,GIAI TICH HTD (TN),ELECTRICAL_LAB
EE2071,DIEN TU CONG SUAT,ELECTRICAL_LAB
EE2072,DIEN TU CONG SUAT (TN),ELECTRICAL_LAB
EE2081,Ngôn ngữ lập trình,GENERAL
EE2082,NGON NGU LAP TRINH(TN),COMPUTER_LAB
EE2083,Kỹ thuật Điện tử,GENERAL
EE2109,Thực tập Công nhân,MECHANICAL_WORKSHOP
EE2119,Thực tập Công nhân,MECHANICAL_WORKSHOP
EE2401,Vật lý: Điện và Từ học,GENERAL
EE2402,VAT LY: DIEN &TU HOC(BT),GENERAL
EE2403,CO SO MAY TINH,GENERAL
EE2404,CO SO MAY TINH (TN),COMPUTER_LAB
EE2405,Xử lý Tín hiệu Tương tự,GENERAL
EE2406,X/LY TINHIEU TUONG TU(BT,GENERAL
EE2407,Nguyên lý Tự luận,GENERAL
EE2408,NGUYEN LY TU LUAN(BT),GENERAL
EE2409,Cơ sở Trường điện từ,GENERAL
EE2411,Linh kiện Bán dẫn,GENERAL
EE2412,LINH KIEN BAN DAN (TN),ELECTRICAL_LAB
EE2413,THI NGHIEM KY THUAT SO,ELECTRICAL_LAB
EE2415,Hệ thống Máy tính và Ngô,GENERAL
EE2416,HT MAY TINH &NN LT(TN),COMPUTER_LAB
EE2417,Cơ sở Máy tính,GENERAL
EE2418,CO SO MAY TINH (TN),COMPUTER_LAB
EE2419,Kỹ thuật số,GENERAL
EE2420,KY THUAT SO (TN),ELECTRICAL_LAB
EE2425,Cơ sở Truyền động điện,GENERAL
EE2426,VI XU LY (TN),ELECTRICAL_LAB
EE3001,Hệ thống Cung cấp Điện,ELECTRICAL_LAB
EE3002,HE THONG C\CAP DIEN (TN),ELECTRICAL_LAB
EE3003,Thiết kế Hệ thống Nhúng,GENERAL
EE3005,Đo lường Công nghiệp,ELECTRICAL_LAB
EE3006,DO LUONG CONG NGHIEP(TN),ELECTRICAL_LAB
EE3007,Lý Thuyết Điều khiển Nân,ELECTRICAL_LAB
EE3008,L/T DKHIEN NANG CAO (TN),ELECTRICAL_LAB
EE3009,Máy điện,ELECTRICAL_LAB
EE3010,MAY DIEN (TN),ELECTRICAL_LAB
EE3011,Mạch điện tử Thông tin,GENERAL
EE3013,Giải tích Hệ thống điện,ELECTRICAL_LAB
EE3014,GIAI TICH HTD (TN),ELECTRICAL_LAB
EE3015,Kỹ thuật Hệ thống Viễn T,GENERAL
EE3017,Đo lường và Điều khiển b,ELECTRICAL_LAB
EE3018,DOLUONG D\K BANGMT (TN),ELECTRICAL_LAB
EE3019,Truyền số liệu và Mạng,COMPUTER_LAB
EE3020,TRUYEN SO LIEU &MANG(TN),COMPUTER_LAB
EE3021,Thực tập Điện tử 2,ELECTRICAL_LAB
EE3023,Thực tập Điện 2,ELECTRICAL_LAB
EE3025,Kỹ thuật Siêu cao tần,GENERAL
EE3027,Nhà máy Điện và Trạm biế,ELECTRICAL_LAB
EE3028,NHAMAY DIEN &TRAMBA (TN),ELECTRICAL_LAB
EE3029,Thiết bị và Hệ thống Tự,ELECTRICAL_LAB
EE3030,THIETBI& HETHONG TD (TN),ELECTRICAL_LAB
EE3031,Lập trình Hệ thống nhúng,GENERAL
EE3033,NGUYEN LY THONGTIN QUANG,GENERAL
EE3035,Xử lý ảnh,GENERAL
EE3037,Điện tử Y sinh,GENERAL
EE3038,DIEN TU Y SINH (THL),ELECTRICAL_LAB
EE3039,XU LY TIENG NOI,GENERAL
EE3041,Xử lý Tín hiệu số với FP,GENERAL
EE3042,XL T/H SO VOI FPGA(THL),ELECTRICAL_LAB
EE3043,Cấu trúc Máy tính,GENERAL
EE3045,"PHAN TICH ANH, VIDEO &UD",GENERAL
EE3047,CH/DE VE KY THUAT DIENTU,GENERAL
EE3049,QUA TRINH NGAU NHIEN &UD,GENERAL
EE3051,CHUYEN DE VIEN THONG,GENERAL
EE3053,MANG CAMBIEN KHONGDAY&UD,GENERAL
EE3055,TU DONG HOA CONG NGHIEP,GENERAL
EE3057,Nhập môn Điều khiển Thôn,GENERAL
EE3058,NHAP MON DIEUKHIEN TM(BT,ELECTRICAL_LAB
EE3059,MO HINH VA MO PHONG,GENERAL
EE3060,MO HINH VA MO PHONG(THL),COMPUTER_LAB
EE3063,Trí tuệ Nhân tạo trong Đ,GENERAL
EE3064,TRITUE N/TAO TRONG DK(BT,COMPUTER_LAB
EE3065,Kỹ thuật Robot,GENERAL
EE3066,KY THUAT ROBOT (THL),ELECTRICAL_LAB
EE3067,Hệ thống Điều khiển Nhún,GENERAL
EE3068,H/THONG D/KHIEN NHUNG(BT,ELECTRICAL_LAB
EE3069,PLC,GENERAL
EE3070,PLC (BT),ELECTRICAL_LAB
EE3071,SCADA,GENERAL
EE3072,SCADA (BT),ELECTRICAL_LAB
EE3073,MANG CONG NGHIEP,GENERAL
EE3075,Thiết bị và Hệ thống Tự,GENERAL
EE3076,TH/BI & HT TU DONG TK(BT,ELECTRICAL_LAB
EE3077,Thị giác máy,GENERAL
EE3078,THI GIAC MAY (BT),COMPUTER_LAB
EE3079,Điện tử Công suất ?ng dụ,GENERAL
EE3080,DIEN TU CONG SUAT UD(BT),ELECTRICAL_LAB
EE3081,DIEU KHIEN SINH HOC,GENERAL
EE3083,KY THUAT SO NANG CAO,GENERAL
EE3085,Mạng viễn thông,GENERAL
EE3087,Bảo vệ Rơle trong Hệ thố,GENERAL
EE3088,BAO VE ROLE TRONG HTD(TN,ELECTRICAL_LAB
EE3089,Kỹ thuật Cao áp,GENERAL
EE3090,KY THUAT CAO AP(BT),ELECTRICAL_LAB
EE3091,Vật liệu Kỹ thuật điện,GENERAL
EE3092,VAT LIEU KTHUAT DIEN (TN,ELECTRICAL_LAB
EE3093,Vận hành và Điều khiển H,GENERAL
EE3094,V/HANH &D/KHIEN HTD (BT),ELECTRICAL_LAB
EE3095,?n định Hệ thống điện,GENERAL
EE3096,ON DINH HE THONG DIEN(TN,ELECTRICAL_LAB
EE3097,Kỹ thuật An toàn điện,GENERAL
EE3098,KT AN TOAN DIEN (TN),ELECTRICAL_LAB
EE3099,Kỹ thuật Chiếu sáng,GENERAL
EE3100,KY THUAT CHIEU SANG (TN),ELECTRICAL_LAB
EE3101,Kỹ thuật Tiết kiệm và Sử,GENERAL
EE3102,K/TH T/KIEM &SD HQDN(BT),GENERAL
EE3105,KY THUAT XUNG,GENERAL
EE3106,KY THUAT XUNG(BT),GENERAL
EE3107,Thông tin Di động,GENERAL
EE3109,Chuyên đề về kỹ thuật đi,GENERAL
EE3111,Mạng máy tính,GENERAL
EE3112,MANG MAY TINH(BT),GENERAL
EE3113,QUY TRINH THIET KE &SXVM,GENERAL
EE3115,NGUYEN LY THONG TIN SO,GENERAL
EE3117,Thiết kế Vi mạch số,COMPUTER_LAB
EE3121,Thiết kế Vi mạch Tương t,COMPUTER_LAB
EE3125,QUANG DIEN TU,GENERAL
EE3126,QUANG DIEN TU (THL),ELECTRICAL_LAB
EE3127,Anten - Truyền sóng Vô t,GENERAL
EE3129,Điện tử ?ng dụng,GENERAL
EE3131,Hệ thống Năng lượng xanh,GENERAL
EE3132,H/TH NANG LUONG XANH(TN),ELECTRICAL_LAB
EE3133,Thiết bị điện trong Phân,GENERAL
EE3134,THIET BI DIEN TRG PPD(BT,GENERAL
EE3135,Kỹ thuật Nhiệt lạnh,GENERAL
EE3136,KY THUAT NHIET LANH,GENERAL
EE3137,DIEU KHIEN MAY DIEN,GENERAL
EE3138,DIEU KHIEN MAY DIEN (TN),ELECTRICAL_LAB
EE3139,Cảm biến và Đo lường,GENERAL
EE3140,CAM BIEN VA DO LUONG (TN,ELECTRICAL_LAB
EE3141,TK HE THONG SO TOCDO CAO,GENERAL
EE3143,Điều khiển và ứng dụng c,GENERAL
EE3144,D/KHIEN &UD CAC BBDCS(TN,ELECTRICAL_LAB
EE3145,Kỹ thuật ra Quyết định,GENERAL
EE3146,KY THUAT RA Q/DINH (BT),GENERAL
EE3147,GIAI TICH MACH CO BAN,GENERAL
EE3148,GIAITICH MACH CO BAN(TN),ELECTRICAL_LAB
EE3153,LUOI DIEN THONG MINH,GENERAL
EE3155,DANH GIA DO TIN CAY HTD,GENERAL
EE3157,CHAT LUONG DIEN NANG,GENERAL
EE3159,TICH TRU N/LUONG TRG HTD,GENERAL
EE3160,TICH TRU N/L TRG HTD(THL,ELECTRICAL_LAB
EE3161,ON DINH HE THONG DIEN,GENERAL
EE3162,ON DINH HE THONG DIEN(TH,ELECTRICAL_LAB
EE3163,VAN HANH &DIEU KHIEN HTD,GENERAL
EE3164,VAN HANH &D/KHIEN HTD(TH,ELECTRICAL_LAB
EE3165,Thiết kế Vi mạch,GENERAL
EE3167,Thiết kế và Phát triển ?,GENERAL
EE3169,Máy học Cơ bản và ?ng dụ,GENERAL
EE3171,IoT trong Công nghiệp và,GENERAL
EE3172,IOT TRG C/N &D/DUNG (BT),ELECTRICAL_LAB
EE3173,Điều khiển Chuyển động,GENERAL
EE3174,DIEUKHIEN CHUYEN DONG(BT,GENERAL
EE3175,Mô hình và mô phỏng hệ t,GENERAL
EE3176,M/H & MO PHONG HTCN(BT),GENERAL
EE3177,Chuyên đề điện tử - viễn,GENERAL
EE3179,Truyền động điện,GENERAL
EE3180,TRUYEN DONG DIEN (TN),ELECTRICAL_LAB
EE3187,HE THONG THONG TIN DIALY,GENERAL
EE3189,Điện tử học Tương tự và,GENERAL
EE3190,DIEN TU HOC T/T &U/D(TN),ELECTRICAL_LAB
EE3191,CO SO DIEU KHIEN TU DONG,GENERAL
EE3192,COSO D/KHIEN TUDONG (TN),ELECTRICAL_LAB
EE3193,KY THUAT SO,GENERAL
EE3194,KY THUAT SO (TN),ELECTRICAL_LAB
EE3195,Hệ thống điện 1,GENERAL
EE3196,HE THONG DIEN 1,ELECTRICAL_LAB
EE3197,Hệ thống điện 2,ELECTRICAL_LAB
EE3201,Cơ sở thiết kế vi mạch,GENERAL
EE3203,Kiến trúc máy tính,GENERAL
EE3205,Mạch điện tử nâng cao,GENERAL
EE3206,MACH DIEN TU NC (TN),ELECTRICAL_LAB
EE3207,Thiết kế vi mạch tương t,GENERAL
EE3213,Thiết kế và kiểm định hệ,GENERAL
EE3215,Thiết kế hệ thống trên c,GENERAL
EE3217,Trí tuệ nhân tạo trong t,GENERAL
EE3219,Máy tính lượng tử,GENERAL
EE3221,Thông tin số,GENERAL
EE3223,Vi mạch thông tin,GENERAL
EE3225,Tương thích điện từ,GENERAL
EE3227,Chuyên đề thiết kế vi mạ,GENERAL
EE3391,Hệ thống điện,ELECTRICAL_LAB
EE3401,Kỹ thuật Hệ thống Máy tí,GENERAL
EE3403,Cơ sở Hệ thống Điều khiể,ELECTRICAL_LAB
EE3404,CO SO HE THONG D/K (TN),ELECTRICAL_LAB
EE3405,Mạch công suất và Điện c,GENERAL
EE3406,MACH C/SUAT &DIEN CO(THL,ELECTRICAL_LAB
EE3407,Trường và sóng điện từ,GENERAL
EE3408,TRUONG &SONG DIEN TU(THL,ELECTRICAL_LAB
EE3411,Mạch điện tử,ELECTRICAL_LAB
EE3412,MACH DIEN TU (TN),ELECTRICAL_LAB
EE3413,Vi xử lý,ELECTRICAL_LAB
EE3414,VI XU LY (TN),ELECTRICAL_LAB
EE3415,Thông tin tương tự - số,GENERAL
EE3416,THONG TIN T/TU - SO (THL,ELECTRICAL_LAB
EE3417,Cảm biến và Đo lường,GENERAL
EE3418,CAM BIEN VA DO LUONG(THL,ELECTRICAL_LAB
EE3419,Điện tử Công suất,ELECTRICAL_LAB
EE3420,DIEN TU CONG SUAT (TN),ELECTRICAL_LAB
EE3421,Máy điện,ELECTRICAL_LAB
EE3422,MAY DIEN (TN),ELECTRICAL_LAB
EE3423,Mạch điện tử thông tin,GENERAL
EE3424,MACH DIEN TU T/TIN (THL),ELECTRICAL_LAB
EE3425,Thiết kế Vi mạch,GENERAL
EE3427,Thiết kế Hệ thống nhúng,GENERAL
EE3431,Xử lý số Tín hiệu,COMPUTER_LAB
EE3432,XU LY SO TIN HIEU,COMPUTER_LAB
EE3447,Cơ sở cung cấp điện,GENERAL
EE3451,Hệ thống thông tin và tí,GENERAL
EE4003,NGUYEN LY THIET KE VMCT,GENERAL
EE4005,MACH &H/THONG SIEUCAOTAN,GENERAL
EE4027,Nhập môn Chiếu sáng,ELECTRICAL_LAB
EE4028,NHAP MON CHIEU SANG (TN),ELECTRICAL_LAB
EE4029,Chiếu sáng Thông minh,ELECTRICAL_LAB
EE4030,CHIEU SANG THONG MINH(TN,ELECTRICAL_LAB
EE4051,Thiết kế Vi mạch (Pbl),GENERAL
EE4053,Thiết kế Hệ thống nhúng,GENERAL
EE4055,Điện tử Công suất,ELECTRICAL_LAB
EE4056,DIEN TU CONG SUAT (TN),ELECTRICAL_LAB
EE4059,CAC C/NGHE N/L MOI (PBL),GENERAL
EE4061,Kỹ thuật Chiếu sáng (Pbl,GENERAL
EE4063,Hệ thống Cung cấp điện (,GENERAL
EE4065,Nhà máy Điện và Trạm biế,GENERAL
EE4067,Thông tin số,GENERAL
EE4068,THONG TIN SO (THL),ELECTRICAL_LAB
EE4071,QL&SD HIEU QUA NANGLUONG,GENERAL
EE4073,BV ROLE TRONG HT DIEN,GENERAL
EE4075,TUONG HOP DIEN TU &CLDN,GENERAL
EE4077,CAC BO BDCS CHO HTNLTT,GENERAL
EE4079,HE THONG NANG LUONG XANH,GENERAL
EE4081,ON DINH HE THONG DIEN,GENERAL
EE4089,Thực tập điện,ELECTRICAL_LAB
EE4091,Thực tập điện tử,ELECTRICAL_LAB
EE4227,KY THUAT SIEU CAO TAN,GENERAL
EE4229,THIET KE HE THONG NHUNG,GENERAL
EE4231,KY THUAT HE THONG VIEN T,GENERAL
EE4233,XU LY SO TIN HIEU,GENERAL
EE4235,KY THUAT ROBOT,ELECTRICAL_LAB
EE4237,CAC NGUON NANG LUONG VA,GENERAL
EE4239,MACH DIEN TU THONG TIN,GENERAL
EE4351,"Hệ thống giám sát, điều",ELECTRICAL_LAB
EE4403,Mạng thông tin,GENERAL
EE4404,MANG THONG TIN (BT),COMPUTER_LAB
EE4407,Tự động Hóa Công nghiệp,GENERAL
EE4408,TU DONG HOA C/NGHIEP(THL,ELECTRICAL_LAB
EE4413,Giải tích hệ thống điện,GENERAL
EE4414,GIAITICH HETHONG DIEN(TN,ELECTRICAL_LAB
EE4423,Cấu trúc Máy tính,GENERAL
EE4425,AI và IoT cho hệ thống n,GENERAL
EE4426,AI &IOT CHO H/T NLTT (TN,ELECTRICAL_LAB
EE4427,Lưới điện siêu nhỏ và lư,GENERAL
EE4428,LUOI DIEN S/N &LDTM (TN),ELECTRICAL_LAB
EE4429,Công nghệ xe điện,GENERAL
EE4430,CONG NGHE XE DIEN (TN),ELECTRICAL_LAB
EE4431,Điện tử công suất cho hệ,GENERAL
EE4432,D/T C/S CHO HTNLTTXD (TN,ELECTRICAL_LAB
EE4433,Thiết kế ?ng dụng IoT,GENERAL
EE4434,THIET KE UNG DUNG IOT(TH,ELECTRICAL_LAB
EE4435,Máy học và ứng dụng,GENERAL
EE4436,MAY HOC VA UNG DUNG (THL,COMPUTER_LAB
EE4437,Mạch và hệ thống siêu ca,GENERAL
EE4439,Hệ thống Viễn thông,GENERAL
EE4441,Cơ sở Người máy (Robot),GENERAL
EE4442,COSO NGUOIMAY (ROBOT)(TH,ELECTRICAL_LAB
EE4443,Điều khiển Phi tuyến và,GENERAL
EE4444,DIEU KHIEN P/TUYEN&TN(TH,ELECTRICAL_LAB
EE4445,Trí tuệ Nhân tạo trong Đ,GENERAL
EE4446,TRITUE NHANTAO TRG DK(TH,COMPUTER_LAB
EE4447,Hệ thống Điều khiển nhún,GENERAL
EE4448,HETHONG D/KHIEN NHUNG(TH,ELECTRICAL_LAB
EE4449,Kỹ thuật số Nâng Cao,GENERAL
EE4451,Thiết kế Vi mạch số,GENERAL
EE4453,Thiết kế Vi mạch Tương t,GENERAL
EE4455,Trí tuệ nhân tạo,GENERAL
EE5005,Thiết bị Điện trong Phân,GENERAL
EE5007,Kỹ thuật Cao áp (Pbl),GENERAL
EE5009,Điều khiển máy điện (PBL,GENERAL
EE5011,Hệ thống Năng lượng xanh,GENERAL
EE5013,Kỹ thuật Siêu cao tần (P,GENERAL
EE5015,Mạch điện Tử Thông tin (,GENERAL
EE5019,Thông tin Di động (Pbl),GENERAL
EE5023,CAC PHUONG PHAP TOI UU T,GENERAL
EE5025,DIEU KHIEN MAY DIEN NANG,GENERAL
EE5031,Điều khiển và ứng dụng c,GENERAL
EE5105,HE THONG DIEU KHIEN TICH,GENERAL
EE5107,DIEN TU CONG SUAT,GENERAL
EE5109,QUAN LY VA VAN HANH HE T,GENERAL
EE5111,QUAN LY VA SU DUNG HIEU,GENERAL
EE5113,MAY HOC VA UNG DUNG,GENERAL
EE5115,CONG NGHE 4.0 TRONG KY T,GENERAL
EE5117,GIS UNG DUNG TRONG HE TH,GENERAL
EE5119,CAU TRUC VA VAN HANH THI,GENERAL
EE5121,DU BAO NHU CAU NANG LUON,GENERAL
EE5123,QUAN LY HO TIEU THU DIEN,GENERAL
EE5125,KINH TE VA QUY HOACH HE,GENERAL
EE5127,QUAN LY CHAT LUONG DIEN,GENERAL
EE5129,QUAN TRI TAI SAN TRONG H,GENERAL
EE5131,PHUONG PHAP PHAN TU HUU,GENERAL
EE5133,CHAT LUONG DIEN NANG,GENERAL
EE5135,NHUNG THACH THUC TRONG H,GENERAL
EE5137,CHUYEN DE KY THUAT DIEN,GENERAL
EE5139,CAC NGUON NANG LUONG VA,ELECTRICAL_LAB
EE5145,PHUONG PHAP TINH TRONG K,GENERAL
EE5147,DIEN TU CONG SUAT TRONG,GENERAL
EE5149,LUOI DIEN THONG MINH,GENERAL
EE5151,QUAN LY VA DANH GIA TINH,GENERAL
EE5183,GIAI TICH HE THONG DIEN,GENERAL
EE5185,GIAI TICH MAY DIEN NANG,GENERAL
EE5187,DIEN TU CONG SUAT NANG C,GENERAL
EE5189,NANG LUONG TAI TAO - TIC,GENERAL
EE5191,HE THONG THONG TIN NANG,COMPUTER_LAB
EE5193,XU LY SO TIN HIEU NANG C,COMPUTER_LAB
EE5195,MACH TICH HOP SIEU CAO T,ELECTRICAL_LAB
EE5197,THIET KE VI MACH NANG CA,GENERAL
EE5199,HE THONG DIEU KHIEN SO,GENERAL
EE5201,XU LY SO TIN HIEU,GENERAL
EE5203,MANG CONG NGHIEP,GENERAL
EE5205,THI GIAC MAY TINH,GENERAL
EE5207,KIEN TRUC MAY TINH NANG,GENERAL
EE5209,PHAN TICH VA THIET KE MA,GENERAL
EE5211,MACH TICH HOP SIEU CAO T,GENERAL
EE5213,KIEM DINH THIET KE ASIC,GENERAL
EE5215,THIET KE HE THONG TREN C,GENERAL
EE5217,"SAN XUAT, KIEM TRA VA DO",GENERAL
EE5219,SO HOC MAY TINH,GENERAL
EE5221,KY THUAT TONG HOP MACH,GENERAL
EE5223,CAU TRUC PHAN CUNG CHO G,GENERAL
EE5225,XU LY TIN HIEU SO NANG C,GENERAL
EE5227,THONG TIN SO NANG CAO,GENERAL
EE5229,THIET KE VI MACH CAO TAN,GENERAL
EE5231,QUY TRINH THIET KE VAT L,GENERAL
EE5233,THIET KE VI MACH HON HOP,GENERAL
EE5235,MAY TINH LUONG TU VA UNG,GENERAL
EE5241,PHUONG PHAP TINH TRONG K,GENERAL
EE5243,QUA DO DIEN TU VA ON DIN,GENERAL
EE5245,TOI UU HOA VAN HANH HE T,GENERAL
EE5247,KY THUAT CAO AP NANG CAO,GENERAL
EE5249,THI TRUONG DIEN,GENERAL
EE5251,QUY HOACH HE THONG DIEN,GENERAL
EE5253,TRUYEN TAI XOAY CHIEU LI,GENERAL
EE5255,BAO VE ROLE NANG CAO,GENERAL
EE5257,SCADA TRONG HE THONG DIE,ELECTRICAL_LAB
EE5259,TU DONG HOA TRONG HE THO,GENERAL
EE5261,TUONG THICH DIEN TU,GENERAL
EE5263,CHAN DOAN VA GIAM SAT TI,GENERAL
EE5265,DIEN TU CONG SUAT TRONG,GENERAL
EE5267,DIEU KHIEN HO TIEU THU D,GENERAL
EE5269,LUOI DIEN THONG MINH,GENERAL
EE5271,TIET KIEM NANG LUONG DIE,GENERAL
EE5273,THONG TIN VO TUYEN,GENERAL
EE5275,HE THONG THONG TIN NANG,COMPUTER_LAB
EE5277,XU LY SO TIN HIEU NANG C,ELECTRICAL_LAB
EE5279,MACH TICH HOP SIEU CAO T,ELECTRICAL_LAB
EE5281,THIET KE VI MACH,COMPUTER_LAB
EE5283,THIET KE HE THONG NHUNG,ELECTRICAL_LAB
EE5285,XU LY ANH VA VIDEO,GENERAL
EE5287,PHUONG PHAP TOI UU VA UN,GENERAL
EE5289,THONG TIN SOI QUANG,GENERAL
EE5291,THONG TIN SO,GENERAL
EE5293,THIET KE VI MACH CAO TAN,COMPUTER_LAB
EE5295,THIET KE VI MACH TUONG T,GENERAL
EE5297,PHAN TICH VA THIET KE AN,OTHER_SPECIAL
EE5299,MANG CAM BIEN VO TUYEN,GENERAL
EE5301,MANG THONG TIN DU LIEU,GENERAL
EE5303,THIET KE VI MACH SO NANG,GENERAL
EE5305,LAP TRINH HE THONG NHUNG,GENERAL
EE5307,THIET KE VI XU LY,GENERAL
EE5309,THIET KE HE THONG TREN C,GENERAL
EE5311,THIET KE PHAN CUNG SU DU,GENERAL
EE5313,THIET KE VA SAN XUAT IC,GENERAL
EE5315,THIET BI DIEN TU Y SINH,GENERAL
EE5317,SO HOC MAY TINH: GIAI TH,GENERAL
EE5319,DIEU KHIEN PHI TUYEN,GENERAL
EE5321,DIEU KHIEN TOI UU,GENERAL
EE5323,DONG LUC HOC VA DIEU KHI,GENERAL
EE5325,MO HINH HOA VA NHAN DANG,GENERAL
EE5327,HE THONG DIEU KHIEN THON,GENERAL
EE5329,DIEU KHIEN THICH NGHI,GENERAL
EE5331,DIEU KHIEN BEN VUNG HE D,GENERAL
EE5333,TRI TUE NHAN TAO TRONG D,GENERAL
EE5335,DIEU KHIEN QUA TRINH,GENERAL
EE5337,VI DIEU KHIEN VA HE THON,GENERAL
EE5339,SCADA: PHAN TICH VA THIE,GENERAL
EE7001,GIAI TICH HE THONG DIEN,GENERAL
EE7003,DIEN TU CONG SUAT NANG C,GENERAL
EE7005,GIAI TICH MAY DIEN NANG,GENERAL
EE7007,QUA DO DIEN TU VA ON DIN,GENERAL
EE7009,TOI UU HOA VAN HANH HE T,GENERAL
EE7011,THI TRUONG DIEN,GENERAL
EE7013,DIEU KHIEN HO TIEU THU D,GENERAL
EE7015,CHAT LUONG DIEN NANG,GENERAL
EE7017,CAC VAN DE KET NOI LUOI,GENERAL
EE7019,CAC NGUON NANG LUONG TAI,GENERAL
EE7021,XU LY VIDEO VA UNG DUNG,GENERAL
EE7023,THIET KE VI XU LY,GENERAL
EE7025,THIET KE HE THONG NHUNG,GENERAL
EE7027,LAP TRINH NHUNG NANG CAO,GENERAL
EE7029,"QUI TRINH SAN XUAT IC, M",GENERAL
EE7031,THIET KE VI MACH SO NANG,GENERAL
EE7033,THIET KE VI MACH TUONG T,GENERAL
EE7035,THIET KE HE THONG XU LY,GENERAL
EE7037,MANG CAM BIEN KHONG DAY,GENERAL
EE7039,THIET KE HE THONG DIEN T,COMPUTER_LAB
EE7041,THIET KE HE THONG TREN C,COMPUTER_LAB
EE7043,TINH TOAN MEM,COMPUTER_LAB
EE7045,HE THONG NHAN DANG VO TU,COMPUTER_LAB
EE7047,THIET KE PHAN CUNG RTL S,COMPUTER_LAB
EE7049,HE THONG DIEU KHIEN THON,COMPUTER_LAB
EE7051,THI GIAC MAY TINH,COMPUTER_LAB
EE7053,DIEU KHIEN PHI TUYEN,GENERAL
EE7055,MO HINH HOA VA NHAN DANG,COMPUTER_LAB
EE7057,DIEU KHIEN BEN VUNG HE D,GENERAL
EE7059,VI DIEU KHIEN VA HE THON,ELECTRICAL_LAB
EE7061,DIEU KHIEN QUA TRINH,ELECTRICAL_LAB
EE7063,SCADA: PHAN TICH VA THIE,ELECTRICAL_LAB
EE7065,XU LY SO TIN HIEU NANG C,COMPUTER_LAB
EE7067,THONG TIN SO,GENERAL
EE7069,XU LY TIN HIEU NGAU NHIE,GENERAL
EE7071,LY THUYET THONG TIN,GENERAL
EE7073,THONG TIN VO TUYEN,GENERAL
EE7075,THONG TIN SOI QUANG,GENERAL
EE7077,MA HOA KENH TRUYEN,GENERAL
EE7079,MAT MA HOA VA AN NINH MA,GENERAL
EE7081,CHAT LUONG DICH VU MANG,GENERAL
EE7083,MACH TICH HOP SIEU CAO T,COMPUTER_LAB
EE7085,THIET KE VI MACH CAO TAN,COMPUTER_LAB
EE7087,THIET KE VI MACH TUONG T,GENERAL
EE7089,KY THUAT LOGIC NHANH,GENERAL
EE7091,XU LY ANH SO VA KY THUAT,GENERAL
EE7093,PHUONG PHAP TOI UU VA UN,GENERAL
EE7095,MANG CAM BIEN VO TUYEN,GENERAL
EE7097,CHUYEN DE XU LY AM THANH,GENERAL
EE7099,TRUYEN SO LIEU VA MANG,GENERAL
EN1001,Nhập môn Về kỹ thuật,GENERAL
EN1002,NHAP MON VE KY THUAT(BT),GENERAL
EN1003,Con người và Môi trường,GENERAL
EN1004,CON NGUOI &MOI TRUONG(BT,GENERAL
EN1005,Sinh thái học,GENERAL
EN1007,NHAP MON KT TUAN HOAN,GENERAL
EN1008,NHAP MON KT TUAN HOAN,GENERAL
EN1009,VI SINH VAT,GENERAL
EN1010,VI SINH VAT (TN),CHEMISTRY_LAB
EN1013,Q/LY CHAT THAI RAN &CTNH,CHEMISTRY_LAB
EN1014,Q/LY CHAT THAI RAN (TN),CHEMISTRY_LAB
EN1015,Vi sinh Vật đại cương và,GENERAL
EN1016,VI SINH VAT D/CUONG (TN),CHEMISTRY_LAB
EN1017,Hóa Môi trường,GENERAL
EN1018,HOA MOI TRUONG (BT),GENERAL
EN1021,Cơ sở Sinh thái và Sinh,CHEMISTRY_LAB
EN1022,CSST VA SH MOI TRUONG(BT,CHEMISTRY_LAB
EN2003,Các Quá trình Sinh học t,GENERAL
EN2005,H/HOC TRG K/THUAT &KHMT1,CHEMISTRY_LAB
EN2006,HH TRG K/THUAT& khmt1(TN,CHEMISTRY_LAB
EN2007,QUA TRINH MOI TRUONG 1,GENERAL
EN2009,THONGKE &TOIUUHOA TRG MT,GENERAL
EN2010,T/KE &TOIUUHOA TRG MT(TH,COMPUTER_LAB
EN2011,QUA TRINH MOI TRUONG 2,GENERAL
EN2013,KIEMSOAT ONHIEM KHONGKHI,GENERAL
EN2014,KS ONHIEM KHONG KHI (TN),CHEMISTRY_LAB
EN2015,QTR HH &H/LY TRG KT M/TR,GENERAL
EN2017,MO HINH HOA MOI TRUONG,GENERAL
EN2018,MO HINHHOA MOI TRUONG(BT,COMPUTER_LAB
EN2019,PHANTICH HETHONG MOI/TRG,GENERAL
EN2021,ANTOAN LD & VS M/TRG CN,GENERAL
EN2023,THUY VAN MOI TRUONG,GENERAL
EN2025,LUAT &CHINH SACH MOI TRG,GENERAL
EN2027,H/HOC TRG K/THUAT &KHMT2,CHEMISTRY_LAB
EN2028,HH TRG K/THUAT& KHMT2(TN,CHEMISTRY_LAB
EN2031,H/HOC TRG KY THUAT &KHMT,CHEMISTRY_LAB
EN2032,H/HOC TRG KY THUAT (TN),CHEMISTRY_LAB
EN2033,Luật và Chính sách Môi t,GENERAL
EN2035,THUY VAN MOI TRUONG,GENERAL
EN2036,THUY VAN MOI TRUONG(BT),COMPUTER_LAB
EN2037,CAC QUA TRINH MOI TRUONG,GENERAL
EN2038,CAC Q/T MOI TRUONG (THL),CHEMISTRY_LAB
EN2039,Thực tập Tham quan,OTHER_SPECIAL
EN2041,H/HOC TRG K/THUAT &KHMT2,CHEMISTRY_LAB
EN2042,H/HOC TRG K/THUAT (TN),CHEMISTRY_LAB
EN2043,QTR HH &H/LY TRG KT M/TR,GENERAL
EN2045,CAC QT HOA-LY TRONG MT,GENERAL
EN2047,Kinh tế Tài nguyên và Mô,GENERAL
EN2048,KINH TE TAI NGUYEN&MT(TH,GENERAL
EN2049,Phân tích Hệ thống Môi t,COMPUTER_LAB
EN2050,PHANTICH HETHONG M/TR(TH,COMPUTER_LAB
EN2051,Độc học Môi trường,CHEMISTRY_LAB
EN2052,DOC HOC MOI TRUONG (TN),CHEMISTRY_LAB
EN2053,HSE DAI CUONG,GENERAL
EN2054,HSE DAI CUONG (THL),GENERAL
EN2055,Mạng lưới Cấp thoát nước,GENERAL
EN2061,Các quá trình Hoá học và,GENERAL
EN2065,Hóa phân tích trong môi,CHEMISTRY_LAB
EN2066,HOA PHAN TICH TR MT(TN),CHEMISTRY_LAB
EN2067,Cơ sở công nghệ môi trườ,GENERAL
EN2069,Môi trường - Xã hội - Qu,GENERAL
EN2071,Đánh giá vòng đời sản ph,GENERAL
EN2073,Khoa học trái đất ứng dụ,GENERAL
EN2075,Tương lai học,GENERAL
EN3001,Kỹ thuật Xử lý Khí thải,CHEMISTRY_LAB
EN3002,KT XU LY KHI THAI (TN),CHEMISTRY_LAB
EN3003,?ng dụng GIS và Viễn Thá,COMPUTER_LAB
EN3003.P,?ng dụng GIS và Viễn Thá,COMPUTER_LAB
EN3004,UD GIS &VT QLTN&MT (TN),COMPUTER_LAB
EN3005,Kỹ thuật Xử lý Nước cấp,GENERAL
EN3006,KT XU LY NUOC CAP (TN),CHEMISTRY_LAB
EN3007,NHAP MON PPNC KH QLTN&MT,GENERAL
EN3009,P/T GIS TRONG QLY TN &MT,GENERAL
EN3010,P/T GIS TRG QL TN&MT(TN),COMPUTER_LAB
EN3011,DOC HOC MOI TRUONG,GENERAL
EN3012,DOC HOC MOI TRUONG (TN),CHEMISTRY_LAB
EN3013,Kỹ thuật Xử lý Nước thải,GENERAL
EN3014,KT XU LY NUOC THAI (TN),CHEMISTRY_LAB
EN3015,SAN XUAT SACH HON,GENERAL
EN3017,ISO 14001 &KIEM TOAN MT,GENERAL
EN3019,QUAN TRAC MOI TRUONG,GENERAL
EN3021,BIEN DOI KHI HAU,GENERAL
EN3023,Kỹ thuật Sinh thái,GENERAL
EN3024,KY THUAT SINH THAI (BT),GENERAL
EN3025,KINH TE TAI NGUYEN & MT,GENERAL
EN3027,Kỹ thuật Xử lý Chất thải,GENERAL
EN3028,K/THUAT XL C/THAI RAN(TN,CHEMISTRY_LAB
EN3035,KY THUAT XL DAT O NHIEM,GENERAL
EN3036,K/T XL DAT O NHIEM (THL),CHEMISTRY_LAB
EN3037,Quản lý Môi trường Đô th,GENERAL
EN3039,Quản lý Tài nguyên nước,GENERAL
EN3040,Q/LY TAI NGUYEN NUOC(BT),GENERAL
EN3041,CN XLY NUOCCAP &NUOCTHAI,GENERAL
EN3043,Kỹ thuật Lò đốt Chất thả,GENERAL
EN3044,KT LO DOT CHATTHAI (BT),GENERAL
EN3045,QUAN LY VUNG DOI BO,GENERAL
EN3047,Đánh giá Tác động và Rủi,GENERAL
EN3049,VI TAO: LOI ICH & NHTMT,GENERAL
EN3051,THUY SINH HOC &QUANLY MT,GENERAL
EN3057,KY THUAT T/GIO & KSON ON,GENERAL
EN3069,Quản lý Chất thải Rắn và,GENERAL
EN3070,Q/LY CHAT THAI RAN (TN),CHEMISTRY_LAB
EN3071,PHANTICH HETHONG MOI/TRG,GENERAL
EN3072,P/TICH HETHONG M/TRG(BT),GENERAL
EN3073,An toàn Lao động và Vệ s,GENERAL
EN3075,"KT XLY NUOCCAP, NUOCTHAI",CHEMISTRY_LAB
EN3076,"KT XLY NUOCCAP,N/THAI(TN",CHEMISTRY_LAB
EN3079,Các Hệ thống Quản lý Môi,GENERAL
EN3080,CAC HE THONG QL M/TR(BT),GENERAL
EN3081,HSE DAI CUONG,GENERAL
EN3082,HSE DAI CUONG(BT),GENERAL
EN3083,Quan trắc Môi trường,GENERAL
EN3084,QUAN TRAC MOI TRUONG(BT),GENERAL
EN3085,HOA HOC NUOC TRONG KTMT,GENERAL
EN3086,HOA HOC NUOC TRG KTMT(TH,CHEMISTRY_LAB
EN3087,Biến đổi Khí hậu,GENERAL
EN3088,BIEN DOI KHI HAU(BT),GENERAL
EN3089,Quản lý vùng bờ,GENERAL
EN3090,QUAN LY VUNG BO(BT),GENERAL
EN3091,Q/LY TAINGUYEN RUNG&DDSH,GENERAL
EN3092,Q/LY T/N RUNG&DDSH (BT),GENERAL
EN3093,Quản lý và kiểm soát ô n,GENERAL
EN3094,Q/LY VA KIEM SOAT OND(BT,GENERAL
EN3095,KINH TE TAI NGUYEN & MT,GENERAL
EN3096,K/TE TAI NGUYEN & MT(BT),GENERAL
EN3097,LOI ICH &NH CUA VT TMTN,GENERAL
EN3098,L/I &NH CUA VT TMTN (TN),OTHER_SPECIAL
EN3099,Công nghệ xanh,GENERAL
EN3100,CONG NGHE XANH (TN),OTHER_SPECIAL
EN3101,KT AN TOAN HOA CHAT -TN,CHEMISTRY_LAB
EN3102,KT AN TOAN H/CHAT -TN(BT,GENERAL
EN3103,K/THUAT KIEMSOAT TIENGON,GENERAL
EN3104,K/T KIEMSOAT TIENGON(BT),GENERAL
EN3105,CAC T/CHUAN Q/TE VE HSE,GENERAL
EN3106,CAC T/CH Q/TE VE HSE(BT),GENERAL
EN3107,QUAN LY AN TOAN DU AN,GENERAL
EN3108,Q/LY AN TOAN DU AN(BT),GENERAL
EN3109,CONG THAI HOC,GENERAL
EN3110,CONG THAI HOC(BT),GENERAL
EN3111,Các Quá trình Cơ học tro,GENERAL
EN3112,CAC QT CO HOC KTMT (BT),GENERAL
EN3113,Quản lý và Kỹ thuật Xử l,GENERAL
EN3114,QL &KT XL DAT O NHIEM(BT,GENERAL
EN3115,MANG LUOI CAP THOAT NUOC,GENERAL
EN3117,Vận hành Công trình Xử l,GENERAL
EN3119,QUY HOACH MOI TRUONG,GENERAL
EN3120,QUY HOACH MOI TRUONG(BT),GENERAL
EN3121,"QL MT,XUNG DOT TLVTNMT",GENERAL
EN3123,CAC QT XU LY TRONG KTMT,GENERAL
EN3124,CAC QT XU LY TRG KTMT(TH,GENERAL
EN3125,TN MOI TRUONG NUOC DOTHI,CHEMISTRY_LAB
EN3127,Sản xuất sạch hơn,GENERAL
EN3128,SAN XUAT SACH HON (THL),GENERAL
EN3129,P/TICH HE THONG MT(NC),GENERAL
EN3131,H/T HO TRO RA QDTQLTNMT,GENERAL
EN3133,NANG LUONG VA MOI TRUONG,GENERAL
EN3135,DANH GIA VONG DOI SP,GENERAL
EN3137,SAN XUAT VA TIEU THU BV,GENERAL
EN3139,QUAN LY TONG HOP TNTN,GENERAL
EN3141,QUAN LY DU AN MOI TRUONG,GENERAL
EN3143,QUAN LY MOI TRUONG TNN,GENERAL
EN3145,SINH THAI BIEN,GENERAL
EN3147,KINH TE BIEN,GENERAL
EN3149,DANH GIA RUI RO MT&TN,GENERAL
EN3151,KINH TE TAI NGUYEN MTNC,GENERAL
EN3153,CHINH SACH QUAN LY CTBV,GENERAL
EN3155,DOC HOC MOI TRUONG (NC),GENERAL
EN3157,QUY HOACH SU DUNG DAT,GENERAL
EN3159,"VIEN THAM TRONG QLRR,TT",GENERAL
EN3161,BIEN DOI KHI HAU &CGPTU,GENERAL
EN3163,MO HINH HOA MOITRUONG NC,GENERAL
EN3165,SINH KHI HAU VA MTSK,GENERAL
EN3167,TAI NGUYEN KHI HAU &KTHQ,GENERAL
EN3169,QUYHOACH TAI NGUYEN NUOC,GENERAL
EN3171,GIATANG GIATRI MOI TCTX,GENERAL
EN3173,THU HOI NANG LUONG TU CT,GENERAL
EN3175,QUAN LY CHAT LUONG NUOC,GENERAL
EN3177,UD CNSH TRONG K/THUAT MT,GENERAL
EN3179,UD CNVL TRONG K/THUAT MT,GENERAL
EN3181,NGUYEN LY &UD CUA NLTT,GENERAL
EN3183,CONGNGHE MANG TRONG KTMT,GENERAL
EN3185,CONG NGHE TAI SD NUOC,GENERAL
EN3187,KY THUAT XU LY BUN THAI,GENERAL
EN3189,KY THUAT PHAN TICH MTTT,GENERAL
EN3191,KT MOITRUONG CHO CNMNDDT,GENERAL
EN3193,KT MOITRUONG CHO CNMDRPD,GENERAL
EN3195,XL NUOC THAI CMSNCNDHOVN,GENERAL
EN3197,KIEMSOAT ONHIEM KKTCPTGT,GENERAL
EN3199,TAI CHE CHAT THAI DIENTU,GENERAL
EN3203,PTDL GIS &VT TRG QLTN&MT,COMPUTER_LAB
EN3204,PTDL GIS &VT TQLTN&MT(TN,COMPUTER_LAB
EN3205,Thủy văn Môi trường,GENERAL
EN3206,THUY VAN MOI TRUONG (TH),GENERAL
EN3207,Kiểm soát Ô nhiễm Không,GENERAL
EN3208,KIEMSOAT ONHIEM K/KHI(TN,CHEMISTRY_LAB
EN3209,Mô hình Hóa Môi trường,GENERAL
EN3210,MO HINH HOA MOITRUONG(TH,COMPUTER_LAB
EN3211,Q/LY MOITRUONG DOTHI&KCN,GENERAL
EN3213,Tối ưu hóa và Quy hoạch,GENERAL
EN3215,Kiểm soát ô nhiễm không,CHEMISTRY_LAB
EN3217,Nhập môn phương pháp ngh,GENERAL
EN3219,Kỹ thuật thông gió và ki,GENERAL
EN3225,Cơ sở công nghệ tái chế,GENERAL
EN3231,Gia tăng giá trị mới cho,GENERAL
EN3233,Chính sách quản lý chất,GENERAL
EN3237,Sản xuất và tiêu thụ bền,GENERAL
EN3239,Công nghệ tái sử dụng nư,GENERAL
EN3249,Đánh giá Tác động và Cấp,GENERAL
EN3251,Thu hồi Tài nguyên từ Ch,GENERAL
EN3253,Thương mại Phát thải Car,GENERAL
EN3255,Nông nghiệp bền vững,GENERAL
EN3347,Công nghệ Xử lý Bùn thải,GENERAL
EN4001,MANG LUOI CAP THOAT NUOC,GENERAL
EN4005,QUAN LY VA KIEM SOAT OND,GENERAL
EN4013,Q/LY TAINGUYEN RUNG&DDSH,GENERAL
EN4015,CONG NGHE XANH,GENERAL
EN4016,CONG NGHE XANH,CHEMISTRY_LAB
EN4019,SAN XUAT SACH HON,GENERAL
EN4021,KY THUAT MOI TRUONG,GENERAL
EN4025,NMPPNC KHOA HOC TQLTN&MT,GENERAL
EN4026,NMPPNC KH TQLTN&MT(BT),GENERAL
EN4029,PTDL GIS &VT TRG QLTN&MT,COMPUTER_LAB
EN4030,PTDL GIS &VT TQLTN&MT(TN,COMPUTER_LAB
EN4039,PHAN TICH HE THONG MOI T,GENERAL
EN4041,AN TOAN LAO DONG VA VE S,GENERAL
EN4043,DOC HOC MOI TRUONG,GENERAL
EN4045,KY THUAT XU LY NUOC CAP,CHEMISTRY_LAB
EN4047,KY THUAT XU LY NUOC THAI,CHEMISTRY_LAB
EN4049,KY THUAT XU LY CHAT THAI,CHEMISTRY_LAB
EN4051,KY THUAT XU LY KHI THAI,CHEMISTRY_LAB
EN4053,CAC QUA TRINH HOA HOC VA,GENERAL
EN4055,CAC QUA TRINH SINH HOC T,GENERAL
EN4061,Thu hồi năng lượng từ ch,GENERAL
EN5005,KINH TE TAI NGUYEN MOI T,GENERAL
EN5007,HE THONG HO TRO RA QUYET,GENERAL
EN5009,QUAN LY MOI TRUONG VUNG,GENERAL
EN5011,NANG LUONG VA MOI TRUONG,GENERAL
EN5013,QUY HOACH MOI TRUONG,GENERAL
EN5015,PHAN TICH HE THONG MOI T,GENERAL
EN5017,CHINH SACH VA NGUYEN TAC,GENERAL
EN5019,DIEU TRA XA HOI HOC PHUC,GENERAL
EN5021,DANH GIA RUI RO MOI TRUO,GENERAL
EN5023,NGUYEN LY CAC QUA TRINH,GENERAL
EN5025,KY THUAT TIEN TIEN TRONG,GENERAL
EN5027,KY THUAT TIEN TIEN TRONG,GENERAL
EN5029,KY THUAT TIEN TIEN TRONG,GENERAL
EN5031,KY THUAT HIEN DAI TRONG,GENERAL
EN5033,MO PHONG CAC QUA TRINH X,COMPUTER_LAB
EN5035,NGUYEN LY VA UNG DUNG CU,GENERAL
EN5037,CONG NGHE MANG TRONG KY,COMPUTER_LAB
EN5039,CONG NGHE TAI SU DUNG NU,GENERAL
EN5041,GIS VA VIEN THAM NANG CA,COMPUTER_LAB
EN5043,TAI BIEN MOI TRUONG,GENERAL
EN5045,PHAN TICH CHINH SACH,GENERAL
EN5047,SEMINAR CHUYEN DE,GENERAL
EN5049,GIS VA VIEN THAM (NANG C,COMPUTER_LAB
EN5051,GIA TANG GIA TRI MOI TU,CHEMISTRY_LAB
EN5053,THU HOI NANG LUONG TU CH,CHEMISTRY_LAB
EN5055,GIA TANG GIA TRI MOI TU,CHEMISTRY_LAB
EN5057,THU HOI NANG LUONG TU CH,CHEMISTRY_LAB
EN5059,QUAN LY CHAT LUONG NUOC,GENERAL
EN5061,SAN XUAT VA TIEU THU BEN,GENERAL
EN5063,QUAN LY TONG HOP TAI NGU,GENERAL
EN5065,QUAN LY DU AN MOI TRUONG,GENERAL
EN5067,MO HINH HOA MOI TRUONG (,COMPUTER_LAB
EN5069,SINH KHI HAU VA MOI TRUO,GENERAL
EN5071,TAI NGUYEN KHI HAU VA KH,GENERAL
EN5073,QUY HOACH SU DUNG DAT,GENERAL
EN5075,UNG DUNG THONG KE TRONG,GENERAL
EN5077,DOC HOC MOI TRUONG (NANG,GENERAL
EN5079,VIEN THAM TRONG QUAN LY,GENERAL
EN5081,QUY HOACH TAI NGUYEN NUO,GENERAL
EN5083,CAC NGUYEN LY TRONG QUAN,GENERAL
EN5085,BIEN DOI KHI HAU VA CAC,GENERAL
EN5087,UNG DUNG CONG NGHE SINH,GENERAL
EN5089,UNG DUNG CONG NGHE VAT L,GENERAL
EN5091,NGUYEN LY VA UNG DUNG CU,GENERAL
EN5093,CONG NGHE MANG TRONG KY,GENERAL
EN5095,CONG NGHE TAI SU DUNG NU,GENERAL
EN5097,KY THUAT XU LY BUN THAI,GENERAL
EN5099,KY THUAT PHAN TICH MOI T,GENERAL
EN5101,KY THUAT MOI TRUONG CHO,GENERAL
EN5103,KY THUAT MOI TRUONG CHO,GENERAL
EN5105,XU LY NUOC THAI CHO MOT,GENERAL
EN5107,KIEM SOAT O NHIEM KHONG,GENERAL
EN5109,TAI CHE CHAT THAI DIEN T,GENERAL
EN5111,PHAN TICH HE THONG MOI T,GENERAL
EN5113,HE THONG HO TRO RA QUYET,GENERAL
EN5115,QUAN LY MOI TRUONG VUNG,GENERAL
EN5117,NANG LUONG VA MOI TRUONG,GENERAL
EN5119,QUY HOACH MOI TRUONG,GENERAL
EN5121,DANH GIA VONG DOI SAN PH,GENERAL
EN5123,KY THUAT SINH THAI,GENERAL
EN5125,QUAN LY MOI TRUONG TRONG,GENERAL
EN5127,SINH THAI BIEN,GENERAL
EN5129,KINH TE BIEN,GENERAL
EN5131,DANH GIA RUI RO MOI TRUO,GENERAL
EN5133,KINH TE TAI NGUYEN MOI T,GENERAL
EN5135,CHINH SACH QUAN LY CHAT,GENERAL
EN5137,KY THUAT MOI TRUONG CHO,GENERAL
EN5139,KY THUAT MOI TRUONG CHO,GENERAL
EN5141,XU LY NUOC THAI CHO MOT,GENERAL
EN5143,KIEM SOAT O NHIEM KHONG,GENERAL
EN5145,TAI CHE CHAT THAI DIEN T,GENERAL
EN5147,PHAN TICH CHINH SACH MOI,COMPUTER_LAB
EN5149,NGAN NGUA VA KIEM SOAT O,COMPUTER_LAB
EN5155,MO HINH HOA MOI TRUONG (,GENERAL
EN5157,QUAN LY CHAT LUONG NUOC,GENERAL
EN5159,CHINH SACH VA NGUYEN TAC,GENERAL
EN5161,DIEU TRA XA HOI HOC TRON,GENERAL
EN5171,AN TOAN LAO DONG VA VE S,GENERAL
EN5173,DOC HOC MOI TRUONG,GENERAL
EN5175,QUAN LY TAI NGUYEN MOI T,GENERAL
EN5177,DO THI THONG MINH,GENERAL
EN5179,QUAN LY MOI TRUONG DO TH,GENERAL
EN5181,DANH GIA TAC DONG VA RUI,GENERAL
EN5183,PHAN TICH GIS TRONG QUAN,COMPUTER_LAB
EN5185,PHAN TICH HE THONG MOI T,GENERAL
EN5187,NGUYEN LY CAC QUA TRINH,GENERAL
EN5189,KY THUAT TIEN TIEN TRONG,GENERAL
EN5191,KY THUAT TIEN TIEN TRONG,GENERAL
EN5193,KY THUAT TIEN TIEN TRONG,GENERAL
EN5195,KY THUAT HIEN DAI TRONG,GENERAL
EN5197,MO PHONG CAC QUA TRINH X,COMPUTER_LAB
EN5199,NGAN NGUA VA KIEM SOAT O,GENERAL
EN5251,NL QT XL BAC CAO KTMT,GENERAL
EN5253,KTTT TRONG XL CT RAN,GENERAL
EN5255,KTTT TRONG XL KHI THAI,GENERAL
EN5257,KY THUAT HIEN DAI MT,GENERAL
EN5341,PHAN TICH CHINH SACH MOI,GENERAL
EN7001,TAI CHE CHAT THAI HUU CO,GENERAL
EN7003,KY THUAT SINH THAI,GENERAL
EN7005,CONG NGHE XANH VA NANG L,GENERAL
EN7007,KY THUAT XU LY CHAT THAI,GENERAL
EN7009,KIEM SOAT O NHIEM NGUON,GENERAL
EN7011,CAC HE THONG XU LY DAT N,GENERAL
EN7013,NGUYEN LY CAC QUA TRINH,GENERAL
EN7015,KY THUAT TIEN TIEN TRONG,GENERAL
EN7017,KY THUAT TIEN TIEN TRONG,GENERAL
EN7019,KY THUAT HIEN DAI TRONG,GENERAL
EN7021,NGUYEN LY VA UNG DUNG CU,GENERAL
EN7023,NGUYEN LY CAC QUA TRINH,GENERAL
EN7025,KY THUAT TIEN TIEN TRONG,GENERAL
EN7027,KY THUAT TIEN TIEN TRONG,GENERAL
EN7029,KY THUAT TIEN TIEN TRONG,GENERAL
EN7031,KY THUAT HIEN DAI TRONG,GENERAL
EN7033,MO PHONG CAC QUA TRINH X,GENERAL
EN7035,UNG DUNG CONG NGHE SINH,GENERAL
EN7037,UNG DUNG CONG NGHE VAT L,GENERAL
EN7039,NGUYEN LY VA UNG DUNG CU,GENERAL
EN7041,CONG NGHE MANG TRONG KY,GENERAL
EN7043,CONG NGHE TAI SU DUNG NU,GENERAL
EN7045,KY THUAT XU LY BUN THAI,GENERAL
EN7047,KY THUAT PHAN TICH MOI T,GENERAL
EN7049,KY THUAT MOI TRUONG CHO,GENERAL
EN7051,KY THUAT MOI TRUONG CHO,GENERAL
EN7053,XU LY NUOC THAI CHO MOT,GENERAL
EN7055,KIEM SOAT O NHIEM KHONG,GENERAL
EN7057,TAI CHE CHAT THAI DIEN T,GENERAL
EN7059,PHAN TICH CHINH SACH MOI,GENERAL
EN7061,NGAN NGUA VA KIEM SOAT O,GENERAL
EN7063,QUAN LY DU AN MOI TRUONG,GENERAL
EN7065,QUY HOACH SU DUNG DAT,GENERAL
EN7067,UNG DUNG THONG KE TRONG,GENERAL
EN7069,KIEM SOAT O NHIEM KHONG,GENERAL
EN7071,XU LY NUOC THAI CHO MOT,GENERAL
EN7073,KY THUAT MOI TRUONG CHO,GENERAL
EN7075,KY THUAT MOI TRUONG CHO,GENERAL
EN7077,TAI CHE CHAT THAI DIEN T,GENERAL
EN7079,CHINH SACH QUAN LY CHAT,GENERAL
EN7081,GIA TANG GIA TRI MOI TU,GENERAL
EN7083,CONG NGHE TAI SU DUNG NU,GENERAL
EN7085,CONG NGHE MANG TRONG KY,GENERAL
EN7087,NGUYEN LY VA UNG DUNG CU,GENERAL
EN7089,THU HOI NANG LUONG TU CH,GENERAL
EN7091,QUAN LY MOI TRUONG VUNG,GENERAL
EN7093,AN TOAN LAO DONG VA VE S,GENERAL
EN7095,SAN XUAT VA TIEU THU BEN,GENERAL
EN7097,QUAN LY TONG HOP TAI NGU,GENERAL
EN7099,QUAN LY DU AN MOI TRUONG,GENERAL
EN7101,SINH KHI HAU VA MOI TRUO,GENERAL
EN7103,TAI NGUYEN KHI HAU VA KH,GENERAL
EN7105,SEMINAR CHUYEN DE,GENERAL
EN7107,GIS VA VIEN THAM (NANG C,COMPUTER_LAB
EN7109,GIA TANG GIA TRI MOI TU,GENERAL
EN7111,THU HOI NANG LUONG TU CH,GENERAL
EN7113,QUAN LY CHAT LUONG NUOC,GENERAL
EN7115,SAN XUAT VA TIEU THU BEN,GENERAL
EN7117,QUAN LY TONG HOP TAI NGU,GENERAL
EN7119,QUY HOACH SU DUNG DAT,GENERAL
EN7121,DOC HOC MOI TRUONG (NANG,GENERAL
EN7123,VIEN THAM TRONG QUAN LY,COMPUTER_LAB
EN7125,MO HINH HOA MOI TRUONG (,COMPUTER_LAB
EN7127,QUY HOACH TAI NGUYEN NUO,GENERAL
EN7129,SINH KHI HAU VA MOI TRUO,GENERAL
EN7131,BIEN DOI KHI HAU VA CAC,GENERAL
EN7133,TAI NGUYEN KHI HAU VA KH,GENERAL
EN7135,PHAN TICH HE THONG MOI T,GENERAL
EN7137,HE THONG HO TRO RA QUYET,GENERAL
EN7139,DOC HOC MOI TRUONG,GENERAL
EN7141,NANG LUONG VA MOI TRUONG,GENERAL
EN7143,DOC HOC MOI TRUONG (NANG,GENERAL
EN7145,QUY HOACH MOI TRUONG,GENERAL
EN7147,VIEN THAM TRONG QUAN LY,GENERAL
EN7149,DANH GIA VONG DOI SAN PH,GENERAL
EN7151,QUY HOACH TAI NGUYEN NUO,GENERAL
EN7153,CAC NGUYEN LY TRONG QUAN,GENERAL
EN7155,KY THUAT SINH THAI,GENERAL
EN7157,QUAN LY MOI TRUONG TRONG,GENERAL
EN7159,BIEN DOI KHI HAU VA CAC,GENERAL
EN7161,SINH THAI BIEN,GENERAL
EN7163,KINH TE BIEN,GENERAL
EN7165,DANH GIA RUI RO MOI TRUO,GENERAL
EN7167,KINH TE TAI NGUYEN MOI T,GENERAL
EN7169,CHINH SACH QUAN LY CHAT,GENERAL
EN7171,NGAN NGUA VA KIEM SOAT O,CHEMISTRY_LAB
EN7173,MO HINH HOA MOI TRUONG (,GENERAL
EN7175,QUAN LY CHAT LUONG NUOC,GENERAL
EN7177,THU HOI NANG LUONG TU CH,OTHER_SPECIAL
EN7179,GIA TANG GIA TRI MOI TU,OTHER_SPECIAL
EN7181,GIS VA VIEN THAM NANG CA,GENERAL
EN7183,PHAN TICH CHINH SACH MOI,GENERAL
EN7185,PHAN TICH HE THONG MOI T,GENERAL
EN7187,HE THONG HO TRO RA QUYET,GENERAL
EN7189,QUAN LY MOI TRUONG VUNG,GENERAL
EN7191,NANG LUONG VA MOI TRUONG,GENERAL
EN7193,QUY HOACH MOI TRUONG,GENERAL
EN7195,DANH GIA VONG DOI SAN PH,GENERAL
EN7197,KY THUAT SINH THAI,GENERAL
EN7199,QUAN LY MOI TRUONG TRONG,GENERAL
EN7201,SINH THAI BIEN,GENERAL
EN7203,KINH TE BIEN,GENERAL
EN7205,DANH GIA RUI RO MOI TRUO,GENERAL
EN7207,KINH TE TAI NGUYEN MOI T,GENERAL
EN7209,CHINH SACH QUAN LY CHAT,GENERAL
EN7211,UNG DUNG CONG NGHE SINH,GENERAL
EN7213,XU LY NUOC THAI CHO MOT,GENERAL
EN7215,KY THUAT TIEN TIEN TRONG,GENERAL
EN7217,MO PHONG CAC QUA TRINH X,GENERAL
GE1001,NHAP MON VE KY THUAT,GENERAL
GE1002,NHAP MON VE KY THUAT(BT),GENERAL
GE1003,DIA CHAT CO SO,OTHER_SPECIAL
GE1004,DIA CHAT CO SO (TN),OTHER_SPECIAL
GE1007,TINH THE-K/VAT-THACH HOC,GENERAL
GE1009,TT TINHTHE K/VAT &TH/HOC,OTHER_SPECIAL
GE1011,DIA VAT LY DAI CUONG +KT,GENERAL
GE1012,DIA V/LY DAI CUONG+KT(BT,GENERAL
GE1013,KHOA HOC TRAI DAT,OTHER_SPECIAL
GE1014,KHOA HOC TRAI DAT (TN),GENERAL
GE1015,"SUC KHOE,AT&MT TRONG NDK",GENERAL
GE1021,QUAN LY DU AN TNCNDK,GENERAL
GE1022,QUAN LY DU AN TNCNDK(BT),GENERAL
GE1023,PT DU LIEU TRG NGANH DK,COMPUTER_LAB
GE1025,KT HETHONG &THUC TIEN CN,GENERAL
GE1027,KHOA HOC DU LIEU,COMPUTER_LAB
GE1028,KHOA HOC DU LIEU (BT),COMPUTER_LAB
GE1029,SUC KHOE AN TOAN MOI TRG,GENERAL
GE2001,CO SO KY THUAT DAU KHI,GENERAL
GE2003,DCHAT K/TRUC &DO VE BDDC,GENERAL
GE2007,DIA VAT LY DAI CUONG,PHYSICS_LAB
GE2008,DIA VAT LY DAI CUONG (TN,PHYSICS_LAB
GE2009,CO HOC DA,GENERAL
GE2011,C/SO KHOA HOC D/C DAUKHI,GENERAL
GE2012,CS VE KH DIA CHAT DK(bt),GENERAL
GE2013,DIA CHAT MOI TRUONG,GENERAL
GE2015,THACH LUAN,GENERAL
GE2017,THACH LUAN CONG TRINH,GENERAL
GE2021,CO SO THUY DIA CO HOC,GENERAL
GE2022,CO SO THUY DIA CO HOC(BT,GENERAL
GE2023,DIA CHAT THUY VAN,GENERAL
GE2029,DIA CHAT MOI TRUONG,GENERAL
GE2031,DIA CHAT THUY VAN,GENERAL
GE2032,DIA CHAT THUY VAN(BT),GENERAL
GE2033,T/THE-K/VAT-THACH HOC+TT,GENERAL
GE2034,T/THE-K/VAT-(TT),GENERAL
GE2035,DCHAT K/TRUC &DO VE BDDC,GENERAL
GE2036,DCHAT K/T &DO VE BDDC(BT,GENERAL
GE2037,DIA KY THUAT 1,GENERAL
GE2038,DIA KY THUAT 1(BT),GENERAL
GE2041,DIA VAT LY DAU KHI,GENERAL
GE2042,DIA VAT LY DAU KHI(BT),GENERAL
GE2043,DIA TIN HOC DAI CUONG,COMPUTER_LAB
GE2045,CHUYEN DE 1 (KTDK),GENERAL
GE2046,CHUYEN DE 1 (KTDK)(BT),GENERAL
GE2047,TB KHAI THAC TBM&HTDKTD,GENERAL
GE2049,CO HOC DA,GENERAL
GE2051,CO SO KHOA HOC DCDK &NDK,GENERAL
GE2052,CO SO KHOA HOC DCDK &NDK,GENERAL
GE2053,NHIET DONG HOC VIA &TCCL,GENERAL
GE2055,DIA VAT LY DAU KHI &DGTH,GENERAL
GE2056,DIA VAT LY DK &DGTH(BT),GENERAL
GE2059,DIACHAT K/TRUC &CAC PPDC,GENERAL
GE2060,DIACHAT K/TRUC &CAC PPDC,GENERAL
GE2061,TR/TICH HOC &NHIP D/TANG,GENERAL
GE2063,KY THUAT KHOAN DAU KHI,GENERAL
GE2064,KY THUAT KHOAN DK(BT),GENERAL
GE2065,VAT LIEU XAY DUNG,GENERAL
GE2067,SUC BEN - KET CAU VAT LI,GENERAL
GE2069,TRAC DIA CONG TRINH,GENERAL
GE2070,TRAC DIA CONG TRINH,OTHER_SPECIAL
GE2071,KET CAU BE TONG COT THEP,GENERAL
GE2073,CAC PP KHAO SAT VA TN HI,OTHER_SPECIAL
GE2075,THUC HANH CAC PHUONG PHA,GENERAL
GE2077,DIA CHAT THUY VAN CONG T,GENERAL
GE2079,KHOANG VAT VA THACH HOC,GENERAL
GE2080,KHOANG VAT &THACH HOC(BT,GENERAL
GE2081,DIA KY THUAT,GENERAL
GE2083,CO HOC DA,GENERAL
GE2099,KHOA HOC TRAI DAT UNG DU,GENERAL
GE3001,DIA VAT LY GIENG KHOAN,GENERAL
GE3002,DIA VATLY GIENG KHOAN(TH,OTHER_SPECIAL
GE3003,DIA CHAT BIEN,GENERAL
GE3005,DIA HOA UNG DUNG,GENERAL
GE3007,DIA HOA MOI TRUONG,GENERAL
GE3009,CONG NGHE KHOAN DAU KHI,GENERAL
GE3011,DIA KY THUAT 1,GENERAL
GE3013,THI NGHIEM DIA KY THUAT,PHYSICS_LAB
GE3015,CONGNGHE KHAITHAC DAUKHI,GENERAL
GE3017,KY THUAT VIA DAU KHI,GENERAL
GE3019,CONG TRINH XAY DUNG,GENERAL
GE3021,BE TONG COT THEP,GENERAL
GE3023,TINHOC U/DUNG TRONG KTDC,GENERAL
GE3025,DIA THONG KE,GENERAL
GE3027,CO SINH - DIA TANG,GENERAL
GE3031,SUC BEN - KET CAU,GENERAL
GE3035,NGUYEN LY PHA HUY DAT DA,GENERAL
GE3037,TT KT PT CAC CT CUA MTD,CHEMISTRY_LAB
GE3041,DIA CHAT KHU VUC,GENERAL
GE3043,HOANTHIEN GIENG & KT VIA,GENERAL
GE3045,PP MINH GIAI TAI LIEU DC,GENERAL
GE3046,PP MINH GIAI T/L DC(BT),GENERAL
GE3049,TINH TOAN UD TRONG KTDK,GENERAL
GE3051,DIA KY THUAT 2,GENERAL
GE3053,DIAMAO-TAN KIENTAO &TTDT,GENERAL
GE3057,NHIET DONG HOC &DT CLVIA,GENERAL
GE3059,PHAN TICH VA DU BAO KTDK,GENERAL
GE3061,THUC HANH DIA KY THUAT 2,GENERAL
GE3063,TR/TICH HOC &NHIP D/TANG,GENERAL
GE3065,"ONHIEM DAT,NUOC &CACPPXL",GENERAL
GE3069,TRAM TICH BONCHUA DAUKHI,GENERAL
GE3079,P/PHAP VIEN THAM & GIS,GENERAL
GE3080,P/PHAP VIEN THAM&GIS (TN,COMPUTER_LAB
GE3083,DIA KIEN TAO,GENERAL
GE3085,BVE MOITRUONG TRONG KTMO,GENERAL
GE3087,PHAN TICH &THIET KE KDK,GENERAL
GE3089,K/THAC &BV TAINGUYEN NDD,GENERAL
GE3091,DUNG DICH KHOAN & XIMANG,GENERAL
GE3093,KINH TE TAI NGUYEN K/SAN,GENERAL
GE3099,ON DINH CONG TRINH,GENERAL
GE3105,DAC TRUNG HOA & MHH VIA,GENERAL
GE3106,DACTRUNG HOA &MHH VIA(BT,GENERAL
GE3107,"D/GIA THANH HE,DTVL-THDC",GENERAL
GE3108,"D/G THANHHE,DTVL-THDC(BT",GENERAL
GE3109,PP TIM KIEM THAM DO TLDK,GENERAL
GE3111,DIA CHAT DONGLUC C/TRINH,GENERAL
GE3115,Q/LY MO &DU AN DAUKHI TH,GENERAL
GE3129,DIA CHAT CT-DCTHUYVAN MO,GENERAL
GE3130,D/C CT-DCTHUYVAN MO (BT),GENERAL
GE3131,KY THUAT ANTOAN LAO DONG,GENERAL
GE3133,THUY DIA CHAT CAC MO DK,GENERAL
GE3135,KHAO SAT GIENG,GENERAL
GE3137,CONG TRINH XAY DUNG,GENERAL
GE3139,CO HOC DA + THUC HANH,OTHER_SPECIAL
GE3141,DIA THONG KE,GENERAL
GE3143,DIA KY THUAT 2,GENERAL
GE3144,DIA KY THUAT 2 (BT),GENERAL
GE3145,DO AN DIA KY THUAT 2,GENERAL
GE3147,DIA HOA MOI TRUONG,GENERAL
GE3148,DIA HOA MOI TRUONG (BT),GENERAL
GE3149,DO AN KYTHUAT TAI NGUYEN,GENERAL
GE3151,BV MTR TROG CNDK+KIENTAP,GENERAL
GE3153,QL TAI NGUYEN DAT &K/SAN,GENERAL
GE3154,QL TAI NGUYEN DAT KS(BT),GENERAL
GE3161,Q/LY DU AN TRONG KT TNTD,GENERAL
GE3162,QL DU AN TRONG KTTNTD BT,GENERAL
GE3163,"TANG CHUA,TN &TL DAU KHI",GENERAL
GE3165,TR/TICH HOC &NHIP D/TANG,GENERAL
GE3167,CONG NGHE XU LY DAU KHI,GENERAL
GE3169,DIA CHAT BIEN,GENERAL
GE3171,CHUYEN DE 2 (KTDK),GENERAL
GE3173,CHUYEN DE 3 (KTDK),GENERAL
GE3175,HOANTHIEN GIENG & KT VIA,GENERAL
GE3177,PP TIM KIEM THAM DO TLDK,GENERAL
GE3178,PPTIM KIEM TD TLDK(BT),GENERAL
GE3179,THU GOM VA VAN CHUYEN DK,GENERAL
GE3181,CONG NGHE KHOAN DAU KHI,GENERAL
GE3183,DC &TAI NGUYEN DAUKHI VN,GENERAL
GE3185,KHAO SAT GIENG,GENERAL
GE3187,CHUYEN DE 4 (KTDK),GENERAL
GE3189,CHUYEN DE 5 (KTDK),GENERAL
GE3191,CHUYEN DE 6 (KTDK),GENERAL
GE3195,CHUYEN DE 2 (KTDC),GENERAL
GE3199,DUNG DICH KHOAN & XIMANG,GENERAL
GE3201,DIA CHAT CT-DCTV KHU VUC,GENERAL
GE3203,UD GIS &V/THAM TRG QL TN,COMPUTER_LAB
GE3204,UD GIS &V/THAM QLTN (BT),COMPUTER_LAB
GE3205,CO HOC DA DAU KHI,GENERAL
GE3207,CN CB DK PV CHO CAC NCNK,GENERAL
GE3211,CAC QTCN CHE BIEN DAUKHI,GENERAL
GE3213,DIA THONG KE UD TRG KTDK,GENERAL
GE3215,DIA THONG KE UNG DUNG,GENERAL
GE3217,KY THUAT KHAI THAC D/KHI,GENERAL
GE3219,HOANTHIEN &K/THICH GIENG,GENERAL
GE3221,TON HAI THANH HE &CTNSKT,GENERAL
GE3222,TON HAI THANH HE VA CAI,GENERAL
GE3223,CAC QT VAN CHUYEN &CBDK,GENERAL
GE3225,PHAN TICH DU LIEU,GENERAL
GE3227,THI NGHIEM VAT LIEU VA K,OTHER_SPECIAL
GE3229,DIA KY THUAT CONG TRINH,GENERAL
GE3231,QUAN TRAC DIA KY THUAT C,GENERAL
GE3232,QUAN TRAC DIA KY THUAT C,GENERAL
GE3233,DIA DONG LUC CONG TRINH,GENERAL
GE3235,KINH TE XAY DUNG,GENERAL
GE3237,TK GIAI PHAP CAI TAO CON,GENERAL
GE3239,KY THUAT NEN MONG CONG T,GENERAL
GE3241,THI NGHIEM DIA KY THUAT,PHYSICS_LAB
GE3243,VE KY THUAT XAY DUNG,STUDIO
GE3245,QUAN LY DU AN,GENERAL
GE3247,DIA VAT LY UNG DUNG,GENERAL
GE3279,KIEM KE KHI THAI,GENERAL
GE4011,CONG NGHE XU LY DAU KHI,GENERAL
GE4013,KHAI THAC MO &CN KTM OVN,GENERAL
GE4017,K/SAT-THAM DO VA TINH TL,GENERAL
GE4019,PP LAP BAN DO DCMT-DCDT,GENERAL
GE4021,THU GOM VA VAN CHUYEN DK,GENERAL
GE4025,ANTOAN &BV MTR TROG CNDK,GENERAL
GE4029,CAC P/PHAP GIA CO DAT,GENERAL
GE4033,NEN MONG CONG TRINH,GENERAL
GE4034,NEN MONG CONG TRINH,GENERAL
GE4035,KY THUAT BIEN,GENERAL
GE4037,MO PHONG VIA DAU KHI,COMPUTER_LAB
GE4041,DIA CHAT CT-DCTV KHU VUC,GENERAL
GE4043,DIA KY THUAT C/TRINHNGAM,GENERAL
GE4051,TAI BIEN DIA DONG LUC,GENERAL
GE4053,DIACHAT CAC MO KHOANGSAN,GENERAL
GE4055,DANH GIA TACDONG M/TRUOG,GENERAL
GE4057,NGOC HOC,GENERAL
GE4061,"VIA, TAI NGUYEN & TLDK",GENERAL
GE4062,"VIA,TAI NGUYEN & TLDK(BT",GENERAL
GE4063,DIA CHAT DAU KHI VIETNAM,GENERAL
GE4067,RA QUYETDINH TRG DAU KHI,GENERAL
GE4069,DIA CHAT DONGLUC C/TRINH,GENERAL
GE4070,DC DONGLUC C/TRINH (BT),GENERAL
GE4071,DO AN NEN MONG CONGTRINH,GENERAL
GE4075,DO AN CN KT&BAOVE TNNUOC,GENERAL
GE4079,PP LAP BAN DO DCMT-DCDT,GENERAL
GE4080,PP LAP BD DCMT-DCDT(BT),COMPUTER_LAB
GE4081,THUY DIA HOA,GENERAL
GE4085,DV &TL BAN DO TN DAT &KS,GENERAL
GE4086,DV&TL BD TN DAT &KS(BT),COMPUTER_LAB
GE4087,DOTHI SINHTHAI THONGMINH,GENERAL
GE4088,DOTHI ST THONGMINH(BT),GENERAL
GE4089,QH TAI NGUYEN DAT &K/SAN,GENERAL
GE4090,QH TN DAT &K/SAN (BT),GENERAL
GE4091,MO PHONG VIA DAU KHI,COMPUTER_LAB
GE4093,PHAN TICH VA DU BAO KTDK,GENERAL
GE4101,CHUYEN DE QUAN LY 4(KTDK,GENERAL
GE4103,CHUYEN DE QUAN LY 7(KTDK,GENERAL
GE4105,CHUYEN DE 3 (KTDC),GENERAL
GE4106,CHUYEN DE 3 (KTDC)(BT),GENERAL
GE4107,CHUYEN DE 4 (KTDC),GENERAL
GE4145,THU VIA &PT AP SUAT CT,COMPUTER_LAB
GE4147,CAC NGUON TNPTT & PPKT,GENERAL
GE4149,THU HOI LT CARBON TTHDC,GENERAL
GE4151,NANG LUONG BEN VUNG,GENERAL
GE4153,QUAN LY DU AN & VIA DKTH,GENERAL
GE4155,TK CAC GIAI PHAP ON DINH,GENERAL
GE4157,KET CAU THEP CONG TRINH,GENERAL
GE4161,TK HA TANG KY THUAT CONG,GENERAL
GE4163,THI CONG CONG TRINH CO S,GENERAL
GE4165,QUAN LY DU AN,GENERAL
GE4167,QUY HOACH HA TANG DO THI,GENERAL
GE4169,KY THUAT THI CONG CONG T,GENERAL
GE4171,CONG NGHE KHOAN DAU KHI,GENERAL
GE4173,XU LY MOI TRUONG DIA CHA,GENERAL
GE4175,DANH GIA TAC DONG MOI TR,GENERAL
GE4177,THIET KE  VA GIAI PHAP T,GENERAL
GE4179,QUAN TRAC DIA KY THUAT,GENERAL
GE4181,DIA KY THUAT CONG TRINH,GENERAL
GE4189,CO SO KY THUAT DAU KHI,GENERAL
GE4191,DIA VAT LY DAU KHI,GENERAL
GE4205,UNG DUNG CONG NGHE MOI T,GENERAL
GE4249,CONG TRINH KHAI DAO,GENERAL
GE4261,DI?A CHA?T MOI TRUO?NG,GENERAL
GE4263,DI?A KY? THUA?T 1,GENERAL
GE4265,DI?A CHA?T THU?Y VAN,GENERAL
GE4267,DI?A VA?T LY? DA?I CUONG,GENERAL
GE4269,CO SO KHOA HOC DIA CHAT,GENERAL
GE4271,DIA VAT LY DAU KHI,GENERAL
GE4273,CONG NGHE KHAI THAC DAU,GENERAL
GE5001,PHAN TICH VIA VA DAC TRU,GENERAL
GE5003,"TANG CHUA, TAI NGUYEN VA",GENERAL
GE5005,RA QUYET DINH DU AN DAU,GENERAL
GE5007,THUC TAP NUOC NGOAI/QUOC,GENERAL
GE5009,CONG NGHE MO DAU KHI,GENERAL
GE5011,DIA CO HOC DAU KHI,GENERAL
GE5013,TIN HOC UNG DUNG TRONG T,GENERAL
GE5015,THU HOI DAU TANG CUONG,GENERAL
GE5017,HOAN THIEN GIENG VA KICH,GENERAL
GE5019,MO HINH HOA VA MO PHONG,GENERAL
GE5021,KY THUAT KHAI THAC,GENERAL
GE5023,MINH GIAI TAI LIEU DIA C,GENERAL
GE5025,DANH GIA KINH TE VA KINH,GENERAL
GE5027,KY THUAT KHOAN DAU KHI,GENERAL
GE5029,CAC NGUON TAI NGUYEN KHO,GENERAL
GE5033,DIA THONG KE,GENERAL
GE5035,QUAN LY DU AN TICH HOP,GENERAL
GE5037,UNG DUNG GIS VA VIEN THA,GENERAL
GE5039,QUI HOACH VA QUAN LY TAI,GENERAL
GE5041,KY THUAT PHONG CHONG TAI,GENERAL
GE5043,MO HINH NUOC DUOI DAT,GENERAL
GE5045,DIA KY THUAT CONG TRINH,GENERAL
GE5047,DIA CHAT THUY VAN CONG T,GENERAL
GE5049,DIA HOA MOI TRUONG,GENERAL
GE5051,QUY HOACH MOI TRUONG VUN,GENERAL
GE5053,AN TOAN MOI TRUONG TRONG,GENERAL
GE5055,KINH TE MO VA TAI NGUYEN,GENERAL
GE5057,PHAN TICH RUI RO TRONG D,GENERAL
GE5059,KHAI THAC VA BAO VE TAI,GENERAL
GE5061,QUY HOACH TAI NGUYEN DAT,GENERAL
GE5063,QUAN LY TAI NGUYEN DAT V,GENERAL
GE5065,THUY DIA HOA,GENERAL
GE5067,ON DINH CONG TRINH,GENERAL
GE5069,NEN MONG CONG TRINH,GENERAL
GE5071,KY THUAT CAI TAO DAT DA,GENERAL
GE5073,DIA CHAT DAU KHI VIET NA,GENERAL
GE5075,CONG NGHE KHAI THAC MO K,GENERAL
GE5077,PHAN TICH VA DU BAO KHAI,GENERAL
GE5079,PHUONG PHAP TIM KIEM THA,GENERAL
GE5081,CONG NGHE KHAI THAC DAU,GENERAL
GE5083,QUAN LY MO VA DU AN DAU,GENERAL
GE5085,THUC TAP DU AN DAU KHI,GENERAL
GE5087,NANG LUONG TAI TAO,GENERAL
GE5089,KY THUAT VIA DAU KHI,GENERAL
GE5091,MO PHONG VIA DAU KHI,GENERAL
GE5093,MO HINH HOA VIA DAU KHI,GENERAL
GE5095,DANH GIA THANH HE,GENERAL
GE5097,QUAN LY DU AN DAU KHI,GENERAL
GE5099,HE THONG KHAI THAC DAU K,GENERAL
GE5101,DAC TRUNG HOA VIA DAU KH,GENERAL
GE5103,CONG NGHE KHAI THAC MO K,GENERAL
GE5105,HOAN THIEN GIENG VA KICH,GENERAL
GE5107,THU HOI DAU TANG CUONG,GENERAL
GE5109,DIA THONG KE NANG CAO,GENERAL
GE5111,CAC NGUON TAI NGUYEN PHI,GENERAL
GE5113,CAC NGUON NANG LUONG BEN,GENERAL
GE5115,PHAN TICH DU LIEU TRONG,COMPUTER_LAB
GE5119,CONG NGHE XU LY DAU KHI,GENERAL
GE5125,DIA CHAT MOI TRUONG UNG,GENERAL
GE5127,DIA CHAT THUY VAN NANG C,GENERAL
GE5129,DIA VAT LY UNG DUNG,GENERAL
GE5131,DIA KY THUAT NANG CAO,GENERAL
GE5133,DIA CHAT DAU KHI,GENERAL
GE5135,KY THUAT KHOAN DAU KHI,GENERAL
GE5137,CONG NGHE KHAI THAC DAU,GENERAL
GE5139,KY THUAT VIA DAU KHI,GENERAL
GE7001,QUAN LY TICH HOP MO DAU,GENERAL
GE7003,NGUON TAI NGUYEN PHI TRU,GENERAL
GE7005,DAC TRUNG DIA CHAT VA KH,GENERAL
GE7007,AN TOAN VA MOI TRUONG TR,GENERAL
GE7009,DIA MOI TRUONG NANG CAO,GENERAL
GE7011,DIA HOA KHOANG SAN NANG,GENERAL
GE7013,DIA HOA DAU KHI NANG CAO,GENERAL
GE7015,CAC KIEU NGUON GOC CUA T,GENERAL
GE7017,NGHIEN CUU DIA TANG VA C,GENERAL
GE7019,NGHIEN CUU TRAM TICH DE,GENERAL
GE7021,DIA KIEN TAO,GENERAL
GE7023,TRAM TICH HOC & NHIP DIA,GENERAL
GE7025,PHAN TICH KIEN TRUC VA K,STUDIO
GE7027,KY THUAT KHOAN NANG CAO,OTHER_SPECIAL
GE7029,CONG NGHE MO NANG CAO,OTHER_SPECIAL
GE7031,DIA THONG KE TRONG DAU K,GENERAL
GE7033,CO HOC DA NANG CAO,GENERAL
GE7035,DANH GIA THANH HE NANG C,COMPUTER_LAB
GE7037,DIA CHAT DONG LUC CONG T,GENERAL
GE7039,VIEN THAM VA GIS NANG CA,COMPUTER_LAB
GE7041,DIA HOA MOI TRUONG NANG,GENERAL
GE7043,KY THUAT KHAI THAC NANG,OTHER_SPECIAL
GE7045,HOAN THIEN GIENG VA KICH,OTHER_SPECIAL
GE7047,DIA VAT LY DAU KHI NANG,COMPUTER_LAB
GE7049,THU HOI DAU TANG CUONG,CHEMISTRY_LAB
GE7051,MO PHONG VIA DAU KHI NAN,COMPUTER_LAB
GE7053,TINH TOAN DIA CHAT THUY,COMPUTER_LAB
GE7055,THUY DIA HOA NANG CAO,GENERAL
GE7057,DIA CHAT THUY VAN CONG T,GENERAL
GE7059,CO HOC DAT NANG CAO,GENERAL
GE7061,DIA CHAT MOI TRUONG UNG,GENERAL
GE7063,DIA CHAT THUY VAN NANG C,GENERAL
GE7065,DIA VAT LY UNG DUNG,GENERAL
GE7067,DIA KY THUAT NANG CAO,GENERAL
GE7069,DIA THONG KE,GENERAL
GE7071,QUAN LY DU AN TICH HOP,GENERAL
GE7073,UNG DUNG GIS VA VIEN THA,COMPUTER_LAB
GE7075,QUI HOACH VA QUAN LY TAI,GENERAL
GE7077,KY THUAT PHONG CHONG TAI,GENERAL
GE7079,MO HINH NUOC DUOI DAT,GENERAL
GE7081,DIA KY THUAT CONG TRINH,GENERAL
GE7083,DIA CHAT THUY VAN CONG T,GENERAL
GE7085,DIA HOA MOI TRUONG,GENERAL
GE7087,QUY HOACH MOI TRUONG VUN,GENERAL
GE7089,AN TOAN MOI TRUONG TRONG,GENERAL
GE7091,KINH TE MO VA TAI NGUYEN,GENERAL
GE7093,PHAN TICH RUI RO TRONG D,GENERAL
GE7095,KHAI THAC VA BAO VE TAI,GENERAL
GE7097,QUY HOACH TAI NGUYEN DAT,GENERAL
GE7099,QUAN LY TAI NGUYEN DAT V,GENERAL
GE7101,THUY DIA HOA,GENERAL
GE7103,ON DINH CONG TRINH,GENERAL
GE7105,NEN MONG CONG TRINH,GENERAL
GE7107,KY THUAT CAI TAO DAT DA,GENERAL
GE7109,DANH GIA THANH HE,GENERAL
GE7111,QUAN LY DU AN DAU KHI,GENERAL
GE7113,HE THONG KHAI THAC DAU K,GENERAL
GE7115,DAC TRUNG HOA VIA DAU KH,GENERAL
GE7117,CONG NGHE KHAI THAC MO K,GENERAL
GE7119,HOAN THIEN GIENG VA KICH,GENERAL
GE7121,THU HOI DAU TANG CUONG,GENERAL
GE7123,DIA THONG KE NANG CAO,GENERAL
GE7125,CAC NGUON TAI NGUYEN PHI,GENERAL
GE7127,CAC NGUON NANG LUONG BEN,GENERAL
GE7129,PHAN TICH DU LIEU TRONG,GENERAL
GE7131,CONG NGHE XU LY DAU KHI,GENERAL
GK5001,PHUONG PHAP NGHIEN CUU K,GENERAL
GK5003,DOI MOI SANG TAO & KHOI,GENERAL
GK5005,QUAN LY VA LANH DAO,GENERAL
GK5007,PHUONG PHAP NGHIEN CUU K,GENERAL
GK5009,QUAN LY VA LANH DAO,GENERAL
GK5011,DOI MOI SANG TAO & KHOI,GENERAL
GK5013,DAO DUC KINH DOANH VA TR,GENERAL
GK5015,QUAN LY DICH VU,GENERAL
GK5017,QUAN LY DU AN,GENERAL
GK5019,"KY NANG PHAN TICH, VIET,",GENERAL
GK5021,DAO DUC KINH DOANH VA TR,GENERAL
GK5023,QUAN LY DICH VU,GENERAL
GK5025,QUAN LY DU AN,GENERAL
GK5027,"KY NANG PHAN TICH, VIET,",GENERAL
GK5029,PHAN TICH VA XU LY DU LI,GENERAL
GK5031,PHUONG PHAP NGHIEN CUU K,GENERAL
GK5033,CHUYEN DE NGHIEN CUU: PH,GENERAL
GK5035,CHUYEN DE NGHIEN CUU: K,GENERAL
GK5037,CHUYEN DE NGHIEN CUU: PH,GENERAL
GK5039,CHUYEN DE NGHIEN CUU: KH,GENERAL
GK5041,CHUYEN DE NGHIEN CUU: TR,GENERAL
GK5043,CHUYEN DE NGHIEN CUU: PH,GENERAL
GK5045,CHIEN LUOC RA QUYET DINH,GENERAL
GK5047,ANH VAN 1,GENERAL
GK5049,ANH VAN 2,GENERAL
GK5909,QUAN LY VA LANH DAO,GENERAL
GK5910,DOI MOI SANG TAO & KN,GENERAL
GK5922,DAO DUC KINHDOANH &TNXH,GENERAL
GK5923,QUAN LY DICH VU,GENERAL
GK5924,QUAN LY DU AN,GENERAL
GK5925,"KY NANG PT,VIET,XB NCKH",GENERAL
GK5926,PHAN TICH &XLDL DA CHIEU,GENERAL
GK5927,PHUONGPHAP NGHIENCUU K/H,GENERAL
GK5933,CHUYEN DE NGHIEN CUU: PH,GENERAL
IM1001,Giới thiệu ngành,GENERAL
IM1003,Kinh tế học Vi mô,GENERAL
IM1004,KINH TE HOC VI MO(BT),GENERAL
IM1005,TOAN KINH TE UNG DUNG,GENERAL
IM1007,Quản trị Đại cương,GENERAL
IM1008,QUAN TRI DAI CUONG(BT),GENERAL
IM1009,Kinh tế học Vĩ mô,GENERAL
IM1010,KINH TE HOC VI MO(BT),GENERAL
IM1011,Máy tính trong Kinh doan,COMPUTER_LAB
IM1012,MAY TINH TRONG K/D (BT),COMPUTER_LAB
IM1013,Kinh tế học Đại cương,GENERAL
IM1014,KINH TE HOC DAI CUONG(BT,GENERAL
IM1015,Kế toán Tài chính,GENERAL
IM1016,KE TOAN TAI CHINH(BT),GENERAL
IM1017,Thống kê trong Kinh doan,GENERAL
IM1018,THONG KE TRONG K/D (BT),GENERAL
IM1019,Tiếp thị Căn bản,GENERAL
IM1020,TIEP THI CAN BAN(BT),GENERAL
IM1021,KHOI NGHIEP,GENERAL
IM1022,KHOI NGHIEP(BT),GENERAL
IM1023,Quản lý Sản xuất cho Kỹ,GENERAL
IM1024,Q/LY S/XUAT CHO KY SU(BT,GENERAL
IM1025,Quản lý Dự án cho Kỹ sư,GENERAL
IM1026,Q/LY DU AN CHO KY SU(BT),GENERAL
IM1027,Kinh tế Kỹ thuật,GENERAL
IM1028,KINH TE KY THUAT(BT),GENERAL
IM1029,Hệ thống Sản xuất,GENERAL
IM1030,HE THONG SAN XUAT(BT),GENERAL
IM1031,KHOI NGHIEP VA DOI MOI S,GENERAL
IM1033,Công nghệ số trong kinh,GENERAL
IM1035,KHOI NGHIEP SANG TAO,GENERAL
IM2001,KE TOAN TAI CHINH,GENERAL
IM2003,KINH TE KY THUAT,GENERAL
IM2004,KINH TE KY THUAT(BT),GENERAL
IM2007,THONG KE TRONG KINHDOANH,GENERAL
IM2009,TIEP THI CAN BAN,GENERAL
IM2011,QUAN LY DU AN CHO KY SU,GENERAL
IM2012,Q/LY DU AN CHO KY SU(BT),GENERAL
IM2017,Hành vi Tổ chức,GENERAL
IM2018,HANH VI TO CHUC(BT),GENERAL
IM2019,Kế toán Quản trị,GENERAL
IM2020,KE TOAN QUAN TRI (TN),GENERAL
IM2021,HE THONG SAN XUAT,GENERAL
IM2023,XA HOI HOC DAI CUONG,GENERAL
IM2024,XA HOI HOC DAI CUONG(THL,GENERAL
IM2025,LUAT KINH DOANH,GENERAL
IM2027,KHOA HOC TO CHUC,GENERAL
IM2028,KHOA HOC TO CHUC(BT),GENERAL
IM2031,Quản lý Sản xuất,GENERAL
IM2032,QUAN LY SAN XUAT (BT),GENERAL
IM2033,Tài chính Doanh nghiệp,GENERAL
IM2034,TAICHINH DOANH NGHIEP(BT,GENERAL
IM2035,Phương pháp Định lượng,GENERAL
IM2036,PHUONGPHAP DINH LUONG(BT,GENERAL
IM2041,Kinh doanh quốc tế,GENERAL
IM3001,Quản trị Kinh doanh cho,GENERAL
IM3002,Q/TRI K/DOANH CHO KS (BT,GENERAL
IM3003,QUANLY SANXUAT CHO KY SU,GENERAL
IM3004,Q/LY S/XUAT CHO KY SU(BT,GENERAL
IM3005,TAI CHINH DOANH NGHIEP,GENERAL
IM3007,PHATTRIEN KYNANG QUANTRI,GENERAL
IM3009,HE THONG TAI CHINH,GENERAL
IM3010,HE THONG TAI CHINH(BT),GENERAL
IM3011,MO PHONG TRONG KINHDOANH,COMPUTER_LAB
IM3013,QUAN LY SAN XUAT,GENERAL
IM3014,QUAN LY SAN XUAT (BT),GENERAL
IM3017,ISO 9000,GENERAL
IM3021,Quản lý Chuỗi cung ứng,GENERAL
IM3022,QUANLY CHUOI CUNG UNG(BT,GENERAL
IM3023,Thương mại Điện tử,GENERAL
IM3024,THUONG MAI DIEN TU(BT),GENERAL
IM3025,HANH VI NGUOI TIEU DUNG,GENERAL
IM3027,DOI MOI SAN PHAM/DICH VU,GENERAL
IM3029,Quản lý Công nghệ,GENERAL
IM3030,QUAN LY CONG NGHE(BT),GENERAL
IM3033,Tiếp thị giữa các Tổ chứ,GENERAL
IM3034,TIEP THI GIUA CAC T/C(BT,GENERAL
IM3035,QUAN LY BAO TRI,GENERAL
IM3036,QUAN LY BAO TRI(BT),GENERAL
IM3039,PHUONG PHAP DINH LUONG,GENERAL
IM3041,Hệ Hỗ trợ Quyết định và,COMPUTER_LAB
IM3042,HE HO TRO Q/D & TTKD(BT),COMPUTER_LAB
IM3043,KINH TE HOC KINH DOANH,GENERAL
IM3044,KINHTE HOC KINH DOANH(BT,GENERAL
IM3047,Giao tiếp trong Kinh doa,GENERAL
IM3049,PHAN TICH DU LIEU,COMPUTER_LAB
IM3051,Đạo đức Kinh doanh và Tr,GENERAL
IM3052,DAODUC K/D & TN XH (BT),GENERAL
IM3053,LAP VA PHAN TICH DU AN,GENERAL
IM3055,Quản lý Nhân sự,GENERAL
IM3056,QUAN LY NHAN SU(BT),GENERAL
IM3057,GIAI QUYET VANDE QUAN LY,GENERAL
IM3059,Quản lý Chiến lược,GENERAL
IM3060,QUAN LY CHIEN LUOC(BT),GENERAL
IM3061,ANH VAN TRONG KINH DOANH,GENERAL
IM3062,ANH VAN TRONG K/DOANH(BT,GENERAL
IM3063,Quản lý Chất lượng,GENERAL
IM3064,QUAN LY CHAT LUONG(BT),GENERAL
IM3065,TAI CHINH QUOC TE,GENERAL
IM3069,KHOI NGHIEP,GENERAL
IM3070,KHOI NGHIEP(BT),GENERAL
IM3071,KHOI NGHIEP,GENERAL
IM3073,Điều độ Sản xuất,GENERAL
IM3074,DIEU DO SAN XUAT(BT),GENERAL
IM3075,An toàn Công nghiệp và Q,GENERAL
IM3076,ANTOAN CN &Q/L RUI RO(BT,GENERAL
IM3077,Quản lý Sản xuất Theo Le,GENERAL
IM3078,QLSX THEO LEAN&6SIGMA(BT,GENERAL
IM3079,LAP VA PHAN TICH DU AN,GENERAL
IM3081,Quản trị Kinh doanh Quốc,GENERAL
IM3082,Q/TRI K/DOANH QUOC TE(BT,GENERAL
IM3083,Hành vi Người tiêu dùng,GENERAL
IM3084,HANHVI NGUOI TIEUDUNG(BT,GENERAL
IM3085,Tài chính Quốc tế,GENERAL
IM3086,TAI CHINH QUOC TE(BT),GENERAL
IM3087,Hệ thống Thông tin Quản,COMPUTER_LAB
IM3089,Đổi mới sản phẩm/dịch vụ,GENERAL
IM3090,DOI MOI SAN PHAM D/VU(TH,GENERAL
IM3091,Phân tích và Thiết kế Ch,COMPUTER_LAB
IM3093,Quản lý logistics và vận,GENERAL
IM3095,Quản lý Vận hành Bán lẻ,GENERAL
IM3097,Chuyển đổi Cung ứng Kỹ t,GENERAL
IM3099,Quản lý Chuỗi cung ?ng T,GENERAL
IM3101,Quản lý Cung ứng và Thu,GENERAL
IM3103,Quản lý rủi ro chuỗi cun,GENERAL
IM3105,Phương pháp nghiên cứu t,GENERAL
IM3107,Khởi nghiệp và đổi mới s,GENERAL
IM3109,Tiếp thị số,COMPUTER_LAB
IM3111,Thị trường tài chính và,GENERAL
IM3113,Trí tuệ nhân tạo trong k,COMPUTER_LAB
IM3115,Chiến lược kinh doanh số,GENERAL
IM4001,PHUONG PHAP NC TRONG KD,GENERAL
IM4002,P/PHAP NC TRONG KD(BT),GENERAL
IM4003,Quản lý Dự án,GENERAL
IM4004,QUAN LY DU AN(BT),GENERAL
IM4005,HETHONG THONG TIN QUANLY,COMPUTER_LAB
IM4007,Kế hoạch Kinh doanh,GENERAL
IM4008,KE HOACH KINH DOANH(BT),GENERAL
IM4011,QUAN LY VON LUU DONG,GENERAL
IM4013,QUAN TRI KINH DOANH Q/TE,GENERAL
IM4015,THUE,GENERAL
IM4017,CHUYEN DE HE THONG TTQL,GENERAL
IM4019,Khoa học Dữ liệu trong K,COMPUTER_LAB
IM4021,MO PHONG TRONG KINHDOANH,COMPUTER_LAB
IM4023,PHAT TRIEN KY NANG Q/TRI,GENERAL
IM4027,CHUYEN DE HE THONG TT QL,GENERAL
IM4029,THUE,GENERAL
IM4035,ISO 9000,GENERAL
IM4036,ISO 9000(BT),GENERAL
IM4037,Quản lý dự án linh hoạt,GENERAL
IM4039,QUAN TRI DAI CUONG,GENERAL
IM4041,PHUONG PHAP DINH LUONG,COMPUTER_LAB
IM4043,QUAN TRI DAI CUONG,GENERAL
IM4045,CAC PHUONG PHAP PHAN TIC,COMPUTER_LAB
IM5001,PHUONG PHAP NGHIEN CUU T,GENERAL
IM5003,HE THONG DICH VU,GENERAL
IM5005,QUAN LY CHUOI CUNG UNG,GENERAL
IM5007,PHAN TICH DU LIEU,COMPUTER_LAB
IM5009,QUAN LY TIEP THI,GENERAL
IM5011,PHUONG PHAP NGHIEN CUU T,GENERAL
IM5013,HE HOACH DINH NGUON LUC,COMPUTER_LAB
IM5015,HANH VI TO CHUC,GENERAL
IM5017,QUAN LY TRI THUC,GENERAL
IM5019,QUAN TRI SAN XUAT VA DIE,GENERAL
IM5021,TAI CHINH DOANH NGHIEP,GENERAL
IM5023,QUAN LY DU AN,GENERAL
IM5025,QUAN LY DU AN HE THONG T,GENERAL
IM5027,PHAT TRIEN VA PHAN TICH,GENERAL
IM5029,QUAN LY DU AN NANG LUONG,GENERAL
IM5031,LAP VA THAM DINH DU AN,GENERAL
IM5033,PHAN TICH DU LIEU DINH L,GENERAL
IM5035,QUAN TRI CHIEN LUOC,GENERAL
IM5037,QUAN LY DU AN,GENERAL
IM5039,KINH TE HOC,GENERAL
IM5041,PHAN TICH DU LIEU DINH L,GENERAL
IM5043,HE THONG QUAN LY TRI THU,GENERAL
IM5045,THUC TAP DOANH NGHIEP,OTHER_SPECIAL
IM5047,QUAN LY DOI MOI VA CONG,GENERAL
IM5049,QUAN TRI HE KINH DOANH D,GENERAL
IM5051,GIAI QUYET VAN DE TRONG,GENERAL
IM5053,HANH VI NGUOI MUA,GENERAL
IM5055,DAO DUC KINH DOANH VA TR,GENERAL
IM5057,QUAN LY CHAT LUONG,GENERAL
IM5059,QUAN TRI NGUON NHAN LUC,GENERAL
IM5061,KE TOAN CHO NHA QUAN LY,GENERAL
IM5063,CHIEN LUOC KINH DOANH SO,GENERAL
IM5065,QUAN LY VAN HANH,GENERAL
IM5067,QUAN TRI TAI CHANH,GENERAL
IM5069,HANH VI NGUOI MUA,GENERAL
IM5071,QUAN LY DOI MOI TRONG TO,GENERAL
IM5073,QUAN LY CHAT LUONG TOAN,GENERAL
IM5075,LEAN VA SIX SIGMA,GENERAL
IM5077,HE THONG KINH DOANH DICH,GENERAL
IM5079,DU LIEU LON TRONG KINH D,GENERAL
IM5081,QUAN TRI HE THONG THONG,GENERAL
IM5083,MARKETING DICH VU,GENERAL
IM5085,DIGITAL MARKETING,GENERAL
IM5087,DAU TU TAI CHANH,COMPUTER_LAB
IM5089,QUAN LY DU AN NANG CAO,GENERAL
IM5091,KE TOAN QUAN TRI CHO NGU,COMPUTER_LAB
IM5093,QUAN TRI CON NGUOI VA TO,GENERAL
IM5095,QUAN LY CON NGUOI VA TO,GENERAL
IM5097,QUAN LY CON NGUOI VA TO,GENERAL
IM5099,QUAN LY HE THONG THONG T,GENERAL
IM5101,CHUYEN DOI SO,GENERAL
IM5103,QUAN LY CHUOI CUNG UNG N,GENERAL
IM5105,CAC PHUONG PHAP PHAN TIC,GENERAL
IM5107,QUAN TRI DAI CUONG,GENERAL
IM5109,QUAN LY CHUOI CUNG UNG T,GENERAL
IM5111,QUAN LY CHIEN LUOC TRONG,GENERAL
IM5113,KINH DOANH QUOC TE,GENERAL
IM5119,QUAN TRI HE THONG THONG,GENERAL
IM5121,QUAN TRI CON NGUOI VA TO,GENERAL
IM5123,QUAN TRI VAN HANH BENH V,GENERAL
IM5125,QUAN TRI TAI CHINH DICH,GENERAL
IM5127,QUAN TRI CHAT LUONG DICH,GENERAL
IM5129,CHUYEN DOI SO TRONG BENH,GENERAL
IM5131,GIAI QUYET VAN DE TRONG,GENERAL
IM5133,LANH DAO VA QUAN TRI SU,GENERAL
IM5135,KINH TE Y TE,GENERAL
IM5137,BENH VIEN THONG MINH,GENERAL
IM5139,"QUAN TRI RUI RO, KHUNG H",GENERAL
IM5141,TRUYEN THONG GIAO DUC SU,GENERAL
IM5143,QUAN TRI CONG NGHE Y TE,GENERAL
IM5145,PHAP LUAT VA DAO DUC TRO,GENERAL
IM5147,NGHIEN CUU TINH HUONG LE,GENERAL
IM5149,PHUONG PHAP NGHIEN CUU T,GENERAL
IM5155,MARKETING DICH VU CHAM S,GENERAL
IM5157,QUAN TRI NGUON NHAN LUC,GENERAL
IM5159,NGHIEN CUU TINH HUONG TR,GENERAL
IM7001,MARKETING DICH VU,GENERAL
IM7003,HANH VI NGUOI MUA,GENERAL
IM7005,KINH DOANH QUOC TE,GENERAL
IM7007,PHAN TICH DU LIEU,GENERAL
IM7009,PHUONG PHAP NGHIEN CUU K,COMPUTER_LAB
IM7011,PHUONG PHAP NGHIEN CUU T,GENERAL
IM7013,PHAN TICH DU LIEU,GENERAL
IM7015,QUAN LY TIEP THI,GENERAL
IM7017,PHUONG PHAP NGHIEN CUU T,GENERAL
IM7019,HE HOACH DINH NGUON LUC,GENERAL
IM7021,HE THONG QUAN LY TRI THU,GENERAL
IM7023,QUAN TRI HE KINH DOANH D,GENERAL
IM7025,QUAN LY VAN HANH,GENERAL
IM7027,QUAN TRI TAI CHANH,GENERAL
IM7029,HANH VI NGUOI MUA,GENERAL
IM7031,QUAN LY DOI MOI TRONG TO,GENERAL
IM7033,QUAN LY CHAT LUONG TOAN,GENERAL
IM7035,LEAN VA SIX SIGMA,GENERAL
IM7037,HE THONG KINH DOANH DICH,GENERAL
IM7039,DU LIEU LON TRONG KINH D,COMPUTER_LAB
IM7041,QUAN TRI HE THONG THONG,COMPUTER_LAB
IM7043,MARKETING DICH VU,GENERAL
IM7045,DIGITAL MARKETING,COMPUTER_LAB
IM7047,QUAN LY DU AN NANG CAO,GENERAL
IM7049,KE TOAN QUAN TRI CHO NGU,COMPUTER_LAB
IM7051,QUAN TRI CON NGUOI VA TO,GENERAL
IM7053,CHUYEN DOI SO,COMPUTER_LAB
IM7055,QUAN LY CHUOI CUNG UNG T,GENERAL
IM7057,QUAN LY CHIEN LUOC TRONG,GENERAL
IM7059,KINH DOANH QUOC TE,GENERAL
IM7061,PHUONG PHAP NGHIEN CUU T,GENERAL
IM7063,QUAN LY TIEP THI,GENERAL
IM7065,QUAN TRI TAI CHANH,GENERAL
IM7067,QUAN LY CHUOI CUNG UNG N,GENERAL
IM7069,CHIEN LUOC KINH DOANH SO,GENERAL
IM7071,QUAN TRI CON NGUOI VA TO,GENERAL
IM7073,QUAN TRI VAN HANH,GENERAL
IM7075,QUAN LY HE THONG THONG T,GENERAL
IM7077,KE TOAN QUAN TRI CHO NGU,COMPUTER_LAB
IM7079,DIGITAL MARKETING,GENERAL
IM7081,DAU TU TAI CHANH,COMPUTER_LAB
IM7083,CHUYEN DOI SO,GENERAL
IM7085,QUAN LY DU AN NANG CAO,GENERAL
IM7087,HE THONG QUAN LY TRI THU,GENERAL
IM7089,QUAN TRI HE KINH DOANH D,GENERAL
IM7091,DU LIEU LON TRONG KINH D,GENERAL
IM7093,HE THONG KINH DOANH DICH,GENERAL
IM7095,HE HOACH DINH NGUON LUC,GENERAL
IM7097,QUAN LY DOI MOI TRONG TO,GENERAL
IM7099,QUAN LY CHAT LUONG TOAN,GENERAL
IM7101,LEAN VA SIX SIGMA,GENERAL
IM7103,QUAN LY CHUOI CUNG UNG T,GENERAL
IM7105,QUAN LY CHIEN LUOC TRONG,GENERAL
IM7107,PHUONG PHAP NGHIEN CUU T,GENERAL
IM7109,MON HOC CHUYEN SAU,GENERAL
IM7111,CAC LY THUYET NEN LIEN Q,GENERAL
IU1001,NHAP MON VE KY THUAT,GENERAL
IU1002,NHAP MON VE KY THUAT(BT),GENERAL
IU1003,VE KY THUAT BAO DUONG,STUDIO
IU1004,VE KY THUAT BAO DUONG(BT,STUDIO
IU1005,CO KY THUAT,GENERAL
IU1006,CO KY THUAT(BT),GENERAL
IU1007,KHOI NGHIEP,GENERAL
IU1008,KHOI NGHIEP (THL),GENERAL
IU1009,CHI PHI BAO TRI,GENERAL
IU1010,CHI PHI BAO TRI (THL),GENERAL
IU1011,VAT LY KY THUAT BAO TRI,GENERAL
IU1012,VAT LY KT BAO TRI (TN),PHYSICS_LAB
IU1015,VE KY THUAT BAO TRI,STUDIO
IU1016,VE KY THUAT BAO TRI BT,STUDIO
IU2001,CO HOC VAT LIEU,GENERAL
IU2002,CO HOC VAT LIEU(BT),GENERAL
IU2003,MACH DIEN,GENERAL
IU2004,MACH DIEN(BT),GENERAL
IU2005,TO CHUC QUANLY BAO DUONG,GENERAL
IU2007,DO TINCAY & DAMBAO CH/LG,GENERAL
IU2009,Q/LY AN TOAN & XU LY TT,GENERAL
IU2011,KY THUAT DIEN TU,GENERAL
IU2012,KY THUAT DIEN TU (TN),ELECTRICAL_LAB
IU2017,CONG NGHE HAN,GENERAL
IU2018,CONG NGHE HAN (tn),MECHANICAL_WORKSHOP
IU2019,CONG NGHE CO KHI 1,MECHANICAL_WORKSHOP
IU2020,CONG NGHE CO KHI 1 (TN),MECHANICAL_WORKSHOP
IU2021,TO CHUC QUANLY BAO DUONG,GENERAL
IU2022,TO CHUC Q/L BAO DUONG(TH,GENERAL
IU2023,P/PHAP TINH &LAP TRINH C,COMPUTER_LAB
IU2024,P/P TINH &LAP TRINH C(BT,COMPUTER_LAB
IU2025,KY THUAT SO,ELECTRICAL_LAB
IU2026,KY THUAT SO (TN),ELECTRICAL_LAB
IU2027,CONG NGHE CO KHI 1,GENERAL
IU2028,CONG NGHE CO KHI 1(BT),GENERAL
IU2029,CONG NGHE CO KHI 2,MECHANICAL_WORKSHOP
IU2030,CONG NGHE CO KHI 2 (TN),MECHANICAL_WORKSHOP
IU2031,PHUONG PHAP SO VA KY THU,COMPUTER_LAB
IU2032,PP SO VA KY THU (BT),COMPUTER_LAB
IU2035,KY THUAT DIEN TRONG BAO,ELECTRICAL_LAB
IU2035.P,KY THUAT DIEN TRONG BAO,ELECTRICAL_LAB
IU2036,KY THUAT DIEN BAOTRI(TN),ELECTRICAL_LAB
IU2039,THUC TAP CO KHI,MECHANICAL_WORKSHOP
IU2043,CONG NGHE CO KHI 1,MECHANICAL_WORKSHOP
IU2044,CONG NGHE CO KHI 1,MECHANICAL_WORKSHOP
IU3001,CONG NGHE CO KHI 2,MECHANICAL_WORKSHOP
IU3002,CONG NGHE CO KHI 2 (TN),MECHANICAL_WORKSHOP
IU3003,CONG NGHE KHI NEN,MECHANICAL_WORKSHOP
IU3004,CONG NGHE KHI NEN (TN),MECHANICAL_WORKSHOP
IU3005,CONG NGHE DIEU HOA K/KHI,MECHANICAL_WORKSHOP
IU3006,C/NG DIEU HOA K/KHI (TN),MECHANICAL_WORKSHOP
IU3007,CAC HE THONG Q/LY BAOTRI,GENERAL
IU3009,DONG LUC HOC VA DAO DONG,GENERAL
IU3011,KY THUAT LAP TRINH PLC,ELECTRICAL_LAB
IU3012,KY THUAT LAPTRINH PLC(TN,ELECTRICAL_LAB
IU3013,PHU TUNG &QUAN LY LUUKHO,GENERAL
IU3015,DUNG CU DO & KY THUAT DO,ELECTRICAL_LAB
IU3016,DUNG CU DO & KT DO (TN),ELECTRICAL_LAB
IU3017,KY THUAT SO,ELECTRICAL_LAB
IU3017.P,KY THUAT SO,ELECTRICAL_LAB
IU3018,KY THUAT SO (TN),ELECTRICAL_LAB
IU3019,MAY DIEN,ELECTRICAL_LAB
IU3020,MAY DIEN (TN),ELECTRICAL_LAB
IU3027,CONG NGHE LANH,OTHER_SPECIAL
IU3028,CONG NGHE LANH (tn),OTHER_SPECIAL
IU3029,K/THUAT DIEUKHIEN TU DOG,GENERAL
IU3031,BAO TRI THIET BI DANDUNG,GENERAL
IU3033,BAO TRI MAY CONG CU &CNC,GENERAL
IU3035,MANG TRUYENTHONG CNGHIEP,ELECTRICAL_LAB
IU3036,MANG TRUYENTHONG CN(TN),ELECTRICAL_LAB
IU3037,KY THUAT VI DIEU KHIEN,ELECTRICAL_LAB
IU3038,KY THUAT VI DKHIEN (tn),ELECTRICAL_LAB
IU3039,BAO TRI ROBOT CONGNGHIEP,OTHER_SPECIAL
IU3040,BAOTRI ROBOT C/NGHIEP(TN,OTHER_SPECIAL
IU3041,PHAN TICH & THIET KE TN,GENERAL
IU3043,KHOI NGHIEP,GENERAL
IU3045,CONG NGHE THUY LUC,GENERAL
IU3046,CONG NGHE THUY LUC (TN),MECHANICAL_WORKSHOP
IU3049,K/THUAT BOITRON C/NGHIEP,GENERAL
IU3050,K/T BOI TRON C/NGHIEP(TN,MECHANICAL_WORKSHOP
IU3051,THIETKE HTHONG VC PP GIO,GENERAL
IU3053,TU DONG HOA,GENERAL
IU3054,TU DONG HOA (TN),ELECTRICAL_LAB
IU3055,PHAN TICH PHAN TU HUUHAN,GENERAL
IU3057,CONG NGHE CO KHI 1,GENERAL
IU3058,CONG NGHE CO KHI 1(BT),GENERAL
IU3059,CONG NGHE DIEN,GENERAL
IU3060,CONG NGHE DIEN (TN),ELECTRICAL_LAB
IU3061,CONG NGHE CO KHI 2,GENERAL
IU3062,CONG NGHE CO KHI 2 (TN),MECHANICAL_WORKSHOP
IU3063,CONG NGHE KHI NEN,GENERAL
IU3064,CONG NGHE KHI NEN (TN),MECHANICAL_WORKSHOP
IU3065,CONG NGHE CO KHI 3,GENERAL
IU3066,CONG NGHE CO KHI 3 (TN),MECHANICAL_WORKSHOP
IU3067,CONG NGHE LANH &DIEU HOA,GENERAL
IU3068,C/NGHE LANH &DIEU HOA(TN,MECHANICAL_WORKSHOP
IU3069,DIEN &DIEN TU CONGNGHIEP,GENERAL
IU3070,DIEN &DIENTU C/NGHIEP(TN,ELECTRICAL_LAB
IU3071,"BAOTRI ROBOT, MAY CC,CNC",GENERAL
IU3073,MANG TRUYEN THONG C/N,GENERAL
IU3074,MANG TRUYEN THONG C/N(TN,ELECTRICAL_LAB
IU3075,T/KE HE THONG VCPP GIO,GENERAL
IU3076,T/KE HETHONG VCPP GIO(TN,ELECTRICAL_LAB
IU3077,T/KE VA KIEM TRA MOI HAN,MECHANICAL_WORKSHOP
IU3078,T/KE &KIEMTRA MOI HAN(TN,MECHANICAL_WORKSHOP
IU3079,BAO TRI THIET BI DANDUNG,GENERAL
IU3081,THIET KE DUONG ONG,GENERAL
IU3082,THIET KE DUONG ONG (TN),MECHANICAL_WORKSHOP
IU3083,DUNG CU DO &KY THUAT DO,GENERAL
IU3084,DUNGCU DO &KYTHUAT DO(TN,PHYSICS_LAB
IU3085,PHAN TICH &THIET KE T/N,GENERAL
IU3087,DO TIN CAY &DAM BAO C/L,GENERAL
IU3089,VAT LIEU,GENERAL
IU3091,KY THUAT BOI TRON C/N,GENERAL
IU3092,KY THUAT BOI TRON C/N(TN,MECHANICAL_WORKSHOP
IU3093,KY THUAT VI DIEU KHIEN,ELECTRICAL_LAB
IU3094,KY THUAT VI DIEUKHIEN(TN,ELECTRICAL_LAB
IU3095,TU DONG HOA,ELECTRICAL_LAB
IU3096,TU DONG HOA (TN),ELECTRICAL_LAB
IU3101,THUC HANH HAN,MECHANICAL_WORKSHOP
IU3103,KY THUAT BAO TRI DU DOAN,OTHER_SPECIAL
IU3105,AN TOAN VA MOI TRUONG TR,GENERAL
IU3115,TO CHUC QUAN LY BAO TRI,GENERAL
IU3116,TO CHUC QUAN LY BAO TRI,GENERAL
IU3117,CONG NGHE DIEN TRONG CON,ELECTRICAL_LAB
IU3118,CONG NGHE DIEN TRONG CON,ELECTRICAL_LAB
IU4001,CONG NGHE DIEN,ELECTRICAL_LAB
IU4002,CONG NGHE DIEN (TN),ELECTRICAL_LAB
IU4009,K/THUAT GIAMSAT TINHTRAG,OTHER_SPECIAL
IU4010,K/THUAT GIAMSATTTRAG(TN),OTHER_SPECIAL
IU4015,CONG NGHE THUY LUC,MECHANICAL_WORKSHOP
IU4016,CONG NGHE THUY LUC (TN),MECHANICAL_WORKSHOP
IU4017,CONG NGHE LANH VA DIEU H,MECHANICAL_WORKSHOP
IU4019,AN TOAN &M/TRUONG TRG BD,GENERAL
IU4020,AN TOAN &M/T TRONG BD(TH,GENERAL
IU4021,KY THUAT BAO TRI,OTHER_SPECIAL
IU4022,KY THUAT BAO TRI (TN),OTHER_SPECIAL
IU4023,KHOI NGHIEP,GENERAL
IU4024,KHOI NGHIEP (THL),GENERAL
IU4025,CHI PHI BAO TRI,GENERAL
IU4026,CHI PHI BAO TRI (THL),GENERAL
IU4027,BAO TRI NANG SUAT TOAN D,GENERAL
LA0001,IELTS CAP DO 1,GENERAL
LA0003,IELTS CAP DO 2,GENERAL
LA0005,IELTS CAP DO 3,GENERAL
LA0007,IELTS CAP DO 4,GENERAL
LA0011,ANH VAN CO BAN A (NHUCAU,GENERAL
LA0013,ANH VAN CO BAN A+(NHUCAU,GENERAL
LA0017,ANH VAN CO BAN 1,GENERAL
LA0019,ANH VAN CO BAN 2,GENERAL
LA0023,ANH VAN CO BAN 2A (NHU C,GENERAL
LA1001,ANH VAN CO BAN,GENERAL
LA1003,Anh văn 1,GENERAL
LA1005,Anh văn 2,GENERAL
LA1007,Anh văn 3,GENERAL
LA1009,Anh văn 4,GENERAL
LA1011,Pháp văn 1,GENERAL
LA1012,PHAP VAN TANG CUONG 1,GENERAL
LA1013,Pháp văn 2,GENERAL
LA1014,PHAP VAN TANG CUONG 2,GENERAL
LA1015,Pháp văn 3,GENERAL
LA1016,PHAP VAN TANG CUONG 3,GENERAL
LA1017,Pháp văn 4,GENERAL
LA1018,PHAP VAN TANG CUONG 4,GENERAL
LA1019,ANH VAN TANG CUONG 1,GENERAL
LA1021,Tiếng Nhật 1,GENERAL
LA1023,Tiếng Nhật 2,GENERAL
LA1027,Tiếng Việt 1,GENERAL
LA1029,TOEIC 350,GENERAL
LA1031,TOEIC 400,GENERAL
LA1033,TOEIC 450,GENERAL
LA1035,TOEIC 500,GENERAL
LA1037,ANH VAN 1A (NHU CAU),GENERAL
LA1039,ANH VAN 2A (NHU CAU),GENERAL
LA1041,ANH VAN 3A (NHU CAU),GENERAL
LA1043,ANH VAN 4A (NHU CAU),GENERAL
LA1045,TIENG NHAT 1,GENERAL
LA1047,TIENG NHAT 2,GENERAL
LA1049,Tiếng Nhật - Kiến thức n,GENERAL
LA1051,Tiếng Nhật - Kỹ năng ngô,GENERAL
LA1053,Tiếng Nhật - Kiến thức n,GENERAL
LA1055,Tiếng Nhật - Kỹ năng ngô,GENERAL
LA1057,ANH VAN 5A (NHU CAU),GENERAL
LA2003,ANH VAN TANG CUONG 2,GENERAL
LA2007,Tiếng Nhật 4,GENERAL
LA2009,Tiếng Nhật 5,GENERAL
LA2015,Tiếng Việt 2,GENERAL
LA2017,TIENG NHAT 3,GENERAL
LA2019,TIENG NHAT 4,GENERAL
LA2021,Tiếng Nhật - Kiến thức n,GENERAL
LA2023,Tiếng Nhật - Kỹ năng ngô,GENERAL
LA2025,Tiếng Nhật - Kiến thức n,GENERAL
LA2027,Tiếng Nhật - Kỹ năng ngô,GENERAL
LA3003,PHAP VAN 5 (AUF),GENERAL
LA3005,PHAP VAN 6 (AUF),GENERAL
LA3007,PHAP VAN 7 (AUF),GENERAL
LA3009,PHAP VAN 8 (AUF),GENERAL
LA3011,ANH VAN TANG CUONG 3,GENERAL
LA3015,K/HOC T/NHAT DB KTD-DTTT,GENERAL
LA3019,Tiếng Việt 3,GENERAL
LA3021,Pháp văn 5,GENERAL
LA3022,PHAP VAN TANG CUONG 5,GENERAL
LA3023,Pháp văn 6,GENERAL
LA3024,PHAP VAN TANG CUONG 6,GENERAL
LA3025,TIENG NHAT 5,GENERAL
LA3027,TIENG NHAT 6,GENERAL
LA3029,Tiếng Nhật - Kiến thức n,GENERAL
LA3031,Tiếng Nhật - Kỹ năng ngô,GENERAL
LA3033,Tiếng Nhật - Kiến thức n,GENERAL
LA3035,Tiếng Nhật - Kỹ năng ngô,GENERAL
LA4003,ANH VAN TANG CUONG 4,GENERAL
LA4005,Tiếng Việt 4,GENERAL
LA4007,TIENG NHAT 7,GENERAL
LA4009,TIENG NHAT 8,GENERAL
LA4011,Tiếng Nhật - Kiến thức n,GENERAL
LA4013,Tiếng Nhật - Kỹ năng ngô,GENERAL
LA4015,Tiếng Nhật - Kiến thức n,GENERAL
LA4017,Tiếng Nhật - Kỹ năng ngô,GENERAL
MA1001,Nhập môn Về Kỹ thuật,GENERAL
MA1002,NHAP MON VE KTHUAT(BTTN),OTHER_SPECIAL
MA1003,Cơ sở Khoa học Vật liệu,GENERAL
MA1004,CO SO KHOA HOC V/LIEU(BT,GENERAL
MA1005,Nhập môn về kỹ thuật Bán,GENERAL
MA2001,VAT LY CHAT RAN,GENERAL
MA2003,DO LUONG VA TU DONG HOA,GENERAL
MA2005,Hóa học chất rắn,GENERAL
MA2006,HOA HOC CHAT RAN (THL),CHEMISTRY_LAB
MA2007,Hóa học Polyme,GENERAL
MA2008,HOA HOC POLYME(BT),GENERAL
MA2009,KIM LOAI HOC,GENERAL
MA2011,Điện hóa học,GENERAL
MA2012,DIEN HOA HOC(BT),GENERAL
MA2013,Các nguồn Năng lượng Tái,GENERAL
MA2014,CAC NGUON N/L TAITAO(BT),GENERAL
MA2015,Hóa lý Polymer,GENERAL
MA2016,HOA LY POLYMER(BT),GENERAL
MA2017,LY THUYET &C/NGHE L/KIM1,GENERAL
MA2019,Q/TR &THIET BI SILICAT 1,GENERAL
MA2033,Vật lý Chất rắn,GENERAL
MA2034,VAT LY CHAT RAN(BT),GENERAL
MA2035,Công nghệ Vật liệu,GENERAL
MA2036,CONG NGHE VAT LIEU(BT),GENERAL
MA2037,Hóa lý - Công nghệ Vật l,CHEMISTRY_LAB
MA2037.P,Hóa lý - Công nghệ Vật l,CHEMISTRY_LAB
MA2038,HOA LY-CN VL (BTTN),CHEMISTRY_LAB
MA2039,Hóa hữu Cơ - Công nghệ V,CHEMISTRY_LAB
MA2040,HOA HUU CO-CN VL (TN),CHEMISTRY_LAB
MA2041,HOA VO CO - CN VAT LIEU,CHEMISTRY_LAB
MA2042,HOA VO CO-CN VL (TN),CHEMISTRY_LAB
MA2043,Cơ sở hóa học vật liệu,CHEMISTRY_LAB
MA2044,CO SO HOA HOC VL (TN),CHEMISTRY_LAB
MA2121,Phương pháp tính toán cá,GENERAL
MA3001,CAC PP N/CUU CT VL VO CO,GENERAL
MA3002,CAC PP N/CUU CT VLVC(THL,CHEMISTRY_LAB
MA3003,NHIEUXA TIAX &CAC PPNCVL,PHYSICS_LAB
MA3004,NHIEUXA TIAX &PPNCVL (TN,PHYSICS_LAB
MA3005,PP P/T CAUTRUC VL POLYME,GENERAL
MA3006,PP P/T CTVL POLYME (THL),CHEMISTRY_LAB
MA3007,Phương pháp Đánh giá Vật,GENERAL
MA3008,P/PHAP DANH GIA VL (THL),CHEMISTRY_LAB
MA3009,Công nghệ Cao su,CHEMISTRY_LAB
MA3010,CONG NGHE CAO SU (BTTN),CHEMISTRY_LAB
MA3011,Hóa học Xúc tác,GENERAL
MA3012,HOA HOC XUC TAC (THL),CHEMISTRY_LAB
MA3013,HOA LY SILICATE,GENERAL
MA3015,L/T & CONG NGHE L/KIM 2,GENERAL
MA3017,CN CHE TAO VL &CAC HE NL,CHEMISTRY_LAB
MA3018,CNCT VL&CAC HE NL (TN),CHEMISTRY_LAB
MA3019,Kỹ thuật Sản xuất các ch,CHEMISTRY_LAB
MA3020,KTSX CAC CHAT CAO PT(TN),CHEMISTRY_LAB
MA3021,Nguyên lý Lò công nghiệp,GENERAL
MA3022,NGUYEN LY LO C/NGHIEP(TH,CHEMISTRY_LAB
MA3023,Q/TRINH &TH/BI SILICAT 2,GENERAL
MA3025,C/NGHE CAC CHAT TAO MANG,GENERAL
MA3027,CONG NGHE S/XUAT XI MANG,GENERAL
MA3028,CONG NGHE S/X XI MANG(TH,CHEMISTRY_LAB
MA3029,CONG NGHE DUC,MECHANICAL_WORKSHOP
MA3031,Vật liệu Chuyển hóa và T,GENERAL
MA3032,VL CH/HOA &TONTRU NL(THL,CHEMISTRY_LAB
MA3033,T/N NAU-DUC KL,MECHANICAL_WORKSHOP
MA3035,THI NGHIEM SILICAT DC,CHEMISTRY_LAB
MA3037,CONG NGHE VAT LIEU,GENERAL
MA3039,Kỹ thuật Sản xuất các Sả,GENERAL
MA3040,K/T SX CAC SP TTINH (BT),GENERAL
MA3041,TINH CHAT CUA POLYME,GENERAL
MA3043,VAT LIEU NANO TRONG CHNL,GENERAL
MA3045,CONGNGHE CANKEO KIM LOAI,GENERAL
MA3047,KY THUAT GIA CONG POLYME,GENERAL
MA3048,KY THUAT GIA CONG PO (TN,MECHANICAL_WORKSHOP
MA3049,N/CUU VI CAUTRUC &DGTCVL,GENERAL
MA3050,NC VICAUTRUC &DGTCVL(THL,OTHER_SPECIAL
MA3051,THI NGHIEM SILICAT CN,CHEMISTRY_LAB
MA3053,THIET KE SAN PHAM POLYME,GENERAL
MA3061,KY THUAT SX XENLULO&GIAY,GENERAL
MA3063,VAT LIEU COMPOSITE,GENERAL
MA3077,VAT LIEU KY THUAT,GENERAL
MA3078,VAT LIEU KY THUAT(BT),GENERAL
MA3079,CONG NGHE NHIET LUYEN,GENERAL
MA3080,CONG NGHE NHIET LUYEN(TN,MECHANICAL_WORKSHOP
MA3081,TN HOAHOC & HOALY POLYME,CHEMISTRY_LAB
MA3083,Cơ học Vật liệu,GENERAL
MA3084,CO HOC VAT LIEU (THL),GENERAL
MA3085,HOA HOC & HOA LY SILICAT,GENERAL
MA3086,HOAHOC &H/LY SILICAT(BT),GENERAL
MA3087,T/HANH HH & H/LY SILICAT,CHEMISTRY_LAB
MA3089,Quá trình và Thiết bị Cơ,GENERAL
MA3090,"Q/TR & T/BI CO,NHIET(BT)",GENERAL
MA3091,Công nghệ Chế tạo các hệ,GENERAL
MA3092,C/NGHE CT CAC HE NL (TN),MECHANICAL_WORKSHOP
MA3093,Công nghệ Gốm sứ,GENERAL
MA3094,CONG NGHE GOM SU(BT),GENERAL
MA3095,Lý Thuyết và Công nghệ đ,GENERAL
MA3096,L/T &CONG NGHE DUC (BT),GENERAL
MA3097,Nhiễu xạ Tia X trong Ngh,GENERAL
MA3098,NXTX TNCCTVL&HDSDPMXL(TN,OTHER_SPECIAL
MA3099,T/NGHIEM DIEN HOA HOC,CHEMISTRY_LAB
MA3101,Truyền nhiệt và Truyền k,GENERAL
MA3102,TR/NHIET &TRUYENKHOI(BT),GENERAL
MA3103,Kim loại học và Nhiệt lu,GENERAL
MA3104,KIM LOAI HOC (TN),PHYSICS_LAB
MA3105,Luyện kim đen,GENERAL
MA3106,LUYEN KIM DEN(BT),GENERAL
MA3107,Các Phương pháp Phân tíc,GENERAL
MA3108,"CPPKT&DGVL:PTTCTV,TPH(TN",CHEMISTRY_LAB
MA3109,THI NGHIEM DUC,MECHANICAL_WORKSHOP
MA3111,Vật lý Vật liệu,GENERAL
MA3112,VAT LY VAT LIEU (THL),PHYSICS_LAB
MA3113,Hóa học Vật liệu,GENERAL
MA3114,HOA HOC VAT LIEU (THL),CHEMISTRY_LAB
MA3119,T/H DANHGIA TINH CHAT VL,CHEMISTRY_LAB
MA3121,TN HOA HOC POLYME,CHEMISTRY_LAB
MA3123,TN HOA LY POLYME,CHEMISTRY_LAB
MA3125,THUC HANH VAT LIEU 1,CHEMISTRY_LAB
MA3127,Vật liệu Siêu dẫn,GENERAL
MA3128,VAT LIEU SIEU DAN (THL),PHYSICS_LAB
MA3129,Khoa học ăn mòn,GENERAL
MA3130,KHOA HOC AN MON (THL),CHEMISTRY_LAB
MA3131,Vật liệu và mô phỏng số,GENERAL
MA3132,VAT LIEU &MO PHONG SO(TH,COMPUTER_LAB
MA3133,Kỹ thuật sản xuất bán dẫ,GENERAL
MA3134,KY THUAT S/X BAN DAN(THL,OTHER_SPECIAL
MA3135,Công nghệ sản xuất và lắ,GENERAL
MA3136,CN SX&LAP DAT TAM Q/D(TH,MECHANICAL_WORKSHOP
MA3137,Kỹ thuật Xúc tác,GENERAL
MA3138,KY THUAT XUC TAC (THL),CHEMISTRY_LAB
MA3139,Vật liệu Nano Cacbon,GENERAL
MA3140,VAT LIEU NANO CACBON(THL,CHEMISTRY_LAB
MA3141,Kỹ thuật Phân tích Vật l,GENERAL
MA3142,KYTHUAT PHAN TICH V/L(TH,CHEMISTRY_LAB
MA3143,T/HANH PHAN TICH VATLIEU,CHEMISTRY_LAB
MA3145,Các nguồn Năng lượng Bền,GENERAL
MA3146,CAC NGUON N/LUONG BV(THL,PHYSICS_LAB
MA3147,Công nghệ Vật liệu Đại c,GENERAL
MA3148,CONG NGHE VAT LIEU DC(TH,CHEMISTRY_LAB
MA3149,TN CHE TAO CAC HE N/LUOG,ELECTRICAL_LAB
MA3151,CAC TINH CHAT VAT LIEU,GENERAL
MA3152,CAC TINH CHAT VL (THL),CHEMISTRY_LAB
MA3153,Môi trường và An toàn Nh,GENERAL
MA3154,MT &ATNMSX & GCVL (THL),MECHANICAL_WORKSHOP
MA3157,Kỹ thuật thực nghiệm tro,GENERAL
MA3158,KT THUC NGHIEM TRG VL(TN,CHEMISTRY_LAB
MA3159,Mô phỏng trong kỹ thuật,COMPUTER_LAB
MA3161,Khoa học và công nghệ vậ,GENERAL
MA3162,KHOA HOC VA CNVL POLYME,CHEMISTRY_LAB
MA3163,Công nghệ vật liệu ceram,GENERAL
MA3164,CNVL CERAMIC CB DEN NC,CHEMISTRY_LAB
MA3165,Vật liệu kim loaị và các,GENERAL
MA3166,VLKL& CAC QUA TRINH CN,MECHANICAL_WORKSHOP
MA3167,Hóa lý silicat,GENERAL
MA3168,HOA LY SILICAT,CHEMISTRY_LAB
MA3169,THUC HANH HOA LY SILICAT,CHEMISTRY_LAB
MA3171,Phương pháp phân tích và,GENERAL
MA4001,KY THUAT GOM SU,GENERAL
MA4002,KY THUAT GOM SU (THL),CHEMISTRY_LAB
MA4007,VAT LIEU VA CONG NGHE MM,GENERAL
MA4009,VAT LIEU XAY DUNG,GENERAL
MA4010,VAT LIEU XAY DUNG (THL),CHEMISTRY_LAB
MA4013,POLYMER CO TINH NANG DB,GENERAL
MA4015,TINH CHAT &CONG NGHE VL,GENERAL
MA4016,T/CHAT &CONG NGHE VL(THL,CHEMISTRY_LAB
MA4017,VAT LIEU &LINH KIEN DTQH,GENERAL
MA4018,V/LIEU &L/KIEN DTQH (BT),ELECTRICAL_LAB
MA4019,LOP PHU CERAMIC,GENERAL
MA4021,VL NANOCOMPOSITE NEN POL,GENERAL
MA4023,VL &CN IN ANH LITHO&KHAC,GENERAL
MA4025,Công nghệ Sản xuất Gạch,GENERAL
MA4026,C/N SX GACH OL-SU VS(TN),CHEMISTRY_LAB
MA4027,VAT LY BAN DAN,GENERAL
MA4028,VAT LY BAN DAN(BT),PHYSICS_LAB
MA4029,DUC LIEN TUC,GENERAL
MA4031,POLYME DAN DIEN,GENERAL
MA4033,Vật liệu Y sinh,GENERAL
MA4034,VAT LIEU Y SINH(BT),CHEMISTRY_LAB
MA4035,POLYMER YSINH &POLYME PH,GENERAL
MA4037,VAT LIEU KY THUAT,GENERAL
MA4039,VAT LIEU MOI TRUONG,GENERAL
MA4041,KY THUAT SX VAT LIEU CL,GENERAL
MA4043,VAT LIEU TINH TOAN,GENERAL
MA4045,AN MON & BAO VE VAT LIEU,GENERAL
MA4047,Thiết kế Đúc,GENERAL
MA4048,THIET KE DUC (THL),MECHANICAL_WORKSHOP
MA4049,XU LY BE MAT VAT LIEU KL,GENERAL
MA4050,XL BE MAT VAT LIEU KL(TH,MECHANICAL_WORKSHOP
MA4055,LUA CHON VA SU DUNG VLKT,GENERAL
MA4057,CONG NGHE CHE TAO SOI,GENERAL
MA4059,VAT LIEU &CONG NGHE SXBB,GENERAL
MA4061,XL M/TRUONG NM SX VL KL,GENERAL
MA4063,DIEN HOA CONG NGHIEP,GENERAL
MA4065,Đo lường và Tự động hóa,GENERAL
MA4067,Kỹ thuật Gia công Polyme,GENERAL
MA4068,K/T GIA CONG POLYME (TN),MECHANICAL_WORKSHOP
MA4069,Các Tính chất của Vật li,GENERAL
MA4070,CAC T/C CUA VL POLYME(TH,CHEMISTRY_LAB
MA4079,Công nghệ Các chất Tạo m,GENERAL
MA4081,Vật liệu polyme có tính,GENERAL
MA4083,Vật liệu Polymer Composi,GENERAL
MA4084,V/L POLYME COMPOSITE(THL,MECHANICAL_WORKSHOP
MA4085,Polyme Blend,GENERAL
MA4086,POLYME BLEND (THL),CHEMISTRY_LAB
MA4087,"Công nghệ Xi-măng, Bê tô",GENERAL
MA4088,"C/N XI-MANG, BE TONG(BT)",OTHER_SPECIAL
MA4089,Vật liệu gốm kỹ thuật đi,GENERAL
MA4090,"VL GOM KT DIEN,DIENTU(BT",OTHER_SPECIAL
MA4091,Vật liệu Môi trường,GENERAL
MA4092,VAT LIEU MOI TRUONG(BT),CHEMISTRY_LAB
MA4093,Kỹ thuật sản xuất vật li,GENERAL
MA4094,KT SX V/LIEU CHIU LUA(BT,GENERAL
MA4095,Phụ gia công nghệ xi-măn,GENERAL
MA4096,"P/G CN XIMANG,BETONG(BT)",GENERAL
MA4097,Lớp phủ ceramic,GENERAL
MA4098,LOP PHU CERAMIC(TN),CHEMISTRY_LAB
MA4099,CAC KT GIA CONG THUYTINH,GENERAL
MA4100,CAC KT GIACONG T/TINH(BT,GENERAL
MA4101,MEN VA MAU,GENERAL
MA4102,MEN VA MAU(TN),CHEMISTRY_LAB
MA4103,Luyện kim màu,GENERAL
MA4103.P,Luyện kim màu,GENERAL
MA4104,LUYEN KIM MAU (ThL+TN),MECHANICAL_WORKSHOP
MA4105,Công nghệ kim loại bột,GENERAL
MA4106,CONG NGHE KIMLOAI BOT(BT,GENERAL
MA4107,Ăn mòn và phá hủy trong,GENERAL
MA4108,A/M &PHA HUY TRG VLKL(BT,GENERAL
MA4109,Đúc liên tục,GENERAL
MA4110,DUC LIEN TUC (THL),MECHANICAL_WORKSHOP
MA4111,T/NGHIEM PHAN TICH HOALY,CHEMISTRY_LAB
MA4113,Vật liệu Tiên tiến trong,GENERAL
MA4115,Các phương pháp gia công,GENERAL
MA4117,Polyme dẫn điện,GENERAL
MA4119,Vật liệu và Công nghệ Qu,GENERAL
MA4120,VL &CONG NGHE QUANG KHAC,GENERAL
MA4121,Kỹ thuật Tính toán và Mô,GENERAL
MA4123,Phát triển Bền vững và C,GENERAL
MA4124,P/T BEN VUNG &CNXLMT(THL,CHEMISTRY_LAB
MA4125,Tạo hình Kim loại,GENERAL
MA4126,TAO HINH KIM LOAI (THL),MECHANICAL_WORKSHOP
MA4127,Công nghệ Nhiệt luyện,GENERAL
MA4128,C/NGHE NHIET LUYEN (TN),MECHANICAL_WORKSHOP
MA4129,Công nghệ phun phủ kim l,GENERAL
MA4130,C/NGHE PHUN PHU KLOAI(BT,MECHANICAL_WORKSHOP
MA4131,Điện hóa kim loại,GENERAL
MA4132,DIEN HOA KIM LOAI (THL),CHEMISTRY_LAB
MA4133,Lý thuyết và công nghệ b,GENERAL
MA4134,L/T &CN B/DANG DEO (THL),MECHANICAL_WORKSHOP
MA4139,Kỹ thuật Phân tích Hóa l,GENERAL
MA4140,KY THUAT PHANTICH H/L(TH,CHEMISTRY_LAB
MA4141,Công nghệ Điện hóa,GENERAL
MA4142,CONG NGHE DIEN HOA (THL),CHEMISTRY_LAB
MA4145,THUC HANH DIEN HOA,CHEMISTRY_LAB
MA4147,THUC HANH P/TICH HOA LY,CHEMISTRY_LAB
MA4153,Công nghệ Cao su,GENERAL
MA4154,CONG NGHE CAO SU (THL),CHEMISTRY_LAB
MA4155,T/NGHIEM CONG NGHE CAOSU,CHEMISTRY_LAB
MA4159,Công nghệ Phân loại và T,GENERAL
MA4160,CN PL&TC RACTHAI NHUA(TH,MECHANICAL_WORKSHOP
MA4161,Công nghệ sản xuất bao b,GENERAL
MA4162,C/NGHE SAN XUAT BAOBI(TH,MECHANICAL_WORKSHOP
MA4163,Kỹ thuật sản xuất xenlul,GENERAL
MA4164,K/T SX XENLULO &GIAY (TH,CHEMISTRY_LAB
MA4165,Polyme Y sinh và Polyme,GENERAL
MA4166,POLYME YS &POLYME P/H(TH,CHEMISTRY_LAB
MA4167,Vật liệu cao su ứng dụng,GENERAL
MA4168,VAT LIEU CAOSU U/DUNG(TH,CHEMISTRY_LAB
MA4169,VAT LIEU POLYME XOP,GENERAL
MA4175,THUC HANH VAT LIEU 2,CHEMISTRY_LAB
MA4177,Các phương pháp phân tíc,GENERAL
MA4178,CAC P/P P/T VAT LIEU(THL,CHEMISTRY_LAB
MA4179,Lựa chọn và Sử dụng Vật,GENERAL
MA4180,LUA CHON&SU DUNG VLKT(BT,GENERAL
MA4181,Vật liệu & Công nghệ nan,GENERAL
MA4183,Vật liệu và Công nghệ Bá,GENERAL
MA4185,Vật liệu sinh học và ứng,GENERAL
MA4187,Vật liệu và công nghệ in,GENERAL
MA4189,Vật liệu thông minh và đ,GENERAL
MA4191,Vật liệu ứng dụng cho cô,GENERAL
MA4195,HOA HUU CO - CONG NGHE V,CHEMISTRY_LAB
MA4197,CONG NGHE VAT LIEU,CHEMISTRY_LAB
MA4199,CO HOC VAT LIEU,PHYSICS_LAB
MA4201,TRUYEN NHIET VA TRUYEN K,PHYSICS_LAB
MA4203,KIM LOAI HOC VA NHIET LU,MECHANICAL_WORKSHOP
MA4205,HOA LY - CONG NGHE VAT L,CHEMISTRY_LAB
MA4207,HOA HOC VA HOA LY SILICA,CHEMISTRY_LAB
MA4209,KY THUAT SAN XUAT CAC SA,MECHANICAL_WORKSHOP
MA4211,LUYEN KIM DEN,MECHANICAL_WORKSHOP
MA4213,QUA TRINH VA THIET BI CO,MECHANICAL_WORKSHOP
MA4215,VAT LY CHAT RAN,PHYSICS_LAB
MA4217,HOA HOC POLYME,CHEMISTRY_LAB
MA4219,HOA LY POLYME,CHEMISTRY_LAB
MA4221,CO SO KHOA HOC VAT LIEU,CHEMISTRY_LAB
MA4223,DIEN HOA HOC,CHEMISTRY_LAB
MA4225,VAN CHUYEN HOA VA TON TR,CHEMISTRY_LAB
MA4227,HOA VO CO - CONG NGHE VA,CHEMISTRY_LAB
MA5015,Các Phương pháp Phân tíc,GENERAL
MA5019,T/H TAO MANG &CTCCVL POL,CHEMISTRY_LAB
MA5023,Pin: Từ Cổ điển đến Hiện,GENERAL
MA5024,PIN:TU CODIEN DEN H/D(TH,CHEMISTRY_LAB
MA5025,V/L POLYME COMPOSITE(PBL,GENERAL
MA5029,VAT LIEU POLYME COMPOSIT,GENERAL
MA5031,HON HOP CAO SU - NHUA,CHEMISTRY_LAB
MA5033,KY THUAT PHAN TICH CAU T,CHEMISTRY_LAB
MA5035,QUA TRINH CERAMIC,OTHER_SPECIAL
MA5037,VAT LIEU SINH HOC,GENERAL
MA5039,HOA HOC XI-MANG BE-TONG,CHEMISTRY_LAB
MA5041,VAT LIEU GEOPOLYMER,CHEMISTRY_LAB
MA5043,POLYME DAN DIEN UNG DUNG,GENERAL
MA5045,VAT LIEU VA MO PHONG SO,COMPUTER_LAB
MA5047,CONG NGHE CHE TAO CAC HE,GENERAL
MA5049,POLYME PHAN HUY SINH HOC,GENERAL
MA5051,THIET BI VA HE THONG DIE,ELECTRICAL_LAB
MA5053,CAC NGUON NANG LUONG BEN,GENERAL
MA5055,CONG NGHE BAN DAN,GENERAL
MA5057,HON HOP POLYMER,GENERAL
MA5063,LUA CHON VAT LIEU TRONG,GENERAL
MA5065,HOA HOC XI-MANG BE-TONG,GENERAL
MA5067,CO SO CAC TINH CHAT VAT,GENERAL
MA5069,KY THUAT THUC NGHIEM VA,CHEMISTRY_LAB
MA5071,GIAM CAP & BAO VE VAT LI,GENERAL
MA5073,LUA CHON VAT LIEU,GENERAL
MA5075,KHOA HOC VA CONG NGHE VA,GENERAL
MA5077,PHUONG PHAP PHAN TICH &,CHEMISTRY_LAB
MA5079,CO SO MO PHONG VAT LIEU,COMPUTER_LAB
MA5081,HOA HOC NANO,GENERAL
MA5083,HOA HOC NANO,GENERAL
MA5085,PHAN TICH VAT LIEU BANG,GENERAL
MA5087,CONG NGHE NHIET LUYEN TI,GENERAL
MA5089,CONG NGHE VA UNG DUNG LU,GENERAL
MA5091,LUA CHON VAT LIEU TRONG,GENERAL
MA5093,VAT LIEU COMPOSITE TIEN,GENERAL
MA5095,VAT LIEU CO CAU TRUC NAN,GENERAL
MA5097,"CAU TRUC, TINH CHAT VA U",GENERAL
MA5099,PHAN TICH TINH CHAT CO N,GENERAL
MA5101,VAT LIEU XOP TIEN TIEN,GENERAL
MA7001,KHOA HOC VA CONG NGHE VA,GENERAL
MA7003,PHUONG PHAP PHAN TICH VA,CHEMISTRY_LAB
MA7005,VAT LIEU NANO TRONG HOA,GENERAL
MA7007,DAC TINH VAT LIEU NANO,GENERAL
MA7009,CAC PHUONG PHAP THUC NGH,GENERAL
MA7011,VAT LIEU GOM DIEN,GENERAL
MA7013,PHUONG PHAP NGHIEN CUU P,GENERAL
MA7015,VAT LIEU TREN CO SO PHUO,GENERAL
MA7017,VAT LIEU GOM THUY TINH,GENERAL
MA7019,VAT LIEU XI MANG NANG CA,GENERAL
MA7021,VAT LIEU KHOANG THAY THE,GENERAL
MA7023,KIM LOAI HOC NANG CAO,GENERAL
MA7025,CONG NGHE KIM LOAI BOT V,GENERAL
MA7027,CO SO LY THUYET QUA TRIN,GENERAL
MA7029,LY THUYET QUA TRINH LUYE,GENERAL
MA7031,VAT LIEU NANO KIM LOAI V,GENERAL
MA7033,TONG HOP VA BIEN TINH PO,GENERAL
MA7035,POLYME CO TINH NANG DAC,GENERAL
MA7037,PHAN TICH VAT LIEU POLYM,GENERAL
MA7039,VAT LIEU Y SINH,GENERAL
MA7041,CO SO LY THUYET KET KHOI,GENERAL
MA7043,CONG NGHE GOM THUY TINH,GENERAL
MA7045,CONG NGHE VAT LIEU CACH,GENERAL
MA7047,VAT LIEU COMPOSITE NANG,GENERAL
MA7049,VAT LIEU NANO VA NANOCOM,GENERAL
MA7051,VAT LIEU POLYME Y SINH,GENERAL
MA7053,CO SO MO PHONG VAT LIEU,COMPUTER_LAB
MA7055,HOA HOC NANO,GENERAL
MA7057,VAT LIEU MOI TRUONG,GENERAL
MA7059,KHOA HOC VA CONG NGHE VA,GENERAL
MA7061,PHUONG PHAP PHAN TICH &,CHEMISTRY_LAB
MA7063,HOA HOC NANO,GENERAL
MA7065,PHAN TICH VAT LIEU BANG,GENERAL
MA7067,CONG NGHE NHIET LUYEN TI,GENERAL
MA7069,CONG NGHE VA UNG DUNG LU,GENERAL
MA7071,LUA CHON VAT LIEU TRONG,GENERAL
MA7073,VAT LIEU COMPOSITE TIEN,GENERAL
MA7075,VAT LIEU CO CAU TRUC NAN,GENERAL
MA7077,"CAU TRUC, TINH CHAT VA U",GENERAL
MA7079,PHAN TICH TINH CHAT CO N,GENERAL
MA7081,VAT LIEU XOP TIEN TIEN,GENERAL
MA7083,VAT LIEU POLYME COMPOSIT,GENERAL
MA7085,KY THUAT PHAN TICH CAU T,PHYSICS_LAB
MA7087,QUA TRINH CERAMIC,OTHER_SPECIAL
MA7089,VAT LIEU SINH HOC,GENERAL
MA7091,HOA HOC XI-MANG BE-TONG,CHEMISTRY_LAB
MA7093,VAT LIEU GEOPOLYMER,CHEMISTRY_LAB
MA7095,POLYME DAN DIEN UNG DUNG,GENERAL
MA7097,VAT LIEU VA MO PHONG SO,GENERAL
MA7099,CONG NGHE CHE TAO CAC HE,GENERAL
MA7101,POLYME PHAN HUY SINH HOC,GENERAL
MA7103,THIET BI VA HE THONG DIE,ELECTRICAL_LAB
MA7105,CAC NGUON NANG LUONG BEN,GENERAL
MA7107,CONG NGHE BAN DAN,GENERAL
MA7109,HON HOP POLYMER,GENERAL
ME0001,BO TUC K/THUC KHOI CKCT,GENERAL
ME1001,NHAP MON VE KY THUAT,GENERAL
ME1003,CO KHI DAI CUONG,MECHANICAL_WORKSHOP
ME1004,CO KHI DAI CUONG (TN),MECHANICAL_WORKSHOP
ME1005,THUCTAP COKHI DAI CUONG1,MECHANICAL_WORKSHOP
ME1007,CO SO CONG NGHE DET MAY,GENERAL
ME1009,Quản lý Sản xuất,GENERAL
ME1010,QUAN LY SAN XUAT (TN),COMPUTER_LAB
ME1013,THUCTAP COKHI DAICUONG 1,MECHANICAL_WORKSHOP
ME1015,NGUYEN LY MAY,GENERAL
ME1016,NGUYEN LY MAY(THL),MECHANICAL_WORKSHOP
ME1017,MT&PT BEN VUNG TRG D/MAY,GENERAL
ME1018,MT&PT BEN VUNG TRG DM(TH,COMPUTER_LAB
ME1019,QUAN LY NANG SUAT VA CHA,GENERAL
ME1020,QUAN LY NANG SUAT&CHA(BT,GENERAL
ME1021,VAT LY DIEN TU,GENERAL
ME1022,VAT LY DIEN TU(THL),ELECTRICAL_LAB
ME2001,THUC TAP COKHI DAICUONG2,MECHANICAL_WORKSHOP
ME2003,NGUYEN LY MAY,GENERAL
ME2004,NGUYEN LY MAY (THL),MECHANICAL_WORKSHOP
ME2005,TRANGBI DIEN-DTU TRG MCN,GENERAL
ME2006,TRBI DIEN-DTU TRGMCN (TN,ELECTRICAL_LAB
ME2007,CHI TIET MAY,GENERAL
ME2008,CHI TIET MAY (THL),STUDIO
ME2009,KYTHUAT DIEUKHIEN TUDONG,GENERAL
ME2010,KYTHUAT DKHIEN TUDONG(TN,ELECTRICAL_LAB
ME2013,NHIETDONGLUCHOC&TR/NHIET,GENERAL
ME2014,NHIET DL HOC&TR/NHIET(TN,PHYSICS_LAB
ME2015,VAT LIEU HOC VA XU LY,GENERAL
ME2016,VAT LIEU HOC & XU LY (TN,PHYSICS_LAB
ME2019,MOI TRUONG VA CON NGUOI,GENERAL
ME2020,MOI TRUONG&CON NGUOI(TN),OTHER_SPECIAL
ME2021,VE CO KHI,GENERAL
ME2022,VE CO KHI (TH),STUDIO
ME2023,THUC TAP KY THUAT CHETAO,MECHANICAL_WORKSHOP
ME2025,THUC TAP KY THUAT(CN -TK,STUDIO
ME2029,THUC TAP KY THUAT (NHIET,PHYSICS_LAB
ME2033,THUC TAP KY THUAT (MAY),MECHANICAL_WORKSHOP
ME2039,"BOM, QUAT, MAY NEN",GENERAL
ME2040,"BOM, QUAT, MAY NEN (TN)",MECHANICAL_WORKSHOP
ME2041,NHIET DONG & TRUYENNHIET,GENERAL
ME2042,NHIETDONG&TRUYENNHIET(TN,PHYSICS_LAB
ME2043,CO HOC MAY,GENERAL
ME2044,CO HOC MAY(THL),GENERAL
ME2045,Kinh tế Kỹ thuật,GENERAL
ME2046,KINH TE KY THUAT(THL),GENERAL
ME2047,QUAN LY SAN XUAT,GENERAL
ME2048,QUAN LY SAN XUAT (TN),GENERAL
ME2049,?ng dụng Máy tính trong,COMPUTER_LAB
ME2050,UD MAY TINH TRG CN (TN),COMPUTER_LAB
ME2051,Vận trù học,GENERAL
ME2052,VAN TRU HOC(THL),GENERAL
ME2053,T/KE COGVIEC &DLG LAODOG,GENERAL
ME2054,TK CVIEC& DO LUONG LD(TN,GENERAL
ME2055,THONGKE TRONG CONGNGHIEP,GENERAL
ME2056,THONG KE TRONG CN (TN),COMPUTER_LAB
ME2057,TIN HOC TRONG DET MAY,COMPUTER_LAB
ME2059,POLYMER DET,GENERAL
ME2061,CONG NGHE SOI 1,OTHER_SPECIAL
ME2062,CONG NGHE SOI 1(THL),OTHER_SPECIAL
ME2063,KHOA HOC VAT LIEU DET,CHEMISTRY_LAB
ME2064,KHOA HOC VATLIEU DET(TN),CHEMISTRY_LAB
ME2065,CONG NGHE MAY 1,MECHANICAL_WORKSHOP
ME2067,NG/LY THIET KE THOITRANG,STUDIO
ME2068,NG/LY TK THOITRANG (TN),STUDIO
ME2071,CAC QUA TRINH CHE TAO,MECHANICAL_WORKSHOP
ME2072,CAC QUA TRINH CHE TAO(TN,MECHANICAL_WORKSHOP
ME2073,AN TOAN VS L/DONG DETMAY,GENERAL
ME2077,CO HOC MAY,GENERAL
ME2078,CO HOC MAY (THL),MECHANICAL_WORKSHOP
ME2079,TRNHIET &TB TRAODOINHIET,GENERAL
ME2083,HOA PHAN TICH DET,GENERAL
ME2084,HOA PHAN TICH DET(TN),CHEMISTRY_LAB
ME2087,THUC TAP CO KHI D/CUONG2,MECHANICAL_WORKSHOP
ME2089,VE KY THUAT CO KHI,STUDIO
ME2089.P,VE KY THUAT CO KHI,STUDIO
ME2090,"VE KY THUAT COKHI(THL,TN",STUDIO
ME2091,PHUONG PHAP SO,GENERAL
ME2092,PHUONG PHAP SO (THL),COMPUTER_LAB
ME2099,NHIET D/LUC HOC KY THUAT,GENERAL
ME2100,NH/D/LUC HOC KY THUAT(TN,PHYSICS_LAB
ME2101,CO HOC MAY,GENERAL
ME2102,CO HOC MAY(THL),GENERAL
ME2103,KHOA HOC VAT LIEU DET,GENERAL
ME2104,KHOA HOC VAT LIEU DET(TH,GENERAL
ME2105,CONG NGHE MAY 2,GENERAL
ME2107,TN K/TRA PT VAT LIEU DET,OTHER_SPECIAL
ME2109,MY THUAT TRANG PHUC,STUDIO
ME2111,T/KE CONG VIEC & NT HOC,GENERAL
ME2112,T/KE CONG VIEC & NT(TN),OTHER_SPECIAL
ME2113,Quản lý Thu mua,GENERAL
ME2114,QUAN LY THU MUA(THL),GENERAL
ME2117,THI NGHIEM CO HOC MAY,PHYSICS_LAB
ME2119,THUC TAP CONG NHAN,MECHANICAL_WORKSHOP
ME2121,"BOM, QUAT, MAY NEN",GENERAL
ME2122,"BOM, QUAT, MAY NEN (TN)",MECHANICAL_WORKSHOP
ME2123,Kỹ thuật Hệ thống,GENERAL
ME2124,KY THUAT HE THONG(THL),COMPUTER_LAB
ME2125,QUAN LY LOGISTICS,GENERAL
ME2127,CONG NGHE DET THOI,GENERAL
ME2129,CO SO THIET KE MAY,GENERAL
ME2130,C/S THIET KE MAY (THL),COMPUTER_LAB
ME2131,VL CO KHI & CN KIM LOAI,GENERAL
ME2132,VL CO KHI & CN K/LOAI(TN,MECHANICAL_WORKSHOP
ME2133,TIEP THI,GENERAL
ME2137,T/H TD HOA THIET KE (CA,COMPUTER_LAB
ME2139,Thiết kế mặt bằng,GENERAL
ME2140,THIET KE MAT BANG (TN),COMPUTER_LAB
ME2141,Kỹ thuật dự báo,GENERAL
ME2142,KY THUAT DU BAO(THL),COMPUTER_LAB
ME2147,Thực hành mô hình hóa và,COMPUTER_LAB
ME2149,Kỹ thuật mô hình hóa và,GENERAL
ME2150,KT MO HINH HOA &MP (TN),COMPUTER_LAB
ME2151,Quản lý chuỗi cung ứng,GENERAL
ME2153,THUC HANH QUAN LY DU AN,COMPUTER_LAB
ME2157,Kiểm soát và quản lý chấ,GENERAL
ME2158,K/SOAT QLY CHATLUONG(TN),COMPUTER_LAB
ME2159,KY THUAT LANH,GENERAL
ME2160,KY THUAT LANH (TN),OTHER_SPECIAL
ME2161,TRUYEN NHIET &TBTD NHIET,GENERAL
ME2162,TR/NHIET &TBTD NHIET (TN,PHYSICS_LAB
ME2163,CONG NGHE DET NHUOM,GENERAL
ME2167,CAD-CAM TRONG DET MAY,COMPUTER_LAB
ME2168,CAD-CAM TRG DET MAY (TN),COMPUTER_LAB
ME2169,KD &DANH GIA CL TRONG DM,GENERAL
ME2171,CONG NGHE MAY MAC,GENERAL
ME2173,CAC CN 4.0 TRONG QLNS&CL,GENERAL
ME2175,KINH DOANH THOI TRANG,GENERAL
ME2177,Thiết kế công việc và Er,GENERAL
ME2178,T/KE CONG VIEC VA ER (BT,GENERAL
ME2179,HE TRUYEN DONG DIEN,ELECTRICAL_LAB
ME2180,HE TRUYEN DONG DIEN(TN),ELECTRICAL_LAB
ME2181,Quản lý Dự án trong Công,COMPUTER_LAB
ME2182,QUAN LY DU AN TRONG CONG,COMPUTER_LAB
ME2319,Kỹ thuật và Quản lý Logi,GENERAL
ME2321,Thực hành ứng dụng các p,COMPUTER_LAB
ME3001,K/THUAT THUY LUC &KHINEN,MECHANICAL_WORKSHOP
ME3002,K/THUAT THUY LUC (TN),MECHANICAL_WORKSHOP
ME3003,DUNG SAI VA KY THUAT DO,MECHANICAL_WORKSHOP
ME3004,DUNG SAI VA K/TH DO (TN),MECHANICAL_WORKSHOP
ME3005,THIETKE HETHONG CODIENTU,GENERAL
ME3006,T/KEHETHONG CODIENTU(TN),ELECTRICAL_LAB
ME3007,VI DIEU KHIEN,ELECTRICAL_LAB
ME3008,VI DIEU KHIEN (TN),ELECTRICAL_LAB
ME3009,CAC QUA TRINH CHE TAO,MECHANICAL_WORKSHOP
ME3010,CAC QTRINH CHE TAO (TN),MECHANICAL_WORKSHOP
ME3011,DONG LUC HOC &DIEU KHIEN,GENERAL
ME3012,DONG LUC HOC &D/KHIEN(TH,ELECTRICAL_LAB
ME3013,HE THONG PLC,GENERAL
ME3014,HE THONG PLC (TN),ELECTRICAL_LAB
ME3015,KY THUAT ROBOT,GENERAL
ME3016,KY THUAT ROBOT(TN),ELECTRICAL_LAB
ME3021,KY THUAT NANG VAN CHUYEN,GENERAL
ME3022,KT NANG VAN CHUYEN (TN),MECHANICAL_WORKSHOP
ME3023,KY THUAT RUNG & UD TMXD,GENERAL
ME3024,KT RUNG & UD TMXD (TN),MECHANICAL_WORKSHOP
ME3025,PHUONG PHAP PHAN TU HH,GENERAL
ME3026,P/PHAP PHAN TU HH (THL),COMPUTER_LAB
ME3027,MO HINH HOA HINH HOC &MP,GENERAL
ME3028,MO HINH HOA HINH HOC(TN),COMPUTER_LAB
ME3031,KY THUAT CHE TAO 1,GENERAL
ME3032,KY THUAT CHE TAO 1 (TN),MECHANICAL_WORKSHOP
ME3033,KY THUAT CHE TAO 2,GENERAL
ME3034,KY THUAT CHE TAO 2(TN),MECHANICAL_WORKSHOP
ME3035,KY THUAT LANH,GENERAL
ME3036,KY THUAT LANH (TN),OTHER_SPECIAL
ME3037,DIEU HOA KHONG KHI,GENERAL
ME3038,DIEU HOA KHONG KHI (TN),OTHER_SPECIAL
ME3041,KY THUAT SAY,GENERAL
ME3043,LO HOI VA THIET BI DOT,GENERAL
ME3044,LO HOI VA THIETBI DOT(TN,OTHER_SPECIAL
ME3045,NANG LUONG TAI TAO,GENERAL
ME3047,CONG NGHE KHONG DET,GENERAL
ME3051,CONG NGHE DET THOI,GENERAL
ME3052,CONG NGHE DET THOI(BT),GENERAL
ME3053,CONG NGHE NHUOM,CHEMISTRY_LAB
ME3054,CONG NGHE NHUOM (TN),CHEMISTRY_LAB
ME3055,CONG NGHE SOI 2,GENERAL
ME3057,CONG NGHE TIEN XU LY,GENERAL
ME3061,HOA HOC THUOC NHUOM,CHEMISTRY_LAB
ME3062,HOA HOC THUOC NHUOM (TN),CHEMISTRY_LAB
ME3063,CONG NGHE DET KIM,GENERAL
ME3064,CONG NGHE DET KIM(THL),OTHER_SPECIAL
ME3065,VATLIEU DET HIEUNANG CAO,GENERAL
ME3067,C/NGHE NHUOM HOANTAT VAI,CHEMISTRY_LAB
ME3068,C/NGHE NHUOM HT VAI (TN),CHEMISTRY_LAB
ME3071,CONG NGHE SOI DET,GENERAL
ME3073,THIET BI NHUOM - IN,GENERAL
ME3075,KY THUAT IN HOA,OTHER_SPECIAL
ME3076,KY THUAT IN HOA (TN),OTHER_SPECIAL
ME3077,CAU TRUC VAI,GENERAL
ME3078,CAU TRUC VAI(THL),OTHER_SPECIAL
ME3081,THIET BI SOI DET,GENERAL
ME3082,THIET BI SOI DET(THL),OTHER_SPECIAL
ME3083,CONG NGHE MAY 2,GENERAL
ME3084,CONG NGHE MAY 2(THL),MECHANICAL_WORKSHOP
ME3085,THIET KE TRANG PHUC 1,GENERAL
ME3086,THIET KE TRANG PHUC 1(TH,STUDIO
ME3091,TAO MAU TREN MANOCANH,GENERAL
ME3092,TAO MAU TREN MANOCA (TN),STUDIO
ME3093,VE THOI TRANG,STUDIO
ME3095,K/THUAT TR/TRI TRANGPHUC,GENERAL
ME3096,K/THUAT TR/TRI TPHUC(TN),STUDIO
ME3097,TT TH/KE & TT TRANG PHUC,STUDIO
ME3101,DO LUONG VA DAM BAO CL,GENERAL
ME3102,DO LUONG &DAM BAO CL(THL,OTHER_SPECIAL
ME3105,THIET KE DO HOA,COMPUTER_LAB
ME3107,THAM MY HOC,GENERAL
ME3113,MY THUAT TRANG PHUC,STUDIO
ME3114,MY THUAT TRANG PHUC (TN),STUDIO
ME3115,THIET KE TRANG PHUC 2,GENERAL
ME3116,THIET KE TRANG PHUC 2(TN,STUDIO
ME3117,THIET KE MAT BANG,STUDIO
ME3118,THIET KE MAT BANG (TN),STUDIO
ME3137,THIET KE TRANG PHUC 1,GENERAL
ME3138,THIET KE TRANG PHUC 1(TH,STUDIO
ME3141,T/H TD HOA THIET KE (CAD,COMPUTER_LAB
ME3143,THUC TAP KY THUAT CO KHI,MECHANICAL_WORKSHOP
ME3147,TRUYEN NHIET &TBTD NHIET,GENERAL
ME3148,TR/NHIET &TBTD NHIET (TN,PHYSICS_LAB
ME3149,THUC TAP NHIET DAI CUONG,PHYSICS_LAB
ME3153,KY THUAT DIEU HOA K/KHI,GENERAL
ME3154,KY THUAT D/HOA K/KHI (TN,MECHANICAL_WORKSHOP
ME3155,THUC TAP KY THUAT N/LANH,MECHANICAL_WORKSHOP
ME3157,KY THUAT DU BAO,GENERAL
ME3161,Quản lý Vật tư và Tồn Kh,GENERAL
ME3162,Q/LY VAT TU & TON KHO(TH,GENERAL
ME3163,THUC HANH MO HINHHOA &MP,COMPUTER_LAB
ME3165,QUAN LY CHUOI CUNG UNG,GENERAL
ME3167,THUC HANH QUAN LY DU AN,GENERAL
ME3171,CAU TRUC VAI,GENERAL
ME3172,CAU TRUC VAI(THL),OTHER_SPECIAL
ME3173,TIEP THI,GENERAL
ME3175,THIET BI MAY,GENERAL
ME3177,THUC TAP THIET KE DO HOA,STUDIO
ME3179,HE THONG DIEU KHIEN T/M,GENERAL
ME3180,H/T DIEU KHIEN T/M (THL),ELECTRICAL_LAB
ME3181,TRI TUE NHAN TAO UNGDUNG,GENERAL
ME3182,TRI TUE NHAN TAO U/D(THL,COMPUTER_LAB
ME3183,INTERNET VAN VAT,GENERAL
ME3184,INTERNET VAN VAT (THL),ELECTRICAL_LAB
ME3185,ROBOT PHONG SINH HOC,GENERAL
ME3187,ROBOT DI DONG,GENERAL
ME3189,"H/T THU THAP DL,GS &DK",GENERAL
ME3190,"H/T T/THAP DL,GS &DK(THL",ELECTRICAL_LAB
ME3191,MAY DIEN &DAN DONG DIEN,GENERAL
ME3192,MAY DIEN &D/D DIEN (THL),ELECTRICAL_LAB
ME3193,HE THONG NHUNG,GENERAL
ME3194,HE THONG NHUNG (THL),ELECTRICAL_LAB
ME3195,U/D CAC HCTN TRG DET MAY,GENERAL
ME3197,U/D C/N MOI TRG NGANHDET,GENERAL
ME3201,KY THUAT CHE TAO 3,GENERAL
ME3202,KY THUAT CHE TAO 3 (TN),MECHANICAL_WORKSHOP
ME3203,CAC QT CHE TAO TIEN TIEN,GENERAL
ME3204,CAC QT CHE TAO TTIEN(TN),MECHANICAL_WORKSHOP
ME3205,MAY CONG CU,GENERAL
ME3206,MAY CONG CU (TN),MECHANICAL_WORKSHOP
ME3207,C/NGHE VLN & GC KHUONMAU,GENERAL
ME3208,C/NGHE VLN & GC KM (TN),MECHANICAL_WORKSHOP
ME3209,CONG NGHE BOI DAP V/LIEU,GENERAL
ME3210,CONG NGHE BOI DAPVL (TN),MECHANICAL_WORKSHOP
ME3211,KY THUAT DUC KIM LOAI,GENERAL
ME3212,KY THUAT DUC KIM LOAI(TN,MECHANICAL_WORKSHOP
ME3213,QUA TRINH THIETKE KTHUAT,GENERAL
ME3214,Q/T THIETKE KTHUAT (THL),COMPUTER_LAB
ME3215,TOI UU HOA &QUY HOACH TN,GENERAL
ME3216,TOI UU HOA &Q/H TN (THL),COMPUTER_LAB
ME3217,KY THUAT TAO DANG CN,GENERAL
ME3218,KY THUAT TAO DANG CN(TN),STUDIO
ME3219,DAO DONG KY THUAT,GENERAL
ME3220,DAO DONG KY THUAT (THL),MECHANICAL_WORKSHOP
ME3221,KY THUAT HE THONG,GENERAL
ME3222,KY THUAT HE THONG (TN),ELECTRICAL_LAB
ME3223,Quản lý Dự án,GENERAL
ME3224,QUAN LY DU AN(TN),COMPUTER_LAB
ME3225,Kiểm soát và Quản lý chấ,GENERAL
ME3226,K/SOAT QLY CHATLUONG(TN),COMPUTER_LAB
ME3229,Kỹ thuật ra Quyết định,GENERAL
ME3231,KY THUAT MHH & MO PHONG,COMPUTER_LAB
ME3233,QUAN LY LOGISTICS,GENERAL
ME3234,QUAN LY LOGISTICS(BT),GENERAL
ME3235,D/KHIEN TUDONG TRONGKTDK,GENERAL
ME3237,HE THONG DIEU KHIEN SO,GENERAL
ME3238,HE THONG D/KHIEN SO (TN),ELECTRICAL_LAB
ME3239,CONG NGHE CNC,GENERAL
ME3240,CONG NGHE CNC (TN),MECHANICAL_WORKSHOP
ME3241,KY THUAT BIEN DANG THKL,GENERAL
ME3242,KY THUAT B/DANG THKL(TN),MECHANICAL_WORKSHOP
ME3243,KY THUAT LAP RAP,GENERAL
ME3244,KY THUAT LAP RAP (TN),MECHANICAL_WORKSHOP
ME3245,THANG MAY,GENERAL
ME3246,THANG MAY (TN),ELECTRICAL_LAB
ME3247,DONG LUC HOC MAY XD &NC,GENERAL
ME3248,DONGLUC HOC MAY XD&NC(TN,MECHANICAL_WORKSHOP
ME3249,UD T/HOC TRONG TKM XD&NC,GENERAL
ME3250,UD T/HOC TRONG TKM (TN),COMPUTER_LAB
ME3251,MAY VAN CHUYEN LIEN TUC,GENERAL
ME3252,MAY VAN CHUYEN L/TUC(TN),MECHANICAL_WORKSHOP
ME3253,Hoạch định Mặt bằng,GENERAL
ME3254,HOACH DINH MAT BANG (TN),COMPUTER_LAB
ME3257,Mô hình ra Quyết định tr,GENERAL
ME3263,THIET BI NANG VAN CHUYEN,GENERAL
ME3264,THIET BI NANG VC (TN),MECHANICAL_WORKSHOP
ME3265,Q/L T/BI NANG VAN CHUYEN,GENERAL
ME3281,VAT LIEU HOC VA XU LY,GENERAL
ME3282,VAT LIEU HOC & XU LY (TN,MECHANICAL_WORKSHOP
ME3283,CONG NGHE SOI 1,GENERAL
ME3284,CONG NGHE SOI 1(THL),OTHER_SPECIAL
ME3285,CONG NGHE MAY 2,GENERAL
ME3286,CONG NGHE MAY 2(THL),OTHER_SPECIAL
ME3287,THUC TAP KY THUAT (CDM),MECHANICAL_WORKSHOP
ME3289,THIET KE CHUYEN,GENERAL
ME3290,THIET KE CHUYEN(THL),COMPUTER_LAB
ME3291,MY THUAT TRANG PHUC,GENERAL
ME3292,MY THUAT TRANG PHUC(THL),STUDIO
ME3293,NHIETDONGLUCHOC&TR/NHIET,GENERAL
ME3294,NHIET DL HOC&TR/NHIET(TN,PHYSICS_LAB
ME3295,UNG DUNG THONG KE TRG CN,GENERAL
ME3297,?ng dụng Trí tuệ nhân tạ,COMPUTER_LAB
ME3299,Chuỗi cung ứng điện tử,GENERAL
ME3323,PTDL VA HM TRONG HTCN,GENERAL
ME3345,Thiết kế và vận hành nhà,GENERAL
ME3351,KY THUAT THUY LUC VA KHI,MECHANICAL_WORKSHOP
ME3353,THUC HANH KY THUAT CHE T,MECHANICAL_WORKSHOP
ME3355,TU DONG HOA TRONG CO KHI,GENERAL
ME3381,NHIET D/LUC HOC KY THUAT,GENERAL
ME3801,DUNG SAI VA KY THUAT DO,MECHANICAL_WORKSHOP
ME3802,DUNG/SAI&KY THUAT DO(TN),MECHANICAL_WORKSHOP
ME3803,CONG NGHE IN NHUOM,CHEMISTRY_LAB
ME3804,CONG NGHE IN NHUOM (TN),CHEMISTRY_LAB
ME3805,MO PHONG HE THONG ROBOT,GENERAL
ME4003,THIET KE HE THONG CO KHI,GENERAL
ME4004,THIET KE HE THONG CK(THL,COMPUTER_LAB
ME4005,MAY SX VAT LIEU & CKXD,MECHANICAL_WORKSHOP
ME4006,MAY SX VAT LIEU &CKXD(TN,MECHANICAL_WORKSHOP
ME4007,CAD/CAM,COMPUTER_LAB
ME4008,CAD/CAM (TN),COMPUTER_LAB
ME4009,DONG LUC HOC CO HE,GENERAL
ME4010,DONG LUC HOC CO HE (THL),COMPUTER_LAB
ME4011,MAY THI CONG CO GIOI,MECHANICAL_WORKSHOP
ME4012,MAY THI CONG CO GIOI(TN),MECHANICAL_WORKSHOP
ME4013,DO LUONG &TDH CAC QTNL,ELECTRICAL_LAB
ME4014,DO LUONG &TDHCACQTNL(TN),ELECTRICAL_LAB
ME4015,TRUNG TAM NHIET DIEN,MECHANICAL_WORKSHOP
ME4016,TRUNG TAM NHIET DIEN(TN),MECHANICAL_WORKSHOP
ME4017,THIET KE SP CONG NGHIEP,STUDIO
ME4018,THIET KE SP CNGHIEP (TN),STUDIO
ME4021,Vận tải Hàng hóa,GENERAL
ME4023,Điều độ trong Chuỗi cung,GENERAL
ME4024,DIEUDO TRONG CHUOI (TN),COMPUTER_LAB
ME4025,Quản lý Tồn kho trong Ch,GENERAL
ME4026,QUAN LY TONKHO TRONG(THL,COMPUTER_LAB
ME4027,Q/LY VAT TU &TONKHO(HTCN,GENERAL
ME4028,Q/L V/T &TONKHO(HTCN)(TH,COMPUTER_LAB
ME4031,Kỹ thuật Điều độ (KT Hệ,COMPUTER_LAB
ME4032,KY THUAT DIEUDO(HTCN)(TN,COMPUTER_LAB
ME4033,CONG NGHE HOAN TAT VAI,GENERAL
ME4041,THIET BI MAY,GENERAL
ME4043,KINH DOANH THOI TRANG,GENERAL
ME4055,THIET KE PHUKIEN T/TRANG,STUDIO
ME4056,THIET KE PHUKIEN TTR(TN),STUDIO
ME4063,CONG NGHE 4.0 TRG LVCK,COMPUTER_LAB
ME4064,C/NGHE 4.0 TRG LVCK (TN),COMPUTER_LAB
ME4073,NANG LUONG TAI TAO,GENERAL
ME4074,NANG LUONG TAI TAO(THL),ELECTRICAL_LAB
ME4075,THUC HANH TTMP TRONG NL,COMPUTER_LAB
ME4083,KY THUAT DO LUONG TRG NL,ELECTRICAL_LAB
ME4084,K/T DO LUONG TRG NL (TN),ELECTRICAL_LAB
ME4105,CAD-CAM TRONG DET MAY,COMPUTER_LAB
ME4106,CAD-CAM TRG DET MAY (TN),COMPUTER_LAB
ME4111,KD & DANH GIA CL HANG DM,GENERAL
ME4115,CONG NGHE MAY MAC,OTHER_SPECIAL
ME4123,THIET KE CHUYEN,GENERAL
ME4124,THIET KE CHUYEN(THL),COMPUTER_LAB
ME4125,CONG NGHE DET NHUOM,OTHER_SPECIAL
ME4127,THIETKE HETHONG CODIENTU,GENERAL
ME4131,KY THUAT SAY,OTHER_SPECIAL
ME4132,KY THUAT SAY (TN),OTHER_SPECIAL
ME4133,HT PLC TRONG ROBOT &TDH,ELECTRICAL_LAB
ME4134,HT PLC TRG ROBOT &TDH(TN,ELECTRICAL_LAB
ME4135,THIET KE HE THONG ROBOT,GENERAL
ME4136,T/KE HE THONG ROBOT (THL,COMPUTER_LAB
ME4137,DLH & DK CAC HT ROBOT,ELECTRICAL_LAB
ME4138,DLH &DK CAC HT ROBOT(THL,ELECTRICAL_LAB
ME4139,VI DIEU KHIEN,ELECTRICAL_LAB
ME4141,KY THUAT THONG GIO CN,GENERAL
ME4201,NHAP MON THIGIAC MAYTINH,COMPUTER_LAB
ME4202,NHAP MON THIGIAC M/T(THL,COMPUTER_LAB
ME4203,NHAP MON DIEU KHIEN HD,OTHER_SPECIAL
ME4204,NHAP MON D/K HD (THL),OTHER_SPECIAL
ME4205,TU DONG HOA SAN XUAT,GENERAL
ME4206,TU DONG HOA SAN XUAT(THL,ELECTRICAL_LAB
ME4207,HE THONG DIEU KHIEN MO,ELECTRICAL_LAB
ME4207.P,HE THONG DIEU KHIEN MO,ELECTRICAL_LAB
ME4208,"HE THONG D/K MO(THL,TN)",ELECTRICAL_LAB
ME4211,HE THONG THOI GIAN THUC,GENERAL
ME4212,H/T THOI GIAN THUC (THL),ELECTRICAL_LAB
ME4215,NHAP MON DIEU KHIEN QTCN,GENERAL
ME4216,NHAP MON D/K QTCN (THL),ELECTRICAL_LAB
ME4217,D/KHIEN CAC HETHONGSERVO,ELECTRICAL_LAB
ME4217.P,D/KHIEN CAC HETHONGSERVO,ELECTRICAL_LAB
ME4218,"D/K CAC HETHONG(THL,TN)",ELECTRICAL_LAB
ME4229,KY THUAT DIEU KHIEN TU D,ELECTRICAL_LAB
ME4231,VAT LIEU HOC VA XU LY,MECHANICAL_WORKSHOP
ME4233,KY THUAT HE THONG,GENERAL
ME4235,KINH TE KY THUAT,GENERAL
ME4237,VAN TRU HOC,GENERAL
ME4239,KIEM SOAT VA QUAN LY CHA,GENERAL
ME4241,THONG KE TRONG CONG NGHI,GENERAL
ME4243,VI DIEU KHIEN,ELECTRICAL_LAB
ME4245,NGUYEN LY MAY,GENERAL
ME4247,CHI TIET MAY,MECHANICAL_WORKSHOP
ME4249,KY THUAT THUY LUC VA KHI,MECHANICAL_WORKSHOP
ME4251,DONG LUC HOC VA DIEU KHI,ELECTRICAL_LAB
ME4253,THIET KE HE THONG CO DIE,ELECTRICAL_LAB
ME4255,CAC QUA TRINH CHE TAO,MECHANICAL_WORKSHOP
ME4257,NHIET DONG LUC HOC VA TR,PHYSICS_LAB
ME4259,QUAN LY SAN XUAT,GENERAL
ME4261,QUAN LY DU AN,GENERAL
ME4263,QUAN LY LOGISTICS,GENERAL
ME4265,TU DONG HOA SAN XUAT,MECHANICAL_WORKSHOP
ME4267,KY THUAT DIEU KHIEN TU D,ELECTRICAL_LAB
ME4269,CAD/CAM,COMPUTER_LAB
ME4271,CO SO CONG NGHE DET MAY,GENERAL
ME4273,KHOA HOC VAT LIEU DET,GENERAL
ME4275,TIN HOC TRONG DET MAY,GENERAL
ME4277,QUAN LY SAN XUAT,GENERAL
ME4279,"BOM, QUAT, MAY NEN",MECHANICAL_WORKSHOP
ME4301,VAT LIEU NHIET LANH,PHYSICS_LAB
ME4302,VAT LIEU NHIET LANH(THL),PHYSICS_LAB
ME4303,KY THUAT CHAY,CHEMISTRY_LAB
ME4304,KY THUAT CHAY (TN),CHEMISTRY_LAB
ME4305,TUABIN HOI VA TUABIN KHI,MECHANICAL_WORKSHOP
ME4306,TUABIN HOI&TUABIN KHI(TH,MECHANICAL_WORKSHOP
ME4307,KINH TE NANG LUONG,GENERAL
ME4309,"LAP DAT, VANHANH, SC HTL",GENERAL
ME4311,DIEN TRONG KY THUAT LANH,GENERAL
ME4313,ANH VAN CHUYEN NGANH,GENERAL
ME4401,T/KE DAM BAO KN CT & LR,PHYSICS_LAB
ME4402,T/KE DAM BAO KN CT (TN),PHYSICS_LAB
ME4409,QUAN LY VA KY THUAT BTCN,MECHANICAL_WORKSHOP
ME4410,QLY &KYTHUAT B/TRI CN(TN,MECHANICAL_WORKSHOP
ME4411,DAM BAO CHAT LUONG,PHYSICS_LAB
ME4412,DAM BAO CHAT LUONG (TN),PHYSICS_LAB
ME4413,KETCAU THEP THIETBI NANG,GENERAL
ME4414,KETCAU THEP T/BI NANG(TN,MECHANICAL_WORKSHOP
ME4417,THIET KE MAY TRUC,GENERAL
ME4418,THIET KE MAY TRUC (TN),MECHANICAL_WORKSHOP
ME4421,TD HOA TRONG MAY XD & NC,GENERAL
ME4422,TD HOA TRG MAY XD&NC(TN),COMPUTER_LAB
ME4431,KY THUAT CAN KIM LOAI,GENERAL
ME4432,KY THUAT CAN KIM LOAI(TN,MECHANICAL_WORKSHOP
ME4435,KY THUAT HAN,GENERAL
ME4436,KY THUAT HAN(TN),MECHANICAL_WORKSHOP
ME4451,VAT LIEU PHI KIM,GENERAL
ME4452,VAT LIEU PHI KIM(TN),PHYSICS_LAB
ME4459,TK KHUON TREN HTHCAD/CAE,COMPUTER_LAB
ME4460,TK KHUON TREN HTHCAD(TN),COMPUTER_LAB
ME4461,LUA CHON VATLIEU TRONGTK,GENERAL
ME4462,LUA CHON VATLIEU TTK(TN),COMPUTER_LAB
ME4463,PHAN TICH VA TOI UU KC,GENERAL
ME4464,P/TICH VA TOI UU KC (THL,COMPUTER_LAB
ME4465,KY THUAT DO TIN CAY,GENERAL
ME4466,KY THUAT DO TIN CAY (THL,COMPUTER_LAB
ME4467,TINH TOAN CO HOC &KC MAY,GENERAL
ME4468,T/TOAN CO HOC &KC MAY(TH,COMPUTER_LAB
ME4473,KY THUAT AN TOAN,GENERAL
ME4474,KY THUAT AN TOAN(TN),COMPUTER_LAB
ME4475,CAC CAM BIEN,GENERAL
ME4476,CAC CAM BIEN(TN),ELECTRICAL_LAB
ME4477,KY THUAT MA SAT,GENERAL
ME4478,KY THUAT MA SAT(TN),MECHANICAL_WORKSHOP
ME4479,KY THUAT MO PHONG,GENERAL
ME4480,KY THUAT MO PHONG(TN),COMPUTER_LAB
ME4483,KIEM TRA KHONG PHA HUY,GENERAL
ME4484,K/TRA KHONG PHA HUY (TN),MECHANICAL_WORKSHOP
ME4487,THIET KE &CT HT VI CO DT,GENERAL
ME4488,THIET KE &CT HT VICDT(TN,ELECTRICAL_LAB
ME4489,"KHAI THAC &BD MAY,XD &NC",GENERAL
ME4490,"KH/THAC &BD MAY,XD&NC(TN",MECHANICAL_WORKSHOP
ME4491,KY THUAT XL HINH ANH &AT,GENERAL
ME4492,KY THUAT XL H/ANH &AT(TN,COMPUTER_LAB
ME4493,KY THUAT CO Y SINH,GENERAL
ME4494,KY THUAT CO Y SINH (TN),OTHER_SPECIAL
ME4495,CONG NGHE PLC VA SCADA,ELECTRICAL_LAB
ME4497,VI GIA CONG,GENERAL
ME4498,VI GIA CONG(TN),MECHANICAL_WORKSHOP
ME4499,TU DONG HOA SAN XUAT,GENERAL
ME4500,TU DONG HOA SAN XUAT(TN),MECHANICAL_WORKSHOP
ME4501,CAU TRUC SOI,GENERAL
ME4505,THIET KE TRANG PHUC 3,STUDIO
ME4506,THIET KE TRANGPHUC 3(TN),STUDIO
ME4509,SAN PHAM DET SINH THAI,GENERAL
ME4511,TAI CHE VAT LIEU DET,GENERAL
ME4512,TAI CHE VAT LIEU DET(THL,OTHER_SPECIAL
ME4515,NHAP MON CONGNGHE DAGIAY,GENERAL
ME4516,NHAP MON C/N DA GIAY(THL,OTHER_SPECIAL
ME4517,LY THUYET THOI TRANG,GENERAL
ME4518,LY THUYET THOI TRANG(THL,STUDIO
ME4519,KY THUAT MAY NANG CAO,STUDIO
ME4521,NHANTRACHOC TRG NGANHMAY,GENERAL
ME4522,N/T/HOC TRG NGANHMAY(THL,OTHER_SPECIAL
ME4523,THIET KE RAP,GENERAL
ME4525,NGHE THUAT HOA TRANG,GENERAL
ME4527,THIET KE BO SUU TAP TT,GENERAL
ME4528,THIET KE BO SUUTAP TT(TN,STUDIO
ME4529,LICH SU THOI TRANG,GENERAL
ME4530,LICH SU THOI TRANG(THL),GENERAL
ME4531,THIET KE HOAVAN TREN VAI,GENERAL
ME4532,THIETKE HOAVAN TR.VAI(TN,STUDIO
ME4533,QUAN LY DON HANG,GENERAL
ME4601,KY THUAT DU BAO,GENERAL
ME4602,KY THUAT DU BAO(THL),COMPUTER_LAB
ME4603,QUAN LY BAO TRI,GENERAL
ME4605,HOACH DINH NGUON LUC SX,GENERAL
ME4606,H/DINH NGUON LUC SX(THL),COMPUTER_LAB
ME4607,Phân tích và Thiết kế Hệ,GENERAL
ME4608,PT &THIETKE HTTT Q/L(THL,COMPUTER_LAB
ME4609,HOACH DINH CHIEN LUOC,GENERAL
ME4611,Cải tiến Chất lượng,GENERAL
ME4612,CAI TIEN CHAT LUONG(THL),COMPUTER_LAB
ME4613,QUAN LY &DANH GIA C/NGHE,GENERAL
ME4615,Sản xuất Tinh gọn,GENERAL
ME4616,SAN XUAT TINH GON(THL),COMPUTER_LAB
ME4617,ERP,GENERAL
ME4618,ERP(THL),COMPUTER_LAB
ME4619,HE THONG VCHUYEN VATLIEU,GENERAL
ME4621,HE THONG SX LINH HOAT,GENERAL
ME4623,HE THONG SX TICH HOP,GENERAL
ME4625,Kỹ năng Lãnh đạo,GENERAL
ME4627,KINH TE VI MO,GENERAL
ME4629,KINH TE VI MO,GENERAL
ME4631,LEAN SIX SIGMA,GENERAL
ME4632,LEAN SIX SIGMA(THL),COMPUTER_LAB
ME4633,NHAN TRAC HOC,GENERAL
ME4635,NGUYENLY CHUONG TRINH DK,GENERAL
ME4637,PHAN TICH HETHONG DICHVU,GENERAL
ME4639,THAM DINH DU AN,GENERAL
ME4641,Quản lý và Vận hành Cảng,GENERAL
ME4643,VAN TAI DA PHUONG THUC,GENERAL
ME4645,HETHONG LOGISTICS THUHOI,GENERAL
ME4647,QL TINH GON TRG CHUOI CU,GENERAL
ME4649,TIEP THI LOGISTICS,GENERAL
ME4651,QUAN LY CHUOI CUNG UNG,GENERAL
ME4653,CHIENLUOC P/TR CANG BIEN,GENERAL
ME4655,THUONG MAI QUOC TE,GENERAL
ME4657,QUAN LY THU MUA,GENERAL
ME4658,QUAN LY THU MUA (THL),GENERAL
ME4659,VAN TAI HANG HAI,GENERAL
ME4661,QUAN LY NHA KHO &TON KHO,GENERAL
ME4662,Q/LY NHA KHO &TON KHO(TH,GENERAL
ME4663,H/DONG LOGISTICS QUOC TE,GENERAL
ME4667,AN TOAN VA NHAN TRAC HOC,GENERAL
ME4701,CAC QUATRINH CHETAO TINH,MECHANICAL_WORKSHOP
ME4702,CAC QUATRINH CT TINH (TN,MECHANICAL_WORKSHOP
ME4703,KY THUAT P/TICH CAC QTCT,MECHANICAL_WORKSHOP
ME4704,KY THUAT PT CAC QTCT(TN),MECHANICAL_WORKSHOP
ME4705,KHOA HOC LAO DONG,GENERAL
ME4706,KHOA HOC LAO DONG(TN),GENERAL
ME4707,CAC HTCHETAO CO SU HTCMT,COMPUTER_LAB
ME4708,CAC HTCHETAO COSHTCMT(TN,COMPUTER_LAB
ME4709,KY THUAT CHAT DEO,MECHANICAL_WORKSHOP
ME4710,KY THUAT CHAT DEO (TN),MECHANICAL_WORKSHOP
ME4711,NGUYEN LY CAT KIM LOAI,MECHANICAL_WORKSHOP
ME4712,NGUYEN LY CAT KIMLOAI(TN,MECHANICAL_WORKSHOP
ME4713,THIET KE & CT CAC HTTM,MECHANICAL_WORKSHOP
ME4714,THIET KE &CT CAC HTTM(TN,MECHANICAL_WORKSHOP
ME4717,CAD,COMPUTER_LAB
ME4719,THIET KE DUNG CU CAT KL,MECHANICAL_WORKSHOP
ME4720,THIETKE DUNGCU CAT KL(TN,MECHANICAL_WORKSHOP
ME4721,NGUYEN LY CAT VAT LIEU,MECHANICAL_WORKSHOP
ME4722,NGUYEN LY CAT VL (TN),MECHANICAL_WORKSHOP
ME4723,CHUYEN DE KYTHUAT CHETAO,MECHANICAL_WORKSHOP
ME4724,CHUYEN DE KT CHETAO (TN),MECHANICAL_WORKSHOP
ME4729,UNG DUNG THI GIAC MAY TI,COMPUTER_LAB
ME5003,KY THUAT ROBOT,GENERAL
ME5005,HE THONG PLC,ELECTRICAL_LAB
ME5006,HE THONG PLC(BT),ELECTRICAL_LAB
ME5019,DONG LUC HOC,GENERAL
ME5021,THIET KE TOI UU VA QUY H,GENERAL
ME5023,CO SO BIEN DANG TAO HINH,MECHANICAL_WORKSHOP
ME5025,CO SO KY THUAT CHE TAO,GENERAL
ME5027,DO LUONG NANG CAO,OTHER_SPECIAL
ME5029,CAD/CAM NANG CAO,COMPUTER_LAB
ME5031,KY THUAT MO PHONG,COMPUTER_LAB
ME5033,HE THONG THUY LUC NANG C,GENERAL
ME5035,CAC QUA TRINH CHE TAO MI,MECHANICAL_WORKSHOP
ME5037,HE THONG MICRO VA NANO,OTHER_SPECIAL
ME5039,CAC PHUONG PHAP GIA CONG,MECHANICAL_WORKSHOP
ME5041,VAT LIEU TIEN TIEN,OTHER_SPECIAL
ME5043,KIM LOAI HOC VAT LY,OTHER_SPECIAL
ME5045,LUA CHON VAT LIEU TRONG,GENERAL
ME5047,CAC PHUONG PHAP BIEN DAN,MECHANICAL_WORKSHOP
ME5049,CAC PHUONG PHAP DUC DAC,MECHANICAL_WORKSHOP
ME5051,BIEN DANG TAO HINH KIM L,MECHANICAL_WORKSHOP
ME5053,MO PHONG CAC QUA TRINH T,COMPUTER_LAB
ME5055,THIET BI NANG VAN CHUYEN,GENERAL
ME5057,CAC TO HOP THIET BI SAN,GENERAL
ME5059,MAY VA THIET BI THI CONG,GENERAL
ME5061,CO HOC DAT NANG CAO,GENERAL
ME5063,DONG LUC HOC MAY XAY DUN,GENERAL
ME5065,QUAN LY DU AN THIET KE V,GENERAL
ME5067,DAO DONG TRONG MAY XAY D,GENERAL
ME5069,VAT LIEU COMPOSITE NANG,OTHER_SPECIAL
ME5071,CAC PHUONG PHAP TINH NAN,COMPUTER_LAB
ME5073,THIET KE VA PHAT TRIEN S,COMPUTER_LAB
ME5075,THIET KE VA PHAN TICH TH,GENERAL
ME5077,QUAN LY CHAT LUONG TONG,GENERAL
ME5079,CONG NGHE TINH GON TRONG,GENERAL
ME5081,HO TRO RA QUYET DINH,GENERAL
ME5083,LOGISTICS - SCM,GENERAL
ME5085,MO HINH HOA & MO PHONG H,COMPUTER_LAB
ME5087,KY THUAT THIET KE MAT BA,GENERAL
ME5089,DANH GIA KINH TE & QUAN,GENERAL
ME5091,LAP KE HOACH VA DIEU DO,GENERAL
ME5093,HOACH DINH TON KHO VA VA,GENERAL
ME5095,SAN XUAT TINH GON NANG C,GENERAL
ME5097,HE THONG THONG TIN QUAN,GENERAL
ME5099,PHAN TICH & THIET KE CON,GENERAL
ME5101,HOACH DINH NGUON LUC ERP,GENERAL
ME5103,LEAN – 6 SIGMA,GENERAL
ME5105,TINH GON TRONG CHUOI CUN,GENERAL
ME5107,QUAN LY VAN TAI LOGISTIC,GENERAL
ME5109,CAM BIEN VA ?NG DUNG,GENERAL
ME5111,MO HINH HOA HE THONG CO,GENERAL
ME5113,HE THONG DIEU KHIEN HIEN,GENERAL
ME5115,HE THONG DIEU KHIEN PHI,GENERAL
ME5117,DIEU KHIEN THONG MINH,GENERAL
ME5119,DIEU KHIEN MAT TRUOT,GENERAL
ME5121,HE TUYEN TINH VA DIEU KH,GENERAL
ME5123,THIET KE VA PHAN TICH CO,GENERAL
ME5125,DONG LUC HOC TAY MAY VA,GENERAL
ME5127,DIEU KHIEN QUA TRINH,GENERAL
ME5129,THI GIAC MAY TINH,GENERAL
ME5131,TRUNG TAM NHIET DIEN,GENERAL
ME5133,THU HOI NHIET THAI,GENERAL
ME5135,BAO TOAN VA QUAN LY NANG,GENERAL
ME5137,TUABIN HOI VA TUABIN KHI,GENERAL
ME5139,DONG HAI PHA VA ONG NHIE,GENERAL
ME5141,THU HOI NHIET THAI,GENERAL
ME5143,TRUNG TAM NHIET DIEN,GENERAL
ME5145,QUA TRINH CHAY VA THIET,PHYSICS_LAB
ME5147,KY THUAT DET HIEN DAI,GENERAL
ME5149,KHOA HOC QUAN LY TRONG D,GENERAL
ME5151,CONG NGHE MAY HIEN DAI,GENERAL
ME5153,KIEM DINH VA DANH GIA TR,GENERAL
ME5155,VAT LIEU DET CHUC NANG T,GENERAL
ME5157,SAN PHAM DA THUOC TRONG,GENERAL
ME5159,CONG NGHE MAY THONG MINH,GENERAL
ME5161,VAT LIEU TIEN TIEN TRONG,GENERAL
ME5163,TU DONG HOA TRONG DET MA,GENERAL
ME5165,AN TOAN VA PHAT TRIEN BE,GENERAL
ME5167,DONG HOC NHUOM,GENERAL
ME5169,CONG NGHE HOAN TAT HIEN,GENERAL
ME5171,HE THONG CO DIEN TU TIEN,GENERAL
ME5173,HE THONG DIEU KHIEN SO,GENERAL
ME5175,UNG DUNG KHOA HOC DU LIE,COMPUTER_LAB
ME5177,QUAN LY CHUOI CUNG UNG T,GENERAL
ME5179,NHIET DONG LUC HOC VA TR,PHYSICS_LAB
ME5181,UNG DUNG KHOA HOC DU LIE,COMPUTER_LAB
ME5183,THUONG MAI DIEN TU,GENERAL
ME5185,QUAN LY TRI THUC TRONG C,GENERAL
ME5187,KHAI THAC DU LIEU TRONG,COMPUTER_LAB
ME5189,THIET KE VA VAN HANH KHO,GENERAL
ME5193,DIEU KHIEN THICH NGHI,GENERAL
ME5195,DIEU KHIEN TOI UU CHO CA,GENERAL
ME5197,UNG DUNG TRI TUE NHAN TA,COMPUTER_LAB
ME5201,HE THONG SAN XUAT TU DON,MECHANICAL_WORKSHOP
ME5205,SAN PHAM DET SINH THAI N,GENERAL
ME5207,NHIET DONG LUC HOC NANG,GENERAL
ME5209,TRUYEN NHIET NANG CAO,GENERAL
ME5211,NANG LUONG TAI TAO NANG,GENERAL
ME5213,KY THUAT LANH CONG NGHIE,GENERAL
ME5215,TRUNG TAM NHIET DIEN NAN,GENERAL
ME5217,THIET KE HE THONG NANG L,GENERAL
ME5219,MAY LANH HAP THU TRONG K,GENERAL
ME5221,UNG DUNG PHAN TICH EXERG,GENERAL
ME5223,DONG 2 PHA VA ONG NHIET,GENERAL
ME5225,UNG DUNG CFD TRONG NHIET,COMPUTER_LAB
ME5231,KY THUAT DET HIEN DAI,OTHER_SPECIAL
ME5233,KHOA HOC QUAN LY TRONG D,GENERAL
ME5235,KIEM DINH VA DANH GIA TR,GENERAL
ME5237,MY THUAT CONG NGHIEP TRO,STUDIO
ME5239,MO HINH HOA VA MO PHONG,COMPUTER_LAB
ME5247,KIEN TRUC MAY TINH,GENERAL
ME5249,DO LUONG VA DAM BAO CHAT,GENERAL
ME5253,THIET KE TOI UU CHO CAC,GENERAL
ME5255,XU LY TIN HIEU CHO CAC H,GENERAL
ME5257,DIEN TU CONG NGHIEP CHO,GENERAL
ME5259,CHE TAO THONG MINH,MECHANICAL_WORKSHOP
ME5261,KY THUAT LUA CHON VAT LI,GENERAL
ME5263,THIET KE HE THONG CO KHI,GENERAL
ME5265,DONG LUC HOC VA DAO DONG,PHYSICS_LAB
ME5267,CAI TIEN VA DAM BAO CHAT,GENERAL
ME5269,PHAN TICH VA THIET KE CO,COMPUTER_LAB
ME5271,LOGISTICS - SCM,GENERAL
ME5273,UNG DUNG TU DONG HOA TRO,GENERAL
ME5275,CHUOI GIA TRI DET MAY,GENERAL
ME5277,AN TOAN VA PHAT TRIEN BE,GENERAL
ME5279,TRUYEN NHIET,GENERAL
ME5281,NHIET DONG,GENERAL
ME5283,NANG LUONG TAI TAO,GENERAL
ME5285,KY THUAT LANH CONG NGHIE,GENERAL
ME5287,MAY LANH HAP THU TRONG K,GENERAL
ME5289,PHUONG PHAP THUC NGHIEM,GENERAL
ME5291,PHUONG PHAP SO TRONG TRU,GENERAL
ME5293,UNG DUNG PHAN TICH EXERG,GENERAL
ME5295,THIET KE HE THONG NANG L,GENERAL
ME7001,KY THUAT LANH CONG NGHIE,GENERAL
ME7003,MAY LANH HAP THU TRONG K,GENERAL
ME7005,NANG LUONG TAI TAO,GENERAL
ME7007,QUA TRINH CHAY,GENERAL
ME7009,TRUNG TAM NHIET DIEN,GENERAL
ME7011,BAO TOAN VA QUAN LY NANG,GENERAL
ME7013,DONG LUC HOC,PHYSICS_LAB
ME7015,THIET KE TOI UU VA QUY H,COMPUTER_LAB
ME7017,CO SO BIEN DANG TAO HINH,MECHANICAL_WORKSHOP
ME7019,CO SO KY THUAT CHE TAO,MECHANICAL_WORKSHOP
ME7021,DO LUONG NANG CAO,PHYSICS_LAB
ME7023,CONG NGHE VAT LIEU NHUA,OTHER_SPECIAL
ME7025,CAC PHUONG PHAP GIA CONG,MECHANICAL_WORKSHOP
ME7027,KY THUAT CHAN DOAN VA GI,COMPUTER_LAB
ME7029,SAN XUAT TINH GON,COMPUTER_LAB
ME7031,HE THONG THONG MINH,COMPUTER_LAB
ME7033,HE THONG SAN XUAT TIEN T,MECHANICAL_WORKSHOP
ME7035,KY THUAT MO PHONG,COMPUTER_LAB
ME7037,KY THUAT MO PHONG CAC QU,COMPUTER_LAB
ME7039,HE THONG THUY LUC NANG C,MECHANICAL_WORKSHOP
ME7041,KY THUAT MO PHONG CAC HE,COMPUTER_LAB
ME7043,MA SAT HOC,GENERAL
ME7045,HE THONG MICRO VA NANO,OTHER_SPECIAL
ME7047,CAC QUA TRINH CHE TAO MI,OTHER_SPECIAL
ME7049,KY THUAT NGUOC,COMPUTER_LAB
ME7051,CAD/CAM NANG CAO,COMPUTER_LAB
ME7053,DONG LUC HOC LUU CHAT NA,COMPUTER_LAB
ME7055,CONG NGHE VA THIET BI NA,GENERAL
ME7057,QUAN LY DU AN THIET KE V,GENERAL
ME7059,DAO DONG TRONG MAY XAY D,COMPUTER_LAB
ME7061,VAT LIEU TIEN TIEN,OTHER_SPECIAL
ME7063,KIM LOAI HOC VAT LY,OTHER_SPECIAL
ME7065,LUA CHON VAT LIEU TRONG,COMPUTER_LAB
ME7067,CAC PHUONG PHAP BIEN DAN,MECHANICAL_WORKSHOP
ME7069,CAC PHUONG PHAP DUC DAC,MECHANICAL_WORKSHOP
ME7071,BIEN DANG TAO HINH KIM L,MECHANICAL_WORKSHOP
ME7073,MO PHONG CAC QUA TRINH T,COMPUTER_LAB
ME7075,THI GIAC MAY TINH,COMPUTER_LAB
ME7077,CAM BIEN VA UNG DUNG,GENERAL
ME7079,HE HO TRO QUYET DINH,COMPUTER_LAB
ME7081,CAC TO HOP THIET BI SAN,GENERAL
ME7083,MAY VA THIET BI THI CONG,GENERAL
ME7085,CO HOC DAT NANG CAO,PHYSICS_LAB
ME7087,DONG LUC HOC MAY XAY DUN,COMPUTER_LAB
ME7089,THU HOI NHIET THAI,GENERAL
ME7091,DO LUONG VA DAM BAO CHAT,GENERAL
ME7093,UNG DUNG TU DONG HOA TRO,GENERAL
ME7095,CHUOI GIA TRI DET MAY,GENERAL
ME7097,AN TOAN VA PHAT TRIEN BE,GENERAL
ME7099,THIET KE TOI UU VA QUY H,GENERAL
ME7101,CAC PHUONG PHAP TINH NAN,COMPUTER_LAB
ME7103,THU HOI NHIET THAI,GENERAL
ME7105,BAO TOAN VA QUAN LY NANG,GENERAL
ME7107,TUABIN HOI VA TUABIN KHI,GENERAL
ME7109,QUA TRINH CHAY VA THIET,PHYSICS_LAB
ME7111,UNG DUNG KHOA HOC DU LIE,COMPUTER_LAB
ME7113,SAN PHAM DET SINH THAI N,GENERAL
ME7115,NHIET DONG LUC HOC NANG,GENERAL
ME7117,TRUYEN NHIET NANG CAO,GENERAL
ME7119,NANG LUONG TAI TAO NANG,GENERAL
ME7121,KY THUAT LANH CONG NGHIE,GENERAL
ME7123,TRUNG TAM NHIET DIEN NAN,GENERAL
ME7125,THIET KE HE THONG NANG L,GENERAL
ME7127,MAY LANH HAP THU TRONG K,GENERAL
ME7129,UNG DUNG PHAN TICH EXERG,GENERAL
ME7131,DONG 2 PHA VA ONG NHIET,GENERAL
ME7133,UNG DUNG CFD TRONG NHIET,COMPUTER_LAB
ME7135,THI GIAC MAY TINH,COMPUTER_LAB
MT0001,TOAN CAO CAP,GENERAL
MT1003,Giải tích 1,GENERAL
MT1004,GIAI TICH 1 (BT),GENERAL
MT1005,Giải tích 2,GENERAL
MT1006,GIAI TICH 2 (BT),GENERAL
MT1007,Đại số Tuyến tính,GENERAL
MT1009,Phương pháp tính,GENERAL
MT1011,Giải tích 1,GENERAL
MT1012,GIAI TICH 1 (BT),GENERAL
MT1013,Giải tích 2,GENERAL
MT1014,GIAI TICH 2 (BT),GENERAL
MT1015,Đại số Tuyến tính,GENERAL
MT1016,DAI SO TUYEN TINH (BT),GENERAL
MT1017,Giải tích trong Kinh doa,GENERAL
MT1018,GIAI TICH TROG K/D(THL),GENERAL
MT1019,Giải tích 1 (CT Tiên tiế,GENERAL
MT1020,GIAI TICH 1 (BT),GENERAL
MT1021,Giải tích 2 (CT Tiên tiế,GENERAL
MT1022,GIAI TICH 2 (BT),GENERAL
MT1023,Cơ sở Phương trình Vi ph,GENERAL
MT1024,CO SO PH/TRINH VIPHAN(BT,GENERAL
MT2001,XAC SUAT VA THONG KE,GENERAL
MT2002,XAC SUAT VA THONG KE (TH,GENERAL
MT2005,Phương trình Toán lý và,GENERAL
MT2006,PT TOAN LY & CS TUD(ThL),GENERAL
MT2007,Giải tích 3,GENERAL
MT2008,GIAI TICH 3(BT),GENERAL
MT2009,Xác suất và Thống kê,GENERAL
MT2011,Phương pháp tính,GENERAL
MT2013,Xác suất và Thống kê,GENERAL
MT2014,XAC SUAT VA THONG KE(BT),GENERAL
MT2015,Xác suất và ?ng dụng kỹ,GENERAL
P00001,TIENG ANH 1,GENERAL
P00002,PHAP LUAT DAI CUONG,GENERAL
P00003,MOI TRUONG,GENERAL
P00004,TRIET HOC,GENERAL
P00005,TOAN 1,GENERAL
P00006,HINH HOA,STUDIO
P00007,TIENG ANH 2,GENERAL
P00008,K/TE CHINH TRI MAC-LENIN,GENERAL
P00009,TOAN 2,GENERAL
P00010,XAC SUAT THONG KE,GENERAL
P00011,VAT LY 1,GENERAL
P00012,TIN HOC DAI CUONG,COMPUTER_LAB
P00013,THE DUC 1,OTHER_SPECIAL
P00015,TIENG ANH 3,GENERAL
P00016,TIENG PHAP 1,GENERAL
P00017,TOAN 3,GENERAL
P00018,VE KY THUAT,STUDIO
P00019,VAT LY 2,GENERAL
P00020,HOA HOC,CHEMISTRY_LAB
P00021,QUAN TRI HOC,GENERAL
P00022,DIEN TU,ELECTRICAL_LAB
P00023,NHIET HOC&CO HOC CHATLUU,GENERAL
P00024,LY THUYET DIEN,ELECTRICAL_LAB
P00025,VAT LY SONG,PHYSICS_LAB
P00026,CO HOC VAT RAN & SONG CO,PHYSICS_LAB
P00028,TRUYEN NHIET,GENERAL
P00029,KINH TE DAI CUONG 1,GENERAL
P00030,NHIET DONG HOC THONG KE,GENERAL
P00031,"BD FOURIER,LAPLACE,HUHOA",GENERAL
P00033,DAMH AM HOC,GENERAL
P00034,DTU HOC TUONG TU&UNGDUNG,ELECTRICAL_LAB
P00035,GIAI TICH SO &TOI UU HOA,GENERAL
P00036,MACH & NANG LUONG DIEN,ELECTRICAL_LAB
P00037,CON NGUOI & MOI TRUONG,GENERAL
P00038,THIET BI & CAM BIEN,ELECTRICAL_LAB
P00039,COHOC DC &CH MTR LIENTUC,PHYSICS_LAB
P00040,LICH SU DANG CS VIET NAM,GENERAL
P00041,HAM BIEN PHUC &DSO MTRAN,GENERAL
P00043,KINH TE DAI CUONG 2,GENERAL
P00044,KY THUAT VAT LIEU,PHYSICS_LAB
P00045,CN XA HOI KHOA HOC,GENERAL
P00046,BIEN DOI T/HIEU SO&UDUNG,GENERAL
P00047,PT THIET KE HUONG DTUONG,GENERAL
P00048,TD HOA & D/KHIEN TOI UU,GENERAL
P00049,SINH THAI CONG NGHIEP,GENERAL
P00050,NGUYEN LY HOA CONGNGHIEP,GENERAL
P00051,MACH TU & MAY BIEN THE,ELECTRICAL_LAB
P00052,TUONG TU & CAC MO HINH,GENERAL
P00053,PPHAP THONG KE &PTICH DL,GENERAL
P00054,PHEP TINH HINH THUC & UD,COMPUTER_LAB
P00055,CO HOC CHAT LONG & UDUNG,PHYSICS_LAB
P00057,CONG CU & MH HOA BANG SO,GENERAL
P00058,THE DUC 4,OTHER_SPECIAL
P00059,TIENG PHAP 2,GENERAL
P00060,SUC BEN VAT LIEU,GENERAL
P00061,"BUC XA,BAO BOC,GIAO THOA",GENERAL
P00062,BSUNG VE DIEN TU TUONGTU,GENERAL
P00063,PHAN TICH CAC HE T/TINH,GENERAL
P00064,"TU DONG HOA,KTRA &DKHIEN",GENERAL
P00065,NANG LUONG TAI TAO,GENERAL
P00066,BDIEN &XLY T/HIEU NNHIEN,GENERAL
P00067,XLY CAC TINHIEU TGTU &SO,GENERAL
P00068,SU PHAN PHOI DIEN NANG,ELECTRICAL_LAB
P00069,CAC KTHUAT & TTUC CAIDAT,GENERAL
P00070,CAC UDUNG CNG CUA DNANG,ELECTRICAL_LAB
P00071,"HOPDONG,THTRUONG &TCHUAN",GENERAL
P00072,DAMH MO PHONG-DU ANTHOC,COMPUTER_LAB
P00073,BAO HO SANG CHE,GENERAL
P00074,TIENG PHAP 2,GENERAL
P00075,XU LY TIN HIEU,GENERAL
P00076,MANG MAY TINH,COMPUTER_LAB
P00077,CAC HE THOI GIAN THUC 1,GENERAL
P00078,THIET BI KHOI DONG DIEN,ELECTRICAL_LAB
P00079,CSO DULIEU &CAC HE THTIN,COMPUTER_LAB
P00080,CAC HE DC TDONGTT&PTUYEN,ELECTRICAL_LAB
P00081,CHE TAO,MECHANICAL_WORKSHOP
P00082,THE DUC 3,OTHER_SPECIAL
P00083,AN MON & CHONG AN MON 2,GENERAL
P00084,TR/DONG THUY LUC &KHINEN,MECHANICAL_WORKSHOP
P00085,CTRUC NGUOI MAY LT DUOC,GENERAL
P00086,THIET BI KHOIDONG THMINH,ELECTRICAL_LAB
P00087,CAC CTRUCHK-C/HOC PHAHUY,GENERAL
P00088,TINH TOAN SO CAC CAUTRUC,COMPUTER_LAB
P00089,PHAN TICH GIATRI &CLUONG,GENERAL
P00090,HU HONG & PHA HUY 1,GENERAL
P00091,PHAN TU DAN HUONG 1,GENERAL
P00092,TINH DAN HOI KHI DONGHOC,GENERAL
P00093,THE DUC 2,OTHER_SPECIAL
P00094,DONG CO & BO DAN TIEN,GENERAL
P00095,DIEN TU HANG KHONG,GENERAL
P00096,LUA CHON VAT LIEU,GENERAL
P00097,THIET KE MAY DIENQUAY CS,GENERAL
P00098,CAC CONG TRINH VE DIEN,GENERAL
P00099,THIET KE LUOI DIEN(DAMH),GENERAL
P00100,CAC HE THOI GIAN THUC 2,GENERAL
P00101,THIET BI KHOI DONG DIEN2,GENERAL
P00102,CAC PHUONG PHAP GIA CONG,GENERAL
P00103,CAC PHUONG PHAP TAO DANG,GENERAL
P00104,PHAN TU DAN HUONG 2,GENERAL
P00105,VAT LY SONG,GENERAL
P00106,LY THUYET DIEN,ELECTRICAL_LAB
P00107,PHUONG PHAP TINH,COMPUTER_LAB
P00108,PHAP VAN A1 (TU CHON),GENERAL
P00109,PHAP VAN A2 (TU CHON),GENERAL
P00110,PHAP VAN A3 (TU CHON),GENERAL
P00111,PHAP VAN A4 (TU CHON),GENERAL
P00112,KINH TE VI MO-QL KE TOAN,GENERAL
P00113,KT VI MO-CH/LUOC & TCXN,GENERAL
P00114,QUAN LY SAN XUAT,GENERAL
P00116,CO HOC LUU CHAT THUC,GENERAL
P00117,CO HOC CAC CAU TRUC,GENERAL
P00118,DAO DONG 1,GENERAL
P00119,CO KHI DAI CUONG,GENERAL
P00120,TR/DONG CK CSUAT LON 1,GENERAL
P00121,CAC HE DIEU KHIEN 1,GENERAL
P00122,NGON NGU LTRINHTIEN TIEN,GENERAL
P00125,CAC HE DIEU KHIEN 2,GENERAL
P00126,TCHAT CAC VL TIEN TIEN,GENERAL
P00127,HU HONG & PHA HUY 2,GENERAL
P00129,DONG LUC HOC HK CO BAN,GENERAL
P00130,CO HOC BAY,GENERAL
P00131,SU CHAY,GENERAL
P00132,DIEU BIEN TT & DBIEN SO,GENERAL
P00133,CAC TINH CHAT PHO,GENERAL
P00134,DTU HOC CAC MACH LOGIC,GENERAL
P00135,CS DT HOC CONG SUAT LON,GENERAL
P00136,CAC L/KIEN & SU LAP RAP,GENERAL
P00137,CAC MAY DIEN 1CHIEU &XC,GENERAL
P00138,CAC BO BIEN DOI TINH,GENERAL
P00139,NGUYEN LY BIEN DICH &LT,GENERAL
P00140,"KTRUC CAC HTTH& MANG,VXL",GENERAL
P00141,SAN XUAT NANG LUONG DIEN,GENERAL
P00142,BT TIN HOC DAI CUONG,COMPUTER_LAB
P00144,BT HOA,CHEMISTRY_LAB
P00145,BT TOAN 3,GENERAL
P00146,CAU TRUC DU LIEU NANGCAO,GENERAL
P00147,TKE BG MTINH-TK CT BG MT,GENERAL
P00148,CH/NANG CAC HTHONG TRTAI,ELECTRICAL_LAB
P00149,SAN XUAT DIEN NANG,ELECTRICAL_LAB
P00150,LY THUYET VE KHI CU DIEN,ELECTRICAL_LAB
P00152,MO HINH HOA & SU CO,GENERAL
P00153,DKHIEN DOGCO DIEN 1CHIEU,ELECTRICAL_LAB
P00154,KHI CU DIEN,ELECTRICAL_LAB
P00155,BO BIEN DOI CONG SUAT,ELECTRICAL_LAB
P00156,TINH TOAN CAC LUOI DIEN,ELECTRICAL_LAB
P00157,DIEU KHIEN CAC MAY DIEN,ELECTRICAL_LAB
P00158,CAC HE TRUYEN THONG,GENERAL
P00159,QUANG DIEN TU HOC,ELECTRICAL_LAB
P00160,DTU HOC TAN SO VO TUYEN,ELECTRICAL_LAB
P00161,KENH TRUYEN RADIOMOBILE,GENERAL
P00162,DTU HOC DV CAC SONG VIBA,ELECTRICAL_LAB
P00163,MA HOA & TRUYEN BG KT SO,ELECTRICAL_LAB
P00164,MANG DIGITAL,COMPUTER_LAB
P00165,"LT TH/TIN,MA HOA TRTHONG",GENERAL
P00166,KHUYECH DAI SONG VI BA,GENERAL
P00167,CAC KY THUAT VI BA,ELECTRICAL_LAB
P00168,TR/SONG VT DIEN & ANTEN,ELECTRICAL_LAB
P00169,TONG HOP TAN SO,GENERAL
P00170,THU TRONG TRUYEN THONGSO,GENERAL
P00171,XL SO TIN HIEU &HINH ANH,COMPUTER_LAB
P00172,XU LY THONG KE TIN HIEU,GENERAL
P00173,VAT LIEU HANG KHONG,OTHER_SPECIAL
P00174,MAY BAY TRUC THANG,OTHER_SPECIAL
P00175,PP SO TRONG COHOC CHLONG,COMPUTER_LAB
P00176,DONG CO & THIET BI DAY 2,MECHANICAL_WORKSHOP
P00177,MAY CANHDAN &MAYTL TTICH,OTHER_SPECIAL
P00178,KHI DONGLUCHOC CHUYENSAU,COMPUTER_LAB
P00179,CO HOC BAY 2,COMPUTER_LAB
P00180,BAO DUONG HANG KHONG,OTHER_SPECIAL
P00181,THIET KE MAY BAY,COMPUTER_LAB
P00182,LUAT HANG KHONG,GENERAL
P00183,CAC HE THONG TREN MAYBAY,OTHER_SPECIAL
P00184,KHAI THAC & QLY MAY BAY,GENERAL
P00185,DK CAC COCAU THUAHANH TM,ELECTRICAL_LAB
P00186,TN DK CAC CCAU THHANH TM,ELECTRICAL_LAB
P00187,KTHUC VE CAC XINGHIEP CN,GENERAL
P00188,CAC CAM BIEN,GENERAL
P00189,KY THUAT ROBOT,OTHER_SPECIAL
P00190,CAC CO CAU THUA HANH,ELECTRICAL_LAB
P00191,THIET KE HE THONG CDTU,ELECTRICAL_LAB
P00192,TH THIET KE HE THONG,ELECTRICAL_LAB
P00193,TIN HOC,GENERAL
P00194,THUC HANH TIN HOC,COMPUTER_LAB
P00197,TC VAT LIEU TIEN TIEN 2,GENERAL
P00198,BO CHAP HANH DIEN 1,GENERAL
P00199,BO CHAP HANH DIEN 2,GENERAL
P00200,THIET BI DIEN,GENERAL
P00201,DIEN HOC,GENERAL
P00202,CO HOC VAT RAN & SONG CO,GENERAL
P00203,DELF A4,GENERAL
P00204,TIENG PHAP 4 (TU CHON),GENERAL
P00205,NHIETHOC & COHOC CHATLUU,GENERAL
P00207,CAC CAUTRUC HK-COHOC P/H,GENERAL
P00208,BO CHAP HANH THONG MINH,GENERAL
P00209,TIENG PHAP 5 (TU CHON),GENERAL
P00210,TIEN HANH THUC NGHIEM,GENERAL
P00214,P/TICH CAC HE TUYEN TINH,GENERAL
P00215,MIP(TPHAP HNHAP NNGHIEP),GENERAL
P00216,TIENG PHAP 3,GENERAL
P00217,RDM,PHYSICS_LAB
P00218,T/CHAT VAT LIEU T/TIEN 3,GENERAL
P00219,HOA HOC VAT LIEU,GENERAL
P00220,VAT LY HOC V/LIEU T/TIEN,GENERAL
P00221,NANG LUONG MOI,GENERAL
P00222,HU HONG VA PHA HUY 1,GENERAL
P00227,HE THONG NANG LUONG,GENERAL
P00228,HOA LY,GENERAL
P00229,VAT LY CHAT RAN,GENERAL
P00230,TINH THE HOC,GENERAL
P00231,TONG HOP TAN SO,GENERAL
P00232,D/TU HOC TAN SO VO TUYEN,ELECTRICAL_LAB
P00233,CAC KY THUAT VI BA,ELECTRICAL_LAB
P00234,KHUECH DAI SONG VI BA,GENERAL
P00235,LINH KIEN DIEN TU VI BA,GENERAL
P00236,ANTEN VA TRUYEN SONG VTD,ELECTRICAL_LAB
P00237,QUANG DIEN TU,ELECTRICAL_LAB
P00238,CAC HE TRUYEN THONG,GENERAL
P00239,LY THUYET T/HIEU& MA HOA,GENERAL
P00240,XU LY THONG KE TIN HIEU,GENERAL
P00241,XU LY SO H/ANH &AM THANH,COMPUTER_LAB
P00242,THU TRONG TRUYEN THONGSO,GENERAL
P00243,THONG TIN DU LIEU & MANG,COMPUTER_LAB
P00244,THONG TIN DI DONG,GENERAL
P00245,HU HONG & GAY VO CUA VL,GENERAL
P00246,KY THUAT PHAN TICH HOALY,GENERAL
P00247,KIEM TRA KHONG PHA HUY,GENERAL
P00248,THPT CTRUC &TCVLY CUA VL,PHYSICS_LAB
P00249,VAT LIEU COMPOSIT,GENERAL
P00250,"V/LIEU BD, DD, CACH DIEN",GENERAL
P00251,VAT LIEU SIEU DAN T/TIEN,PHYSICS_LAB
P00252,VL L/KIEN DIEN TU &Q/HOC,GENERAL
P00253,VAT LIEU MANG MONG,GENERAL
P00254,V/LIEU NANO &VL SINH HOC,GENERAL
P00255,N/MON V/LY L/KIEN &VI DT,GENERAL
P00256,VL &QT IN ANH LITO &KHAC,GENERAL
P00257,THUC HANH MO PHONG,COMPUTER_LAB
P00258,"VI HT:LT, TKE & UNG DUNG",GENERAL
P00259,C/NGHE C/BAN C/TAO VI HT,GENERAL
P00260,TH C/NGHE CHE TAO VI HT,OTHER_SPECIAL
P00261,VI DAU DO,GENERAL
P00262,LINH KIEN QUANG TU,GENERAL
P00263,TIENG PHAP 6 (TU CHON),GENERAL
P00264,TIENG PHAP 7 (TU CHON),GENERAL
P00265,TIENG PHAP 8 (TU CHON),GENERAL
PE1003,GIAO DUC THE CHAT 1,OTHER_SPECIAL
PE1005,GIAO DUC THE CHAT 2,OTHER_SPECIAL
PE1007,GIAO DUC THE CHAT 3,OTHER_SPECIAL
PE1009,BONG DA (HOC PHAN 1),OTHER_SPECIAL
PE1011,BONG CHUYEN (HOC PHAN 1),OTHER_SPECIAL
PE1013,BONG BAN (HOC PHAN 1),OTHER_SPECIAL
PE1015,BONG RO (HOC PHAN 1),OTHER_SPECIAL
PE1017,CAU LONG (HOC PHAN 1),OTHER_SPECIAL
PE1019,BOI (HOC PHAN 1),OTHER_SPECIAL
PE1021,AEROBIC (HOC PHAN 1),OTHER_SPECIAL
PE1023,"VO(VOVI.,KAR.,TAEW.)(HP1",OTHER_SPECIAL
PE1025,DIEN KINH (HOC PHAN 1),OTHER_SPECIAL
PE1027,QUAN VOT (HOC PHAN 1),OTHER_SPECIAL
PE1029,GIAO DUC THE CHAT 1,OTHER_SPECIAL
PE1031,GIAO DUC THE CHAT 2,OTHER_SPECIAL
PE1033,BONG DA (HOC PHAN 2),OTHER_SPECIAL
PE1035,BONG CHUYEN (HOC PHAN 2),OTHER_SPECIAL
PE1037,BONG BAN (HOC PHAN 2),OTHER_SPECIAL
PE1039,BONG RO (HOC PHAN 2),OTHER_SPECIAL
PE1041,CAU LONG (HOC PHAN 2),OTHER_SPECIAL
PE1043,BOI (HOC PHAN 2),OTHER_SPECIAL
PE1045,AEROBIC (HOC PHAN 2),OTHER_SPECIAL
PE1047,"VO(VOVI.,KAR.,TAEW.)(HP2",OTHER_SPECIAL
PE1049,DIEN KINH (HOC PHAN 2),OTHER_SPECIAL
PE1051,QUAN VOT (HOC PHAN 2),OTHER_SPECIAL
PE1053,CO VUA (HOC PHAN 1),GENERAL
PE1055,CO VUA (HOC PHAN 2),GENERAL
PE1057,BOWLING (HOC PHAN 1),OTHER_SPECIAL
PE1059,BOWLING (HOC PHAN 2),OTHER_SPECIAL
PE1061,PICKLEBALL (HOC PHAN 1),OTHER_SPECIAL
PE1063,PICKLEBALL (HOC PHAN 2),OTHER_SPECIAL
PH0001,VAT LY CAN BAN,GENERAL
PH1003,Vật lý 1,GENERAL
PH1004,VAT LY 1 (BT),GENERAL
PH1005,Vật lý 2,GENERAL
PH1006,VAT LY 2 (BT),GENERAL
PH1007,Thí nghiệm Vật lý,PHYSICS_LAB
PH1009,Vật lý 1,GENERAL
PH1010,VAT LY 1(BT),GENERAL
PH1011,Vật lý - Cơ Học,GENERAL
PH1013,"Vật lý - Nhiệt, Lượng tử",GENERAL
PH2001,Cơ sở Kỹ thuật Y sinh,GENERAL
PH2002,CO SO KY THUAT Y SINH(BT,GENERAL
PH2003,Tin học Vật lý Kỹ thuật,COMPUTER_LAB
PH2004,TIN HOC VATLY KTHUAT(TN),COMPUTER_LAB
PH2005,Vật lý 2,GENERAL
PH2006,VAT LY 2 (BT),GENERAL
PH2007,Thí nghiệm Vật lý,PHYSICS_LAB
SA0001,SINH HOAT SINH VIEN,GENERAL
SA0002,SINH HOAT SINH VIEN,GENERAL
SA0003,SINH HOAT SINH VIEN,GENERAL
SK1001,Kỹ năng Giao tiếp hiệu q,GENERAL
SK1003,Kỹ năng Quản lý bản thân,GENERAL
SK2001,Kỹ năng Tư duy khoa học,GENERAL
SK3001,"Kỹ năng Viết đề án, báo",GENERAL
SP0001,CHINH TRI - XA HOI,GENERAL
SP0003,CHINH TRI - XA HOI 1,GENERAL
SP0005,CHINH TRI - XA HOI 2,GENERAL
SP1003,NHUNG NGLY COBAN CN M-LE,GENERAL
SP1004,NHUNG N/L C/B CN M-LE(BT,GENERAL
SP1005,TU TUONG HO CHI MINH,GENERAL
SP1007,Pháp luật Việt Nam Đại c,GENERAL
SP1009,DUONGLOI CM CUA DANGCSVN,GENERAL
SP1010,DUONGLOI CM CUA DCSVN(BT,GENERAL
SP1011,KY NANG MEM,GENERAL
SP1013,KY NANG XA HOI A,GENERAL
SP1015,KY NANG XA HOI B,GENERAL
SP1017,KY NANG XA HOI C,GENERAL
SP1019,KY NANG XA HOI D,GENERAL
SP1021,KY NANG XA HOI E,GENERAL
SP1023,KY NANG XA HOI F,GENERAL
SP1025,KY NANG XA HOI G,GENERAL
SP1027,KY NANG XA HOI H,GENERAL
SP1029,VAN HOA NHAT,GENERAL
SP1031,Triết học Mác - Lênin,GENERAL
SP1032,TRIET HOC MAC - LENIN(BT,GENERAL
SP1033,Kinh tế Chính trị Mác -,GENERAL
SP1035,Chủ nghĩa Xã hội Khoa họ,GENERAL
SP1037,Tư tưởng Hồ Chí Minh,GENERAL
SP1039,Lịch sử Đảng Cộng sản Vi,GENERAL
SP1041,KY NANG MEM,GENERAL
SP1043,Văn hóa Nhật,GENERAL
SP1045,KY NANG XA HOI I,GENERAL
SP3001,KHOA HOC L/T LUU HOC NB,GENERAL
TR0007,KET CAU DONG CO DOTTRONG,GENERAL
TR0013,KET CAU O TO,GENERAL
TR0021,LY THUYET O TO,GENERAL
TR0121,HETHONG DIEN-DIEN TU OTO,GENERAL
TR1001,Nhập môn Về Kỹ thuật,GENERAL
TR1003,Vẽ kỹ thuật Giao thông,STUDIO
TR1004,VE KY THUAT GIAOTHONG(BT,STUDIO
TR1005,Cơ học Thủy khí,PHYSICS_LAB
TR1005.P,Cơ học Thủy khí,PHYSICS_LAB
TR1006,"CO HOC THUY KHI  (THL,TN",MECHANICAL_WORKSHOP
TR1007,Nhập môn kỹ thuật về kỹ,GENERAL
TR2001,CO KY THUAT VA DAO DONG,GENERAL
TR2002,CO KY THUAT&DAO DONG(TN),MECHANICAL_WORKSHOP
TR2003,DO HOA VI TINH VA CAD,COMPUTER_LAB
TR2005,Cơ học Vật rắn Biến dạng,GENERAL
TR2006,C/H VAT RAN BIEN DANG(BT,GENERAL
TR2007,Kết cấu Động cơ Đốt tron,GENERAL
TR2008,KET CAU D/C DOT TRONG(TN,MECHANICAL_WORKSHOP
TR2009,KYTHUAT TAUTHUY DAICUONG,GENERAL
TR2010,KTHUAT TAUTHUY DCUONG(TN,MECHANICAL_WORKSHOP
TR2011,Khí động lực học 1,GENERAL
TR2012,KHI DONG LUC HOC 1(BT),GENERAL
TR2013,Kết cấu Ô tô,GENERAL
TR2014,KET CAU O TO(TN),MECHANICAL_WORKSHOP
TR2015,LYTHUYET T/THUY1-TINHHOC,COMPUTER_LAB
TR2016,LT T/THUY1-TINHHOC (TN),COMPUTER_LAB
TR2017,thiết bị Năng lượng Tàu,GENERAL
TR2018,T/BI N/LUONG TAUTHUY1(TN,MECHANICAL_WORKSHOP
TR2019,DONG CO DOT TRONG,GENERAL
TR2020,DONG CO DOT TRONG(BT),GENERAL
TR2021,LY THUYET O TO,GENERAL
TR2022,LY THUYET O TO(BT),GENERAL
TR2029,THUC TAP KY THUAT (TAU),MECHANICAL_WORKSHOP
TR2033,Kỹ thuật Chế tạo,GENERAL
TR2034,KY THUAT CHE TAO(BT),MECHANICAL_WORKSHOP
TR2035,Cơ kết cấu Giao thông,GENERAL
TR2035.P,Cơ kết cấu Giao thông,GENERAL
TR2036,CO KET CAU GIAO THONG TN,PHYSICS_LAB
TR2037,Lý thuyết Tàu thủy 1 - T,GENERAL
TR2038,L/T T/THUY1-TINHHOC (TN),COMPUTER_LAB
TR2039,Cơ kỹ thuật,GENERAL
TR2040,CO KY THUAT (THL),PHYSICS_LAB
TR2041,Kỹ thuật Cơ lưu chất - N,GENERAL
TR2109,THUC TAP CONG NHAN,MECHANICAL_WORKSHOP
TR3001,Cơ học bay,GENERAL
TR3002,CO HOC BAY(BT),GENERAL
TR3003,Cơ học Vật liệu Hàng khô,GENERAL
TR3004,CO HOC V/L HANGKHONG(BT),GENERAL
TR3005,Lý thuyết Tàu thủy 2 - Đ,GENERAL
TR3006,LY THUYET T/THUY 2 (TN),PHYSICS_LAB
TR3007,HETHONG LUC DAY MAYBAY 1,GENERAL
TR3008,H/TH LUC DAY MAYBAY 1(BT,GENERAL
TR3009,L/T TAUTHUY 3-HTCV &TBD,GENERAL
TR3010,L/T TAUTHUY 3-HTCV (TN),PHYSICS_LAB
TR3011,Khí động lực học 2,GENERAL
TR3011.VP,Khí động lực học 2,GENERAL
TR3012.VP,KHI DONG LUC HOC 2(BT),GENERAL
TR3012,KHI DONG LUC HOC 2(BT),GENERAL
TR3013,THIETKE DONGCO DOT TRONG,GENERAL
TR3015,CO HOC KET CAU,GENERAL
TR3016,CO HOC KET CAU (TN),MECHANICAL_WORKSHOP
TR3017,Kết cấu và Sức bền tàu,GENERAL
TR3018,KET CAU & SUC BEN TAU(BT,GENERAL
TR3019,Thiết bị Năng lượng Tàu,GENERAL
TR3020,T/BI N/LUONG TAUTHUY2(BT,GENERAL
TR3021,CONG NGHE O TO,GENERAL
TR3023,HE THONG LUCDAY MAYBAY 2,GENERAL
TR3025,Phân tích Phần tử hữu hạ,GENERAL
TR3026,P/TICH PTHH TRONG OTO(BT,COMPUTER_LAB
TR3027,Thiết kế Hệ thống động l,GENERAL
TR3028,THIETKE HE THONG DLTT(BT,GENERAL
TR3029,Động cơ gió,GENERAL
TR3030,DONG CO GIO (THL),MECHANICAL_WORKSHOP
TR3031,MAY BAY TRUC THANG,GENERAL
TR3035,LAP RAP SUA CHUA TB DLTT,GENERAL
TR3037,Các Hệ thống Trang thiết,GENERAL
TR3038,CAC HT TRANG T/BI TAU(TN,MECHANICAL_WORKSHOP
TR3039,?n định và Điều khiển ba,GENERAL
TR3040,ON DINH & D/KHIEN BAY(BT,GENERAL
TR3041,KET CAU H/KHONG 2-PTKCMB,GENERAL
TR3042,KET CAU H/K 2-PTKCMB (BT,GENERAL
TR3045,HE THONG DIEN-DIENTU OTO,GENERAL
TR3047,THIET KE KY THUAT HK 1,GENERAL
TR3049,THIET KE O TO,GENERAL
TR3051,Thí nghiệm Kỹ thuật Hàng,MECHANICAL_WORKSHOP
TR3053,Thiết kế Tàu thủy,GENERAL
TR3054,THIET KE TAU THUY(BT),COMPUTER_LAB
TR3055,Các Hệ thời gian thực,GENERAL
TR3056,CAC HE THOI GIAN THUC(TH,ELECTRICAL_LAB
TR3057,Phương pháp phân tích Kế,GENERAL
TR3058,PP P/TICH KET CAU TAU(TN,MECHANICAL_WORKSHOP
TR3059,CAD ?ng dụng trong Thiết,COMPUTER_LAB
TR3060,CAD UD TRG T/KE OTO (BT),COMPUTER_LAB
TR3061,Công nghệ Đóng tàu và Tổ,GENERAL
TR3062,C/NGHE DONG TAU&TCSX(BT),GENERAL
TR3063,PHAN TICH THIET KE HDK,GENERAL
TR3064,PHAN TICH T/KE HDK (THL),ELECTRICAL_LAB
TR3065,HAN VA GIAM SAT DONG MOI,MECHANICAL_WORKSHOP
TR3067,Mô phỏng Động cơ đốt tro,COMPUTER_LAB
TR3068,MO PHONG D/CO DT &OTO(BT,COMPUTER_LAB
TR3071,O TO VA MOI TRUONG,GENERAL
TR3073,NHIEN LIEU VA DAU MO OTO,GENERAL
TR3074,NH/LIEU VA DAU MO OTO(BT,CHEMISTRY_LAB
TR3075,Thực tập Kỹ thuật Ô tô,MECHANICAL_WORKSHOP
TR3077,Thí nghiệm Kỹ thuật Hàng,MECHANICAL_WORKSHOP
TR3079,KY THUAT SO &H/THONGTBDT,GENERAL
TR3081,LUAT HANG KHONG DAN DUNG,GENERAL
TR3083,Máy Thủy khí,GENERAL
TR3084,MAY THUY KHI (THL),MECHANICAL_WORKSHOP
TR3085,TRANG BI DIEN-DIEN TU TT,ELECTRICAL_LAB
TR3086,TR/BI DIEN-DIEN TU TT(BT,ELECTRICAL_LAB
TR3087,Khí đàn hồi,GENERAL
TR3088,KHI DAN HOI(BT),GENERAL
TR3089,TIN HOC UNGDUNG TRONG DT,COMPUTER_LAB
TR3090,TIN HOC U/D TRONG DT(THL,COMPUTER_LAB
TR3091,Ô tô Chuyên dùng,GENERAL
TR3092,O TO CHUYEN DUNG(BT),GENERAL
TR3095,BAO DUONG HANG KHONG,GENERAL
TR3097,PHUONG PHAP SO - DLH LC,GENERAL
TR3099,PHUONG PHAP PHAN TU HHAN,GENERAL
TR3101,KHI DONG LUC HOC HOATIEN,GENERAL
TR3103,HE THONG LUCDAY HOA TIEN,GENERAL
TR3107,KETCAU H/KHONG 3: CHRN&M,GENERAL
TR3109,CO HOC VA CHAM,GENERAL
TR3111,CAM BIEN VA TIN HIEU,GENERAL
TR3113,NHAN DANG HETHONG MAYBAY,GENERAL
TR3115,DIEN -DIEN TU HANG KHONG,GENERAL
TR3117,THIET KE TOI UU,GENERAL
TR3119,Thí nghiệm Ô tô và Động,MECHANICAL_WORKSHOP
TR3121,Hệ thống Điện - Điện tử,GENERAL
TR3122,H/T DIEN-DIENTU OTO (TN),ELECTRICAL_LAB
TR3123,Kỹ thuật Khai thác và Bả,GENERAL
TR3124,KT K/THAC&BD D/CO-OTO(TN,MECHANICAL_WORKSHOP
TR3133,Động lực học Tàu thủy và,GENERAL
TR3134,DONGLUC HOC TT & CTNK(BT,GENERAL
TR3135,Phân tích kết cấu Máy ba,GENERAL
TR3136,PHAN TICH KET CAU MB(THL,MECHANICAL_WORKSHOP
TR3137,Hệ thống lực đẩy Máy bay,GENERAL
TR3138,HETHONG LUC DAY MBAY(THL,MECHANICAL_WORKSHOP
TR3139,KET CAU DONGCO DOT TRONG,MECHANICAL_WORKSHOP
TR3140,KET CAU D/C DOT TRONG(TN,MECHANICAL_WORKSHOP
TR3141,KET CAU O TO,MECHANICAL_WORKSHOP
TR3142,KET CAU O TO(TN),MECHANICAL_WORKSHOP
TR3143,Động cơ Đốt trong,GENERAL
TR3144,DONG CO DOT TRONG (BT),GENERAL
TR3145,Lý Thuyết Ô tô,GENERAL
TR3146,LY THUYET O TO (BT),GENERAL
TR3147,THIETBI N/LUONG TAUTHUY1,MECHANICAL_WORKSHOP
TR3148,T/BI N/LUONG TAUTHUY1(TN,MECHANICAL_WORKSHOP
TR3149,LYTHUYET T/THUY1-TINHHOC,COMPUTER_LAB
TR3150,L/T T/THUY1-TINHHOC (TN),COMPUTER_LAB
TR3151,TO CHUC KHAI THAC VA QUA,GENERAL
TR3153,GIAO THONG HANG HAI VA L,GENERAL
TR3155,PHAN TICH MO HINH VA DAN,GENERAL
TR3157,GIAM DINH KY THUAT DOI T,GENERAL
TR3159,Phân tích Kết cấu Tàu th,GENERAL
TR4001,Kỹ thuật Chẩn đoán và Bả,MECHANICAL_WORKSHOP
TR4002,KYTHUAT C/DOAN &BD DC(TN,MECHANICAL_WORKSHOP
TR4003,TUDONG HOA HE DONGLUC TT,GENERAL
TR4004,TUDONG HOA HE D/L TT(THL,ELECTRICAL_LAB
TR4005,KHI DONG LUC HOC HOATIEN,GENERAL
TR4006,KHI D/LUC HOC HOATIEN(BT,GENERAL
TR4007,NHIEN LIEU &DAU BOI TRON,GENERAL
TR4008,N/LIEU &DAU BOI TRON(THL,CHEMISTRY_LAB
TR4009,P/PHAP THU NGHIEM OTO,GENERAL
TR4010,P/PHAP THU NGHIEM OTO(BT,GENERAL
TR4011,C/NGHE LAP RAP HT ONG TT,GENERAL
TR4015,Thí nghiệm Kỹ thuật Hàng,MECHANICAL_WORKSHOP
TR4017,KHAI THAC HE DONG LUC TT,GENERAL
TR4019,Kỹ thuật Thủy lực và Khí,GENERAL
TR4020,K/T T/LUC &KN TRGOTO(BT),GENERAL
TR4021,Kỹ thuật Chẩn đoán và Bả,GENERAL
TR4022,KYTHUAT C/DOAN&BD OTO(TN,MECHANICAL_WORKSHOP
TR4023,D/KHIEN TU DONG TREN OTO,GENERAL
TR4025,Kỹ thuật Tàu cao tốc,GENERAL
TR4026,KY THUAT TAU CAO TOC(BT),GENERAL
TR4027,DONG LUC HOC TT & CTNK,GENERAL
TR4028,D/LUC HOC TT & CTNK (THL,MECHANICAL_WORKSHOP
TR4029,THIET KE KY THUAT HK 2,GENERAL
TR4033,KETCAU H/KHONG 3: CHRN&M,GENERAL
TR4034,KETCAU H/K 3: CHRN&M(BT),GENERAL
TR4035,THIET KE GK NK & TDVDK,GENERAL
TR4036,T/KE GK NK & TDVDK (THL),COMPUTER_LAB
TR4039,"CT,VC TREN BIEN, LDGKDNK",GENERAL
TR4043,Cảm biến và Tín hiệu,GENERAL
TR4044,CAM BIEN VA TIN HIEU(BT),GENERAL
TR4045,DO BEN KC VL COMPOSITE,GENERAL
TR4047,Phương pháp số - Động lự,GENERAL
TR4048,PH/PHAP SO - DLH LC(BT),GENERAL
TR4049,RUNG DONG TAU,GENERAL
TR4050,RUNG DONG TAU(BT),GENERAL
TR4051,Phương pháp Phần tử hữu,GENERAL
TR4052,PH/PHAP PHAN TU HHAN(BT),GENERAL
TR4053,PP THUC NGHIEM DONG CO,GENERAL
TR4054,PP THUC NGHIEM D/CO(BT),GENERAL
TR4057,Hệ thống lực đẩy hỏa tiễ,GENERAL
TR4058,HETHONG LUCDAY H/TIEN(BT,GENERAL
TR4059,KHAI QUAT VE HANG KHONG,GENERAL
TR4061,BAO DUONG HANG KHONG,GENERAL
TR4062,BAO DUONG HANG KHONG(BT),GENERAL
TR4063,YEU TO CON NGUOI,GENERAL
TR4065,CANH QUAT MAY BAY,GENERAL
TR4067,NHAN DANG HETHONG MAYBAY,GENERAL
TR4068,NHAN DANG HETHONG M/B(BT,GENERAL
TR4069,DIEN -DIEN TU HANG KHONG,GENERAL
TR4070,DIEN -DIEN TU H/KHONG(BT,GENERAL
TR4071,THIET KE TOI UU,GENERAL
TR4072,THIET KE TOI UU(BT),GENERAL
TR4073,Cơ học va chạm,GENERAL
TR4074,CO HOC VA CHAM(BT),GENERAL
TR4075,DO TIN CAY THIET BI NLTT,GENERAL
TR4077,THI NGHIEM O TO &DONG CO,MECHANICAL_WORKSHOP
TR4081,Thiết kế Máy bay,GENERAL
TR4083,Động cơ Tuabin,GENERAL
TR4084,HE THONG LUCDAY M/B 2(BT,GENERAL
TR4085,Phương pháp Thiết kế độn,GENERAL
TR4086,P/P T/KE DONG CO &OTO(BT,GENERAL
TR4087,Công nghệ Ô tô,GENERAL
TR4088,CONG NGHE O TO(BT),GENERAL
TR4089,Điều khiển Tự động trên,GENERAL
TR4090,D/K TU DONG TREN OTO(BT),GENERAL
TR4095,Máy bay Trực thăng,GENERAL
TR4096,MAY BAY TRUC THANG (THL),MECHANICAL_WORKSHOP
TR4097,Cơ học rạn nứt và mỏi,GENERAL
TR4098,CO HOC RAN NUT VA MOI(TH,MECHANICAL_WORKSHOP
TR4103,LY THUYET TAU THUY 2,GENERAL
TR4105,LY THUYET TAU THUY 3,GENERAL
TR4107,KET CAU VA SUC BEN TAU,GENERAL
TR4109,THIET BI NANG LUONG TAU,GENERAL
TR4125,CO HOC BAY,GENERAL
TR4127,CO HOC VAT RAN BIEN DANG,GENERAL
TR4129,HE THONG LUC DAY MAY BAY,GENERAL
TR4131,LY THUYET TAU THUY 1,GENERAL
TR4133,KET CAU DONG CO DOT TRON,GENERAL
TR4135,DONG CO DOT TRONG,GENERAL
TR4137,KET CAU O TO,GENERAL
TR4139,LY THUYET O TO,GENERAL
TR4141,THIET KE O TO,GENERAL
TR4143,THIET KE DONG CO DOT TRO,GENERAL
TR4145,KHI DONG LUC HOC 1,GENERAL
TR4315,DE CUONG LUAN VAN TN,GENERAL
TR4331,DE CUONG LUAN VAN TN,GENERAL
TR4335,DE CUONG LUAN VAN TN,GENERAL
TR5005,Cơ học Môi trường liên t,GENERAL
TR5006,COHOC MOITRUONG L/T(THL),GENERAL
TR5007,DONG LUC HOC O TO NANG C,GENERAL
TR5009,DIEU KHIEN TU DONG TREN,GENERAL
TR5011,DONG LUC HOC PHUONG TIEN,GENERAL
TR5013,DONG CO TUA BIN KHI,GENERAL
TR5015,PHAN TICH UNG SUAT BANG,GENERAL
TR5019,TOI UU HOA UNG DUNG,GENERAL
TR5021,KY THUAT THIET KE PHUONG,GENERAL
TR5023,PHUONG PHAP TINH TOAN SO,GENERAL
TR5025,PHUONG PHAP THUC NGHIEM,GENERAL
TR5027,NANG LUONG MOI VA NHIEN,GENERAL
TR5029,MO PHONG DONG CO DOT TRO,GENERAL
TR5031,PHAN TICH PTHH TRONG THI,GENERAL
TR5033,HE THONG TRUYEN LUC HIEN,GENERAL
TR5035,DONG LUC HOC KET CAU NAN,GENERAL
TR5037,TOI UU HOA THIET KE UNG,GENERAL
TR5039,DONG CO VA CAC HE THONG,GENERAL
TR5041,KHI DONG LUC HOC UNG DUN,GENERAL
TR5043,DONG ROI VA MO HINH HOA,GENERAL
TR5045,KHI DONG LUC HOC MAY BAY,GENERAL
TR5047,DONG LUC HOC KET CAU NAN,GENERAL
TR5049,KHI DAN HOI NANG CAO,GENERAL
TR5051,CO HOC RAN NUT VA MOI CU,GENERAL
TR5053,NHAN DANG HE THONG MAY B,GENERAL
TR5055,THIET KE HE DIEU KHIEN,GENERAL
TR5057,"DA?N DUO?NG, DI?NH VI? V",GENERAL
TR5059,THIET KE TOI UU,GENERAL
TR5061,HE THONG GIAO THONG HANG,GENERAL
TR5063,KHI DONG LUC HOC UNG DUN,GENERAL
TR5065,DONG LUC HOC VA DIEU KH,GENERAL
TR5067,KET CAU HANG KHONG CHUYE,GENERAL
TR5069,DONG CO TUA BIN KHI,GENERAL
TR5071,PHUONG PHAP TINH TOAN MO,COMPUTER_LAB
TR5073,PHUONG PHA?P PHA?N TU? H,COMPUTER_LAB
TR5075,MAY BAY TRUC THANG,GENERAL
TR5077,KHI DAN HOI,GENERAL
TR5079,MAY THUY KHI,GENERAL
TR5081,DO?NG CO GIO?,GENERAL
TR5083,CO HO?C VA CHA?M,GENERAL
TR5085,DO AN KY THUAT HANG KHON,COMPUTER_LAB
TR5087,CHUYEN DE CONG NGHIEP,GENERAL
TR5089,CO HOC KET CAU,GENERAL
TR5091,DONG LUC HOC HE THONG CO,GENERAL
TR5093,CO HOC THUY KHI,GENERAL
TR5095,CO SO DIEU KHIEN TU DONG,GENERAL
TR5099,MAY BAY KHONG NGUOI LAI,GENERAL
TR5105,CO HOC BAY & DIEU KHIEN,GENERAL
TR5107,KET CAU HANG KHONG CHUYE,GENERAL
TR5109,QUA TRINH CHAY TRONG DON,GENERAL
TR5111,CO HOC MOI TRUONG LIEN T,GENERAL
TR5143,KET CAU HANG KHONG CHUYE,GENERAL
TR7001,DONG LUC HOC O TO NANG C,GENERAL
TR7003,KY THUAT THAN XE,GENERAL
TR7005,DAO DONG O TO,GENERAL
TR7007,QUA TRINH CHAY NANG CAO,GENERAL
TR7009,NHIEN LIEU VA NANG LUONG,GENERAL
TR7011,QUA TRINH CHAY TRONG DON,GENERAL
TR7013,DIEU KHIEN TU DONG TREN,GENERAL
TR7015,KY THUAT THIET KE PHUONG,GENERAL
TR7017,PHUONG PHAP TINH TOAN SO,GENERAL
TR7019,PHUONG PHAP THUC NGHIEM,GENERAL
TR7021,NANG LUONG MOI VA NHIEN,GENERAL
TR7023,MO PHONG DONG CO DOT TRO,GENERAL
TR7025,PHAN TICH PTHH TRONG THI,GENERAL
TR7027,HE THONG TRUYEN LUC HIEN,GENERAL
TR7029,DONG LUC HOC KET CAU NAN,GENERAL
TR7031,TOI UU HOA THIET KE UNG,GENERAL
TR7033,DONG ROI VA MO HINH HOA,GENERAL
TR7035,CO HOC RAN NUT VA MOI CU,GENERAL
TR7037,THIET KE TOI UU,GENERAL
TR7039,KHI DONG LUC HOC UNG DUN,GENERAL
TR7041,MAY THUY KHI,GENERAL
TR7043,PHUONG PHAP THUC NGHIEM,GENERAL
U31265,COMMUNICATION FOR IT PRO,GENERAL
U31268,WEB SYSTEMS,COMPUTER_LAB
U31269,BUSINESS REQUIREMENTS MO,GENERAL
U33130,MATHEMATICS 1,GENERAL
U3313T,MATHEMATICS 1 (TUTORIAL),GENERAL
U33230,MATHEMATICS 2,GENERAL
U37181,DISCRETE MATHEMATICS,GENERAL
U3718L,DISCRETE MATHEMATICS (LA,GENERAL
U41039,PROGRAMMING 1,COMPUTER_LAB
U4103L,PROGRAMMING 1 (LAB),COMPUTER_LAB
U41092,NETWORK FUNDAMENTALS,COMPUTER_LAB
U4109T,NETWORK FUNDAMENTALS(Tut,COMPUTER_LAB
