course_id,course_name,faculty_id,faculty_name,credits,total_hours,lecture_hours,exercise_hours,lab_hours,project_hours,assignment_hours,thesis_hours,course_type,companion_course_id,resource_type,resource_confidence
003001,ANH VAN 1,LA,,2,675,0,45,0,0,225,0,PRACTICAL,,GENERAL,1.0
003002,ANH VAN 2,LA,,2,675,0,45,0,0,225,0,PRACTICAL,,GENERAL,1.0
003003,ANH VAN 3,LA,,2,675,0,45,0,0,225,0,PRACTICAL,,GENERAL,1.0
003004,ANH VAN 4,LA,,2,675,0,45,0,0,225,0,PRACTICAL,,GENERAL,1.0
003005,PHAP VAN 1,LA,,2,60,0,60,0,0,0,0,PRACTICAL,,GENERAL,1.0
003006,PHAP VAN 2,LA,,2,60,0,60,0,0,0,0,PRACTICAL,,GENERAL,1.0
003007,PHAP VAN 3,LA,,2,60,0,60,0,0,0,0,PRACTICAL,,GENERAL,1.0
003008,PHAP VAN 4,LA,,2,60,0,60,0,0,0,0,PRACTICAL,,GENERAL,1.0
003009,ANH VAN 3C,LA,,2,60,60,0,0,0,0,0,LECTURE,,GENERAL,1.0
003010,PHAP VAN,LA,,3,75,75,0,0,0,0,0,LECTURE,,GENERAL,1.0
003011,NGOAI NGU 1,LA,,3,75,75,0,0,0,0,0,LECTURE,,GENERAL,1.0
003012,NGOAI NGU 2,LA,,3,75,75,0,0,0,0,0,LECTURE,,GENERAL,1.0
003013,NGOAI NGU 3,LA,,3,75,75,0,0,0,0,0,LECTURE,,GENERAL,1.0
003014,NGOAI NGU 4,LA,,3,75,75,0,0,0,0,0,LECTURE,,GENERAL,1.0
003015,NGOAI NGU 3C,LA,,2,60,60,0,0,0,0,0,LECTURE,,GENERAL,1.0
003016,ANH VAN 1,LA,,3,75,75,0,0,0,0,0,LECTURE,,GENERAL,1.0
003017,ANH VAN 2,LA,,3,75,75,0,0,0,0,0,LECTURE,,GENERAL,1.0
003018,ANH VAN 3,LA,,2,45,39,0,6,0,0,0,LECTURE,,GENERAL,1.0
003019,ANH VAN KY THUAT,LA,,2,45,39,0,6,0,0,0,LECTURE,,GENERAL,1.0
003020,ANH VAN QCN 1,LA,,4,60,60,0,0,0,0,0,LECTURE,,GENERAL,1.0
003021,ANH VAN QCN 2,LA,,4,60,60,0,0,0,0,0,LECTURE,,GENERAL,1.0
003022,PHAP VAN 1,LA,,3,75,45,30,0,0,0,0,LECTURE,,GENERAL,1.0
003023,PHAP VAN 2,LA,,3,75,45,30,0,0,0,0,LECTURE,,GENERAL,1.0
003024,PHAP VAN 3,LA,,2,45,30,15,0,0,0,0,LECTURE,,GENERAL,1.0
003025,PHAP VAN KY THUAT,LA,,2,45,39,0,6,0,0,0,LECTURE,,GENERAL,1.0
003026,NGOAI NGU 1 (CD),LA,,3,45,45,0,0,0,0,0,LECTURE,,GENERAL,1.0
003027,NGOAI NGU 2 (CD),LA,,3,45,45,0,0,0,0,0,LECTURE,,GENERAL,1.0
003028,NGOAI NGU 3 (CD),LA,,3,45,45,0,0,0,0,0,LECTURE,,GENERAL,1.0
003029,PHAP VAN 0 CHUYEN (DD95),LA,,0,75,75,0,0,0,0,0,LECTURE,,GENERAL,1.0
003030,NGOAI NGU 1 (CD),LA,,4,60,45,15,0,0,0,0,LECTURE,,GENERAL,1.0
003031,NGOAI NGU 2 (CD),LA,,4,60,60,0,0,0,0,0,LECTURE,,GENERAL,1.0
003032,NGOAI NGU 3 (CD),LA,,4,60,60,0,0,0,0,0,LECTURE,,GENERAL,1.0
003033,ANH VAN 1,LA,,3,45,45,0,0,0,0,0,LECTURE,,GENERAL,1.0
003034,ANH VAN 2,LA,,3,45,45,0,0,0,0,0,LECTURE,,GENERAL,1.0
003035,ANH VAN 3,LA,,3,45,45,0,0,0,0,0,LECTURE,,GENERAL,1.0
003036,ANH VAN 4,LA,,3,45,45,0,0,0,0,0,LECTURE,,GENERAL,1.0
003037,ANH VAN 1,LA,,4,60,60,0,0,0,0,0,LECTURE,,GENERAL,1.0
003038,ANH VAN 2,LA,,6,90,60,30,0,0,0,0,LECTURE,,GENERAL,1.0
003039,ANH VAN 1,LA,,3,84,84,0,0,0,0,0,LECTURE,,GENERAL,1.0
003040,ANH VAN 3,LA,,4,60,60,0,0,0,0,0,LECTURE,,GENERAL,1.0
003041,PHAP VAN 1 (CD),LA,,4,60,30,30,0,0,0,0,LECTURE,,GENERAL,1.0
003042,PHAP VAN 1 (DAI CUONG),LA,,3,84,84,0,0,0,0,0,LECTURE,,GENERAL,1.0
003043,ANH VAN 3,LA,,3,60,60,0,0,0,0,0,LECTURE,,GENERAL,1.0
003044,PHAP VAN 2 (CD),LA,,4,60,30,30,0,0,0,0,LECTURE,,GENERAL,1.0
003045,PHAP VAN 3 (CD),LA,,4,60,30,30,0,0,0,0,LECTURE,,GENERAL,1.0
003050,ANH VAN 1,LA,,5,45,45,0,0,0,0,0,LECTURE,,GENERAL,1.0
003051,ANH VAN 1,LA,,3,30,30,0,0,0,0,0,LECTURE,,GENERAL,1.0
003052,ANH VAN 2,LA,,3,30,30,0,0,0,0,0,LECTURE,,GENERAL,1.0
003053,ANH VAN 3,LA,,5,45,45,0,0,0,0,0,LECTURE,,GENERAL,1.0
003054,TIENG ANH (2),LA,,6,90,90,0,0,0,0,0,LECTURE,,GENERAL,1.0
003055,TIENG PHAP (1),LA,,6,90,90,0,0,0,0,0,LECTURE,,GENERAL,1.0
003056,ANH VAN 4,LA,,5,45,45,0,0,0,0,0,LECTURE,,GENERAL,1.0
003057,ANH VAN 4,LA,,3,30,30,0,0,0,0,0,LECTURE,,GENERAL,1.0
003058,ANH VAN 2,LA,,5,45,45,0,0,0,0,0,LECTURE,,GENERAL,1.0
003059,ANH VAN 3,LA,,5,45,45,0,0,0,0,0,LECTURE,,GENERAL,1.0
003060,ANH VAN 4,LA,,5,45,45,0,0,0,0,0,LECTURE,,GENERAL,1.0
003101,CHUAN AV VAO,LA,,0,60,0,60,0,0,0,0,PRACTICAL,,GENERAL,1.0
003102,ANH VAN DAU VAO HE VLVH,LA,,0,60,60,0,0,0,0,0,LECTURE,,GENERAL,1.0
003103,ANH VAN 3,LA,,2,45,45,0,0,0,0,0,LECTURE,,GENERAL,1.0
003104,ANH VAN 4,LA,,2,45,40,0,5,0,0,0,LECTURE,,GENERAL,1.0
003105,PHAP VAN 4,LA,,2,45,45,0,0,0,0,0,LECTURE,,GENERAL,1.0
003106,VAN HOA NHAT,EE,,2,45,45,0,0,0,0,0,LECTURE,,GENERAL,1.0
003107,PHAP VAN 5 (AUF),LA,,0,45,45,0,0,0,0,0,LECTURE,,GENERAL,1.0
003108,PHAP VAN 6 (AUF),LA,,0,35,35,0,0,0,0,0,LECTURE,,GENERAL,1.0
003109,PHAP VAN 7 (AUF),LA,,0,35,35,0,0,0,0,0,LECTURE,,GENERAL,1.0
003110,PHAP VAN 8 (AUF),LA,,0,35,35,0,0,0,0,0,LECTURE,,GENERAL,1.0
003401,PRINCIPLES OFCOMPOSITION,EE,,3,69,30,12,0,0,27,0,LECTURE,,GENERAL,1.0
003402,PRINCIPLES OFCOMPOS.(BT),EE,,0,12,0,12,0,0,0,0,PRACTICAL,,GENERAL,1.0
003601,PHAP VAN 1,LA,,3,60,45,15,0,0,0,0,LECTURE,,GENERAL,1.0
003602,PHAP VAN 2,LA,,3,60,45,15,0,0,0,0,LECTURE,,GENERAL,1.0
003603,PHAP VAN 3,LA,,2,675,0,45,0,0,225,0,PRACTICAL,,GENERAL,1.0
003701,TIENG PHAP 1,LA,,5,75,75,0,0,0,0,0,LECTURE,,GENERAL,1.0
003702,TIENG PHAP 2,LA,,5,75,75,0,0,0,0,0,LECTURE,,GENERAL,1.0
003703,TIENG PHAP 3,LA,,5,75,75,0,0,0,0,0,LECTURE,,GENERAL,1.0
003704,TIENG PHAP 4,LA,,5,75,75,0,0,0,0,0,LECTURE,,GENERAL,1.0
003705,TIENG PHAP 5,LA,,0,45,45,0,0,0,0,0,LECTURE,,GENERAL,1.0
003706,TIENG PHAP 6,LA,,0,45,45,0,0,0,0,0,LECTURE,,GENERAL,1.0
003707,TIENG PHAP 7,LA,,0,45,45,0,0,0,0,0,LECTURE,,GENERAL,1.0
003708,TIENG PHAP 8,LA,,0,45,45,0,0,0,0,0,LECTURE,,GENERAL,1.0
003709,MIP(TPHAP HNHAP NNGHIEP),LA,,1,15,15,0,0,0,0,0,LECTURE,,GENERAL,1.0
003710,PHAP VAN A1 (TU CHON),LA,,3,45,45,0,0,0,0,0,LECTURE,,GENERAL,1.0
003711,PHAP VAN A2 (TU CHON),LA,,3,45,45,0,0,0,0,0,LECTURE,,GENERAL,1.0
003712,PHAP VAN A3 (TU CHON),LA,,0,45,45,0,0,0,0,0,LECTURE,,GENERAL,1.0
003713,PHAP VAN A4 (TU CHON),LA,,0,45,45,0,0,0,0,0,LECTURE,,GENERAL,1.0
003714,TIENG PHAP 4 (TU CHON),LA,,0,45,45,0,0,0,0,0,LECTURE,,GENERAL,1.0
003715,TIENG PHAP 5 (TU CHON),LA,,0,45,45,0,0,0,0,0,LECTURE,,GENERAL,1.0
003716,TIENG PHAP 3,LA,,10,150,150,0,0,0,0,0,LECTURE,,GENERAL,1.0
003720,ANH VAN 5 (XD),LA,,2,675,0,45,0,0,225,0,PRACTICAL,,GENERAL,1.0
003721,ANH VAN 6 (XD),LA,,2,675,0,45,0,0,225,0,PRACTICAL,,GENERAL,1.0
003722,ANH VAN 7 (XD),LA,,2,675,0,45,0,0,225,0,PRACTICAL,,GENERAL,1.0
003723,ANH VAN 8 (XD),LA,,2,675,0,45,0,0,225,0,PRACTICAL,,GENERAL,1.0
003724,ANH VAN 9 (XD),LA,,2,675,0,45,0,0,225,0,PRACTICAL,,GENERAL,1.0
003727,PHAP VAN 5 (XD),LA,,3,45,45,0,0,0,0,0,LECTURE,,GENERAL,1.0
003728,PHAP VAN 6 (XD),LA,,3,45,45,0,0,0,0,0,LECTURE,,GENERAL,1.0
003729,PHAP VAN 7 (XD),LA,,3,45,45,0,0,0,0,0,LECTURE,,GENERAL,1.0
003730,PHAP VAN 8 (XD),LA,,3,45,45,0,0,0,0,0,LECTURE,,GENERAL,1.0
003801,IELF 1,LA,,0,168,168,0,0,0,0,0,LECTURE,,GENERAL,1.0
003802,IELF 2,LA,,0,168,168,0,0,0,0,0,LECTURE,,GENERAL,1.0
003803,IELF 3,LA,,0,168,168,0,0,0,0,0,LECTURE,,GENERAL,1.0
003804,IELF 4,LA,,0,168,168,0,0,0,0,0,LECTURE,,GENERAL,1.0
006007,TOAN KINH TE UNG DUNG,IM,,3,45,40,5,0,0,1,0,LECTURE,,GENERAL,1.0
006106,TOAN KINH TE UNGDUNG (BT,IM,,0,20,0,20,0,0,0,0,PRACTICAL,,GENERAL,1.0
007402,"UNIV PHYSICS,ELEC & MAG",EE,,4,60,60,0,0,0,0,0,LECTURE,,GENERAL,1.0
007403,"UNIV PHYSICS,THERMALPHYS",ME,,2,30,30,0,0,0,0,0,LECTURE,,GENERAL,1.0
007710,AM THANH CONG TRINH,CI,,2,48,21,0,0,0,27,0,LECTURE,,GENERAL,1.0
200002,THUC HANH DIEN - DIEN TU,20,,2,60,0,0,60,0,0,0,LAB,,GENERAL,1.0
200003,PP NGHIEN CUU KHOA HOC,ME,,2,45,30,15,0,0,0,0,LECTURE,,GENERAL,1.0
200005,CHUYEN DE A,ME,,4,60,60,0,0,0,0,0,LECTURE,,GENERAL,1.0
200009,DO HOA DIEN TOAN,ME,,2,45,30,15,0,0,0,0,LECTURE,,GENERAL,1.0
200010,PP PHAN TICH HH,ME,,2,45,30,15,0,0,0,0,LECTURE,,GENERAL,1.0
200011,KY THUAT HOC 1,20,,3,45,30,15,0,0,0,0,LECTURE,,GENERAL,1.0
200012,DAN HOI & DEO,ME,,2,45,30,15,0,0,0,0,LECTURE,,GENERAL,1.0
200013,MO HINH HOA HINH HOC,ME,,2,45,30,0,15,0,0,0,LECTURE,,GENERAL,1.0
200015,CAC CHUYEN DE HK9,ME,,4,60,60,0,0,0,0,0,LECTURE,,GENERAL,1.0
200016,CHUYEN DE B,ME,,8,120,120,0,0,0,0,0,LECTURE,,GENERAL,1.0
200017,DO HOA DIEN TOAN,ME,,3,45,30,15,0,0,0,0,LECTURE,,GENERAL,1.0
200018,CN GIA CONG CHINH XAC,ME,,2,45,30,15,0,0,0,0,LECTURE,,GENERAL,1.0
200019,HAN KIM LOAI (KTCT),ME,,2,45,30,5,10,0,1,0,LECTURE,,GENERAL,1.0
200020,GIA CONG VL PHI KIM LOAI,ME,,2,45,30,15,0,0,0,0,LECTURE,,GENERAL,1.0
200021,QL & KT BAO TRI CNGHIEP,ME,,2,45,30,15,0,0,0,0,LECTURE,,GENERAL,1.0
200022,VI XU LY UNG DUNG,ME,,2,45,30,15,0,0,0,0,LECTURE,,GENERAL,1.0
200023,VAT LIEU COMPOSITE(KTCT),ME,,2,45,30,15,0,0,0,0,LECTURE,,GENERAL,1.0
200024,VATLIEU PHI K.LOAI(KTCT),ME,,2,45,30,15,0,0,0,0,LECTURE,,GENERAL,1.0
200025,THIET KE SAN PHAM,ME,,2,45,30,15,0,0,0,0,LECTURE,,GENERAL,1.0
200026,VE KY THUAT CO KHI,ME,,3,75,66,9,0,0,0,0,LECTURE,,GENERAL,1.0
200027,TOI UU HOA,ME,,2,45,30,0,15,0,0,0,LECTURE,,GENERAL,1.0
200029,KT THUY LUC & KHI NEN,ME,,2,45,30,15,0,0,0,0,LECTURE,,GENERAL,1.0
200030,THIET KE HT CO DIEN TU,ME,,3,60,45,0,15,0,0,0,LECTURE,,GENERAL,1.0
200032,D/KHIEN BANG BIEN TRTHAI,ME,,2,45,30,15,0,0,0,0,LECTURE,,GENERAL,1.0
200033,VAT LIEU MOI,ME,,2,45,30,15,0,0,0,0,LECTURE,,GENERAL,1.0
200034,MAY CHE BIEN,ME,,2,45,30,15,0,0,0,0,LECTURE,,GENERAL,1.0
200035,KY THUAT HOC 2,20,,3,45,30,15,0,0,0,0,LECTURE,,GENERAL,1.0
200036,TT DIEN - DIEN TU 1(CK),ME,,1,30,0,0,30,0,0,0,LAB,,GENERAL,1.0
200037,TT DIEN - DIEN TU 2(CK),ME,,1,30,0,0,30,0,0,0,LAB,,GENERAL,1.0
200051,DO HOA DIEN TOAN,ME,,4,30,15,0,15,0,0,0,LECTURE,,GENERAL,1.0
200064,THUC TAP KY THUAT,ME,,2,60,0,0,60,0,0,0,LAB,,GENERAL,1.0
200151,TOI UU HOA QTSX & QLXN,ME,,6,45,45,0,0,0,0,0,LECTURE,,GENERAL,1.0
200152,THUC HANH TOI UU HOA,ME,,0,15,0,0,15,0,0,0,LAB,,GENERAL,1.0
200300,NHAP MON KY THUAT,ME,,2,45,30,15,0,0,0,0,LECTURE,,GENERAL,1.0
200310,KNANG GTIEP-NG/NGHE (BT),ME,,0,15,0,15,0,0,0,0,PRACTICAL,,GENERAL,1.0
201001,CO HOC LY THUYET,20,,3,60,45,15,0,0,1,0,LECTURE,,GENERAL,1.0
201003,CO UNG DUNG 1,20,,5,75,60,15,0,0,0,0,LECTURE,,GENERAL,1.0
201004,CO UNG DUNG 2,20,,5,75,60,15,0,0,0,0,LECTURE,,GENERAL,1.0
201005,P/PHAP TOI UU & QHTN,20,,4,60,45,15,0,0,0,0,LECTURE,,GENERAL,1.0
201006,PHUONG PHAP TOI UU,20,,3,45,45,0,0,0,0,0,LECTURE,,GENERAL,1.0
201008,P/PHAP TINH & LT TOI UU,20,,4,60,45,15,0,0,0,0,LECTURE,,GENERAL,1.0
201009,CO HOC,20,,2,60,30,30,0,0,0,0,LECTURE,,GENERAL,1.0
201010,CO HOC UNG DUNG,20,,3,60,45,15,0,0,0,0,LECTURE,,GENERAL,1.0
201011,CO LY THUYET,20,,3,60,45,15,0,0,0,0,LECTURE,,GENERAL,1.0
201012,CO HOC 2,20,,3,60,45,15,0,0,0,0,LECTURE,,GENERAL,1.0
201013,CO HOC MAY,20,,4,60,60,0,0,0,0,0,LECTURE,,GENERAL,1.0
201014,P/PHAP TOI UU & QHTN,20,,4,60,45,15,0,0,0,0,LECTURE,,GENERAL,1.0
201015,CO LY THUYET,20,,3,45,45,0,0,0,0,0,LECTURE,,GENERAL,1.0
201016,CO UNG DUNG,20,,3,45,45,0,0,0,0,0,LECTURE,,GENERAL,1.0
201017,CO LY THUYET,20,,5,75,75,0,0,0,0,0,LECTURE,,GENERAL,1.0
201018,CO HOC,20,,2,45,30,15,0,0,0,0,LECTURE,,GENERAL,1.0
201019,CO LY THUYET 1,20,,2,45,30,15,0,0,0,0,LECTURE,,GENERAL,1.0
201020,CO LY THUYET NANG CAO,20,,2,45,30,15,0,0,0,0,LECTURE,,GENERAL,1.0
201021,CO KY THUAT (CKT),20,,3,60,45,15,0,0,0,0,LECTURE,,GENERAL,1.0
201022,COHOC MOITRUONG LIEN TUC,20,,3,60,45,15,0,0,0,0,LECTURE,,GENERAL,1.0
201023,CAD UNG DUNG,20,,2,45,30,15,0,0,0,0,LECTURE,,GENERAL,1.0
201024,DAO DONG CO SO,20,,2,45,30,15,0,0,0,0,LECTURE,,GENERAL,1.0
201025,DAO DONG KY THUAT,20,,3,60,45,15,0,0,0,0,LECTURE,,GENERAL,1.0
201026,DAN HOI UNG DUNG A,20,,3,60,45,15,0,0,0,0,LECTURE,,GENERAL,1.0
201027,DOLUONG CAC DLUONG PDIEN,20,,2,45,30,15,0,0,0,0,LECTURE,,GENERAL,1.0
201028,LY THUYET DAN HOI,20,,2,45,30,15,0,0,0,0,LECTURE,,GENERAL,1.0
201029,LY THUYET DEO KY THUAT,20,,2,45,30,15,0,0,0,0,LECTURE,,GENERAL,1.0
201030,PP PHAN TU HUU HAN (CKT),20,,2,45,30,15,0,0,0,0,LECTURE,,GENERAL,1.0
201031,PP PHANTU HHAN UDUNG(CKT,20,,3,60,45,15,0,0,0,0,LECTURE,,GENERAL,1.0
201032,THIET KE KY THUAT,20,,2,45,30,15,0,0,0,0,LECTURE,,GENERAL,1.0
201034,TT MOPHONG CO KY THUAT 1,20,,2,60,0,0,60,0,0,0,LAB,,GENERAL,1.0
201035,TT MO PHONG CO KY THUA,20,,2,60,0,0,60,0,0,0,LAB,,GENERAL,1.0
201036,THI NGHIEM CO HOC,20,,2,60,0,0,60,0,0,0,LAB,,GENERAL,1.0
201037,UD CAC PMEM TRG TT COHOC,20,,3,60,45,15,0,0,0,0,LECTURE,,GENERAL,1.0
201038,XULY TIENG ON TRG KTHUAT,20,,3,60,45,15,0,0,0,0,LECTURE,,GENERAL,1.0
201039,UNG XU CO HOC CUA V/LIEU,20,,2,45,30,15,0,0,0,0,LECTURE,,GENERAL,1.0
201041,CO HOC,20,,3,45,30,15,0,0,0,0,LECTURE,,GENERAL,1.0
201042,TH L/TRINH T/TOAN CO HOC,20,,2,45,30,15,0,0,0,0,LECTURE,,GENERAL,1.0
201043,PT S/LIEU T/NGHIEM C/HOC,20,,2,45,30,15,0,0,0,0,LECTURE,,GENERAL,1.0
201051,CO LY THUYET 1,20,,4,30,30,0,0,0,0,0,LECTURE,,GENERAL,1.0
201052,CO LY THUYET 2,20,,3,30,30,0,0,0,0,0,LECTURE,,GENERAL,1.0
201053,CO UNG DUNG 1,20,,5,40,40,0,0,0,0,0,LECTURE,,GENERAL,1.0
201054,CO UNG DUNG 2,20,,5,40,40,0,0,0,0,0,LECTURE,,GENERAL,1.0
201055,PHUONG PHAP TOI UU,20,,3,25,25,0,0,0,0,0,LECTURE,,GENERAL,1.0
201056,CO UNG DUNG,20,,2,30,30,0,0,0,0,0,LECTURE,,GENERAL,1.0
201057,CO HOC,20,,4,30,30,0,0,0,0,0,LECTURE,,GENERAL,1.0
201058,CO LY THUYET,20,,8,60,60,0,0,0,0,0,LECTURE,,GENERAL,1.0
201059,CO UNG DUNG,20,,4,45,45,0,0,0,0,0,LECTURE,,GENERAL,1.0
201060,CO LY THUYET,20,,5,525,525,0,0,0,0,0,LECTURE,,GENERAL,1.0
201061,CO UNG DUNG,20,,5,525,525,0,0,0,0,0,LECTURE,,GENERAL,1.0
201101,BAI TAP CO HOC,20,,0,15,0,15,0,0,0,0,PRACTICAL,,GENERAL,1.0
201102,BAI TAP CO UNG DUNG,20,,0,15,0,15,0,0,0,0,PRACTICAL,,GENERAL,1.0
201103,BAI TAP CO LY THUYET,20,,0,15,0,15,0,0,0,0,PRACTICAL,,GENERAL,1.0
201701,COHOC DC &CH MTR LIENTUC,20,,3,48,30,18,0,0,0,0,LECTURE,,GENERAL,1.0
201702,DAO DONG 1,20,,1,21,12,0,0,0,9,0,LECTURE,,GENERAL,1.0
201703,DAO DONG 2,20,,1,21,12,0,0,0,9,0,LECTURE,,GENERAL,1.0
201704,CO HOC BAY 2,TR,,2,42,24,0,0,0,18,0,LECTURE,,GENERAL,1.0
201705,HU HONG & PHA HUY 1,20,,1,21,12,0,0,0,9,0,LECTURE,,GENERAL,1.0
201706,HU HONG & PHA HUY 2,20,,2,48,21,0,0,0,27,0,LECTURE,,GENERAL,1.0
201707,CO HOC VAT RAN & SONG CO,20,,3,60,30,30,0,0,0,0,LECTURE,,GENERAL,1.0
201708,CAC CTRUCHK-C/HOC PHAHUY,TR,,1,21,12,0,0,0,9,0,LECTURE,,GENERAL,1.0
201801,CO HOC LY THUYET,20,,3,60,45,15,0,0,0,0,LECTURE,,GENERAL,1.0
202001,TN K/THUAT THUY LUC&KNEN,ME,,1,30,0,0,30,0,0,0,LAB,,GENERAL,1.0
202002,TN DUNG SAI &KY THUAT DO,ME,,1,30,0,0,30,0,0,0,LAB,,GENERAL,1.0
202003,CN & T/BI GIA CONG C/XAC,ME,,2,45,30,15,0,0,1,0,LECTURE,,GENERAL,1.0
202004,NG/LY GIA CONG VAT LIEU,ME,,2,45,30,15,0,0,0,0,LECTURE,,GENERAL,1.0
202005,T/KE D/BAO C/TAO &LAPRAP,ME,,2,45,30,15,0,0,1,0,LECTURE,,GENERAL,1.0
202006,THIET KE TRANG BI C/NGHE,ME,,2,45,30,0,15,0,0,0,LECTURE,,GENERAL,1.0
202007,DUNG SAI & KY THUAT DO,ME,,2,45,30,15,0,0,1,0,LECTURE,,GENERAL,1.0
202008,KY THUAT DONG THOI,ME,,2,45,30,15,0,0,1,0,LECTURE,,GENERAL,1.0
202009,"BOM, QUAT, MAY NEN KHI",ME,,2,45,30,9,6,0,1,0,LECTURE,,GENERAL,1.0
202010,KYTHUAT THUY LUC&KHI NEN,ME,,2,45,30,15,0,0,0,0,LECTURE,,GENERAL,1.0
202011,"LAP DAT,VAN HANH&SC TBCN",ME,,2,45,30,15,0,0,0,0,LECTURE,,GENERAL,1.0
202012,DUNG SAI,ME,,2,30,30,0,0,0,0,0,LECTURE,,GENERAL,1.0
202013,DUNG SAI - KY THUAT DO,ME,,3,60,40,8,12,0,1,0,LECTURE,,GENERAL,1.0
202014,CAC PP G/CONG KHONG PHOI,ME,,2,45,30,15,0,0,0,0,LECTURE,,GENERAL,1.0
202015,K/THUAT THUY LUC-KHI NEN,ME,,2,45,30,15,0,0,0,0,LECTURE,,GENERAL,1.0
202016,TN KT THUY LUC - KHI NEN,ME,,1,30,0,0,30,0,0,0,LAB,,GENERAL,1.0
202017,LY THUYET AN KHOP,ME,,2,30,30,0,0,0,0,0,LECTURE,,GENERAL,1.0
202018,LY THUYET TAO HINH,ME,,2,30,30,0,0,0,0,0,LECTURE,,GENERAL,1.0
202019,MAY CHE BIEN,ME,,6,90,90,0,0,0,0,0,LECTURE,,GENERAL,1.0
202020,KY THUAT CHE TAO,ME,,4,75,60,15,0,0,0,0,LECTURE,,GENERAL,1.0
202021,N/LY CAT & DUNG CU CAT,ME,,4,60,45,15,0,0,0,0,LECTURE,,GENERAL,1.0
202022,P/PHAP GIA CONG TINH XAC,ME,,3,45,45,0,0,0,0,0,LECTURE,,GENERAL,1.0
202023,P/PHAP PHAN TU HUU HAN,ME,,2,30,30,0,0,0,0,0,LECTURE,,GENERAL,1.0
202024,T/KE MAY CAT KIM LOAI,ME,,3,45,45,0,0,0,0,0,LECTURE,,GENERAL,1.0
202025,THIET KE NHA MAY CO KHI,ME,,2,30,30,0,0,0,0,0,LECTURE,,GENERAL,1.0
202026,TK DO GA GIA CONG K.LOAI,ME,,2,30,30,0,0,0,0,0,LECTURE,,GENERAL,1.0
202027,TOI UU HOA PHUONG AN CN,ME,,2,30,30,0,0,0,0,0,LECTURE,,GENERAL,1.0
202028,T/BI DIEN TRONG MCKL A,ME,,2,30,25,0,5,0,0,0,LECTURE,,GENERAL,1.0
202029,T/BI DIEN TRONG MCKL B,ME,,3,45,45,0,0,0,0,0,LECTURE,,GENERAL,1.0
202030,TU DONG HOA QT CONG NGHE,ME,,3,45,45,0,0,0,0,0,LECTURE,,GENERAL,1.0
202033,TBI KHOAN & KHAI THAC DK,20,,3,45,45,0,0,0,0,0,LECTURE,,GENERAL,1.0
202034,CHE TAO CO KHI 1,ME,,3,60,45,15,0,0,0,0,LECTURE,,GENERAL,1.0
202035,CHE TAO CO KHI 2,ME,,2,45,30,15,0,0,0,0,LECTURE,,GENERAL,1.0
202036,T/KE QUI TRINH CONG NGHE,ME,,3,75,45,15,15,0,0,0,LECTURE,,GENERAL,1.0
202037,TU DONG CONG NGHIEP,ME,,2,45,30,15,0,0,0,0,LECTURE,,GENERAL,1.0
202039,DO TRONG CHE TAO MAY,ME,,1,30,15,15,0,0,0,0,LECTURE,,GENERAL,1.0
202040,KY THUAT DO LUONG CO KHI,ME,,3,75,45,15,15,0,0,0,LECTURE,,GENERAL,1.0
202041,THIET BI DIEN TRONG MAY,ME,,1,30,15,15,0,0,0,0,LECTURE,,GENERAL,1.0
202042,CAC PP GIA CONG DAC BIET,ME,,2,45,30,9,6,0,0,0,LECTURE,,GENERAL,1.0
202043,TOI UU HOA QUI TRINHSXCN,ME,,2,45,30,15,0,0,0,0,LECTURE,,GENERAL,1.0
202044,TU DONG HOA SAN XUAT,ME,,2,45,39,0,6,0,0,0,LECTURE,,GENERAL,1.0
202045,CNC,ME,,2,45,30,0,15,0,0,0,LECTURE,,GENERAL,1.0
202046,TK DUNG CU CAT KIM LOAI,ME,,2,45,30,15,0,0,0,0,LECTURE,,GENERAL,1.0
202047,KY THUAT CHE TAO 2,ME,,3,60,45,0,15,0,0,0,LECTURE,,GENERAL,1.0
202048,CONG NGHE CHE TAO MAY 2,ME,,3,60,51,0,9,0,0,0,LECTURE,,GENERAL,1.0
202049,TK QUI TRINH CONG NGHE,ME,,2,45,30,15,0,0,0,0,LECTURE,,GENERAL,1.0
202050,CO KHI DAI CUONG,ME,,3,60,42,9,9,0,0,0,LECTURE,,GENERAL,1.0
202051,CONG NGHE CHE TAO MAY 1,ME,,4,30,30,0,0,0,0,0,LECTURE,,GENERAL,1.0
202052,CONG NGHE CHE TAO MAY 2,ME,,4,30,30,0,0,0,0,0,LECTURE,,GENERAL,1.0
202053,DUNG SAI DO LUONG,ME,,3,25,25,0,0,0,0,0,LECTURE,,GENERAL,1.0
202054,TRUYEN DONG DAU EP,ME,,2,20,20,0,0,0,0,0,LECTURE,,GENERAL,1.0
202055,NGUYEN LY CAT KIM LOAI,ME,,4,30,30,0,0,0,0,0,LECTURE,,GENERAL,1.0
202056,TRANG BI DIEN,ME,,4,30,30,0,0,0,0,0,LECTURE,,GENERAL,1.0
202057,TK DUNG CU CAT KIM LOAI,ME,,4,30,30,0,0,0,0,0,LECTURE,,GENERAL,1.0
202058,MAY CAT KIM LOAI,ME,,4,30,30,0,0,0,0,0,LECTURE,,GENERAL,1.0
202060,T/KE MAY CAT KIM LOAI,ME,,4,30,30,0,0,0,0,0,LECTURE,,GENERAL,1.0
202061,DO GA,ME,,2,20,20,0,0,0,0,0,LECTURE,,GENERAL,1.0
202062,TU DONG HOA CONG NGHE,ME,,4,30,30,0,0,0,0,0,LECTURE,,GENERAL,1.0
202064,KY THUAT AN TOAN,ME,,3,25,25,0,0,0,0,0,LECTURE,,GENERAL,1.0
202065,MAI MON BOI TRON,ME,,3,25,25,0,0,0,0,0,LECTURE,,GENERAL,1.0
202067,DO GA,ME,,2,15,15,0,0,0,0,0,LECTURE,,GENERAL,1.0
202068,TRUYEN DONG EP & KHI NEN,ME,,2,45,30,15,0,0,0,0,LECTURE,,GENERAL,1.0
202069,KY THUAT DO LUONG CO KHI,ME,,2,45,30,0,15,0,0,0,LECTURE,,GENERAL,1.0
202070,TK VOI SU HO TRO CUA MT,ME,,2,45,30,15,0,0,0,0,LECTURE,,GENERAL,1.0
202072,KT BAO DUONG S/CHUA MAY,ME,,2,30,30,0,0,0,0,0,LECTURE,,GENERAL,1.0
202073,KHOA HOC BAO HO LAO DONG,ME,,3,30,30,0,0,0,0,0,LECTURE,,GENERAL,1.0
202074,TRANG BI DIEN TRONG MAY,ME,,2,30,25,0,5,0,0,0,LECTURE,,GENERAL,1.0
202076,KHOA HOC BAO HO LAO DONG,ME,,3,45,45,0,0,0,0,0,LECTURE,,GENERAL,1.0
202077,TK BANG MAY TINH DIEN TU,ME,,3,45,45,0,0,0,0,0,LECTURE,,GENERAL,1.0
202078,TU DONG HOA QT CONG NGHE,ME,,3,45,45,0,0,0,0,0,LECTURE,,GENERAL,1.0
202079,TOI UU HOA,ME,,2,45,30,0,15,0,0,0,LECTURE,,GENERAL,1.0
202080,MAY CONG CU,ME,,2,45,30,9,6,0,0,0,LECTURE,,GENERAL,1.0
202081,MAY CAT KIM LOAI,ME,,2,45,30,15,0,0,0,0,LECTURE,,GENERAL,1.0
202082,CN GIA CONG TREN MAY CNC,ME,,2,45,30,15,0,0,0,0,LECTURE,,GENERAL,1.0
202083,CNGHE VL NHUA &KHUON MAU,ME,,2,45,30,10,5,0,1,0,LECTURE,,GENERAL,1.0
202084,CAD/CAM TRONG DET MAY,ME,,2,45,30,10,5,0,1,0,LECTURE,,GENERAL,1.0
202085,KT DK TDONG BANG KHI NEN,ME,,2,45,30,15,0,0,0,0,LECTURE,,GENERAL,1.0
202086,QLY & KT BAO TRI CNGHIEP,ME,,2,45,30,10,5,0,0,0,LECTURE,,GENERAL,1.0
202087,DAM BAO CHAT LUONG,ME,,2,45,30,15,0,0,0,0,LECTURE,,GENERAL,1.0
202088,MAY CHE BIEN,ME,,2,45,30,15,0,0,0,0,LECTURE,,GENERAL,1.0
202089,TRANG BI DIEN & DIEN TU,ME,,1,30,15,10,5,0,0,0,LECTURE,,GENERAL,1.0
202091,BOM QUAT MAY NEN,ME,,3,45,30,0,0,0,15,0,LECTURE,,GENERAL,1.0
202100,CONG NGHE CO KHI 1,20,,2,45,15,0,30,0,0,0,LECTURE,,GENERAL,1.0
202101,KY THUAT DO LUONG,ME,,3,60,45,0,15,0,0,0,LECTURE,,GENERAL,1.0
202102,PP THIET KE KY THUAT,ME,,2,45,30,15,0,0,0,0,LECTURE,,GENERAL,1.0
202103,KY THUAT CHE TAO 3,ME,,2,45,30,0,15,0,0,0,LECTURE,,GENERAL,1.0
202104,CAD/CAM/CNC,ME,,3,60,45,5,10,0,1,0,LECTURE,,GENERAL,1.0
202105,TU DONG HOA SAN XUAT,ME,,3,60,45,9,6,0,0,0,LECTURE,,GENERAL,1.0
202106,KY THUAT CHE TAO (CO DT),ME,,3,60,45,15,0,0,0,0,LECTURE,,GENERAL,1.0
202107,CONG NGHE NANO,ME,,2,45,30,15,0,0,0,0,LECTURE,,GENERAL,1.0
202108,KIEM TRA KHONG PHA HUY,20,,3,45,45,0,0,0,0,0,LECTURE,,GENERAL,1.0
202109,TU DONG HOA TRONG CN 1,20,,3,60,15,15,30,0,0,0,LECTURE,,GENERAL,1.0
202110,CONG NGHE CO KHI 2,20,,2,45,0,15,30,0,0,0,LAB,,GENERAL,1.0
202111,CONG NGHE CO KHI 3,20,,2,45,0,15,30,0,0,0,LAB,,GENERAL,1.0
202112,CONG NGHE CO KHI 4,20,,4,60,45,15,0,0,0,0,LECTURE,,GENERAL,1.0
202113,CONG NGHE KHI NEN 1,20,,2,45,0,15,30,0,0,0,LAB,,GENERAL,1.0
202114,TU DONG HOA TRONG CN 2,20,,3,60,15,15,30,0,0,0,LECTURE,,GENERAL,1.0
202115,CONG NGHE KHI NEN 2,20,,2,45,0,15,30,0,0,0,LAB,,GENERAL,1.0
202116,TIEU CHUAN HOA,20,,3,45,30,15,0,0,0,0,LECTURE,,GENERAL,1.0
202117,CHAT LUONG - AN TOAN,20,,2,30,15,15,0,0,0,0,LECTURE,,GENERAL,1.0
202118,KT AN TOAN & MOI TRUONG,ME,,2,45,30,6,9,0,0,0,LECTURE,,GENERAL,1.0
202119,KY THUAT CHE TAO 2,ME,,3,60,45,0,15,0,0,0,LECTURE,,GENERAL,1.0
202151,KT DO LUONG TRONG C/NGH,ME,,4,45,45,0,0,0,0,0,LECTURE,,GENERAL,1.0
202152,TN DO LUONG TRONG C/NGH,ME,,2,15,0,0,15,0,0,0,LAB,,GENERAL,1.0
202153,NG/LY CAT & DUNG CU CAT,ME,,0,90,60,0,0,0,15,0,LECTURE,,GENERAL,1.0
202154,MAY CONG NGHIEP,ME,,0,60,45,0,0,0,0,0,LECTURE,,GENERAL,1.0
202155,MAY CAT KL+BTLON,ME,,5,45,45,0,0,0,0,0,LECTURE,,GENERAL,1.0
202156,CO SO CNGHE CHE TAO MAY,ME,,5,45,45,0,0,0,0,0,LECTURE,,GENERAL,1.0
202157,KT BAO DUONG MAY CN,ME,,3,30,30,0,0,0,0,0,LECTURE,,GENERAL,1.0
202159,AN TOAN LAO DONG,ME,,4,45,45,0,0,0,0,0,LECTURE,,GENERAL,1.0
202160,CONG NGHE CHE TAO MAY 2,ME,,4,45,45,0,0,0,0,0,LECTURE,,GENERAL,1.0
202161,MAY CNC,ME,,3,30,30,0,0,0,0,0,LECTURE,,GENERAL,1.0
202162,TRANG BI DIEN,ME,,4,45,45,0,0,0,0,0,LECTURE,,GENERAL,1.0
202163,TU DONG HOA,ME,,4,45,45,0,0,0,0,0,LECTURE,,GENERAL,1.0
202701,CO KHI DAI CUONG,ME,,2,48,21,0,0,0,27,0,LECTURE,,GENERAL,1.0
202702,CAC CAM BIEN,ME,,2,48,21,0,0,0,27,0,LECTURE,,GENERAL,1.0
202703,CHE TAO,ME,,2,48,21,0,0,0,27,0,LECTURE,,GENERAL,1.0
202704,TR/DONG THUY LUC &KHINEN,ME,,2,48,21,0,0,0,27,0,LECTURE,,GENERAL,1.0
202901,TOI UU HOA = MTDT,ME,,2,30,30,0,0,0,0,0,LECTURE,,GENERAL,1.0
202902,THIET KE MAY CONG CU,ME,,2,30,30,0,0,0,0,0,LECTURE,,GENERAL,1.0
202903,THIET KE DUNG CU CAT,ME,,2,30,30,0,0,0,0,0,LECTURE,,GENERAL,1.0
202904,PP GIA CONG DAC BIET,ME,,2,30,30,0,0,0,0,0,LECTURE,,GENERAL,1.0
202905,TU DONG HOA QUI TRINH CN,ME,,2,30,30,0,0,0,0,0,LECTURE,,GENERAL,1.0
202906,TK DUNG CU CAT KIM LOAI,ME,,2,30,30,0,0,0,0,0,LECTURE,,GENERAL,1.0
202907,MAY DIEU KHIEN CHTRINHSO,ME,,2,30,30,0,0,0,0,0,LECTURE,,GENERAL,1.0
202908,TOI UU HOA QTSX C/NGHIEP,ME,,2,30,30,0,0,0,0,0,LECTURE,,GENERAL,1.0
202909,MAY CONG NGHIEP,ME,,2,30,30,0,0,0,0,0,LECTURE,,GENERAL,1.0
202910,CN GIA CONG TREN MAY CNC,ME,,2,30,20,0,10,0,0,0,LECTURE,,GENERAL,1.0
203002,MAY NANG CHUYEN,ME,,3,45,45,0,0,0,0,0,LECTURE,,GENERAL,1.0
203003,KY THUAT NANG-VAN CHUYEN,ME,,2,45,30,9,6,0,1,0,LECTURE,,GENERAL,1.0
203004,MAY XAY DUNG,ME,,2,45,30,15,0,0,0,0,LECTURE,,GENERAL,1.0
203005,MAY LAM DAT,ME,,2,45,30,9,6,0,1,0,LECTURE,,GENERAL,1.0
203006,KT RUNG TRONG MAY X/DUNG,ME,,2,45,30,9,6,0,1,0,LECTURE,,GENERAL,1.0
203007,T/BI CO GIOI HOA XNCN,ME,,4,60,50,10,0,0,0,0,LECTURE,,GENERAL,1.0
203008,KCAU THEP THIET BI NANG,ME,,2,45,30,15,0,0,1,0,LECTURE,,GENERAL,1.0
203009,TRUYEN DONG MAY XAY DUNG,ME,,2,45,30,9,6,0,1,0,LECTURE,,GENERAL,1.0
203010,THANG MAY,ME,,2,45,30,9,6,0,1,0,LECTURE,,GENERAL,1.0
203011,MAY SXVL & CAU KIEN XD,ME,,2,45,30,9,6,0,1,0,LECTURE,,GENERAL,1.0
203013,KTHAC &SCHUA MAY XAYDUNG,ME,,2,45,30,9,6,0,1,0,LECTURE,,GENERAL,1.0
203014,TUDONG HOA TRG MAY XDUNG,ME,,2,45,30,9,6,0,1,0,LECTURE,,GENERAL,1.0
203016,MAY XEP DO,ME,,2,45,30,15,0,0,1,0,LECTURE,,GENERAL,1.0
203017,DONG LUC HOC MAY XAYDUNG,ME,,2,45,30,15,0,0,1,0,LECTURE,,GENERAL,1.0
203018,UD TIN HOC TRG T/KE MXD,ME,,2,45,30,9,6,0,1,0,LECTURE,,GENERAL,1.0
203019,CAC MAY TRUC,ME,,2,45,30,15,0,0,1,0,LECTURE,,GENERAL,1.0
203020,MAY VAN CHUYEN LIEN TUC,ME,,2,45,30,15,0,0,1,0,LECTURE,,GENERAL,1.0
203051,MAY NANG CHUYEN,ME,,4,45,30,0,0,0,0,0,LECTURE,,GENERAL,1.0
203901,TRUYEN DONG MAY XAY DUNG,ME,,2,30,30,0,0,0,0,0,LECTURE,,GENERAL,1.0
203902,UNG DUNG RUNG TRONG MXD,ME,,2,30,30,0,0,0,0,0,LECTURE,,GENERAL,1.0
203903,SU DUNG & SUA CHUA MXD,ME,,2,30,30,0,0,0,0,0,LECTURE,,GENERAL,1.0
203904,TK MAY XAY DUNG (BTL),ME,,2,30,30,0,0,0,0,0,LECTURE,,GENERAL,1.0
203905,MAY LAM DAT,ME,,2,30,30,0,0,0,0,0,LECTURE,,GENERAL,1.0
203906,KC KIM LOAI CUA TB NANG,ME,,2,30,30,0,0,0,0,0,LECTURE,,GENERAL,1.0
203907,MAY SX VLIEU XD& CAUKIEN,ME,,2,30,30,0,0,0,0,0,LECTURE,,GENERAL,1.0
203908,THANG MAY,ME,,2,30,30,0,0,0,0,0,LECTURE,,GENERAL,1.0
203909,CD DAMH THIET BI NANG,ME,,2,30,30,0,0,0,0,0,LECTURE,,GENERAL,1.0
204001,CS C/NGHE TAO SOI & VAI,ME,,2,45,30,15,0,0,0,0,LECTURE,,GENERAL,1.0
204002,CO SO CONG NGHE MAY,ME,,2,45,30,15,0,0,0,0,LECTURE,,GENERAL,1.0
204003,CO SO CONG NGHE HOAN TAT,ME,,2,45,30,15,0,0,0,0,LECTURE,,GENERAL,1.0
204004,CONG NGHE SOI,ME,,3,60,45,15,0,0,0,0,LECTURE,,GENERAL,1.0
204005,CAU TRUC SOI,ME,,2,45,30,15,0,0,0,0,LECTURE,,GENERAL,1.0
204006,CN SOCHE NGUYEN LIEU DET,ME,,2,45,30,15,0,0,0,0,LECTURE,,GENERAL,1.0
204007,THIET BI SOI DET,ME,,3,60,45,15,0,0,0,0,LECTURE,,GENERAL,1.0
204008,VAT LIEU DET,ME,,2,45,30,15,0,0,0,0,LECTURE,,GENERAL,1.0
204009,CONG NGHE DET THOI,ME,,2,45,30,15,0,0,0,0,LECTURE,,GENERAL,1.0
204010,CONG NGHE DET KIM,ME,,2,45,30,15,0,0,1,0,LECTURE,,GENERAL,1.0
204011,KHOA HOC VAT LIEU DET,ME,,2,45,30,15,0,0,0,0,LECTURE,,GENERAL,1.0
204012,K/TRA &PT VAT LIEU D/MAY,ME,,2,45,27,0,18,0,0,0,LECTURE,,GENERAL,1.0
204013,"VL VAI KT, VAI KHONG DET",ME,,2,45,30,15,0,0,0,0,LECTURE,,GENERAL,1.0
204014,CONG NGHE NHUOM -IN BONG,ME,,2,45,30,15,0,0,0,0,LECTURE,,GENERAL,1.0
204015,DAI CUONG CN DET-MAY 1,ME,,2,45,30,15,0,0,0,0,LECTURE,,GENERAL,1.0
204016,THI NGHIEM VAT LIEU DET,ME,,1,30,0,0,30,0,0,0,LAB,,GENERAL,1.0
204017,MY THUAT CN TRONG DETMAY,ME,,2,45,30,15,0,0,1,0,LECTURE,,GENERAL,1.0
204018,DAI CUONG CN DET MAY 2,ME,,2,45,30,15,0,0,0,0,LECTURE,,GENERAL,1.0
204019,KT DO LUONG TRG DET MAY,ME,,2,45,30,15,0,0,0,0,LECTURE,,GENERAL,1.0
204020,CONG NGHE KEO SOI,ME,,3,60,45,15,0,0,0,0,LECTURE,,GENERAL,1.0
204021,CAU TRUC VAI DET THOI,ME,,2,45,30,15,0,0,0,0,LECTURE,,GENERAL,1.0
204022,HOA DET 1,ME,,2,45,30,15,0,0,0,0,LECTURE,,GENERAL,1.0
204023,THI NGHIEM HOA DET 1,ME,,1,30,0,0,30,0,0,0,LAB,,GENERAL,1.0
204024,HOA DET 2,ME,,2,45,30,15,0,0,0,0,LECTURE,,GENERAL,1.0
204025,THI NGHIEM HOA DET 2,ME,,1,30,0,0,30,0,0,0,LAB,,GENERAL,1.0
204026,HOA DET 3,ME,,2,45,30,15,0,0,0,0,LECTURE,,GENERAL,1.0
204027,THI NGHIEM HOA DET 3,ME,,2,60,0,0,60,0,0,0,LAB,,GENERAL,1.0
204028,HOA DET 4,ME,,3,60,45,15,0,0,0,0,LECTURE,,GENERAL,1.0
204029,CN GIA CONG XO NHAN TAO,ME,,2,45,30,15,0,0,0,0,LECTURE,,GENERAL,1.0
204031,THIET KE VAI DET THOI,ME,,2,45,30,15,0,0,0,0,LECTURE,,GENERAL,1.0
204032,THIET KE VAI DET KIM,ME,,2,45,30,15,0,0,0,0,LECTURE,,GENERAL,1.0
204034,CONG NGHE MAY 1,ME,,3,60,45,15,0,0,1,0,LECTURE,,GENERAL,1.0
204035,CONG NGHE MAY 2,ME,,2,45,30,15,0,0,1,0,LECTURE,,GENERAL,1.0
204036,CO SO TH/KE TRANG PHUC,ME,,2,45,30,15,0,0,1,0,LECTURE,,GENERAL,1.0
204037,THIET KE CHUYEN MAY,ME,,2,45,30,15,0,0,0,0,LECTURE,,GENERAL,1.0
204039,MY THUAT TRANG PHUC,ME,,2,45,30,15,0,0,1,0,LECTURE,,GENERAL,1.0
204040,THIET KE TRANG PHUC,ME,,3,60,45,15,0,0,0,0,LECTURE,,GENERAL,1.0
204041,HOA HOC THUOC NHUOM,ME,,2,45,30,15,0,0,0,0,LECTURE,,GENERAL,1.0
204042,T/NGHIEM NHUOM - IN BONG,ME,,1,30,0,0,30,0,0,0,LAB,,GENERAL,1.0
204043,DLUC HOC CAC QTCN DETSOI,ME,,2,45,30,15,0,0,0,0,LECTURE,,GENERAL,1.0
204045,LY THUYET THOI TRANG,ME,,2,45,30,15,0,0,0,0,LECTURE,,GENERAL,1.0
204046,VE MY THUAT TRANG PHUC,ME,,2,45,30,15,0,0,1,0,LECTURE,,GENERAL,1.0
204047,CO HOC SOI & SOI VAI,ME,,2,45,30,15,0,0,0,0,LECTURE,,GENERAL,1.0
204048,CO DIEN TU TRONG DET MAY,ME,,2,45,30,15,0,0,0,0,LECTURE,,GENERAL,1.0
204049,THUC TAP KY THUAT(MAY),ME,,4,120,0,0,120,0,0,0,LAB,,GENERAL,1.0
204051,KY THUAT MOI TRUONG DC,20,,2,45,30,15,0,0,0,0,LECTURE,,GENERAL,1.0
204055,THUC TAP KY THUAT (MAY),ME,,3,90,0,0,90,0,0,0,LAB,,GENERAL,1.0
204101,KTHUAT XL SLIEU TRG DET,ME,,1,30,15,15,0,0,0,0,LECTURE,,GENERAL,1.0
204102,KT THONG GIO CONG NGHIEP,ME,,2,45,30,15,0,0,1,0,LECTURE,,GENERAL,1.0
204103,THIET KE TRANG PHUC 1,ME,,3,60,45,15,0,0,1,0,LECTURE,,GENERAL,1.0
204104,THIET BI MAY,ME,,2,45,25,10,10,0,1,0,LECTURE,,GENERAL,1.0
204105,THIET BI NHUOM,ME,,2,45,30,15,0,0,0,0,LECTURE,,GENERAL,1.0
204106,CN C/BI V/LIEU IN NHUOM,ME,,2,45,30,15,0,0,0,0,LECTURE,,GENERAL,1.0
204107,QUA TRINH & THIETBI CNHH,ME,,2,45,30,15,0,0,0,0,LECTURE,,GENERAL,1.0
204108,CONG NGHE KHONG DET,ME,,2,45,30,15,0,0,0,0,LECTURE,,GENERAL,1.0
204109,CAU TRUC VAI DET KIM,ME,,2,45,30,15,0,0,0,0,LECTURE,,GENERAL,1.0
204110,TK&CNSX TRPHUC HG DETKIM,ME,,2,45,30,15,0,0,0,0,LECTURE,,GENERAL,1.0
204111,THIET KE TRANG PHUC 2,ME,,2,45,30,15,0,0,1,0,LECTURE,,GENERAL,1.0
204112,HOAN TAT& KIEM TRA SPHAM,ME,,2,45,30,15,0,0,0,0,LECTURE,,GENERAL,1.0
204114,CONG NGHE IN - NHUOM,ME,,3,60,45,15,0,0,0,0,LECTURE,,GENERAL,1.0
204115,KT TRANG TRI TRANG PHUC,ME,,2,45,30,15,0,0,1,0,LECTURE,,GENERAL,1.0
204116,TH/KE TRANG PHUC TRE EM,ME,,2,45,30,15,0,0,1,0,LECTURE,,GENERAL,1.0
204117,THIET KE TRANG PHUC NAM,ME,,2,45,30,15,0,0,1,0,LECTURE,,GENERAL,1.0
204901,VAT LIEU DET,ME,,2,30,30,0,0,0,0,0,LECTURE,,GENERAL,1.0
204902,CONG NGHE DET,ME,,2,30,30,0,0,0,0,0,LECTURE,,GENERAL,1.0
204903,THIET BI DET,ME,,2,30,30,0,0,0,0,0,LECTURE,,GENERAL,1.0
204904,THIET KE MAT HANG DET,ME,,2,30,30,0,0,0,0,0,LECTURE,,GENERAL,1.0
204905,THIET KE CN DET (4NH),ME,,2,30,30,0,0,0,0,0,LECTURE,,GENERAL,1.0
204906,THIET KE MAY DET (4NH),ME,,2,30,30,0,0,0,0,0,LECTURE,,GENERAL,1.0
204907,CONG NGHE & THIET BI DET,ME,,2,30,30,0,0,0,0,0,LECTURE,,GENERAL,1.0
204908,CONG NGHE & T.BI KEO SOI,ME,,2,30,30,0,0,0,0,0,LECTURE,,GENERAL,1.0
204909,CONG NGHE & T.BI MAY,ME,,2,30,30,0,0,0,0,0,LECTURE,,GENERAL,1.0
204910,CONG NGHE & T.BI DET KIM,ME,,2,30,30,0,0,0,0,0,LECTURE,,GENERAL,1.0
204911,CN-TB IN NHUOM H.TAT VAI,ME,,2,30,30,0,0,0,0,0,LECTURE,,GENERAL,1.0
204912,CONG NGHE & TBI DET THOI,ME,,2,30,30,0,0,0,0,0,LECTURE,,GENERAL,1.0
204B01,CS C/NGHE TAO SOI & VAI,ME,,0,45,30,15,0,0,0,0,LECTURE,,GENERAL,1.0
204B11,KHOA HOC VAT LIEU DET,ME,,0,45,30,15,0,0,0,0,LECTURE,,GENERAL,1.0
205001,CN & THIET BI TAO PHOI,ME,,6,90,75,0,15,0,0,0,LECTURE,,GENERAL,1.0
205002,CN KIM LOAI & THIET BI 1,ME,,4,60,50,0,10,0,0,0,LECTURE,,GENERAL,1.0
205003,CN KIM LOAI & THIET BI 2,ME,,4,60,50,0,10,0,0,0,LECTURE,,GENERAL,1.0
205005,HAN DAC BIET,ME,,2,30,30,0,0,0,0,0,LECTURE,,GENERAL,1.0
205006,CAN DAC BIET,ME,,2,30,30,0,0,0,0,0,LECTURE,,GENERAL,1.0
205007,LY THUYET BIEN DANG,ME,,3,45,45,0,0,0,0,0,LECTURE,,GENERAL,1.0
205008,LY THUYET HAN,ME,,3,45,45,0,0,0,0,0,LECTURE,,GENERAL,1.0
205009,TB & NM SX PHOI KIM LOAI,ME,,3,45,45,0,0,0,0,0,LECTURE,,GENERAL,1.0
205010,LT & CN GC KHONG PHOI,ME,,3,45,45,0,0,0,0,0,LECTURE,,GENERAL,1.0
205011,CN & THIET BI TAO PHOI,ME,,3,60,45,15,0,0,0,0,LECTURE,,GENERAL,1.0
205012,LY THUYET BIEN DANG,ME,,2,45,30,15,0,0,1,0,LECTURE,,GENERAL,1.0
205013,HAN KIM LOAI,ME,,2,45,30,15,0,0,0,0,LECTURE,,GENERAL,1.0
205014,KT BIEN DANG TAO HINH KL,ME,,2,45,30,15,0,0,0,0,LECTURE,,GENERAL,1.0
205015,KY THUAT CHE TAO 1,ME,,2,45,30,15,0,0,1,0,LECTURE,,GENERAL,1.0
205016,CO SO LY THUYET HAN,ME,,2,45,30,15,0,0,0,0,LECTURE,,GENERAL,1.0
205017,KY THUAT CAN KIM LOAI,ME,,2,45,30,15,0,0,1,0,LECTURE,,GENERAL,1.0
205018,KY THUAT HOC KIM LOAI,ME,,3,45,30,0,15,0,0,0,LECTURE,,GENERAL,1.0
205019,CONG NGHE HAN 1,20,,2,45,15,0,30,0,0,0,LECTURE,,GENERAL,1.0
205020,CONG NGHE HAN 2,20,,2,45,15,0,30,0,0,0,LECTURE,,GENERAL,1.0
205021,CONG NGHE HAN 3,20,,2,45,15,0,30,0,0,0,LECTURE,,GENERAL,1.0
205022,KT BIEN DANG TAO HINH,ME,,2,45,30,15,0,0,1,0,LECTURE,,GENERAL,1.0
205023,CONG NGHE HAN,ME,,2,45,30,15,0,0,1,0,LECTURE,,GENERAL,1.0
205024,KT TAO HINH KIM LOAI BOT,ME,,2,45,30,15,0,0,1,0,LECTURE,,GENERAL,1.0
205025,LUYEN KIM HAN,ME,,2,45,30,15,0,0,1,0,LECTURE,,GENERAL,1.0
205026,KY THUAT PHUN PHU BE MAT,ME,,2,45,30,15,0,0,1,0,LECTURE,,GENERAL,1.0
205027,KY THUAT DUC KIM LOAI,ME,,2,45,30,15,0,0,1,0,LECTURE,,GENERAL,1.0
205028,THIET KE KHUON DAP,ME,,2,45,30,15,0,0,1,0,LECTURE,,GENERAL,1.0
205029,DUC AP LUC,ME,,2,45,30,15,0,0,0,0,LECTURE,,GENERAL,1.0
205051,CONG NGHE KIM LOAI,ME,,6,45,45,0,0,0,0,0,LECTURE,,GENERAL,1.0
205052,CONG NGHE TAO PHOI,ME,,0,45,30,0,0,0,0,0,LECTURE,,GENERAL,1.0
205701,CAC PHUONG PHAP TAO DANG,ME,,1,21,12,0,0,0,9,0,LECTURE,,GENERAL,1.0
205901,PHUONG PHAP CAN KIM LOAI,ME,,2,30,30,0,0,0,0,0,LECTURE,,GENERAL,1.0
205902,LY THUYET BIEN DANG,ME,,3,30,30,0,0,0,0,0,LECTURE,,GENERAL,1.0
205903,CO SO LY THUYET HAN,ME,,2,30,30,0,0,0,0,0,LECTURE,,GENERAL,1.0
205904,LT & CN GIA CONG PHOI,ME,,2,30,30,0,0,0,0,0,LECTURE,,GENERAL,1.0
205905,PHUONG PHAP HAN DAC BIET,ME,,2,30,30,0,0,0,0,0,LECTURE,,GENERAL,1.0
205906,PHUONG PHAP CAN DAC BIET,ME,,2,30,30,0,0,0,0,0,LECTURE,,GENERAL,1.0
205907,CONG NGHE & THIET BI HAN,ME,,2,30,30,0,0,0,0,0,LECTURE,,GENERAL,1.0
205908,CONG NGHE DAP KIM LOAI,ME,,2,30,30,0,0,0,0,0,LECTURE,,GENERAL,1.0
206001,THI NGHIEM O TO 1,TR,,1,30,0,0,30,0,0,0,LAB,,GENERAL,1.0
206002,THI NGHIEM O TO 2,TR,,1,30,0,0,30,0,0,0,LAB,,GENERAL,1.0
206004,TN TB DONG LUC & PTGT,TR,,1,15,0,0,15,0,0,0,LAB,,GENERAL,1.0
206005,PP THONG KE PT GIAOTHONG,TR,,1,15,15,0,0,0,0,0,LECTURE,,GENERAL,1.0
206006,VL DUNG TRONG TB DONGLUC,TR,,1,15,15,0,0,0,0,0,LECTURE,,GENERAL,1.0
206007,TB KIEM TRA TB DONG LUC,TR,,1,15,15,0,0,0,0,0,LECTURE,,GENERAL,1.0
206008,CAI THIEN QT CHAY DCDT,TR,,2,30,30,0,0,0,0,0,LECTURE,,GENERAL,1.0
206009,DAC DIEM KET CAU DCDT,TR,,2,30,30,0,0,0,0,0,LECTURE,,GENERAL,1.0
206010,DONG HOC&D/LUC HOC PTGT,TR,,2,30,30,0,0,0,0,0,LECTURE,,GENERAL,1.0
206011,KT SC CO KHI DONG LUC,TR,,2,30,30,0,0,0,0,0,LECTURE,,GENERAL,1.0
206012,DAC DIEM CN GC PTGT,TR,,2,30,30,0,0,0,0,0,LECTURE,,GENERAL,1.0
206013,KY THUAT KHAI THAC O TO,TR,,2,45,30,0,15,0,0,0,LECTURE,,GENERAL,1.0
206014,DAC DIEM TB DIEN PTGT,TR,,2,30,30,0,0,0,0,0,LECTURE,,GENERAL,1.0
206015,TC XN CO KHI DL & PTGT,TR,,2,20,20,0,0,0,0,0,LECTURE,,GENERAL,1.0
206016,TRANG BI CHAN DOAN TBDL,TR,,2,30,30,0,0,0,0,0,LECTURE,,GENERAL,1.0
206017,CO CAU DAC BIET PTGT,TR,,3,45,45,0,0,0,0,0,LECTURE,,GENERAL,1.0
206018,KT MAY DONG LUC,TR,,2,45,30,15,0,0,0,0,LECTURE,,GENERAL,1.0
206019,TK CAC HT DONG CO DTRONG,TR,,2,45,30,15,0,0,0,0,LECTURE,,GENERAL,1.0
206020,PP TK DONG CO DOT TRONG,TR,,2,45,30,15,0,0,0,0,LECTURE,,GENERAL,1.0
206021,LY THUYET O TO,TR,,2,45,30,0,15,0,0,0,LECTURE,,GENERAL,1.0
206022,PHUONG PHAP THIET KE OTO,TR,,2,45,30,15,0,0,0,0,LECTURE,,GENERAL,1.0
206023,KHAI THAC & SUA CHUA OTO,TR,,2,45,30,15,0,0,0,0,LECTURE,,GENERAL,1.0
206024,MAY KEO &MAY NONG NGHIEP,TR,,2,45,30,15,0,0,0,0,LECTURE,,GENERAL,1.0
206025,DONG CO DOT TRONG,TR,,2,45,30,15,0,0,1,0,LECTURE,,GENERAL,1.0
206026,O TO VA MOI TRUONG,TR,,2,45,30,15,0,0,0,0,LECTURE,,GENERAL,1.0
206027,TNGHIEM & KIEM DINH O TO,TR,,2,45,30,15,0,0,0,0,LECTURE,,GENERAL,1.0
206028,CN LAP RAP & CHE TAO OTO,TR,,2,45,30,15,0,0,0,0,LECTURE,,GENERAL,1.0
206029,HE THONG DIEN - D/TU OTO,TR,,2,45,30,15,0,0,0,0,LECTURE,,GENERAL,1.0
206032,KT S/DUNG &KHAI THAC OTO,TR,,2,45,30,15,0,0,0,0,LECTURE,,GENERAL,1.0
206033,SUA CHUA O TO,TR,,2,45,30,0,15,0,0,0,LECTURE,,GENERAL,1.0
206034,KY THUAT OTO CHUYEN DUNG,TR,,2,45,30,15,0,0,1,0,LECTURE,,GENERAL,1.0
206035,NLIEU DMO_CL CHUYEN DUNG,TR,,2,45,30,15,0,0,0,0,LECTURE,,GENERAL,1.0
206036,DKHIEN TU DONG TREN OTO,TR,,2,45,30,15,0,0,1,0,LECTURE,,GENERAL,1.0
206037,THIET KE CAC H/THONG OTO,TR,,2,45,30,15,0,0,0,0,LECTURE,,GENERAL,1.0
206038,KY THUAT TAU THUYEN,TR,,2,45,30,15,0,0,0,0,LECTURE,,GENERAL,1.0
206039,TIN HOC UD TRONG TAUTHUY,TR,,2,45,30,15,0,0,0,0,LECTURE,,GENERAL,1.0
206040,THIET BI TAU THUY,TR,,2,45,30,15,0,0,0,0,LECTURE,,GENERAL,1.0
206041,TK CAC HT D/CO DOT TRONG,TR,,2,45,30,15,0,0,0,0,LECTURE,,GENERAL,1.0
206042,LY THUYET D/CO DOT TRONG,TR,,2,45,30,0,15,0,0,0,LECTURE,,GENERAL,1.0
206043,THUC TAP CONG NHAN,TR,,2,60,0,0,60,0,0,0,LAB,,GENERAL,1.0
206044,KCAU DONG CO DTRONG (CD),TR,,6,90,75,0,15,0,0,0,LECTURE,,GENERAL,1.0
206046,THIET KE TAU THUY,TR,,2,45,30,15,0,0,0,0,LECTURE,,GENERAL,1.0
206048,SUC CAN VA LUC DAY TAU,TR,,2,45,30,15,0,0,0,0,LECTURE,,GENERAL,1.0
206053,SUA CHUA O TO,TR,,0,40,40,0,0,0,0,0,LECTURE,,GENERAL,1.0
206054,NHIEN LIEU & DAU MO,TR,,3,30,30,0,0,0,0,0,LECTURE,,GENERAL,1.0
206055,KHAI THAC & S/C OTO MKEO,TR,,4,60,60,0,0,0,0,0,LECTURE,,GENERAL,1.0
206056,TRANG BI DIEN O TO MKEO,TR,,3,30,30,0,0,0,0,0,LECTURE,,GENERAL,1.0
206057,CDE DAO DONG OTO MAY KEO,TR,,2,15,15,0,0,0,0,0,LECTURE,,GENERAL,1.0
206101,CO KET CAU (GT),TR,,3,60,45,15,0,0,0,0,LECTURE,,GENERAL,1.0
206102,TN KY THUAT GIAO THONG 1,TR,,1,30,0,0,30,0,0,0,LAB,,GENERAL,1.0
206103,CO KY THUAT 1,TR,,2,45,30,15,0,0,0,0,LECTURE,,GENERAL,1.0
206104,CO KY THUAT 2,TR,,2,45,30,15,0,0,0,0,LECTURE,,GENERAL,1.0
206105,KET CAU DONG CO & O TO,TR,,2,45,30,0,15,0,0,0,LECTURE,,GENERAL,1.0
206106,KET CAU TAU THUY,TR,,2,45,30,15,0,0,0,0,LECTURE,,GENERAL,1.0
206107,VE KY THUAT (GT),TR,,3,75,45,30,0,0,0,0,LECTURE,,GENERAL,1.0
206108,THUY KHI DLHUD_MAY TBTK,TR,,3,60,45,15,0,0,0,0,LECTURE,,GENERAL,1.0
206109,THUC TAP DIEN DAI CUONG,TR,,1,30,0,0,30,0,0,0,LAB,,GENERAL,1.0
206110,TT CO KHI DAI CUONG,ME,,1,30,0,0,30,0,0,0,LAB,,GENERAL,1.0
206111,TN KY THUAT GIAO THONG 2,TR,,1,30,0,0,30,0,0,0,LAB,,GENERAL,1.0
206112,TN DONG CO DOT TRONG,TR,,1,30,0,0,30,0,0,0,LAB,,GENERAL,1.0
206113,TH/KE DONG CO DOT TRONG,TR,,3,60,45,15,0,0,1,0,LECTURE,,GENERAL,1.0
206114,LY THUYET TAU THUY 1,TR,,2,45,30,15,0,0,0,0,LECTURE,,GENERAL,1.0
206115,MAY DONG LUC TAU THUY,TR,,2,45,30,15,0,0,0,0,LECTURE,,GENERAL,1.0
206116,THIET KE O TO,TR,,3,60,45,15,0,0,0,0,LECTURE,,GENERAL,1.0
206117,LY THUYET TAU THUY 2,TR,,2,45,30,15,0,0,0,0,LECTURE,,GENERAL,1.0
206118,TK HT DONG LUC TAU THUY,TR,,2,45,30,15,0,0,0,0,LECTURE,,GENERAL,1.0
206120,CN DONG &SUACHUA TAUTHUY,TR,,3,60,45,15,0,0,0,0,LECTURE,,GENERAL,1.0
206121,THIET KE KET CAU TAUTHUY,TR,,2,45,30,15,0,0,0,0,LECTURE,,GENERAL,1.0
206122,TN KY THUAT TAU THUY,TR,,1,30,0,0,30,0,0,0,LAB,,GENERAL,1.0
206123,TO CHUC VAN TAI O TO,TR,,2,45,30,15,0,0,0,0,LECTURE,,GENERAL,1.0
206124,THI NGHIEM O TO,TR,,1,30,0,0,30,0,0,0,LAB,,GENERAL,1.0
206125,TT BAO DUONG SUACHUA OTO,TR,,2,60,0,0,60,0,0,0,LAB,,GENERAL,1.0
206128,DONG CO TURBINE,TR,,2,45,30,15,0,0,0,0,LECTURE,,GENERAL,1.0
206129,MO PHONG DONG CO DT& OTO,TR,,2,45,30,0,15,0,0,0,LECTURE,,GENERAL,1.0
206130,KTBD & SDUNG OTO MAY KEO,TR,,2,45,30,15,0,0,0,0,LECTURE,,GENERAL,1.0
206131,CONG NGHE O TO,TR,,2,45,30,15,0,0,0,0,LECTURE,,GENERAL,1.0
206132,KY THUAT CHE TAO,TR,,3,60,45,15,0,0,0,0,LECTURE,,GENERAL,1.0
206133,CHAN DOAN & KIEMDINH OTO,TR,,2,45,30,15,0,0,0,0,LECTURE,,GENERAL,1.0
206134,CAD UNGDUNG TRONG TK OTO,TR,,2,45,30,15,0,0,0,0,LECTURE,,GENERAL,1.0
206135,QUAN LY DA DONG MOI PTVT,TR,,2,45,30,15,0,0,0,0,LECTURE,,GENERAL,1.0
206136,TOCHUC QLSX TRG CN DGTAU,TR,,2,45,30,15,0,0,0,0,LECTURE,,GENERAL,1.0
206137,TRANG BI DIEN - D/TU TAU,TR,,2,45,30,15,0,0,0,0,LECTURE,,GENERAL,1.0
206138,THIETBI NANGLUONG TT MOI,TR,,2,45,30,15,0,0,0,0,LECTURE,,GENERAL,1.0
206139,KTHUAT TAU CAO TOC(TKCT),TR,,2,45,30,15,0,0,0,0,LECTURE,,GENERAL,1.0
206140,CONG UOC TRONG DONG TAU,TR,,2,45,30,15,0,0,0,0,LECTURE,,GENERAL,1.0
206141,CO HOC KET CAU TAU THUY2,TR,,2,45,30,15,0,0,0,0,LECTURE,,GENERAL,1.0
206142,DLH CONG TRINH NGOAIKHOI,TR,,2,45,30,15,0,0,0,0,LECTURE,,GENERAL,1.0
206143,CAE TRONG CONG NGHIEP TT,TR,,2,45,30,15,0,0,0,0,LECTURE,,GENERAL,1.0
206144,THOC UD TRG TK & DONGTAU,TR,,2,45,30,15,0,0,0,0,LECTURE,,GENERAL,1.0
206145,DONG CO & LUC DAY MAYBAY,TR,,2,45,30,15,0,0,0,0,LECTURE,,GENERAL,1.0
206146,KHI DAN HOI,TR,,2,45,30,15,0,0,0,0,LECTURE,,GENERAL,1.0
206147,THUC TAP KY THUAT,TR,,2,60,0,0,60,0,0,0,LAB,,GENERAL,1.0
206150,LY THUYET O TO,TR,,3,60,45,15,0,0,1,0,LECTURE,,GENERAL,1.0
206205,KY THUAT HAN TAU THUY,TR,,2,45,30,15,0,0,0,0,LECTURE,,GENERAL,1.0
206206,VE KY THUAT (GT),TR,,3,60,45,15,0,0,0,0,LECTURE,,GENERAL,1.0
206207,VAT LIEU MOI,TR,,2,45,30,15,0,0,0,0,LECTURE,,GENERAL,1.0
206208,THIET KE OTO,TR,,3,60,45,15,0,0,0,0,LECTURE,,GENERAL,1.0
206209,QUA TRINH CHAY,TR,,2,45,30,15,0,0,0,0,LECTURE,,GENERAL,1.0
206300,KY NANG GTIEP-NGANH NGHE,TR,,2,45,30,15,0,0,0,0,LECTURE,,GENERAL,1.0
206310,KNANG GTIEP-NG/NGHE (BT),TR,,0,15,0,15,0,0,0,0,PRACTICAL,,GENERAL,1.0
206643,CONG NGHE CHE TAO MAY(bt,20,,0,30,0,0,30,0,0,0,LAB,,GENERAL,1.0
206701,SU CHAY,TR,,1,21,12,0,0,0,9,0,LECTURE,,GENERAL,1.0
206901,LY THUYET OTO,TR,,1,15,15,0,0,0,0,0,LECTURE,,GENERAL,1.0
206902,THIET KE OTO,TR,,2,30,30,0,0,0,0,0,LECTURE,,GENERAL,1.0
206903,TINH TOAN NHIET DCDT,TR,,2,30,30,0,0,0,0,0,LECTURE,,GENERAL,1.0
206904,MAY KEO & MAY N/NGHIEP,TR,,2,30,30,0,0,0,0,0,LECTURE,,GENERAL,1.0
206905,DAO DONG OTO,TR,,2,30,30,0,0,0,0,0,LECTURE,,GENERAL,1.0
206906,TRANG BI DIEN O TO,TR,,1,15,15,0,0,0,0,0,LECTURE,,GENERAL,1.0
206907,KHAI THAC - SUA CHUA OTO,TR,,1,15,15,0,0,0,0,0,LECTURE,,GENERAL,1.0
206908,PP THIET KE DONG CO DT,TR,,2,30,30,0,0,0,0,0,LECTURE,,GENERAL,1.0
206909,LY THUYET O TO,TR,,2,30,30,0,0,0,0,0,LECTURE,,GENERAL,1.0
206910,NG/LY DONG CO DOT TRONG,TR,,2,30,30,0,0,0,0,0,LECTURE,,GENERAL,1.0
206911,KHAI THAC & SU DUNG O TO,TR,,2,30,30,0,0,0,0,0,LECTURE,,GENERAL,1.0
207001,DO HOA DIEN TOAN,ME,,2,45,30,0,15,0,0,0,LECTURE,,GENERAL,1.0
207002,TRANG BI DIEN TRONG MAY,ME,,1,30,15,10,5,0,0,0,LECTURE,,GENERAL,1.0
207003,KT DIEU KHIEN TU DONG,ME,,3,60,45,10,5,0,0,0,LECTURE,,GENERAL,1.0
207004,CO SO TU DONG HOC,ME,,2,45,30,15,0,0,0,0,LECTURE,,GENERAL,1.0
207005,KT DIEU KHIEN TU DONG,ME,,2,45,30,15,0,0,0,0,LECTURE,,GENERAL,1.0
207006,TRANG BI DIEN & DIEN TU,ME,,1,15,0,0,15,0,0,0,LAB,,GENERAL,1.0
207007,MAY DK THEO C/TRINH SO,ME,,2,45,30,15,0,0,0,0,LECTURE,,GENERAL,1.0
207008,KY THUAT NGUOI MAY,ME,,2,45,30,0,15,0,0,0,LECTURE,,GENERAL,1.0
207009,TK MP HH TRONG CAD/CAM,ME,,2,45,30,15,0,0,0,0,LECTURE,,GENERAL,1.0
207010,KY THUAT VI XU LY,ME,,2,45,30,15,0,0,0,0,LECTURE,,GENERAL,1.0
207011,PLC TRONG DIEU KHIEN,ME,,2,45,30,0,15,0,0,0,LECTURE,,GENERAL,1.0
207012,H/THONG SAN XUAT TU DONG,ME,,2,45,30,15,0,0,0,0,LECTURE,,GENERAL,1.0
207013,TK VOI SU HO TRO CUA MT,ME,,2,45,30,15,0,0,0,0,LECTURE,,GENERAL,1.0
207014,KY THUAT DIEN (CD),ME,,3,45,30,0,15,0,0,0,LECTURE,,GENERAL,1.0
207015,KY THUAT DIEN (BD),20,,4,60,30,30,0,0,0,0,LECTURE,,GENERAL,1.0
207051,KT DIEU KHIEN TU DONG,ME,,0,60,45,0,0,0,0,0,LECTURE,,GENERAL,1.0
207052,TRANG BI DIEN,ME,,4,45,45,0,0,0,0,0,LECTURE,,GENERAL,1.0
207701,CTRUC NGUOI MAY LT DUOC,ME,,2,48,21,0,0,0,27,0,LECTURE,,GENERAL,1.0
207702,TKE BG MAY TINH-CAO CFAO,ME,,3,65,30,0,20,0,15,0,LECTURE,,GENERAL,1.0
207703,KY THUAT ROBOT,ME,,6,165,45,0,30,0,90,0,LECTURE,,GENERAL,1.0
207704,BO CHAP HANH DIEN 1,ME,,1,21,12,0,0,0,9,0,LECTURE,,GENERAL,1.0
207705,BO CHAP HANH DIEN 2,ME,,1,21,12,0,0,0,9,0,LECTURE,,GENERAL,1.0
207706,TK BG M/TINH-CAO CFAO(TN,ME,,0,20,0,0,20,0,0,0,LAB,,GENERAL,1.0
207707,KY THUAT ROBOT (TN),ME,,0,30,0,0,30,0,0,0,LAB,,GENERAL,1.0
207901,KT DIEU KHIEN TU DONG,ME,,2,30,30,0,0,0,0,0,LECTURE,,GENERAL,1.0
207902,MAY DIEUKHIEN THEO CT SO,ME,,2,30,30,0,0,0,0,0,LECTURE,,GENERAL,1.0
207903,ROBOT CONG NGHIEP,ME,,2,30,30,0,0,0,0,0,LECTURE,,GENERAL,1.0
207904,KY THUAT CAD/CAM,ME,,2,30,30,0,0,0,0,0,LECTURE,,GENERAL,1.0
208001,N/MON KIEN TRUC HANG HAI,TR,,1,30,30,0,0,0,0,0,LECTURE,,GENERAL,1.0
208002,VE TAU,TR,,1,30,20,10,0,0,0,0,LECTURE,,GENERAL,1.0
208003,T/BI NANG LUONG T/THUY 1,TR,,2,45,30,15,0,0,0,0,LECTURE,,GENERAL,1.0
208004,LT TAU THUY 1 (TINH HOC),TR,,3,60,45,15,0,0,1,0,LECTURE,,GENERAL,1.0
208005,TN KY THUAT HANG HAI 1,TR,,1,30,0,0,30,0,0,0,LAB,,GENERAL,1.0
208006,TB NANG LUONG TAU THUY 2,TR,,3,60,45,15,0,0,0,0,LECTURE,,GENERAL,1.0
208007,LT TTHUY 2(DONG LUC HOC),TR,,3,60,45,15,0,0,1,0,LECTURE,,GENERAL,1.0
208008,SUC BEN TAU THUY,TR,,3,60,30,30,0,0,0,0,LECTURE,,GENERAL,1.0
208009,TKE HE THONG DL TAU THUY,TR,,3,60,45,15,0,0,0,0,LECTURE,,GENERAL,1.0
208010,TN KY THUAT HANG HAI 2,TR,,1,30,0,0,30,0,0,0,LAB,,GENERAL,1.0
208011,THIET KE TAU THUY,TR,,3,60,30,30,0,0,0,0,LECTURE,,GENERAL,1.0
208012,D/TAU&T/CHUC NM DONG TAU,TR,,3,60,45,15,0,0,0,0,LECTURE,,GENERAL,1.0
208013,DO BEN K/CAU VL COMPOSIT,TR,,2,45,30,15,0,0,0,0,LECTURE,,GENERAL,1.0
208014,RUNG DONG TAU,TR,,2,45,30,15,0,0,0,0,LECTURE,,GENERAL,1.0
208015,HE DONG LUC TAU THUYEN,TR,,2,45,30,15,0,0,0,0,LECTURE,,GENERAL,1.0
208016,G/SAT DONG MOI TAU THUY,TR,,2,45,30,15,0,0,0,0,LECTURE,,GENERAL,1.0
208017,THUC TAP KY THUAT,TR,,2,60,0,0,60,0,0,0,LAB,,GENERAL,1.0
208018,KET CAU TAU THUY,TR,,2,45,30,15,0,0,0,0,LECTURE,,GENERAL,1.0
208019,THIET BI TAU THUY,TR,,2,45,30,15,0,0,1,0,LECTURE,,GENERAL,1.0
208020,KY THUAT HAN TAU THUY,TR,,2,45,30,15,0,0,0,0,LECTURE,,GENERAL,1.0
208021,D/LUC HOC CT NGOAI KHOI,TR,,2,45,30,15,0,0,0,0,LECTURE,,GENERAL,1.0
208022,KY THUAT TAU CAO TOC,TR,,2,45,30,15,0,0,0,0,LECTURE,,GENERAL,1.0
208023,TK TAU VOI SU HO TRO MT,TR,,2,45,30,15,0,0,0,0,LECTURE,,GENERAL,1.0
208024,VE KY THUAT GIAO THONG,TR,,2,45,30,15,0,0,0,0,LECTURE,,GENERAL,1.0
208025,CO KET CAU GIAO THONG,TR,,3,60,45,15,0,0,0,0,LECTURE,,GENERAL,1.0
208026,TN KY THUAT GIAO THONG 1,TR,,1,30,0,0,30,0,0,0,LAB,,GENERAL,1.0
208027,KET CAU TAU THUY,TR,,2,45,30,15,0,0,1,0,LECTURE,,GENERAL,1.0
208028,TRANG BI DIEN-DIEN TUTAU,TR,,2,45,30,15,0,0,0,0,LECTURE,,GENERAL,1.0
208029,CONG UOC TRONG DONG TAU,TR,,2,45,30,15,0,0,0,0,LECTURE,,GENERAL,1.0
208030,D/TAU&T/CHUC NM DONG TAU,TR,,2,45,30,15,0,0,0,0,LECTURE,,GENERAL,1.0
208051,VE CO KHI,TR,,4,30,30,0,0,0,0,0,LECTURE,,GENERAL,1.0
208901,NGUYEN LY - KET CAU TAU,TR,,2,30,30,0,0,0,0,0,LECTURE,,GENERAL,1.0
208902,HE DONG LUC TAU,TR,,2,30,30,0,0,0,0,0,LECTURE,,GENERAL,1.0
208903,VE TAU THUY,TR,,1,20,15,5,0,0,0,0,LECTURE,,GENERAL,1.0
208904,XUONG DONG TAU,TR,,1,15,12,3,0,0,0,0,LECTURE,,GENERAL,1.0
208905,UD MVI TINH TRONG CN TAU,TR,,1,30,15,0,15,0,0,0,LECTURE,,GENERAL,1.0
208906,CONG NGHE DONG TAU,TR,,2,30,30,0,0,0,0,0,LECTURE,,GENERAL,1.0
208907,CHAN VIT TAU THUY,TR,,1,15,15,0,0,0,0,0,LECTURE,,GENERAL,1.0
208908,NGUYEN LY TAU THUY,TR,,2,30,30,0,0,0,0,0,LECTURE,,GENERAL,1.0
208909,CO KET CAU TAU THUY,TR,,2,30,30,0,0,0,0,0,LECTURE,,GENERAL,1.0
208910,UNG DUNG MOPHONG HINHHOC,TR,,2,30,30,0,0,0,0,0,LECTURE,,GENERAL,1.0
208911,"TB TT,LUAT & C/UOC H/HAI",TR,,2,30,30,0,0,0,0,0,LECTURE,,GENERAL,1.0
209002,Q/TRINH THIET KE KYTHUAT,ME,,2,45,30,15,0,0,1,0,LECTURE,,GENERAL,1.0
209003,VAT LIEU PHI KIM,ME,,2,45,30,15,0,0,1,0,LECTURE,,GENERAL,1.0
209004,TOI UU HOA & QHTN,ME,,2,45,30,15,0,0,1,0,LECTURE,,GENERAL,1.0
209005,DONG LUC HOC CO HE,ME,,2,45,30,15,0,0,1,0,LECTURE,,GENERAL,1.0
209006,HINH DUNG&THUC TE AOTKSP,ME,,2,45,30,15,0,0,0,0,LECTURE,,GENERAL,1.0
209007,VE CO KHI A,ME,,3,60,45,15,0,0,1,0,LECTURE,,GENERAL,1.0
209008,NGUYEN LY & CHI TIET MAY,ME,,3,60,45,15,0,0,0,0,LECTURE,,GENERAL,1.0
209009,MO HINH HOA HINH HOC,ME,,2,45,25,5,15,0,1,0,LECTURE,,GENERAL,1.0
209010,THIET KE HE THONG CO KHI,ME,,3,60,45,15,0,0,0,0,LECTURE,,GENERAL,1.0
209011,TT THIET KE MO PHONG,ME,,2,60,0,0,60,0,0,0,LAB,,GENERAL,1.0
209012,KT TAO DANG CONG NGHIEP,ME,,2,45,30,15,0,0,1,0,LECTURE,,GENERAL,1.0
209013,NHAN TO CON NGUOI TRG TK,ME,,2,45,30,15,0,0,1,0,LECTURE,,GENERAL,1.0
209014,THIETKEKHUON TTH CAD/CAE,ME,,2,45,22,8,15,0,1,0,LECTURE,,GENERAL,1.0
209015,LUA CHON VAT LIEU TRG TK,ME,,2,45,30,15,0,0,0,0,LECTURE,,GENERAL,1.0
209016,PP TOAN CHO GIAO DONG,ME,,2,30,30,0,0,0,0,0,LECTURE,,GENERAL,1.0
209017,NGUYEN LY MAY,ME,,3,60,45,15,0,0,1,0,LECTURE,,GENERAL,1.0
209018,CO SO THIET KE MAY 1,ME,,3,60,45,15,0,0,0,0,LECTURE,,GENERAL,1.0
209019,CO SO THIET KE MAY 2,ME,,3,60,45,15,0,0,0,0,LECTURE,,GENERAL,1.0
209021,CHI TIET MAY,ME,,3,60,45,15,0,0,1,0,LECTURE,,GENERAL,1.0
209022,DAO DONG KY THUAT,ME,,2,45,30,15,0,0,1,0,LECTURE,,GENERAL,1.0
209023,DONG LUC HOC KET CAU CK,ME,,2,45,30,15,0,0,0,0,LECTURE,,GENERAL,1.0
209024,PHUONG PHAP P/TU HUU HAN,ME,,2,45,30,15,0,0,0,0,LECTURE,,GENERAL,1.0
209025,CHI TIET MAY,ME,,2,45,30,15,0,0,0,0,LECTURE,,GENERAL,1.0
209026,PHAN TICH&TOI UU KET CAU,ME,,2,45,30,15,0,0,1,0,LECTURE,,GENERAL,1.0
209027,CO SO THIET KE MAY 2,ME,,2,45,30,15,0,0,0,0,LECTURE,,GENERAL,1.0
209028,TRUYEN DONG TH/LUC K/NEN,ME,,2,45,30,15,0,0,0,0,LECTURE,,GENERAL,1.0
209029,KY THUAT DO TIN CAY,ME,,2,45,30,15,0,0,0,0,LECTURE,,GENERAL,1.0
209030,VAT LIEU COMPOSIT,ME,,2,45,30,15,0,0,0,0,LECTURE,,GENERAL,1.0
209031,LAP TRINH TRONG TK COKHI,ME,,2,45,30,15,0,0,0,0,LECTURE,,GENERAL,1.0
209032,TOI UU HOA& QUI HOACH TN,ME,,2,45,30,15,0,0,1,0,LECTURE,,GENERAL,1.0
209033,DONG LUC HOC CO HE,ME,,2,45,30,15,0,0,0,0,LECTURE,,GENERAL,1.0
209034,THIET KE MAY,ME,,3,60,45,15,0,0,0,0,LECTURE,,GENERAL,1.0
209036,CO KY THUAT 2 (CDT),ME,,2,45,30,15,0,0,0,0,LECTURE,,GENERAL,1.0
209037,VE CO KHI,ME,,2,45,30,15,0,0,0,0,LECTURE,,GENERAL,1.0
209038,CO KY THUAT 3,ME,,3,60,45,15,0,0,1,0,LECTURE,,GENERAL,1.0
209039,CO HOC MAY,ME,,3,60,45,15,0,0,1,0,LECTURE,,GENERAL,1.0
209040,CO KY THUAT (KTHTCN),ME,,2,45,30,15,0,0,0,0,LECTURE,,GENERAL,1.0
209051,NGUYEN LY MAY,ME,,5,60,45,0,0,0,0,0,LECTURE,,GENERAL,1.0
209052,CHI TIET MAY,ME,,4,45,45,0,0,0,0,0,LECTURE,,GENERAL,1.0
209055,VE CO KHI,ME,,3,30,30,0,0,0,0,0,LECTURE,,GENERAL,1.0
209057,THUC TAP KY THUAT,ME,,2,60,0,0,60,0,0,0,LAB,,GENERAL,1.0
209062,T/TOAN CO HOC& K/CAU MAY,ME,,2,45,30,15,0,0,1,0,LECTURE,,GENERAL,1.0
209701,TR/DONG CK CSUAT LON 1,ME,,1,21,12,0,0,0,9,0,LECTURE,,GENERAL,1.0
209702,TR/D CK CONG SUAT LON 2,ME,,1,21,12,0,0,0,9,0,LECTURE,,GENERAL,1.0
209703,PHAN TU DAN HUONG 1,ME,,1,21,12,0,0,0,9,0,LECTURE,,GENERAL,1.0
209704,PHAN TU DAN HUONG 2,ME,,1,21,12,0,0,0,9,0,LECTURE,,GENERAL,1.0
209705,TINH TOAN SO CAC CAUTRUC,ME,,3,69,30,12,0,0,27,0,LECTURE,,GENERAL,1.0
209706,T/TOAN SO CAC CAUTRUC(TH,ME,,0,12,0,12,0,0,0,0,PRACTICAL,,GENERAL,1.0
209901,DONG LUC HOC KET CAU,ME,,2,30,30,0,0,0,0,0,LECTURE,,GENERAL,1.0
209902,DAO DONG TRONG KY THUAT,ME,,2,30,30,0,0,0,0,0,LECTURE,,GENERAL,1.0
209903,THIET KE DUNG MTDT,ME,,2,30,30,0,0,0,0,0,LECTURE,,GENERAL,1.0
209904,DO TINCAY CUA MAY& CTMAY,ME,,2,30,30,0,0,0,0,0,LECTURE,,GENERAL,1.0
209905,UD PP PTHH TRONG CO HOC,ME,,2,30,30,0,0,0,0,0,LECTURE,,GENERAL,1.0
209906,DL HOC CO HE & DDONG TKT,ME,,2,30,30,0,0,0,0,0,LECTURE,,GENERAL,1.0
209907,TOI UU HOA KET CAU COKHI,ME,,2,30,30,0,0,0,0,0,LECTURE,,GENERAL,1.0
209B24,PHUONG PHAP P/TU HUU HAN,ME,,0,45,30,15,0,0,0,0,LECTURE,,GENERAL,1.0
210001,NHIET DONG LUC HOC A,ME,,3,60,45,15,0,0,0,0,LECTURE,,GENERAL,1.0
210002,VAT LIEU NHIET LANH,ME,,2,45,30,15,0,0,1,0,LECTURE,,GENERAL,1.0
210003,TRUYEN NHIET A,ME,,3,60,45,15,0,0,0,0,LECTURE,,GENERAL,1.0
210004,TN NHIET DONG & TR/NHIET,ME,,1,30,0,0,30,0,0,0,LAB,,GENERAL,1.0
210005,NHIET DONG LUC HOC,ME,,4,60,45,15,0,0,0,0,LECTURE,,GENERAL,1.0
210006,THIET BI TRAO DOI NHIET,ME,,2,45,30,15,0,0,1,0,LECTURE,,GENERAL,1.0
210007,THIET BI DIEN,ME,,2,45,30,15,0,0,0,0,LECTURE,,GENERAL,1.0
210008,KY THUAT CHAY,ME,,2,45,30,9,6,0,1,0,LECTURE,,GENERAL,1.0
210009,KY THUAT LANH,ME,,2,45,30,9,6,0,1,0,LECTURE,,GENERAL,1.0
210010,LO HOI & MANG NHIET,ME,,3,60,45,15,0,0,1,0,LECTURE,,GENERAL,1.0
210011,KY THUAT SAY,ME,,2,45,30,15,0,0,0,0,LECTURE,,GENERAL,1.0
210012,DIEU HOA KHONG KHI,ME,,2,45,30,15,0,0,1,0,LECTURE,,GENERAL,1.0
210013,NANG LUONG TAI TAO,ME,,3,60,45,15,0,0,1,0,LECTURE,,GENERAL,1.0
210014,NHIET DONG LUC HOC KT,ME,,2,45,30,15,0,0,0,0,LECTURE,,GENERAL,1.0
210015,TRUYEN NHIET,ME,,2,45,30,15,0,0,1,0,LECTURE,,GENERAL,1.0
210016,MAY LANH,ME,,2,45,30,9,6,0,0,0,LECTURE,,GENERAL,1.0
210017,THIET BI SAY,ME,,2,45,30,15,0,0,0,0,LECTURE,,GENERAL,1.0
210018,LO HOI,ME,,2,45,30,15,0,0,0,0,LECTURE,,GENERAL,1.0
210019,NHA MAY NHIET DIEN,ME,,2,45,30,6,9,0,0,0,LECTURE,,GENERAL,1.0
210020,KY THUAT NHIET,ME,,2,30,30,0,0,0,0,0,LECTURE,,GENERAL,1.0
210021,KY THUAT NHIET,ME,,3,45,45,0,0,0,0,0,LECTURE,,GENERAL,1.0
210022,KY NGHE NHIET,ME,,3,45,45,0,0,0,0,0,LECTURE,,GENERAL,1.0
210023,TUABIN HOI & TUABIN KHI,ME,,2,45,30,15,0,0,1,0,LECTURE,,GENERAL,1.0
210024,NANG LUONG MOI,ME,,2,45,30,15,0,0,0,0,LECTURE,,GENERAL,1.0
210025,"BOM, QUAT, MAY NEN KHI",ME,,2,45,30,15,0,0,0,0,LECTURE,,GENERAL,1.0
210026,KY THUAT AN TOAN,ME,,2,45,30,6,9,0,0,0,LECTURE,,GENERAL,1.0
210027,KT D/HOA KK & THONG GIO,ME,,2,45,30,15,0,0,0,0,LECTURE,,GENERAL,1.0
210028,TD HOA CAC QT NHIET LANH,ME,,2,45,30,15,0,0,0,0,LECTURE,,GENERAL,1.0
210029,DO LUONG NHIET,ME,,2,45,30,9,6,0,1,0,LECTURE,,GENERAL,1.0
210030,NANG LUONG GIO,ME,,2,45,30,15,0,0,0,0,LECTURE,,GENERAL,1.0
210031,NANG LUONG MAT TROI,ME,,2,45,30,15,0,0,0,0,LECTURE,,GENERAL,1.0
210032,THUC TAP CONG NHAN CN,ME,,2,60,0,0,60,0,0,0,LAB,,GENERAL,1.0
210034,TRUYEN NHIET &TB TDNHIET,ME,,2,45,30,15,0,0,1,0,LECTURE,,GENERAL,1.0
210035,LO HOI,ME,,3,60,45,15,0,0,0,0,LECTURE,,GENERAL,1.0
210036,CN LANH - DIEU HOA 1,21,,2,45,15,0,30,0,0,0,LECTURE,,GENERAL,1.0
210037,CN LANH - DIEU HOA 2,21,,2,45,15,0,30,0,0,0,LECTURE,,GENERAL,1.0
210038,TT DIEN LANH&DIEU HOA KK,ME,,2,60,0,0,60,0,0,0,LAB,,GENERAL,1.0
210039,TRUNG TAM NHIET DIEN,ME,,2,45,30,9,6,0,1,0,LECTURE,,GENERAL,1.0
210040,KINH TE NANG LUONG,ME,,2,45,30,15,0,0,0,0,LECTURE,,GENERAL,1.0
210041,"L/DAT,VAN HANH,SC HTLANH",ME,,2,45,30,15,0,0,0,0,LECTURE,,GENERAL,1.0
210042,DIEN TRONG KY THUAT LANH,ME,,2,45,30,15,0,0,0,0,LECTURE,,GENERAL,1.0
210043,ANH VAN CHUYEN NGANH,ME,,2,45,30,15,0,0,1,0,LECTURE,,GENERAL,1.0
210051,KY THUAT NHIET A,ME,,5,40,40,0,0,0,0,0,LECTURE,,GENERAL,1.0
210052,KY THUAT NHIET B,ME,,4,30,30,0,0,0,0,0,LECTURE,,GENERAL,1.0
210053,KY THUAT NHIET,ME,,3,30,30,0,0,0,0,0,LECTURE,,GENERAL,1.0
210054,KY THUAT NHIET,ME,,4,45,45,0,0,0,0,0,LECTURE,,GENERAL,1.0
210055,KY THUAT SAY & THIET BI,ME,,4,30,30,0,0,0,0,0,LECTURE,,GENERAL,1.0
210056,THIET BI LANH,ME,,4,30,30,0,0,0,0,0,LECTURE,,GENERAL,1.0
210057,KY THUAT & THIETBI NHIET,ME,,6,45,45,0,0,0,0,0,LECTURE,,GENERAL,1.0
210058,THIET BI SAY,ME,,3,30,30,0,0,0,0,0,LECTURE,,GENERAL,1.0
210059,MAY LANH,ME,,4,45,45,0,0,0,0,0,LECTURE,,GENERAL,1.0
2100B4,NHIET DONG LUC HOC KT,ME,,2,45,30,15,0,0,0,0,LECTURE,,GENERAL,1.0
210701,TRUYEN NHIET,ME,,1,15,10,5,0,0,0,0,LECTURE,,GENERAL,1.0
210702,NHIET DONG HOC THONG KE,21,,1,15,8,7,0,0,0,0,LECTURE,,GENERAL,1.0
210814,THERMODYNAMICS,ME,,3,45,30,15,0,0,0,0,LECTURE,,GENERAL,1.0
210901,MAY LANH,ME,,2,30,30,0,0,0,0,0,LECTURE,,GENERAL,1.0
210902,KY THUAT SAY,ME,,2,30,30,0,0,0,0,0,LECTURE,,GENERAL,1.0
210903,LO HOI,ME,,2,30,30,0,0,0,0,0,LECTURE,,GENERAL,1.0
210904,NHA MAY NHIET DIEN,ME,,2,30,30,0,0,0,0,0,LECTURE,,GENERAL,1.0
210905,THIET BI SAY,ME,,2,30,30,0,0,0,0,0,LECTURE,,GENERAL,1.0
210906,TUA BIN HOI & TUABIN KHI,ME,,2,30,30,0,0,0,0,0,LECTURE,,GENERAL,1.0
210907,NANG LUONG GIO & MATTROI,ME,,2,30,30,0,0,0,0,0,LECTURE,,GENERAL,1.0
211002,THUC TAP CO KHI DCUONG,ME,,0,120,0,0,120,0,0,0,LAB,,GENERAL,1.0
211004,THUC TAP CO KHI DCUONG,ME,,4,120,0,0,120,0,0,0,LAB,,GENERAL,1.0
211005,THUC TAP CO KHI DCUONG,ME,,2,120,0,0,120,0,0,0,LAB,,GENERAL,1.0
211006,THUC TAP CO KHI DCUONG,ME,,1,30,0,0,30,0,0,0,LAB,,GENERAL,1.0
211007,THUC TAP CO KHI DCUONG,ME,,1,60,0,0,60,0,0,0,LAB,,GENERAL,1.0
211008,THUCTAP C/KHI DAICUONG 1,ME,,2,60,0,0,60,0,0,0,LAB,,GENERAL,1.0
211009,THUCTAP C/KHI DAICUONG 2,ME,,2,60,0,0,60,0,0,0,LAB,,GENERAL,1.0
212001,VAT LIEU HOC & XU LY 1,ME,,5,75,60,0,15,0,0,0,LECTURE,,GENERAL,1.0
212002,VAT LIEU HOC & XU LY 2,ME,,5,75,60,0,15,0,0,0,LECTURE,,GENERAL,1.0
212003,VAT LIEU HOC & XU LY,ME,,6,90,75,0,15,0,0,0,LECTURE,,GENERAL,1.0
212004,VAT LIEU HOC,ME,,3,45,45,0,0,0,0,0,LECTURE,,GENERAL,1.0
212005,KIM LOAI VA NHIET LUYEN,ME,,2,30,30,0,0,0,0,0,LECTURE,,GENERAL,1.0
212006,TAI SINH KIM LOAI MAU,ME,,2,45,30,15,0,0,0,0,LECTURE,,GENERAL,1.0
212007,LUYEN KIM LO DIEN,ME,,3,45,45,0,0,0,0,0,LECTURE,,GENERAL,1.0
212008,CONG NGHE NHIET LUYEN,ME,,3,45,45,0,0,0,0,0,LECTURE,,GENERAL,1.0
212009,LUYEN THEP BANG LO DIEN,ME,,3,45,45,0,0,0,0,0,LECTURE,,GENERAL,1.0
212010,CONG NGHE DUC DAC BIET,ME,,3,45,45,0,0,0,0,0,LECTURE,,GENERAL,1.0
212011,VAT LIEU KY THUAT,MA,,2,45,30,0,15,0,0,0,LECTURE,,GENERAL,1.0
212012,CONG NGHE & XL VAT LIEU,ME,,2,45,30,0,15,0,0,0,LECTURE,,GENERAL,1.0
212013,CONG NGHE NHIET LUYEN,ME,,2,45,30,15,0,0,0,0,LECTURE,,GENERAL,1.0
212014,HOA LY QTRINH LUYEN KIM,ME,,2,45,30,15,0,0,0,0,LECTURE,,GENERAL,1.0
212015,CONG NGHE DUC,ME,,2,45,30,15,0,0,0,0,LECTURE,,GENERAL,1.0
212016,KIM LOAI MAU,ME,,2,45,30,15,0,0,0,0,LECTURE,,GENERAL,1.0
212017,KIM LOAI DEN,ME,,2,45,30,15,0,0,0,0,LECTURE,,GENERAL,1.0
212018,LTHEP & H_KIM TG LO DIEN,ME,,2,45,30,15,0,0,0,0,LECTURE,,GENERAL,1.0
212019,CONG NGHE CAN KEO K/LOAI,ME,,2,45,30,15,0,0,0,0,LECTURE,,GENERAL,1.0
212020,VAT LIEU MOI,ME,,2,45,30,15,0,0,0,0,LECTURE,,GENERAL,1.0
212021,XU LY MT TRONG LUYEN KIM,ME,,2,45,30,15,0,0,0,0,LECTURE,,GENERAL,1.0
212022,LO CONG NGHIEP,ME,,2,45,30,15,0,0,0,0,LECTURE,,GENERAL,1.0
212024,THIET KE CONG NGHE DUC,ME,,2,45,30,15,0,0,0,0,LECTURE,,GENERAL,1.0
212025,MO HINH HOA MP QT L/KIM,ME,,2,45,30,15,0,0,0,0,LECTURE,,GENERAL,1.0
212026,CN DUC DAC BIET,ME,,2,45,30,15,0,0,0,0,LECTURE,,GENERAL,1.0
212027,CAC PP N/CUU VAT LIEU,ME,,2,45,30,15,0,0,0,0,LECTURE,,GENERAL,1.0
212028,CN LUYEN KIM NGANH CKCT,ME,,2,45,30,15,0,0,0,0,LECTURE,,GENERAL,1.0
212029,CN VAT LIEU MOI,ME,,2,45,30,15,0,0,0,0,LECTURE,,GENERAL,1.0
212030,CN VAT LIEU COMPOSIT,ME,,2,45,30,15,0,0,0,0,LECTURE,,GENERAL,1.0
212031,THUC TAP CONG NHAN,ME,,2,60,0,0,60,0,0,0,LAB,,GENERAL,1.0
212032,VAT LIEU HOC & XU LY,ME,,3,60,40,5,15,0,1,0,LECTURE,,GENERAL,1.0
212051,KIM LOAI NHIET LUYEN,ME,,4,45,45,0,0,0,0,0,LECTURE,,GENERAL,1.0
212052,TN KIM LOAI & NH/LUYEN,ME,,0,15,0,0,15,0,0,0,LAB,,GENERAL,1.0
212701,THUC HANH VAT LIEU 1,ME,,0,15,0,0,15,0,0,0,LAB,,GENERAL,1.0
212702,THUC HANH VAT LIEU 2,ME,,0,15,0,0,15,0,0,0,LAB,,GENERAL,1.0
212901,HOA LY Q/TRINH LUYEN KIM,ME,,2,30,30,0,0,0,0,0,LECTURE,,GENERAL,1.0
212902,LUYEN KIM MAU,ME,,2,30,30,0,0,0,0,0,LECTURE,,GENERAL,1.0
212903,LUYEN KIM DEN,ME,,2,30,30,0,0,0,0,0,LECTURE,,GENERAL,1.0
212904,CONG NGHE NHIET LUYEN,ME,,2,30,30,0,0,0,0,0,LECTURE,,GENERAL,1.0
212905,CONG NGHE DUC,ME,,2,30,30,0,0,0,0,0,LECTURE,,GENERAL,1.0
212906,LO CONG NGHIEP,ME,,2,30,30,0,0,0,0,0,LECTURE,,GENERAL,1.0
212907,LUYEN THEP & HOP KIM,ME,,2,30,30,0,0,0,0,0,LECTURE,,GENERAL,1.0
213001,HANG KHONG DONG LUC HOC1,TR,,3,60,45,15,0,0,0,0,LECTURE,,GENERAL,1.0
213002,KET CAU HANG KHONG 1,TR,,3,60,45,15,0,0,0,0,LECTURE,,GENERAL,1.0
213003,CO HOC BAY 1,TR,,2,45,30,15,0,0,0,0,LECTURE,,GENERAL,1.0
213004,HANG KHONG DONG LUC HOC2,TR,,3,60,45,15,0,0,0,0,LECTURE,,GENERAL,1.0
213005,KET CAU HANG KHONG 2,TR,,3,60,45,15,0,0,0,0,LECTURE,,GENERAL,1.0
213006,CO HOC BAY 2,TR,,2,45,30,15,0,0,0,0,LECTURE,,GENERAL,1.0
213007,HANG KHONG DONG LUC HOC3,TR,,2,45,30,15,0,0,0,0,LECTURE,,GENERAL,1.0
213008,KCHK3:CO HOC PHA HUY&MOI,TR,,2,45,30,15,0,0,0,0,LECTURE,,GENERAL,1.0
213009,CO HOC BAY 3,TR,,2,45,30,15,0,0,0,0,LECTURE,,GENERAL,1.0
213010,KY THUAT DIEN TU 2,TR,,2,45,30,15,0,0,0,0,LECTURE,,GENERAL,1.0
213011,DONG LUC HOC MAY,TR,,3,60,45,15,0,0,0,0,LECTURE,,GENERAL,1.0
213012,DONG CO & LUC DAY 1,TR,,2,45,30,15,0,0,0,0,LECTURE,,GENERAL,1.0
213013,DONG CO & LUC DAY 2,TR,,2,45,30,15,0,0,0,0,LECTURE,,GENERAL,1.0
213014,DONG CO & LUC DAY 3,TR,,2,45,30,15,0,0,0,0,LECTURE,,GENERAL,1.0
213015,TRUYEN NHIET,TR,,2,45,30,15,0,0,0,0,LECTURE,,GENERAL,1.0
213016,NGHIEN CUU & THUYETTRINH,TR,,1,30,15,15,0,0,0,0,LECTURE,,GENERAL,1.0
213017,THIET KE MAY BAY 1,TR,,2,45,30,15,0,0,0,0,LECTURE,,GENERAL,1.0
213018,THIET KE MAY BAY 2,TR,,2,45,30,15,0,0,0,0,LECTURE,,GENERAL,1.0
213019,BAO TRI MAY BAY 1,TR,,2,45,30,15,0,0,0,0,LECTURE,,GENERAL,1.0
213020,BAO TRI MAY BAY 2,TR,,2,45,30,15,0,0,0,0,LECTURE,,GENERAL,1.0
213021,DAO DONG,TR,,2,45,30,15,0,0,0,0,LECTURE,,GENERAL,1.0
213022,DIEN & DIEN TU MAY BAY,TR,,2,45,30,15,0,0,0,0,LECTURE,,GENERAL,1.0
213023,VAT LIEU HANG KHONG,TR,,2,45,30,15,0,0,0,0,LECTURE,,GENERAL,1.0
213024,TN KY THUAT HANG KHONG 1,TR,,2,60,0,0,60,0,0,0,LAB,,GENERAL,1.0
213025,TN KY THUAT HANG KHONG 2,TR,,2,60,0,0,60,0,0,0,LAB,,GENERAL,1.0
213026,TN KY THUAT HANG KHONG 3,TR,,2,60,0,0,60,0,0,0,LAB,,GENERAL,1.0
213028,QUAN LY & DIEU HANH HK,TR,,2,45,30,15,0,0,0,0,LECTURE,,GENERAL,1.0
213031,KCHK4:TOI UU HOA KET CAU,TR,,2,45,30,15,0,0,0,0,LECTURE,,GENERAL,1.0
213032,HANG KHONG DONG LUC HOC4,TR,,2,45,30,15,0,0,0,0,LECTURE,,GENERAL,1.0
213033,DO HOA VI TINH & CAD,TR,,2,45,30,15,0,0,0,0,LECTURE,,GENERAL,1.0
213035,MAY BAY TRUC THANG,TR,,2,45,30,15,0,0,0,0,LECTURE,,GENERAL,1.0
213036,CAC HE THOI GIAN THUC,TR,,2,45,30,15,0,0,0,0,LECTURE,,GENERAL,1.0
213037,HANG KHONG DONG LUC HOC2,TR,,2,45,30,15,0,0,0,0,LECTURE,,GENERAL,1.0
213038,TN KY THUAT HANG KHONG 3,TR,,1,30,0,0,30,0,0,0,LAB,,GENERAL,1.0
213039,CO HOC CHAT LONG VA KHI,TR,,3,60,45,15,0,0,0,0,LECTURE,,GENERAL,1.0
213040,CO HOC LUU CHAT DAC BIET,TR,,3,60,45,15,0,0,0,0,LECTURE,,GENERAL,1.0
213041,KHI DONG LUC HOC 1,TR,,2,45,30,15,0,0,0,0,LECTURE,,GENERAL,1.0
213042,MAY THUY KHI,TR,,2,45,30,15,0,0,0,0,LECTURE,,GENERAL,1.0
213043,KHI DONG LUC HOC 2,TR,,2,45,30,15,0,0,0,0,LECTURE,,GENERAL,1.0
213044,DAO DONG CO HOC,TR,,2,45,30,15,0,0,0,0,LECTURE,,GENERAL,1.0
213045,TN KY THUAT HANG KHONG 1,TR,,1,30,0,0,30,0,0,0,LAB,,GENERAL,1.0
213046,H/THONG LUC DAY MAY BAY1,TR,,2,45,30,15,0,0,0,0,LECTURE,,GENERAL,1.0
213047,KCHK2:PT KET CAU MAY BAY,TR,,2,45,30,15,0,0,0,0,LECTURE,,GENERAL,1.0
213048,KHI DONG LUC HOC 3,TR,,2,45,30,15,0,0,0,0,LECTURE,,GENERAL,1.0
213049,TN KY THUAT HANG KHONG 2,TR,,1,30,0,0,30,0,0,0,LAB,,GENERAL,1.0
213050,H/THONG LUC DAY MAY BAY2,TR,,2,45,30,15,0,0,0,0,LECTURE,,GENERAL,1.0
213051,KCHK3:CO HOC PHA HUY&MOI,TR,,2,45,30,15,0,0,0,0,LECTURE,,GENERAL,1.0
213052,NGHIEN CUU& THUYET TRINH,TR,,0,45,15,30,0,0,0,0,LECTURE,,GENERAL,1.0
213053,CAM BIEN & TIN HIEU,TR,,2,45,30,15,0,0,0,0,LECTURE,,GENERAL,1.0
213054,PT THIET KE HE D/KHIEN,TR,,2,45,30,15,0,0,1,0,LECTURE,,GENERAL,1.0
213055,DO BEN KC V/LIEU COMPOSI,TR,,2,45,30,15,0,0,0,0,LECTURE,,GENERAL,1.0
213056,KHI DONG LUC HOC 4 (CFD),TR,,2,45,30,15,0,0,0,0,LECTURE,,GENERAL,1.0
213057,NHAN DANG H/THONG MAYBAY,TR,,2,45,30,15,0,0,0,0,LECTURE,,GENERAL,1.0
213058,SU CHAY,TR,,2,45,30,15,0,0,0,0,LECTURE,,GENERAL,1.0
213059,KHI D/LUC HOC HOA TIEN,TR,,1,30,15,15,0,0,0,0,LECTURE,,GENERAL,1.0
213060,DONG CO GIO,TR,,2,45,30,15,0,0,0,0,LECTURE,,GENERAL,1.0
213061,KCHK4:TOI UU HOA KET CAU,TR,,2,45,30,15,0,0,0,0,LECTURE,,GENERAL,1.0
213062,H/THONG LUC DAY HOA TIEN,TR,,2,45,30,15,0,0,0,0,LECTURE,,GENERAL,1.0
213063,DONG LUC HOC KET CAU,TR,,2,45,30,15,0,0,0,0,LECTURE,,GENERAL,1.0
213064,CO HOC BAY KHONG GIAN,TR,,2,45,30,15,0,0,0,0,LECTURE,,GENERAL,1.0
213066,KHI DAN HOI,TR,,2,45,30,15,0,0,0,0,LECTURE,,GENERAL,1.0
213067,KHI D/LUC HOC HOA TIEN,TR,,2,45,30,15,0,0,0,0,LECTURE,,GENERAL,1.0
213114,CO HOC CHAT LONG & UD TN,TR,,0,9,0,0,9,0,0,0,LAB,,GENERAL,1.0
213701,CO HOC LUU CHAT THUC,TR,,2,42,24,0,0,0,18,0,LECTURE,,GENERAL,1.0
213702,DONG LUC HOC HK CO BAN,TR,,2,42,24,0,0,0,18,0,LECTURE,,GENERAL,1.0
213703,CO HOC BAY,TR,,2,42,24,0,0,0,18,0,LECTURE,,GENERAL,1.0
213704,MAY BAY TRUC THANG,TR,,3,63,30,24,0,0,9,0,LECTURE,,GENERAL,1.0
213705,PP SO TRONG COHOC CHLONG,TR,,3,63,30,24,0,0,9,0,LECTURE,,GENERAL,1.0
213706,DONG CO & THIET BI DAY 2,TR,,3,63,30,24,0,0,9,0,LECTURE,,GENERAL,1.0
213707,MAY CANHDAN &MAYTL TTICH,TR,,4,90,45,0,0,0,45,0,LECTURE,,GENERAL,1.0
213708,KHI DONGLUCHOC CHUYENSAU,TR,,2,42,24,0,0,0,18,0,LECTURE,,GENERAL,1.0
213709,BAO DUONG HANG KHONG,TR,,3,75,30,0,0,0,45,0,LECTURE,,GENERAL,1.0
213710,THIET KE MAY BAY,TR,,3,75,30,0,0,0,45,0,LECTURE,,GENERAL,1.0
213711,LUAT HANG KHONG,TR,,2,42,24,0,0,0,18,0,LECTURE,,GENERAL,1.0
213712,CAC HE THONG TREN MAYBAY,TR,,3,75,30,0,0,0,45,0,LECTURE,,GENERAL,1.0
213713,KHAI THAC & QLY MAY BAY,TR,,2,42,24,0,0,0,18,0,LECTURE,,GENERAL,1.0
213714,CO HOC CHAT LONG & UDUNG,TR,,2,35,17,9,9,0,0,0,LECTURE,,GENERAL,1.0
213715,TINH DAN HOI KHI DONGHOC,TR,,2,42,24,0,0,0,18,0,LECTURE,,GENERAL,1.0
213716,DONG CO & BO DAN TIEN,TR,,2,42,24,0,0,0,18,0,LECTURE,,GENERAL,1.0
213717,DIEN TU HANG KHONG,TR,,2,42,24,0,0,0,18,0,LECTURE,,GENERAL,1.0
213720,CAC HE THOI GIAN THUC,TR,,1,21,12,0,0,0,9,0,LECTURE,,GENERAL,1.0
213721,MAY BAY TRUC THANG (BT),TR,,0,24,0,24,0,0,0,0,PRACTICAL,,GENERAL,1.0
213722,PP SO TRONG COHOC CL (BT,TR,,0,24,0,24,0,0,0,0,PRACTICAL,,GENERAL,1.0
213723,DONG CO & T/BI DAY 2 (BT,TR,,0,24,0,24,0,0,0,0,PRACTICAL,,GENERAL,1.0
214001,XSUAT & TH/KE TRONG KTCN,IM,,3,60,45,15,0,0,0,0,LECTURE,,GENERAL,1.0
214002,UNG DUNG MT TRONG KTCN,IM,,2,45,24,0,21,0,0,0,LECTURE,,GENERAL,1.0
214003,VAN TRU HOC 1:CAC MH TD,IM,,3,60,45,9,6,0,0,0,LECTURE,,GENERAL,1.0
214004,KINH TE KY THUAT,IM,,2,45,30,15,0,0,1,0,LECTURE,,GENERAL,1.0
214005,QUAN LY SAN XUAT,IM,,3,60,45,9,6,0,1,0,LECTURE,,GENERAL,1.0
214006,CO LY THUYET,IM,,3,60,45,15,0,0,0,0,LECTURE,,GENERAL,1.0
214007,KY THUAT HE THONG,IM,,2,45,30,15,0,0,1,0,LECTURE,,GENERAL,1.0
214008,KY THUAT DIEN/DIEN TU DC,IM,,2,45,30,7,8,0,0,0,LECTURE,,GENERAL,1.0
214009,KY THUAT DU BAO TRONG CN,IM,,2,45,30,10,5,0,1,0,LECTURE,,GENERAL,1.0
214010,DO LUONG LD & TKE C/VIEC,IM,,2,45,30,5,10,0,1,0,LECTURE,,GENERAL,1.0
214011,TK VI TRI & MAT BG HTCN,IM,,2,45,30,15,0,0,1,0,LECTURE,,GENERAL,1.0
214013,VAN TRU HOC 2:CAC MH NN,IM,,3,60,45,15,0,0,0,0,LECTURE,,GENERAL,1.0
214014,PP LUAN NCKH& TKT NGHIEM,IM,,2,45,30,15,0,0,1,0,LECTURE,,GENERAL,1.0
214015,KY THUAT CHE TAO,ME,,2,45,30,15,0,0,0,0,LECTURE,,GENERAL,1.0
214016,THUC TAP KY THUAT,IM,,2,60,0,0,60,0,0,0,LAB,,GENERAL,1.0
214017,KT DIEU DO TRONG SX-D/VU,IM,,2,45,30,15,0,0,1,0,LECTURE,,GENERAL,1.0
214018,QUAN LY VAT TU - TON KHO,IM,,2,45,30,15,0,0,1,0,LECTURE,,GENERAL,1.0
214019,KIEM SOAT CHAT LUONG,IM,,2,45,30,15,0,0,1,0,LECTURE,,GENERAL,1.0
214020,THIET KE SAN PHAM&DICHVU,IM,,2,45,30,5,10,0,1,0,LECTURE,,GENERAL,1.0
214021,QUANLY DU AN CONG NGHIEP,IM,,2,45,30,15,0,0,1,0,LECTURE,,GENERAL,1.0
214023,QUAN LY BAO TRI C/NGHIEP,IM,,2,45,30,15,0,0,1,0,LECTURE,,GENERAL,1.0
214024,KY THUAT RA QUYET DINH,IM,,3,60,45,9,6,0,0,0,LECTURE,,GENERAL,1.0
214025,MO HINHHOA & MP CAC HTCN,IM,,2,45,30,9,6,0,1,0,LECTURE,,GENERAL,1.0
214027,QUAN LY CHAT LUONG,IM,,2,45,30,15,0,0,1,0,LECTURE,,GENERAL,1.0
214028,KTHUAT ANTOAN TRG SX CN,ME,,2,45,30,15,0,0,0,0,LECTURE,,GENERAL,1.0
214031,CO DIEN TU,ME,,2,45,30,15,0,0,0,0,LECTURE,,GENERAL,1.0
214032,KINH TE VI MO,IM,,2,45,30,15,0,0,0,0,LECTURE,,GENERAL,1.0
214033,HT VAN CHUYEN VLIEU (MHS,IM,,2,45,30,15,0,0,1,0,LECTURE,,GENERAL,1.0
214034,HTHONG TDONG DKHIEN (ACS,ME,,2,45,30,15,0,0,0,0,LECTURE,,GENERAL,1.0
214035,KT THIET KE DONG THOI,ME,,2,45,30,15,0,0,0,0,LECTURE,,GENERAL,1.0
214036,PT& THIET KE HT TTIN QLY,IM,,2,45,30,15,0,0,1,0,LECTURE,,GENERAL,1.0
214037,H/DINH CH/LUOC CHO SP&CN,IM,,2,45,30,15,0,0,1,0,LECTURE,,GENERAL,1.0
214038,KINH TE VI MO,IM,,2,45,30,15,0,0,0,0,LECTURE,,GENERAL,1.0
214039,NGUYEN LY SAN XUAT,IM,,2,45,30,15,0,0,0,0,LECTURE,,GENERAL,1.0
214040,TIEP THI DAI CUONG,IM,,2,45,30,15,0,0,0,0,LECTURE,,GENERAL,1.0
214041,HTSX DIEU KHIEN BANG MT,IM,,2,45,30,15,0,0,0,0,LECTURE,,GENERAL,1.0
214042,QUAN LY & DANH GIA CN,IM,,2,45,30,15,0,0,1,0,LECTURE,,GENERAL,1.0
214043,CAC PP GIA CONG HIEN DAI,ME,,2,45,30,15,0,0,0,0,LECTURE,,GENERAL,1.0
214044,HT SX LINH HOAT (FMS),IM,,2,45,30,15,0,0,1,0,LECTURE,,GENERAL,1.0
214045,HT SX TICH HOP (CIMS),IM,,2,45,30,15,0,0,1,0,LECTURE,,GENERAL,1.0
214046,TRI TUE NHAN TAO,EE,,2,45,30,15,0,0,0,0,LECTURE,,GENERAL,1.0
214047,ROBOT TRONG CONG NGHIEP,ME,,2,45,30,15,0,0,0,0,LECTURE,,GENERAL,1.0
214048,QUAN LY SAN XUAT,IM,,2,45,30,15,0,0,0,0,LECTURE,,GENERAL,1.0
214049,TN KT DIEN - DIEN TU DC,21,,1,15,0,0,15,0,0,0,LAB,,GENERAL,1.0
2140B4,KINH TE KY THUAT,IM,,0,45,30,15,0,0,1,0,LECTURE,,GENERAL,1.0
214101,KY THUAT XAY DUNG,IM,,2,45,30,15,0,0,0,0,LECTURE,,GENERAL,1.0
214102,CHUYEN DE,IM,,2,45,33,12,0,0,1,0,LECTURE,,GENERAL,1.0
214103,VAN TRU XAC DINH,IM,,2,45,30,15,0,0,1,0,LECTURE,,GENERAL,1.0
214104,VAN TRU NGAU NHIEN,IM,,2,45,30,15,0,0,1,0,LECTURE,,GENERAL,1.0
214107,KY THUAT RA QUYET DINH,IM,,2,45,30,15,0,0,1,0,LECTURE,,GENERAL,1.0
214108,HOACH DINH NGUON LUC SX,IM,,2,45,30,15,0,0,1,0,LECTURE,,GENERAL,1.0
214109,KY THUAT HAU CAN,IM,,2,45,30,5,10,0,1,0,LECTURE,,GENERAL,1.0
214110,ERP,IM,,2,45,30,15,0,0,1,0,LECTURE,,GENERAL,1.0
214111,LY THUYET MO & UNG DUNG,IM,,2,45,30,15,0,0,1,0,LECTURE,,GENERAL,1.0
214112,CAI TIEN CHAT LUONG,IM,,2,45,30,15,0,0,1,0,LECTURE,,GENERAL,1.0
214113,TIEP THI,IM,,2,45,30,15,0,0,0,0,LECTURE,,GENERAL,1.0
214114,HE THONG S/XUAT TINH GON,IM,,2,45,33,12,0,0,1,0,LECTURE,,GENERAL,1.0
214115,CAI TIEN CHAT LUONG,IM,,2,45,30,15,0,0,1,0,LECTURE,,GENERAL,1.0
214116,TO CHUC SX TRONG DET MAY,ME,,2,45,30,15,0,0,1,0,LECTURE,,GENERAL,1.0
2141B3,VAN TRU XAC DINH,IM,,0,45,30,15,0,0,1,0,LECTURE,,GENERAL,1.0
214701,KTHUC VE CAC XINGHIEP CN,IM,,1,21,12,0,0,0,9,0,LECTURE,,GENERAL,1.0
214702,PHAN TICH GIATRI &CLUONG,IM,,1,21,12,0,0,0,9,0,LECTURE,,GENERAL,1.0
215001,CO SO KHOA HOC VAT LIEU,MA,,3,60,45,15,0,0,0,0,LECTURE,,GENERAL,1.0
215002,VAT LY CHAT RAN,MA,,3,45,45,0,0,0,0,0,LECTURE,,GENERAL,1.0
215003,P/PHAP DANH GIA VAT LIEU,MA,,3,60,45,15,0,0,0,0,LECTURE,,GENERAL,1.0
215004,CO HOC VAT LIEU,MA,,2,45,30,15,0,0,0,0,LECTURE,,GENERAL,1.0
215005,VAT LIEU KIM LOAI,MA,,3,60,45,0,15,0,0,0,LECTURE,,GENERAL,1.0
215006,VAT LIEU SILICAT,MA,,3,60,45,0,15,0,0,0,LECTURE,,GENERAL,1.0
215007,V/LIEU POLYME & COMPOSIT,MA,,3,60,45,0,15,0,0,0,LECTURE,,GENERAL,1.0
215008,T/THE HOC & NH/XA TIA X,MA,,2,45,30,15,0,0,0,0,LECTURE,,GENERAL,1.0
215009,N/CUU VI CAU TRUC VLIEU,MA,,2,45,30,15,0,0,0,0,LECTURE,,GENERAL,1.0
215010,CTRUC VLIEU & PTU H/HAN,MA,,2,45,30,15,0,0,0,0,LECTURE,,GENERAL,1.0
215011,NHIET DONG LUC HOC VLIEU,MA,,2,45,30,15,0,0,0,0,LECTURE,,GENERAL,1.0
215012,"LUA CHON VL,VATTU,TBI KL",MA,,2,45,30,15,0,0,0,0,LECTURE,,GENERAL,1.0
215013,GIA CONG VAT LIEU,MA,,2,45,30,15,0,0,0,0,LECTURE,,GENERAL,1.0
215014,GIAN DO PHA & CHUYEN PHA,MA,,2,45,30,15,0,0,0,0,LECTURE,,GENERAL,1.0
215015,HOA HOC CHAT RAN,MA,,2,45,30,15,0,0,0,0,LECTURE,,GENERAL,1.0
215016,AN MON & BAO VE VAT LIEU,MA,,2,45,30,15,0,0,0,0,LECTURE,,GENERAL,1.0
215017,HOA HOC POLYME,MA,,2,45,30,15,0,0,0,0,LECTURE,,GENERAL,1.0
215018,HOA LY POLYME,MA,,2,45,30,15,0,0,0,0,LECTURE,,GENERAL,1.0
215019,QT&KT PHAN UNG CHAT CPTU,MA,,2,45,30,15,0,0,0,0,LECTURE,,GENERAL,1.0
215020,KIM LOAI HOC,MA,,2,45,30,15,0,0,0,0,LECTURE,,GENERAL,1.0
215021,CN NAU LUYEN KL &HOP KIM,MA,,2,45,30,15,0,0,0,0,LECTURE,,GENERAL,1.0
215022,TN KIM LOAI & HOP KIM,MA,,1,30,0,0,30,0,0,0,LAB,,GENERAL,1.0
215024,HOA LY SILICAT,MA,,3,60,45,15,0,0,0,0,LECTURE,,GENERAL,1.0
215025,QT CO SO & TBI SILICAT 1,MA,,2,45,30,15,0,0,0,0,LECTURE,,GENERAL,1.0
215026,TN SILICAT DAI CUONG,MA,,1,30,0,0,30,0,0,0,LAB,,GENERAL,1.0
215027,CONG NGHE CAO SU,MA,,2,45,30,15,0,0,0,0,LECTURE,,GENERAL,1.0
215028,THINGHIEM HOA HOC POLYME,MA,,2,60,0,0,60,0,0,0,LAB,,GENERAL,1.0
215029,KY THUAT GIA CONG POLYME,MA,,3,60,45,15,0,0,0,0,LECTURE,,GENERAL,1.0
215030,THI NGHIEM CAO SU,MA,,2,60,0,0,60,0,0,0,LAB,,GENERAL,1.0
215031,CONG NGHE DUC,MA,,3,60,45,0,15,0,0,0,LECTURE,,GENERAL,1.0
215032,CONG NGHE XU LY VLIEU KL,MA,,3,60,45,0,15,0,0,0,LECTURE,,GENERAL,1.0
215033,"CAN, KEO VA EP KIM LOAI",MA,,2,45,30,15,0,0,0,0,LECTURE,,GENERAL,1.0
215035,LO SILICAT,MA,,2,45,30,15,0,0,0,0,LECTURE,,GENERAL,1.0
215036,KY THUAT GOM SU,MA,,2,45,30,15,0,0,0,0,LECTURE,,GENERAL,1.0
215037,QT CO SO &T/BI SILICAT 2,MA,,2,45,30,15,0,0,0,0,LECTURE,,GENERAL,1.0
215038,TN SILICAT CHUYEN NGANH,MA,,2,60,0,0,60,0,0,0,LAB,,GENERAL,1.0
215040,CNGHE CAC CHAT TAO MANG,MA,,2,45,30,15,0,0,0,0,LECTURE,,GENERAL,1.0
215041,VAT LIEU COMPOSIT,MA,,2,45,30,15,0,0,0,0,LECTURE,,GENERAL,1.0
215042,"KTHUAT SX CELLULOSE,GIAY",MA,,2,30,30,0,0,0,0,0,LECTURE,,GENERAL,1.0
215045,TRG TBI SX &XLY VL KLOAI,MA,,2,45,30,15,0,0,0,0,LECTURE,,GENERAL,1.0
215046,TDH TBI SX &XLY VL KLOAI,MA,,2,45,30,15,0,0,0,0,LECTURE,,GENERAL,1.0
215047,TH MO PHONG CNVL TREN MT,MA,,1,30,0,0,30,0,0,0,LAB,,GENERAL,1.0
215048,CONG NGHE VAT LIEU MOI,MA,,2,45,30,15,0,0,0,0,LECTURE,,GENERAL,1.0
215051,KT SAN XUAT CHAT DEO,MA,,2,30,30,0,0,0,0,0,LECTURE,,GENERAL,1.0
215101,KTHUAT SAN XUAT XI MANG,MA,,2,45,30,15,0,0,0,0,LECTURE,,GENERAL,1.0
215102,KTHUAT SX SPHAM TH/TINH,MA,,2,45,30,15,0,0,0,0,LECTURE,,GENERAL,1.0
215103,KTHUAT SX VLIEU CHIU LUA,MA,,2,45,30,15,0,0,0,0,LECTURE,,GENERAL,1.0
215106,POLYME SHOC & POL. P/HUY,MA,,2,30,30,0,0,0,0,0,LECTURE,,GENERAL,1.0
215107,THIET KE SAN PHAM POLYME,MA,,2,30,30,0,0,0,0,0,LECTURE,,GENERAL,1.0
215108,CAC PP LUYEN KIM DACBIET,MA,,2,45,30,15,0,0,0,0,LECTURE,,GENERAL,1.0
215109,CAC PHUONG PHAP TAO PHOI,MA,,2,45,30,15,0,0,0,0,LECTURE,,GENERAL,1.0
215110,VAT LIEU XAY DUNG,MA,,2,45,30,15,0,0,0,0,LECTURE,,GENERAL,1.0
215111,VAT LIEU GOM KY THUAT,MA,,2,45,30,15,0,0,0,0,LECTURE,,GENERAL,1.0
215112,PHU GIA POLYMER,MA,,2,30,30,0,0,0,0,0,LECTURE,,GENERAL,1.0
215113,POLYME CO TINH NANG DB,MA,,2,30,30,0,0,0,0,0,LECTURE,,GENERAL,1.0
215114,CAC PP PTICH &DGIA POLYM,MA,,2,28,28,0,0,0,0,0,LECTURE,,GENERAL,1.0
215116,CSU BIEN TINH &CSU BLEND,MA,,2,45,30,15,0,0,0,0,LECTURE,,GENERAL,1.0
215117,KT SX SOI TH/NHIEN &HHOC,MA,,2,45,30,15,0,0,0,0,LECTURE,,GENERAL,1.0
215118,GC POL. BANG EPHUN & DUN,MA,,2,45,30,15,0,0,0,0,LECTURE,,GENERAL,1.0
215119,HOA LY CAC QTR LUYEN KIM,MA,,2,45,30,15,0,0,0,0,LECTURE,,GENERAL,1.0
215120,NGUYEN LY LO CONG NGHIEP,MA,,2,45,30,15,0,0,0,0,LECTURE,,GENERAL,1.0
215121,LY THUYET DUC,MA,,2,45,30,0,15,0,0,0,LECTURE,,GENERAL,1.0
215122,TAI SINH KIM LOAI,MA,,2,45,30,15,0,0,0,0,LECTURE,,GENERAL,1.0
215123,THIET KE DUC,MA,,2,45,30,15,0,0,0,0,LECTURE,,GENERAL,1.0
215124,LUYEN THEP &DUC LIEN TUC,MA,,2,45,30,15,0,0,0,0,LECTURE,,GENERAL,1.0
215125,CN SX OXYT KL &CAC UDUNG,MA,,2,45,30,15,0,0,0,0,LECTURE,,GENERAL,1.0
215126,TINH CHAT & CN VAT LIEU,MA,,2,45,30,15,0,0,0,0,LECTURE,,GENERAL,1.0
215127,MEN & MAU,MA,,2,45,30,15,0,0,0,0,LECTURE,,GENERAL,1.0
215128,HD TK LAP DA XN SILICAT,MA,,2,45,30,15,0,0,0,0,LECTURE,,GENERAL,1.0
215129,CAC QTGC BE MAT SP TTINH,MA,,2,45,30,15,0,0,0,0,LECTURE,,GENERAL,1.0
215130,VAT LIEU CHIU LUA DBIET,MA,,2,45,30,15,0,0,0,0,LECTURE,,GENERAL,1.0
215131,"CN GACH OP LAT,SU VS,GXD",MA,,2,45,30,15,0,0,0,0,LECTURE,,GENERAL,1.0
215132,KTHUAT XAY LO CN SILICAT,MA,,2,45,30,15,0,0,0,0,LECTURE,,GENERAL,1.0
215136,TN VAT LIEU HOC DAICUONG,MA,,0,15,0,0,15,0,0,0,LAB,,GENERAL,1.0
215137,VAT LIEU KY THUAT,MA,,3,60,45,15,0,0,0,0,LECTURE,,GENERAL,1.0
215138,TO CHUC QUAN LY BDUONG 1,21,,2,30,30,0,0,0,0,0,LECTURE,,GENERAL,1.0
215139,TO CHUC QUAN LY BDUONG 2,21,,3,45,15,15,15,0,0,0,LECTURE,,GENERAL,1.0
215140,TO CHUC QUAN LY BDUONG 3,21,,3,45,15,15,15,0,0,0,LECTURE,,GENERAL,1.0
215141,KHOA HOC VAT LIEU,MA,,3,45,30,0,15,0,0,0,LECTURE,,GENERAL,1.0
215142,VAT LY CHAT RAN,MA,,2,45,30,15,0,0,0,0,LECTURE,,GENERAL,1.0
215143,CONG NGHE VAT LIEU DCUOG,MA,,2,45,30,15,0,0,0,0,LECTURE,,GENERAL,1.0
215144,QUI HOACH TN &TOI UU HOA,MA,,2,45,30,15,0,0,0,0,LECTURE,,GENERAL,1.0
215145,TN CSO KHOA HOC VAT LIEU,MA,,1,30,0,0,30,0,0,0,LAB,,GENERAL,1.0
215147,DO LUONG & TU DONG HOA,MA,,2,45,30,15,0,0,0,0,LECTURE,,GENERAL,1.0
215148,KY THUAT GIA CONG POLYME,MA,,2,45,30,0,15,0,0,0,LECTURE,,GENERAL,1.0
215300,KY NANG GTIEP-NGANH NGHE,MA,,2,45,30,15,0,0,0,0,LECTURE,,GENERAL,1.0
215701,TCHAT CAC VL TIEN TIEN,MA,,2,48,21,0,0,0,27,0,LECTURE,,GENERAL,1.0
215702,VAT LIEU HANG KHONG,TR,,2,42,24,0,0,0,18,0,LECTURE,,GENERAL,1.0
215703,HOA LY,MA,,2,48,21,0,0,0,27,0,LECTURE,,GENERAL,1.0
215704,VAT LY CHAT RAN,MA,,2,30,21,9,0,0,0,0,LECTURE,,GENERAL,1.0
215705,TINH THE HOC,MA,,2,30,21,9,0,0,0,0,LECTURE,,GENERAL,1.0
215706,VAT LIEU COMPOSIT,MA,,2,48,21,0,0,0,27,0,LECTURE,,GENERAL,1.0
215707,"V/LIEU BD, DD, CACH DIEN",MA,,2,48,21,0,0,0,27,0,LECTURE,,GENERAL,1.0
215708,VAT LIEU SIEU DAN T/TIEN,MA,,2,48,21,0,0,0,27,0,LECTURE,,GENERAL,1.0
215709,VL L/KIEN DIEN TU &Q/HOC,MA,,2,48,21,0,0,0,27,0,LECTURE,,GENERAL,1.0
215710,VAT LIEU MANG MONG,MA,,2,48,21,0,0,0,27,0,LECTURE,,GENERAL,1.0
215711,V/LIEU NANO &VL SINH HOC,MA,,2,48,21,0,0,0,27,0,LECTURE,,GENERAL,1.0
215712,N/MON V/LY L/KIEN &VI DT,MA,,2,48,21,0,0,0,27,0,LECTURE,,GENERAL,1.0
215713,VL &QT IN ANH LITO &KHAC,MA,,2,48,21,0,0,0,27,0,LECTURE,,GENERAL,1.0
215714,THUC HANH MO PHONG,MA,,2,60,0,0,60,0,0,0,LAB,,GENERAL,1.0
215715,"VI HT:LT, TKE & UNG DUNG",MA,,3,69,30,12,0,0,27,0,LECTURE,,GENERAL,1.0
215716,C/NGHE C/BAN C/TAO VI HT,MA,,2,48,21,0,0,0,27,0,LECTURE,,GENERAL,1.0
215717,TH C/NGHE CHE TAO VI HT,MA,,2,60,0,0,60,0,0,0,LAB,,GENERAL,1.0
215718,VI DAU DO,MA,,3,69,30,12,0,0,27,0,LECTURE,,GENERAL,1.0
215719,LINH KIEN QUANG TU,MA,,2,48,21,0,0,0,27,0,LECTURE,,GENERAL,1.0
215720,KY THUAT VAT LIEU,MA,,2,33,27,0,6,0,0,0,LECTURE,,GENERAL,1.0
215721,LUA CHON VAT LIEU (2B),MA,,1,21,12,0,0,0,9,0,LECTURE,,GENERAL,1.0
215722,CAC PHUONG PHAP GIA CONG,MA,,1,21,12,0,0,0,9,0,LECTURE,,GENERAL,1.0
215723,TC VAT LIEU TIEN TIEN 2,MA,,1,21,12,0,0,0,9,0,LECTURE,,GENERAL,1.0
215724,HU HONG & GAY VO CUA VL,MA,,2,48,21,0,0,0,27,0,LECTURE,,GENERAL,1.0
215725,KY THUAT PHAN TICH HOALY,MA,,3,60,30,0,30,0,0,0,LECTURE,,GENERAL,1.0
215726,KIEM TRA KHONG PHA HUY,MA,,2,30,21,0,9,0,0,0,LECTURE,,GENERAL,1.0
215729,HOA HOC VAT LIEU POLIME,MA,,4,75,45,0,30,0,0,0,LECTURE,,GENERAL,1.0
215730,CS K/HOC UD GIA CONG POL,MA,,5,75,45,30,0,0,0,0,LECTURE,,GENERAL,1.0
215731,CO HOC CUA SU PHA HUY,MA,,1,15,15,0,0,0,0,0,LECTURE,,GENERAL,1.0
215732,LAO HOA DO BEN,MA,,1,15,15,0,0,0,0,0,LECTURE,,GENERAL,1.0
215733,VAT LIEU POLIME,MA,,5,105,45,0,60,0,0,0,LECTURE,,GENERAL,1.0
215734,GIA CONG POLIME,MA,,4,60,45,15,0,0,0,0,LECTURE,,GENERAL,1.0
215735,KHHOC& CONG NGHE CAO SU,MA,,3,60,30,0,30,0,0,0,LECTURE,,GENERAL,1.0
215737,SEMINA,MA,,1,30,30,0,0,0,0,0,LECTURE,,GENERAL,1.0
215738,VAT LY CHAT RAN,MA,,3,69,30,12,0,0,27,0,LECTURE,,GENERAL,1.0
215740,CAC PP P/T & DANH GIA VL,MA,,2,48,21,0,0,0,27,0,LECTURE,,GENERAL,1.0
215741,CO HOC LUONG TU,MA,,2,48,21,0,0,0,27,0,LECTURE,,GENERAL,1.0
215743,CONG NGHE V/LIEU D/CUONG,MA,,3,69,30,12,0,0,27,0,LECTURE,,GENERAL,1.0
215744,HOA HOC CHAT RAN,MA,,2,48,21,0,0,0,27,0,LECTURE,,GENERAL,1.0
215745,CS KHOA HOC &CN VAT LIEU,MA,,3,45,45,0,0,0,0,0,LECTURE,,GENERAL,1.0
215746,V/LIEU POLYME & COMPOSIT,MA,,2,30,30,0,0,0,0,0,LECTURE,,GENERAL,1.0
215747,"PP PT,D/GIA TC VL POLYME",MA,,3,45,45,0,0,0,0,0,LECTURE,,GENERAL,1.0
215748,POL. YSINH & POL.PHANHUY,MA,,2,30,30,0,0,0,0,0,LECTURE,,GENERAL,1.0
215749,CNGHE CAC CHAT TAO MANG,MA,,2,30,30,0,0,0,0,0,LECTURE,,GENERAL,1.0
215753,VL POLYME CO TINHNANG DB,MA,,2,30,30,0,0,0,0,0,LECTURE,,GENERAL,1.0
215754,KTHUAT SX XENLULO & GIAY,MA,,2,30,30,0,0,0,0,0,LECTURE,,GENERAL,1.0
215755,VL POLYME NANO COMPOZIT,MA,,2,30,30,0,0,0,0,0,LECTURE,,GENERAL,1.0
215756,VAT LIEU POLYME BLEND,MA,,2,30,30,0,0,0,0,0,LECTURE,,GENERAL,1.0
215765,KY THUAT PHAN TICH HL(TN,MA,,0,30,0,0,30,0,0,0,LAB,,GENERAL,1.0
215766,KY THUAT VAT LIEU TN,MA,,0,6,0,0,6,0,0,0,LAB,,GENERAL,1.0
215767,"VI HT:LT, TKE & U/D (BT)",MA,,0,12,0,12,0,0,0,0,PRACTICAL,,GENERAL,1.0
215768,VI DAU DO (BT),MA,,0,12,0,12,0,0,0,0,PRACTICAL,,GENERAL,1.0
215769,VAT LY CHAT RAN (BT),MA,,0,12,0,12,0,0,0,0,PRACTICAL,,GENERAL,1.0
215770,CONG NGHE V/LIEU D/C(THL,MA,,0,12,0,12,0,0,0,0,PRACTICAL,,GENERAL,1.0
216001,LUYEN KIM DEN,MA,,2,45,30,15,0,0,0,0,LECTURE,,GENERAL,1.0
216002,LY THUYET QT THUY LUYEN,MA,,2,45,30,15,0,0,0,0,LECTURE,,GENERAL,1.0
216003,XU LY MOI TRUONG NM SXVL,MA,,2,45,30,15,0,0,0,0,LECTURE,,GENERAL,1.0
216004,VE KY THUAT TRONG CNVLKL,MA,,1,30,15,15,0,0,0,0,LECTURE,,GENERAL,1.0
216005,LUYEN KIM MAU,MA,,2,45,30,15,0,0,0,0,LECTURE,,GENERAL,1.0
216006,DUC LIEN TUC,MA,,2,45,30,15,0,0,0,0,LECTURE,,GENERAL,1.0
216007,XU LY BE MAT VAT LIEU KL,MA,,2,45,30,15,0,0,0,0,LECTURE,,GENERAL,1.0
216008,TK KHUON VOI SU TGIUP MT,MA,,2,45,30,0,15,0,0,0,LECTURE,,GENERAL,1.0
216009,"LUACHON VL,VT,TB NGANHKL",MA,,2,45,30,15,0,0,0,0,LECTURE,,GENERAL,1.0
216701,THPT CTRUC &TCVLY CUA VL,MA,,2,60,0,0,60,0,0,0,LAB,,GENERAL,1.0
216703,CHUYENDE VATLIEU POLYMER,MA,,2,30,30,0,0,0,0,0,LECTURE,,GENERAL,1.0
216704,CONG NGHE CHE TAO SOI,MA,,2,30,30,0,0,0,0,0,LECTURE,,GENERAL,1.0
216705,VL & CONG NGHE SX BAO BI,MA,,2,30,30,0,0,0,0,0,LECTURE,,GENERAL,1.0
217001,PHU GIA XI MANG & BETONG,MA,,2,45,30,15,0,0,0,0,LECTURE,,GENERAL,1.0
217002,G/THIEU VAT LIEU Y SINH,MA,,2,45,30,15,0,0,0,0,LECTURE,,GENERAL,1.0
217003,VAT LIEU MOI TRUONG,MA,,2,45,30,15,0,0,0,0,LECTURE,,GENERAL,1.0
218001,KY THUAT D/KHIEN TU DONG,ME,,3,60,45,15,0,0,1,0,LECTURE,,GENERAL,1.0
218002,TTAP DIEU KHIEN HE THONG,ME,,4,120,0,0,120,0,0,0,LAB,,GENERAL,1.0
218003,CO SO MACH CO DIEN TU,ME,,3,60,45,15,0,0,0,0,LECTURE,,GENERAL,1.0
218004,TKE & VE BG MTINH (CADD),ME,,2,45,30,0,15,0,0,0,LECTURE,,GENERAL,1.0
218005,KY THUAT SO (CO DT),ME,,2,45,30,15,0,0,0,0,LECTURE,,GENERAL,1.0
218006,DIEU KHIEN HE THONG 1,ME,,2,45,30,0,15,0,0,0,LECTURE,,GENERAL,1.0
218007,DIEU KHIEN HE THONG 2,ME,,2,45,30,0,15,0,0,0,LECTURE,,GENERAL,1.0
218009,DONG LUC HOC HE CODIENTU,ME,,2,45,30,0,15,0,0,0,LECTURE,,GENERAL,1.0
218010,VI XU LY (CO DT),ME,,2,45,30,0,15,0,0,0,LECTURE,,GENERAL,1.0
218011,THUC TAP CN CNGANH CDT,ME,,2,60,0,0,60,0,0,0,LAB,,GENERAL,1.0
218012,TO CHUC & CAU TRUC MTINH,ME,,2,45,30,15,0,0,0,0,LECTURE,,GENERAL,1.0
218013,TAO MAU NHANH,ME,,2,45,30,15,0,0,1,0,LECTURE,,GENERAL,1.0
218014,T/KE HE THONG CO DIEN TU,ME,,2,45,30,15,0,0,1,0,LECTURE,,GENERAL,1.0
218015,HE THONG THOI GIAN THUC,ME,,2,45,30,15,0,0,1,0,LECTURE,,GENERAL,1.0
218016,TRI TUE NHAN TAO,ME,,2,45,30,15,0,0,0,0,LECTURE,,GENERAL,1.0
218017,MANG MAY TINH (CO DT),ME,,2,45,30,15,0,0,0,0,LECTURE,,GENERAL,1.0
218018,TDONG DKHIEN TRDONG DIEN,ME,,2,45,30,15,0,0,0,0,LECTURE,,GENERAL,1.0
218019,KT GIAO TIEP VOI MAYTINH,ME,,2,45,30,15,0,0,1,0,LECTURE,,GENERAL,1.0
218020,DIEU KHIEN HE THONG 3,ME,,2,45,30,15,0,0,0,0,LECTURE,,GENERAL,1.0
218021,MAY & H/THONG THONG MINH,ME,,2,45,30,15,0,0,0,0,LECTURE,,GENERAL,1.0
218022,HETHONG SAN XUAT TU DONG,ME,,2,45,30,15,0,0,1,0,LECTURE,,GENERAL,1.0
218023,DONG LUC HOC &DIEU KHIEN,ME,,3,60,45,15,0,0,1,0,LECTURE,,GENERAL,1.0
218024,TRANG BI DIEN & DIEN TU,ME,,2,45,30,15,0,0,1,0,LECTURE,,GENERAL,1.0
218025,"TT TRANG BI DIEN,DIEN TU",ME,,2,60,0,0,60,0,0,0,LAB,,GENERAL,1.0
218026,VI DIEU KHIEN,ME,,2,45,30,15,0,0,1,0,LECTURE,,GENERAL,1.0
218031,TU DONG HOA SAN XUAT,ME,,3,60,45,15,0,0,1,0,LECTURE,,GENERAL,1.0
218032,HE THONG PLC,ME,,2,45,30,10,5,0,1,0,LECTURE,,GENERAL,1.0
218033,ROBOT CONG NGHIEP,ME,,2,45,30,15,0,0,1,0,LECTURE,,GENERAL,1.0
218034,CO DIEN TU TRONG DET MAY,ME,,2,45,30,15,0,0,1,0,LECTURE,,GENERAL,1.0
218035,MANG TRUYEN THONG CN,ME,,2,45,30,15,0,0,1,0,LECTURE,,GENERAL,1.0
218036,N/MON HE THONG DKHIEN HD,ME,,2,45,30,15,0,0,1,0,LECTURE,,GENERAL,1.0
218037,N/MON THI GIAC MAY TINH,ME,,2,45,30,15,0,0,1,0,LECTURE,,GENERAL,1.0
218038,CUNG CAP DIEN,ME,,2,45,30,15,0,0,0,0,LECTURE,,GENERAL,1.0
218701,DK CAC COCAU THUAHANH TM,ME,,4,105,30,0,30,0,45,0,LECTURE,,GENERAL,1.0
218702,CAC CO CAU THUA HANH,ME,,2,39,21,0,18,0,0,0,LECTURE,,GENERAL,1.0
218703,THIET KE HE THONG CO DTU,ME,,6,165,45,0,30,0,90,0,LECTURE,,GENERAL,1.0
218704,CAC HE DIEU KHIEN 1,ME,,1,21,12,0,0,0,9,0,LECTURE,,GENERAL,1.0
218705,CAC HE DIEU KHIEN 2,ME,,2,48,21,0,0,0,27,0,LECTURE,,GENERAL,1.0
218706,BO CHAP HANH THONG MINH,ME,,1,21,12,0,0,0,9,0,LECTURE,,GENERAL,1.0
218709,DK CAC CC THUAHANH TM(TN,ME,,0,30,0,0,30,0,0,0,LAB,,GENERAL,1.0
218710,CAC CO CAU THUA HANH(TN),ME,,0,18,0,0,18,0,0,0,LAB,,GENERAL,1.0
218711,THIET KE HE THONG CDT(TN,ME,,0,30,0,0,30,0,0,0,LAB,,GENERAL,1.0
218751,THUC TAP CONG NHAN,ME,,2,60,0,0,60,0,0,0,LAB,,GENERAL,1.0
219001,THUC TAP LIEN NGANH (KT),21,,3,90,0,0,90,0,0,0,LAB,,GENERAL,1.0
260600,KY NANG GIAO TIEP,26,,2,30,30,0,0,0,0,0,LECTURE,,GENERAL,1.0
260601,VAT LIEU & C/NGHE XU LY,26,,2,45,30,0,15,0,0,0,LECTURE,,GENERAL,1.0
260602,K/THUAT AN TOAN& MTRUONG,26,,2,45,30,15,0,0,0,0,LECTURE,,GENERAL,1.0
260603,CO KY THUAT,26,,3,60,45,15,0,0,0,0,LECTURE,,GENERAL,1.0
260604,KY THUAT DIEN,26,,2,45,30,15,0,0,0,0,LECTURE,,GENERAL,1.0
260605,SUC BEN VAT LIEU,26,,2,45,30,15,0,0,0,0,LECTURE,,GENERAL,1.0
260606,VL & C/NGHE XU LY (BT),26,,0,15,0,0,15,0,0,0,LAB,,GENERAL,1.0
260608,NHIET DONG LUC HOC,26,,2,45,30,15,0,0,0,0,LECTURE,,GENERAL,1.0
260609,TO CHUC QLY BAO DUONG 1,26,,2,45,30,15,0,0,0,0,LECTURE,,GENERAL,1.0
260610,CHI TIET MAY,26,,3,75,45,0,30,0,0,0,LECTURE,,GENERAL,1.0
260611,DUNG SAI & DO LUONG,26,,3,60,30,0,30,0,0,0,LECTURE,,GENERAL,1.0
260612,TRUYEN DONG KHI NEN 1,26,,2,60,30,0,30,0,0,0,LECTURE,,GENERAL,1.0
260613,TRANG BI DIEN TRONG CN 1,26,,2,45,15,0,30,0,0,0,LECTURE,,GENERAL,1.0
260614,TO CHUC QLY BAO DUONG 2,26,,2,45,30,15,0,0,0,0,LECTURE,,GENERAL,1.0
260615,CONG NGHE HAN 1,26,,2,60,30,0,30,0,0,0,LECTURE,,GENERAL,1.0
260616,TRANG BI DIEN TRONG CN 2,26,,2,60,30,0,30,0,0,0,LECTURE,,GENERAL,1.0
260617,CONG NGHE CHE TAO MAY,26,,3,60,30,0,30,0,0,0,LECTURE,,GENERAL,1.0
260618,TRUYEN DONG THUY LUC 1,26,,2,60,30,0,30,0,0,0,LECTURE,,GENERAL,1.0
260619,KY THUAT DIEN TU,26,,3,75,45,0,30,0,0,0,LECTURE,,GENERAL,1.0
260620,LAP TRINH PLC,26,,3,75,30,0,45,0,0,0,LECTURE,,GENERAL,1.0
260621,CONG NGHE LANH-DIEU HOA1,26,,2,45,15,0,30,0,0,0,LECTURE,,GENERAL,1.0
260622,TRUYEN DONG KHI NEN 2,26,,1,30,0,0,30,0,0,0,LAB,,GENERAL,1.0
260623,TO CHUC QLY BAO DUONG 3,26,,1,30,0,0,30,0,0,0,LAB,,GENERAL,1.0
260624,QUAN LY CONG NGHIEP,26,,2,45,30,15,0,0,0,0,LECTURE,,GENERAL,1.0
260625,CONG NGHE HAN 2,26,,1,30,0,0,30,0,0,0,LAB,,GENERAL,1.0
260626,TRUYEN DONG THUY LUC 2,26,,1,30,0,0,30,0,0,0,LAB,,GENERAL,1.0
260627,KY THUAT SO,26,,3,75,45,0,30,0,0,0,LECTURE,,GENERAL,1.0
260628,CONG NGHE LANH-DIEU HOA2,26,,2,45,15,0,30,0,0,0,LECTURE,,GENERAL,1.0
260629,KT G/SAT TTRAG&CDHU HONG,26,,2,45,30,0,15,0,0,0,LECTURE,,GENERAL,1.0
260630,C/NGHE LANH-DIEUHOA2 (BT,26,,0,30,0,0,30,0,0,0,LAB,,GENERAL,1.0
260632,TU DONG HOA,26,,2,60,30,0,30,0,0,0,LECTURE,,GENERAL,1.0
260633,MANG TRUYEN THONG CN,26,,2,45,30,0,15,0,0,0,LECTURE,,GENERAL,1.0
260634,VI XU LY - VI DIEU KHIEN,26,,2,45,30,0,15,0,0,0,LECTURE,,GENERAL,1.0
260635,KY THUAT SO (BT),26,,0,30,0,0,30,0,0,0,LAB,,GENERAL,1.0
260636,KT G/SAT TTRG&CDHU HG(TN,26,,0,15,0,0,15,0,0,0,LAB,,GENERAL,1.0
260637,TU DONG HOA (BT),26,,0,30,0,0,30,0,0,0,LAB,,GENERAL,1.0
260638,MANG TRUYEN THONG CN (BT,26,,0,15,0,0,15,0,0,0,LAB,,GENERAL,1.0
260639,VI XU LY -VI D/KHIEN (BT,26,,0,15,0,0,15,0,0,0,LAB,,GENERAL,1.0
260640,CHI TIET MAY (BT),26,,0,30,0,0,30,0,0,0,LAB,,GENERAL,1.0
260641,DUNG SAI & DO LUONG (BT),26,,0,30,0,0,30,0,0,0,LAB,,GENERAL,1.0
260642,TRUYEN DONG KHI NEN 1(TN,26,,0,30,0,0,30,0,0,0,LAB,,GENERAL,1.0
260643,TRG BI DIEN TRONG CN1(BT,26,,0,30,0,0,30,0,0,0,LAB,,GENERAL,1.0
260644,CONG NGHE CHE TAO MAY(bt,26,,0,30,0,0,30,0,0,0,LAB,,GENERAL,1.0
260645,LAP TRINH PLC (BT),26,,0,45,0,0,45,0,0,0,LAB,,GENERAL,1.0
260646,C/NGHE LANH-DIEU HOA1(bt,26,,0,30,0,0,30,0,0,0,LAB,,GENERAL,1.0
260647,CONG NGHE HAN 1(BT),26,,0,30,0,0,30,0,0,0,LAB,,GENERAL,1.0
260649,TRUYEN DONG THUY LUC1(BT,26,,0,30,0,0,30,0,0,0,LAB,,GENERAL,1.0
260651,KY THUAT DIEN TU(BT),26,,0,30,0,0,30,0,0,0,LAB,,GENERAL,1.0
260652,TR/BI DIEN TRONG CN 2(BT,26,,0,30,0,0,30,0,0,0,LAB,,GENERAL,1.0
260653,KY THUAT LAP TRINH,26,,2,30,30,0,0,0,0,0,LECTURE,,GENERAL,1.0
260654,PHAN TICH &THIET KE MACH,26,,2,45,15,0,30,0,0,0,LECTURE,,GENERAL,1.0
260655,ROBOT CONG NGHIEP,26,,2,30,30,0,0,0,0,0,LECTURE,,GENERAL,1.0
260656,K/TH DIEU KHIEN TU DONG,26,,3,45,45,0,0,0,0,0,LECTURE,,GENERAL,1.0
260657,CO DIEN TU,26,,3,60,45,0,15,0,0,0,LECTURE,,GENERAL,1.0
260658,SCADA,26,,2,45,30,0,15,0,0,0,LECTURE,,GENERAL,1.0
260659,L/TRINH PLC D/KHIEN Q/TR,26,,2,45,30,0,15,0,0,0,LECTURE,,GENERAL,1.0
260660,PHAN TICH &T/KE MACH(TN),26,,0,30,0,0,30,0,0,0,LAB,,GENERAL,1.0
260662,SCADA (BT),26,,0,15,0,0,15,0,0,0,LAB,,GENERAL,1.0
260669,CO DIEN TU(TN),26,,0,15,0,0,15,0,0,0,LAB,,GENERAL,1.0
300001,DIA THONG KE,30,,2,45,30,15,0,0,0,0,LECTURE,,GENERAL,1.0
300002,CO SO KHOAN & KHAI THAC,30,,3,60,45,15,0,0,0,0,LECTURE,,GENERAL,1.0
300003,DIA VAT LY GIENG KHOAN,30,,2,45,30,15,0,0,0,0,LECTURE,,GENERAL,1.0
300004,CO SO KY THUAT DAU KHI,30,,3,60,45,15,0,0,0,0,LECTURE,,GENERAL,1.0
300005,TIN HOC UNG DUNG,30,,2,45,30,0,15,0,0,0,LECTURE,,GENERAL,1.0
300006,KY THUAT AN TOAN LAODONG,30,,2,45,30,15,0,0,0,0,LECTURE,,GENERAL,1.0
300007,NGUYEN LY PHA HUY DAT DA,30,,2,45,30,15,0,0,0,0,LECTURE,,GENERAL,1.0
300008,CONG NGHE KHOAN DAU KHI,30,,3,60,45,15,0,0,0,0,LECTURE,,GENERAL,1.0
300009,CONG NGHE KHAI THAC DKHI,30,,3,60,45,15,0,0,0,0,LECTURE,,GENERAL,1.0
300010,DUNG DICH KHOAN &XI MANG,30,,2,45,30,15,0,0,0,0,LECTURE,,GENERAL,1.0
300011,MO PHONG VIA DAU KHI,30,,2,45,30,15,0,0,0,0,LECTURE,,GENERAL,1.0
300012,DK T/DONG TRONG KT D/KHI,30,,2,45,30,15,0,0,0,0,LECTURE,,GENERAL,1.0
300013,KY THUAT KHOAN,30,,2,45,30,15,0,0,0,0,LECTURE,,GENERAL,1.0
300015,THIETBI KHOAN& KHAI THAC,30,,2,45,30,15,0,0,0,0,LECTURE,,GENERAL,1.0
300016,TIN HOC 2,30,,2,45,30,15,0,0,0,0,LECTURE,,GENERAL,1.0
300017,DIA VAT LY UNG DUNG,30,,1,30,15,15,0,0,0,0,LECTURE,,GENERAL,1.0
300018,THUY DIA CO HOC,30,,3,60,45,15,0,0,0,0,LECTURE,,GENERAL,1.0
300019,PT HE THONG KHAI THAC DK,30,,2,45,30,15,0,0,0,0,LECTURE,,GENERAL,1.0
300020,CONG NGHE MO DAU KHI,30,,2,45,30,15,0,0,0,0,LECTURE,,GENERAL,1.0
300021,"TGOM, XU LY, VCHUYEN DK",30,,2,45,30,15,0,0,0,0,LECTURE,,GENERAL,1.0
300023,DIA VAT LY GIENG KHOAN,30,,3,45,45,0,0,0,0,0,LECTURE,,GENERAL,1.0
300024,DUNG DICH KHOAN & CIMENT,30,,3,45,45,0,0,0,0,0,LECTURE,,GENERAL,1.0
300025,TIN HOC UNG DUNG,30,,4,60,30,30,0,0,0,0,LECTURE,,GENERAL,1.0
300026,TBI KHOAN & KHAI THAC DK,30,,3,45,45,0,0,0,0,0,LECTURE,,GENERAL,1.0
300027,CN & KT KHOAN DAU KHI,30,,5,75,60,15,0,0,1,0,LECTURE,,GENERAL,1.0
300028,KHOAN DINH HUONG,30,,2,30,30,0,0,0,0,0,LECTURE,,GENERAL,1.0
300029,TU DONG HOA QT KHAI THAC,30,,3,45,45,0,0,0,0,0,LECTURE,,GENERAL,1.0
300030,AP LUC DI THUONG,30,,2,30,30,0,0,0,0,0,LECTURE,,GENERAL,1.0
300031,HOAN THIEN GIENG,30,,2,45,30,15,0,0,0,0,LECTURE,,GENERAL,1.0
300032,CNGHE & KT KHAI THAC DK,30,,5,75,60,15,0,0,1,0,LECTURE,,GENERAL,1.0
300033,V.CHUYEN & BAO QUAN DKHI,30,,4,60,60,0,0,0,0,0,LECTURE,,GENERAL,1.0
300034,SUA CHUA THIET BI DAUKHI,30,,3,45,30,0,15,0,0,0,LECTURE,,GENERAL,1.0
300035,K/THUAT AN TOAN LAO DONG,30,,3,45,45,0,0,0,0,0,LECTURE,,GENERAL,1.0
300036,KINH TE & LUAT DAU KHI,30,,4,60,60,0,0,0,0,0,LECTURE,,GENERAL,1.0
300039,NGUYEN LY PHA HUY DAT DA,30,,4,60,60,0,0,0,0,0,LECTURE,,GENERAL,1.0
300040,CSO KHOAN & K/THAC D/KHI,30,,3,45,45,0,0,0,0,0,LECTURE,,GENERAL,1.0
300041,TIN HOC UNG DUNG,30,,4,60,30,30,0,0,0,0,LECTURE,,GENERAL,1.0
300043,NGUYEN LY PHA HUY DAT DA,30,,4,60,60,0,0,0,0,0,LECTURE,,GENERAL,1.0
300045,SCHUA TB KHOAN& KTHAC DK,30,,3,45,30,0,15,0,0,0,LECTURE,,GENERAL,1.0
300046,PP KHAI DAO & NO MIN,30,,2,45,30,15,0,0,0,0,LECTURE,,GENERAL,1.0
300047,QUI TRINH CN & CSTK MO,30,,2,45,30,15,0,0,0,0,LECTURE,,GENERAL,1.0
300048,CO SO THUY DIA CO HOC,30,,2,45,30,15,0,0,0,0,LECTURE,,GENERAL,1.0
300049,CO HOC KHOAN & THIET BI,30,,3,60,45,15,0,0,0,0,LECTURE,,GENERAL,1.0
300051,DIA VAT LY LO KHOAN,30,,6,45,45,0,0,0,0,0,LECTURE,,GENERAL,1.0
300052,TIN HOC UNG DUNG,30,,4,30,30,0,0,0,0,0,LECTURE,,GENERAL,1.0
300060,CO HOC&THIET BI KHOAN-KT,30,,2,45,30,15,0,0,0,0,LECTURE,,GENERAL,1.0
300061,DUNG DICH KHOAN & CIMENT,30,,2,45,30,0,15,0,0,0,LECTURE,,GENERAL,1.0
300062,CONG NGHE XU LY KHI,30,,2,45,30,15,0,0,0,0,LECTURE,,GENERAL,1.0
300063,MO H/HOA TRONG KHOAN &KT,30,,2,45,30,15,0,0,0,0,LECTURE,,GENERAL,1.0
300064,THUC TAP CONG NHAN,30,,2,45,30,15,0,0,0,0,LECTURE,,GENERAL,1.0
300065,MAY THUY LUC & NEN KHI,30,,2,45,30,15,0,0,0,0,LECTURE,,GENERAL,1.0
300083,CN KHAI THAC & TOI UU KT,30,,3,56,56,0,0,0,0,0,LECTURE,,GENERAL,1.0
300151,CO SO KHOAN & KHAI THAC,30,,6,45,45,0,0,0,0,0,LECTURE,,GENERAL,1.0
300152,KY THUAT AN TOAN,30,,4,30,30,0,0,0,0,0,LECTURE,,GENERAL,1.0
300300,KY NANG GTIEP-NGANH NGHE,30,,2,45,30,15,0,0,0,0,LECTURE,,GENERAL,1.0
300800,KY NANG GIAO TIEP,30,,2,45,30,15,0,0,0,0,LECTURE,,GENERAL,1.0
300805,TIN HOC UNG DUNG,30,,2,45,30,0,15,0,0,0,LECTURE,,GENERAL,1.0
301001,DC KIEN TRUC& DO VE BDDC,30,,3,60,45,15,0,0,0,0,LECTURE,,GENERAL,1.0
301003,KINH TE & N/LIEU KHOANG,30,,2,45,30,15,0,0,0,0,LECTURE,,GENERAL,1.0
301005,D/MAO-TAN KT&T/TICH DETU,30,,2,45,30,15,0,0,0,0,LECTURE,,GENERAL,1.0
301006,DIA CHAT MOI TRUONG,30,,2,45,30,15,0,0,0,0,LECTURE,,GENERAL,1.0
301007,DIA MAO - TAN KIEN TAO,30,,2,45,30,15,0,0,0,0,LECTURE,,GENERAL,1.0
301008,DIA TIN HOC,30,,2,45,30,15,0,0,0,0,LECTURE,,GENERAL,1.0
301011,KS T/DO TINH TRU LUONGKS,30,,2,45,30,15,0,0,0,0,LECTURE,,GENERAL,1.0
301012,THACH HOC 2 (TRAM TICH),30,,2,45,30,0,15,0,0,0,LECTURE,,GENERAL,1.0
301013,TAI BIEN DIA DONG LUC,30,,2,45,30,15,0,0,0,0,LECTURE,,GENERAL,1.0
301014,DIA HOA UNG DUNG,30,,2,45,30,15,0,0,0,0,LECTURE,,GENERAL,1.0
301016,DC DONG LUC CONG TRINH,30,,2,45,30,15,0,0,0,0,LECTURE,,GENERAL,1.0
301017,PPHAP VIEN THAM + GIS,30,,2,45,30,0,15,0,0,0,LECTURE,,GENERAL,1.0
301018,DIA CHAT VIET NAM,30,,2,45,30,15,0,0,0,0,LECTURE,,GENERAL,1.0
301019,CO SINH DIA TANG,30,,2,45,30,15,0,0,0,0,LECTURE,,GENERAL,1.0
301021,DANH GIA T/DONG M/TRUONG,30,,2,45,30,15,0,0,0,0,LECTURE,,GENERAL,1.0
301022,KT MOI TRUONG DIA CHAT,30,,3,60,45,0,15,0,0,0,LECTURE,,GENERAL,1.0
301025,DIA HOA MOI TRUONG,30,,2,45,30,15,0,0,0,0,LECTURE,,GENERAL,1.0
301028,PH/PHAP VIEN THAM & GIS,30,,3,60,45,15,0,0,0,0,LECTURE,,GENERAL,1.0
301029,PP LAP BAN DO DCMT& DCDT,30,,3,60,45,15,0,0,0,0,LECTURE,,GENERAL,1.0
301030,DIA MAO - TAN KIEN TAO,30,,2,30,30,0,0,0,0,0,LECTURE,,GENERAL,1.0
301031,THACH HOC 2,30,,4,60,45,0,15,0,0,0,LECTURE,,GENERAL,1.0
301032,CO SINH DIA TANG,30,,5,75,60,0,15,0,0,0,LECTURE,,GENERAL,1.0
301033,YTDC TAC DONG MOI TRUONG,30,,3,45,45,0,0,0,0,0,LECTURE,,GENERAL,1.0
301034,PHUONGPHAP PHAN TICH ANH,30,,1,30,15,15,0,0,0,0,LECTURE,,GENERAL,1.0
301035,TUYEN KHOANG,30,,1,30,15,15,0,0,0,0,LECTURE,,GENERAL,1.0
301036,DO VE BAN DO DIA CHAT,30,,2,30,15,15,0,0,0,0,LECTURE,,GENERAL,1.0
301037,DIA MAO & TRAM TICH,30,,1,30,15,15,0,0,0,0,LECTURE,,GENERAL,1.0
301038,CNKT MO & XLKS RAN +T/KH,30,,2,45,30,15,0,0,0,0,LECTURE,,GENERAL,1.0
301039,THACH HOC 1,30,,2,30,30,0,0,0,0,0,LECTURE,,GENERAL,1.0
301041,DIA CHAT VIET NAM,30,,1,30,15,15,0,0,0,0,LECTURE,,GENERAL,1.0
301042,TINH THE HOC,30,,2,30,30,0,0,0,0,0,LECTURE,,GENERAL,1.0
301043,DIA CHAT CO SO,30,,3,45,45,0,0,0,0,0,LECTURE,,GENERAL,1.0
301044,TINH THE KHOANG VAT THOC,30,,3,60,45,15,0,0,0,0,LECTURE,,GENERAL,1.0
301045,TT T/THE K/VAT THACH HOC,30,,1,30,0,0,30,0,0,0,LAB,,GENERAL,1.0
301046,DIA CHAT CO SO,30,,3,60,45,0,15,0,0,0,LECTURE,,GENERAL,1.0
301047,TINH THE - KHOANG VAT,30,,1,30,15,15,0,0,0,0,LECTURE,,GENERAL,1.0
301048,THACH HOC 1,30,,2,60,30,30,0,0,0,0,LECTURE,,GENERAL,1.0
301049,DIA CHAT MOI TRUONG,30,,2,45,30,15,0,0,0,0,LECTURE,,GENERAL,1.0
301050,THACH HOC 2,30,,2,45,30,15,0,0,0,0,LECTURE,,GENERAL,1.0
301051,DIA CHAT CO SO,30,,5,45,45,0,0,0,0,0,LECTURE,,GENERAL,1.0
301052,DIA CHAT VIET NAM,30,,2,45,30,15,0,0,0,0,LECTURE,,GENERAL,1.0
301053,CO SINH DIA TANG,30,,2,45,30,15,0,0,0,0,LECTURE,,GENERAL,1.0
301054,TRAM TICH HOC,30,,2,45,30,15,0,0,0,0,LECTURE,,GENERAL,1.0
301055,DO VE BAN DO DIA CHAT,30,,1,30,15,15,0,0,0,0,LECTURE,,GENERAL,1.0
301056,KIEN TRUC TRUONG QUANG,30,,2,45,30,15,0,0,0,0,LECTURE,,GENERAL,1.0
301057,YTDC TAC DONG MOI TRUONG,30,,2,45,30,15,0,0,0,0,LECTURE,,GENERAL,1.0
301058,YTNS TAC DONG MOI TRUONG,30,,2,45,30,15,0,0,0,0,LECTURE,,GENERAL,1.0
301059,DIA MAO UNG DUNG,30,,1,30,15,15,0,0,0,0,LECTURE,,GENERAL,1.0
301060,PHUONG PHAP VIEN THAM,30,,2,45,30,15,0,0,0,0,LECTURE,,GENERAL,1.0
301061,DANH GIA TAC DONG MTR,30,,2,45,30,15,0,0,0,0,LECTURE,,GENERAL,1.0
301062,KY THUAT MOI TRUONG,30,,3,60,45,15,0,0,0,0,LECTURE,,GENERAL,1.0
301063,DBTB & QUAN LY MTRUONG,30,,2,45,30,15,0,0,0,0,LECTURE,,GENERAL,1.0
301064,TINH THE KHOANG VAT,30,,2,45,30,15,0,0,0,0,LECTURE,,GENERAL,1.0
301065,GIAM SAT MOI TRUONG,30,,2,30,30,0,0,0,0,0,LECTURE,,GENERAL,1.0
301066,B/VE M/TRUONG TRONG CND,30,,2,45,30,15,0,0,0,0,LECTURE,,GENERAL,1.0
301067,PP LAP BAN DO DCMT &DCDT,30,,2,45,30,15,0,0,0,0,LECTURE,,GENERAL,1.0
301068,KHAI THAC MO& MOI TRUONG,30,,2,45,30,15,0,0,0,0,LECTURE,,GENERAL,1.0
301069,THUC TAP THACH HOC 1,30,,1,30,0,0,30,0,0,0,LAB,,GENERAL,1.0
301070,QUAN TRI MOI TRUONG,30,,3,60,45,15,0,0,0,0,LECTURE,,GENERAL,1.0
301071,KHOANG SANG CONG NGHIEP,30,,2,45,30,15,0,0,0,0,LECTURE,,GENERAL,1.0
301072,TT TINH THE KHOANG VAT,30,,1,30,0,0,30,0,0,0,LAB,,GENERAL,1.0
301073,DC CAC MO KHOANG SAN,30,,3,60,45,0,15,0,0,0,LECTURE,,GENERAL,1.0
301074,TINH THE - KHOANG VAT,30,,2,30,30,0,0,0,0,0,LECTURE,,GENERAL,1.0
301075,DIA CHAT KIEN TRUC,30,,3,60,45,15,0,0,0,0,LECTURE,,GENERAL,1.0
301076,QUAN TRI MOI TRUONG,30,,3,60,45,0,15,0,0,0,LECTURE,,GENERAL,1.0
301078,DIA CHAT VIET NAM,30,,2,30,30,0,0,0,0,0,LECTURE,,GENERAL,1.0
301079,DANH GIA TAC DONG MTR,30,,2,30,30,0,0,0,0,0,LECTURE,,GENERAL,1.0
301080,CN KHAI THAC MO & VLXD,30,,2,30,30,0,0,0,0,0,LECTURE,,GENERAL,1.0
301081,TTHE KHOANG VAT THACHHOC,30,,0,60,60,0,0,0,0,0,LECTURE,,GENERAL,1.0
301082,TT-TTHE KHOANG VAT THACH,30,,0,15,0,0,15,0,0,0,LAB,,GENERAL,1.0
301083,KT M/TRUONG DIA CHAT(TN),30,,0,15,0,0,15,0,0,0,LAB,,GENERAL,1.0
3010B6,DIA CHAT CO SO,30,,3,60,45,0,15,0,0,0,LECTURE,,GENERAL,1.0
301101,DIA CHAT CO SO,30,,2,45,30,15,0,0,0,0,LECTURE,,GENERAL,1.0
301102,T/NGHIEM DIA CHAT CO SO,30,,1,15,0,0,15,0,0,0,LAB,,GENERAL,1.0
301103,THACH LUAN,30,,2,45,30,15,0,0,0,0,LECTURE,,GENERAL,1.0
301104,D/CHAT CT-DC THUY VAN MO,30,,2,45,30,15,0,0,1,0,LECTURE,,GENERAL,1.0
301105,KHAI THAC MO & BVE M/TR,30,,2,45,30,15,0,0,0,0,LECTURE,,GENERAL,1.0
301106,T/NGHIEM DIA CHAT CO SO,30,,0,15,0,0,15,0,0,0,LAB,,GENERAL,1.0
301150,KHOANG SANG 1,30,,6,45,45,0,0,0,0,0,LECTURE,,GENERAL,1.0
301151,KHOANG SANG 2,30,,6,45,45,0,0,0,0,0,LECTURE,,GENERAL,1.0
301152,DO VE BAN DO DD,30,,6,45,45,0,0,0,0,0,LECTURE,,GENERAL,1.0
301153,DIA CHAT MOI TRUONG,30,,4,30,30,0,0,0,0,0,LECTURE,,GENERAL,1.0
302001,DIA VAT LY DAI CUONG,30,,3,60,45,15,0,0,0,0,LECTURE,,GENERAL,1.0
302002,DIA CHAT DAU KHI,30,,2,45,30,15,0,0,0,0,LECTURE,,GENERAL,1.0
302003,DIA CHAT DAU KHI,30,,3,60,45,15,0,0,0,0,LECTURE,,GENERAL,1.0
302004,VAT LY VIA,30,,2,45,30,15,0,0,0,0,LECTURE,,GENERAL,1.0
302005,DIA CHAT KHAI THAC DKHI,30,,2,45,30,15,0,0,0,0,LECTURE,,GENERAL,1.0
302006,CS TIM KIEM T/LUONG DKHI,30,,2,45,30,15,0,0,0,0,LECTURE,,GENERAL,1.0
302007,PHUOGPHAP TINH TRU LUONG,30,,2,45,30,15,0,0,0,0,LECTURE,,GENERAL,1.0
302008,DIA CHAT VIETNAM DAU KHI,30,,2,45,30,15,0,0,0,0,LECTURE,,GENERAL,1.0
302009,DO VE BAN DO DIA CHAT,30,,2,45,30,15,0,0,0,0,LECTURE,,GENERAL,1.0
302010,DIA VAT LY UNG DUNG,30,,3,60,45,15,0,0,0,0,LECTURE,,GENERAL,1.0
302011,DCTK THAM DO KS&PPTINHTL,30,,3,60,45,15,0,0,0,0,LECTURE,,GENERAL,1.0
302013,MO HINH HOA MO DAU KHI,30,,2,45,30,15,0,0,0,0,LECTURE,,GENERAL,1.0
302014,DIA HOA UNG DUNG,30,,2,45,30,15,0,0,0,0,LECTURE,,GENERAL,1.0
302015,TRAMTICH HOC &NHIP DTANG,30,,2,45,30,15,0,0,0,0,LECTURE,,GENERAL,1.0
302016,DC TIM KIEM THAM DO DK,30,,2,45,30,15,0,0,0,0,LECTURE,,GENERAL,1.0
302017,DIA HOA DAU KHI,30,,2,45,30,15,0,0,0,0,LECTURE,,GENERAL,1.0
302018,PHAN TICH THU VIA,30,,3,60,45,15,0,0,0,0,LECTURE,,GENERAL,1.0
302019,PHAN TICH BON CHUA DAU,30,,2,45,30,15,0,0,0,0,LECTURE,,GENERAL,1.0
302020,TRAM TICH HOC,30,,3,45,45,0,0,0,0,0,LECTURE,,GENERAL,1.0
302021,VAT LY VIA,30,,3,45,45,0,0,0,0,0,LECTURE,,GENERAL,1.0
302022,DO VE BAN DO DIA CHAT,30,,2,30,30,0,0,0,0,0,LECTURE,,GENERAL,1.0
302026,DANH GIA TRU LUONG D/KHI,30,,2,45,30,15,0,0,0,0,LECTURE,,GENERAL,1.0
302027,PHG PHAP TINH TRU LUONG,30,,3,45,30,15,0,0,0,0,LECTURE,,GENERAL,1.0
302028,DIA CHAT DAU KHI,30,,3,60,45,15,0,0,0,0,LECTURE,,GENERAL,1.0
302029,DIA KIEN TAO,30,,1,30,15,15,0,0,0,0,LECTURE,,GENERAL,1.0
302030,DIA HOA,30,,1,30,15,15,0,0,0,0,LECTURE,,GENERAL,1.0
302031,PHG PHAP TICH TRU LUONG,30,,1,30,15,15,0,0,0,0,LECTURE,,GENERAL,1.0
302032,DIA VAT LY DAI CUONG,30,,3,45,45,0,0,0,0,0,LECTURE,,GENERAL,1.0
302033,PP TIM KIEM T.DO MO DKHI,30,,4,60,60,0,0,0,0,0,LECTURE,,GENERAL,1.0
302034,DIA CHAT KIEN TRUC,30,,3,45,30,15,0,0,0,0,LECTURE,,GENERAL,1.0
302035,DIA VAT LY GIENG KHOAN,30,,3,45,45,0,0,0,0,0,LECTURE,,GENERAL,1.0
302036,DIA CHAT KIEN TRUC,30,,2,60,30,30,0,0,0,0,LECTURE,,GENERAL,1.0
302037,DCTK-TD CAC MO KHOANGSAN,30,,3,60,45,15,0,0,0,0,LECTURE,,GENERAL,1.0
302038,DIA CHAT DAU KHI,30,,3,60,45,15,0,0,0,0,LECTURE,,GENERAL,1.0
302039,DIA HOA UNG DUNG,30,,1,30,15,15,0,0,0,0,LECTURE,,GENERAL,1.0
302040,DCHAT KHAI THAC DAU KHI,30,,1,30,15,15,0,0,0,0,LECTURE,,GENERAL,1.0
302041,DIA KIEN TAO,30,,4,60,60,0,0,0,0,0,LECTURE,,GENERAL,1.0
302042,DC DAU KHI & VAT LY VIA,30,,2,30,30,0,0,0,0,0,LECTURE,,GENERAL,1.0
302043,DO VE BAN DO DIA CHAT,30,,1,15,15,0,0,0,0,0,LECTURE,,GENERAL,1.0
302051,DC TIM KIEM T.DO K.SAN,30,,6,45,45,0,0,0,0,0,LECTURE,,GENERAL,1.0
302052,DIA CHAN UNG DUNG,30,,2,45,30,15,0,0,0,0,LECTURE,,GENERAL,1.0
302053,PT KIEN TRUC & KIEN TAO,30,,2,45,30,15,0,0,0,0,LECTURE,,GENERAL,1.0
302054,TRAM TICH BON CHUA DAU,30,,2,45,30,15,0,0,0,0,LECTURE,,GENERAL,1.0
302055,NHIP DIA TANG,30,,2,45,30,15,0,0,0,0,LECTURE,,GENERAL,1.0
302056,CAU TRUC TRUONG QUANG,30,,2,45,30,15,0,0,0,0,LECTURE,,GENERAL,1.0
302081,TRAMTICHHOC&NHIP DIATANG,30,,2,42,42,0,0,0,0,0,LECTURE,,GENERAL,1.0
302801,INTRO PETRO GEOSCIENCE,30,,3,60,45,15,0,0,0,0,LECTURE,,GENERAL,1.0
302802,DIA CHAT DAU KHI,30,,2,45,30,15,0,0,0,0,LECTURE,,GENERAL,1.0
302803,INTRO PETRO ENGR,30,,3,60,45,15,0,0,0,0,LECTURE,,GENERAL,1.0
303001,CO LY DAT DA,30,,2,45,30,15,0,0,0,0,LECTURE,,GENERAL,1.0
303002,DIA KY THUAT 1,30,,3,45,45,0,0,0,0,0,LECTURE,,GENERAL,1.0
303003,KINH TE & LUAT KHOANGSAN,30,,2,45,30,15,0,0,0,0,LECTURE,,GENERAL,1.0
303004,DIA KIEN TAO,30,,2,45,30,15,0,0,0,0,LECTURE,,GENERAL,1.0
303005,THUY DC CAC MO DAU KHI,30,,2,45,30,15,0,0,0,0,LECTURE,,GENERAL,1.0
303006,DIA CHAT BIEN,30,,2,45,30,15,0,0,0,0,LECTURE,,GENERAL,1.0
303007,CO HOC DA,30,,2,45,30,15,0,0,0,0,LECTURE,,GENERAL,1.0
303009,DIA K/THUAT C/TRINH NGAM,30,,2,45,30,15,0,0,0,0,LECTURE,,GENERAL,1.0
303010,DIA KY THUAT 2,30,,2,45,30,15,0,0,0,0,LECTURE,,GENERAL,1.0
303011,ON DINH CONG TRINH,30,,2,45,30,15,0,0,0,0,LECTURE,,GENERAL,1.0
303012,CONG TRINH XAY DUNG,30,,2,45,30,15,0,0,0,0,LECTURE,,GENERAL,1.0
303013,DC CTRINH DC THVAN K.VUC,30,,2,45,30,15,0,0,0,0,LECTURE,,GENERAL,1.0
303014,THUY DIA HOA,30,,2,45,30,15,0,0,1,0,LECTURE,,GENERAL,1.0
303015,VAT LIEU DIA KY THUAT,30,,2,45,30,0,15,0,0,0,LECTURE,,GENERAL,1.0
303018,NUOC KHOANG,30,,2,45,30,15,0,0,1,0,LECTURE,,GENERAL,1.0
303019,SU CO NEN MONG,30,,2,45,30,15,0,0,0,0,LECTURE,,GENERAL,1.0
303023,DIA CHAT DONG LUC CTRINH,30,,2,45,30,15,0,0,0,0,LECTURE,,GENERAL,1.0
303024,KYTHUAT AN TOAN LAO DONG,30,,2,30,30,0,0,0,0,0,LECTURE,,GENERAL,1.0
303025,KINH TE & LUAT KHOANGSAN,30,,4,60,60,0,0,0,0,0,LECTURE,,GENERAL,1.0
303026,CO KET CAU 2,30,,3,45,30,15,0,0,0,0,LECTURE,,GENERAL,1.0
303028,DIA KIEN TAO,30,,2,30,30,0,0,0,0,0,LECTURE,,GENERAL,1.0
303029,THUY DIA CHAT CAC MO DAU,30,,3,45,45,0,0,0,0,0,LECTURE,,GENERAL,1.0
303030,NEN NONG CONG TRINH,30,,4,60,45,0,0,0,15,0,LECTURE,,GENERAL,1.0
303031,ON DINH CONG TRINH,30,,3,45,30,15,0,0,0,0,LECTURE,,GENERAL,1.0
303032,DIA CHAT BIEN,30,,1,30,15,15,0,0,0,0,LECTURE,,GENERAL,1.0
303033,CONG TRINH XAY DUNG,30,,4,60,60,0,0,0,0,0,LECTURE,,GENERAL,1.0
303034,DIA CHAT CT-TV KHU VUC,30,,3,45,45,0,0,0,0,0,LECTURE,,GENERAL,1.0
303035,KY THUAT THI CONG,30,,3,45,45,0,0,0,0,0,LECTURE,,GENERAL,1.0
303036,KINH TE & LUAT KHOANGSAN,30,,3,60,45,15,0,0,0,0,LECTURE,,GENERAL,1.0
303037,NEN MONG CONG TRINH,30,,2,45,30,15,0,0,0,0,LECTURE,,GENERAL,1.0
303038,DIA KY THUAT 1,30,,2,45,30,15,0,0,0,0,LECTURE,,GENERAL,1.0
303039,THI NGHIEM DIA KY THUAT,30,,1,30,0,0,30,0,0,0,LAB,,GENERAL,1.0
303040,DIA CHAT THUY VAN,30,,2,45,30,15,0,0,0,0,LECTURE,,GENERAL,1.0
303041,KT & BAOVE TAINGUYEN NDD,30,,3,60,45,15,0,0,0,0,LECTURE,,GENERAL,1.0
303042,CAC PH/PHAP GIA CO DAT,30,,2,45,30,15,0,0,0,0,LECTURE,,GENERAL,1.0
303043,THACH LUAN CONG TRINH,30,,2,45,30,15,0,0,0,0,LECTURE,,GENERAL,1.0
303051,DIA CHAT CONG TRINH,30,,4,30,30,0,0,0,0,0,LECTURE,,GENERAL,1.0
303052,DIA KY THUAT 2,30,,6,45,45,0,0,0,0,0,LECTURE,,GENERAL,1.0
303053,GTHICH TAI LIEU DIA LY,30,,4,30,30,0,0,0,0,0,LECTURE,,GENERAL,1.0
303054,D/L HOC NUOC DUOI DAT,30,,6,45,45,0,0,0,0,0,LECTURE,,GENERAL,1.0
303055,THUY DIA HOA,30,,6,45,45,0,0,0,0,0,LECTURE,,GENERAL,1.0
303056,DIA CHAT THUY VAN,30,,3,60,45,15,0,0,0,0,LECTURE,,GENERAL,1.0
303057,D/LUC HOC NUOC DUOI DAT,30,,2,45,30,15,0,0,0,0,LECTURE,,GENERAL,1.0
303151,KINH TE &LUAT KHOANG SAN,30,,4,30,30,0,0,0,0,0,LECTURE,,GENERAL,1.0
304900,CHUYEN DE,30,,3,45,45,0,0,0,0,0,LECTURE,,GENERAL,1.0
305081,DIA THONG KE,30,,2,42,42,0,0,0,0,0,LECTURE,,GENERAL,1.0
400001,THUC TAP KY THUAT,EE,,1,90,0,0,90,0,0,0,LAB,,GENERAL,1.0
400010,CHUYEN DE,EE,,3,45,45,0,0,0,0,0,LECTURE,,GENERAL,1.0
400011,THI NGHIEM CHUYEN DE,EE,,1,30,0,0,30,0,0,0,LAB,,GENERAL,1.0
400300,KY NANG GTIEP-NGANH NGHE,EE,,2,45,30,15,0,0,0,0,LECTURE,,GENERAL,1.0
400400,NHAP MON KY THUAT,EE,,0,45,30,0,15,0,0,0,LECTURE,,GENERAL,1.0
400401,CO SO KT DIEN-MAY TINH,EE,,4,75,45,15,15,0,0,0,LECTURE,,GENERAL,1.0
400404,CO SO KT DIEN-MT (TN),EE,,0,15,0,0,15,0,0,0,LAB,,GENERAL,1.0
400410,TECHNIQ FOR ENGINEER DEC,EE,,3,69,30,12,0,0,27,0,LECTURE,,GENERAL,1.0
400411,CO SO KT DIEN-MT (TN),EE,,0,15,0,0,15,0,0,0,LAB,,GENERAL,1.0
400412,NHAP MON KY THUAT (TN),EE,,0,15,0,0,15,0,0,0,LAB,,GENERAL,1.0
400417,TECHNIQ FOR ENG.DEC.(BT),EE,,0,12,0,12,0,0,0,0,PRACTICAL,,GENERAL,1.0
401001,DIEN TU CONG SUAT,EE,,3,60,45,15,0,0,1,0,LECTURE,,GENERAL,1.0
401002,DIEN TU C/NGHIEP & UDUNG,EE,,2,45,30,15,0,0,1,0,LECTURE,,GENERAL,1.0
401003,KTTHOP &DK BO B/DOI CSBD,EE,,2,45,30,15,0,0,1,0,LECTURE,,GENERAL,1.0
401004,CC DIEN CHO XNCN & CTDD,EE,,2,45,30,15,0,0,1,0,LECTURE,,GENERAL,1.0
401005,T/KIEM NANG LUONG CN &DD,EE,,2,45,30,15,0,0,1,0,LECTURE,,GENERAL,1.0
401006,KY THUAT RA Q/DINH KY SU,EE,,2,45,30,15,0,0,1,0,LECTURE,,GENERAL,1.0
401007,KY THUAT ANH SANG,EE,,3,45,45,0,0,0,0,0,LECTURE,,GENERAL,1.0
401008,TRUYEN DONG DIEN,EE,,5,75,45,15,15,0,0,0,LECTURE,,GENERAL,1.0
401010,BAO VE ROLE -TU DONG HOA,EE,,4,60,45,15,0,0,0,0,LECTURE,,GENERAL,1.0
401011,TRANG BI DIEN,EE,,4,60,45,15,0,0,0,0,LECTURE,,GENERAL,1.0
401012,DIEU KHIEN DONG CO,EE,,4,60,45,15,0,0,0,0,LECTURE,,GENERAL,1.0
401014,KY THUAT AN TOAN,EE,,3,45,45,0,0,0,0,0,LECTURE,,GENERAL,1.0
401015,DIEN TU CONG SUAT 1,EE,,2,45,30,15,0,0,1,0,LECTURE,,GENERAL,1.0
401016,TRUYEN DONG DIEN,EE,,2,45,30,15,0,0,1,0,LECTURE,,GENERAL,1.0
401017,CN DIEN TU - DTCSL 1,40,,4,75,15,30,30,0,0,0,LECTURE,,GENERAL,1.0
401018,KY THUAT CHIEU SANG,EE,,2,45,30,15,0,0,1,0,LECTURE,,GENERAL,1.0
401019,DIEN CONG NGHE,EE,,2,45,30,15,0,0,0,0,LECTURE,,GENERAL,1.0
401020,AN TOAN DIEN,EE,,1,30,15,15,0,0,0,0,LECTURE,,GENERAL,1.0
401021,TN DIEN TU CONG SUAT 1,EE,,1,18,0,0,18,0,0,0,LAB,,GENERAL,1.0
401022,HE THONG DIEU KHIEN SO,EE,,2,45,30,15,0,0,0,0,LECTURE,,GENERAL,1.0
401023,TN DIEN CONG NGHIEP,EE,,1,30,0,0,30,0,0,0,LAB,,GENERAL,1.0
401024,DIEN TU CONG SUAT 2A,EE,,2,45,30,15,0,0,0,0,LECTURE,,GENERAL,1.0
401025,KY THUAT DIEN LANH,EE,,2,45,30,15,0,0,0,0,LECTURE,,GENERAL,1.0
401026,AN TOAN DIEN,EE,,2,30,20,10,0,0,1,0,LECTURE,,GENERAL,1.0
401027,DIEN TU CONG SUAT,EE,,5,75,60,15,0,0,0,0,LECTURE,,GENERAL,1.0
401028,TRUYEN DONG DIEN,EE,,5,90,75,15,0,0,0,0,LECTURE,,GENERAL,1.0
401029,TN DIEN TU CONG SUAT,EE,,2,30,0,0,30,0,0,0,LAB,,GENERAL,1.0
401031,KY THUAT ANH SANG,EE,,4,60,60,0,0,0,0,0,LECTURE,,GENERAL,1.0
401032,BV CHONG SET & TIEP DIA,EE,,3,45,45,0,0,0,0,0,LECTURE,,GENERAL,1.0
401033,MANG DIEN DIA PHUONG,EE,,2,30,30,0,0,0,0,0,LECTURE,,GENERAL,1.0
401034,TRANG BI DIEN,EE,,4,60,60,0,0,0,0,0,LECTURE,,GENERAL,1.0
401035,T.NGHIEM DIEN CONG NGHE,EE,,1,15,0,0,15,0,0,0,LAB,,GENERAL,1.0
401036,KY THUAT CHIEU SANG,EE,,4,60,60,0,0,0,0,0,LECTURE,,GENERAL,1.0
401037,TN TRUYEN DONG DIEN,EE,,1,15,0,0,15,0,0,0,LAB,,GENERAL,1.0
401038,TRUYEN DONG DIEN,EE,,5,75,75,0,0,0,0,0,LECTURE,,GENERAL,1.0
401039,TIN HOC UNG DUNG 2,EE,,4,60,60,0,0,0,0,0,LECTURE,,GENERAL,1.0
401040,MANG DIEN DIA PHUONG,EE,,2,30,30,0,0,0,0,0,LECTURE,,GENERAL,1.0
401041,TRANG BI DIEN,EE,,4,60,60,0,0,0,0,0,LECTURE,,GENERAL,1.0
401043,TN DIEN TU CONG SUAT,EE,,1,30,0,0,30,0,0,0,LAB,,GENERAL,1.0
401045,DIEN KY NGHE (CD),EE,,6,90,90,0,0,0,0,0,LECTURE,,GENERAL,1.0
401046,DIEN TU CONG NGHIEP,EE,,2,45,30,15,0,0,0,0,LECTURE,,GENERAL,1.0
401047,DIEN TU CONG SUAT 2B,EE,,2,45,30,15,0,0,0,0,LECTURE,,GENERAL,1.0
401048,DIEN TU CONG SUAT,EE,,4,60,60,0,0,0,0,0,LECTURE,,GENERAL,1.0
401049,CN DIEN TU - DTCSL 2,40,,4,75,15,30,30,0,0,0,LECTURE,,GENERAL,1.0
401051,TRUYEN DONG DIEN,EE,,4,45,45,0,0,0,0,0,LECTURE,,GENERAL,1.0
401052,KY THUAT CHIEU SANG,EE,,4,45,45,0,0,0,0,0,LECTURE,,GENERAL,1.0
401053,CUNG CAP DIEN,EE,,4,30,30,0,0,0,0,0,LECTURE,,GENERAL,1.0
401054,TRANG BI DIEN,EE,,4,30,30,0,0,0,0,0,LECTURE,,GENERAL,1.0
401056,BAO VE ROLE & T.DONG HOA,EE,,4,30,30,0,0,0,0,0,LECTURE,,GENERAL,1.0
401057,TRAM PHAT DIEN,EE,,4,30,30,0,0,0,0,0,LECTURE,,GENERAL,1.0
401059,KY THUAT AN TOAN,EE,,3,25,25,0,0,0,0,0,LECTURE,,GENERAL,1.0
401061,BAO VE ROLE,EE,,4,30,30,0,0,0,0,0,LECTURE,,GENERAL,1.0
401062,DIEN TU CONG SUAT 1,EE,,4,45,45,0,0,0,0,0,LECTURE,,GENERAL,1.0
401063,TN DIEN CONG NGHIEP,EE,,6,30,0,0,30,0,0,0,LAB,,GENERAL,1.0
401064,DIEN CONG NGHE,EE,,4,45,45,0,0,0,0,0,LECTURE,,GENERAL,1.0
401065,KY THUAT LANH,EE,,4,30,30,0,0,0,0,0,LECTURE,,GENERAL,1.0
401066,TN DIEN TU CONG SUAT 1,EE,,12,18,0,0,18,0,0,0,LAB,,GENERAL,1.0
401067,DIEN TU CONG SUAT 1,EE,,4,30,30,0,0,0,0,0,LECTURE,,GENERAL,1.0
401068,AN TOAN DIEN,EE,,3,30,30,0,0,0,0,0,LECTURE,,GENERAL,1.0
401069,KY THUAT CHIEU SANG,EE,,3,30,30,0,0,0,0,0,LECTURE,,GENERAL,1.0
401071,TRUYEN DONG DIEN,EE,,4,45,45,0,0,0,0,0,LECTURE,,GENERAL,1.0
401072,TN DIEN CN A,EE,,1,15,0,0,15,0,0,0,LAB,,GENERAL,1.0
401073,TN DIEN CN B,EE,,1,15,0,0,15,0,0,0,LAB,,GENERAL,1.0
401075,DIEN CONG NGHE (TC),EE,,4,45,45,0,0,0,0,0,LECTURE,,GENERAL,1.0
401076,TN DIEN CONG NGHIEP (TC),EE,,2,21,0,0,21,0,0,0,LAB,,GENERAL,1.0
401078,CN DIEN TU - DTCSL 1(BT),40,,0,30,0,30,0,0,0,0,PRACTICAL,,GENERAL,1.0
401079,CN DIEN TU - DTCSL 2(BT),40,,0,30,0,30,0,0,0,0,PRACTICAL,,GENERAL,1.0
401100,CUNG CAP DIEN (DL),EE,,3,30,30,0,0,0,0,0,LECTURE,,GENERAL,1.0
401101,TRUYEN DONG DIEN (DL),EE,,4,60,60,0,0,0,0,0,LECTURE,,GENERAL,1.0
401102,CUNG CAP DIEN (DL),EE,,3,45,45,0,0,0,0,0,LECTURE,,GENERAL,1.0
401103,AN TOAN DIEN (DL),EE,,3,45,45,0,0,0,0,0,LECTURE,,GENERAL,1.0
401402,POWER ELECTRONICS,EE,,3,63,30,24,0,0,9,0,LECTURE,,GENERAL,1.0
401403,POWER ELECTRONICS LAB,EE,,2,60,0,0,60,0,0,0,LAB,,GENERAL,1.0
401404,POWER ELECTRONICS (BT),EE,,0,24,0,24,0,0,0,0,PRACTICAL,,GENERAL,1.0
401701,CS DIEN TU CONG SUAT LON,EE,,3,70,30,0,10,0,30,0,LECTURE,,GENERAL,1.0
401702,CAC L/KIEN & SU LAP RAP,EE,,2,48,21,0,0,0,27,0,LECTURE,,GENERAL,1.0
401703,MO HINH HOA & SU CO,EE,,3,75,30,0,0,0,45,0,LECTURE,,GENERAL,1.0
401704,BO BIEN DOI CONG SUAT,EE,,3,45,30,8,7,0,0,0,LECTURE,,GENERAL,1.0
401705,TINH TOAN CAC LUOI DIEN,EE,,3,69,30,12,0,0,27,0,LECTURE,,GENERAL,1.0
401706,SU PHAN PHOI DIEN NANG,EE,,1,21,12,0,0,0,9,0,LECTURE,,GENERAL,1.0
401707,CAC BO BIEN DOI TINH,EE,,1,21,12,0,0,0,9,0,LECTURE,,GENERAL,1.0
401708,LAP DAT DIEN,EE,,1,21,12,0,0,0,9,0,LECTURE,,GENERAL,1.0
401710,CT&T/HOPCAC B/BIEN DOICS,EE,,2,48,21,0,0,0,27,0,LECTURE,,GENERAL,1.0
401711,MO H/H& D/K CACB/B DOICS,EE,,2,48,21,0,0,0,27,0,LECTURE,,GENERAL,1.0
401712,CACC/NGHE NANG LUONG MOI,EE,,3,675,30,0,15,0,225,0,LECTURE,,GENERAL,1.0
401713,CS DIEN TU C/SUAT LON(TN,EE,,0,10,0,0,10,0,0,0,LAB,,GENERAL,1.0
401714,MO HINH HOA & SU CO (BT),EE,,0,12,0,12,0,0,0,0,PRACTICAL,,GENERAL,1.0
401715,T/TOAN CAC LUOI DIEN (BT,EE,,0,12,0,12,0,0,0,0,PRACTICAL,,GENERAL,1.0
401716,CAC CN NANG LUONG MOI(TN,EE,,0,15,0,0,15,0,0,0,LAB,,GENERAL,1.0
402001,KY THUAT DIEN TU C,EE,,3,60,45,15,0,0,0,0,LECTURE,,GENERAL,1.0
402002,KY THUAT SO,EE,,3,60,45,15,0,0,0,0,LECTURE,,GENERAL,1.0
402003,TN DUNG CU BAN DAN,EE,,1,30,0,0,30,0,0,0,LAB,,GENERAL,1.0
402004,TN KY THUAT SO NANG CAO,EE,,1,30,0,0,30,0,0,0,LAB,,GENERAL,1.0
402005,XU LY T/HIEU SO VOI FPGA,EE,,2,45,30,15,0,0,0,0,LECTURE,,GENERAL,1.0
402006,THAM TRA & K/TRA VI MACH,EE,,2,45,30,15,0,0,0,0,LECTURE,,GENERAL,1.0
402007,THIET KE ASIC,EE,,2,45,30,15,0,0,0,0,LECTURE,,GENERAL,1.0
402008,THIET KE VI MACH SO,EE,,2,45,30,15,0,0,0,0,LECTURE,,GENERAL,1.0
402009,TK VI MACH TUONG TU&HHOP,EE,,2,45,30,15,0,0,0,0,LECTURE,,GENERAL,1.0
402010,THIET KE CPU,EE,,2,45,30,15,0,0,0,0,LECTURE,,GENERAL,1.0
402011,THIET KE LOI IP CHO DSP,EE,,2,45,30,15,0,0,0,0,LECTURE,,GENERAL,1.0
402012,HE DIEU HANH T/GIAN THUC,EE,,2,45,30,15,0,0,0,0,LECTURE,,GENERAL,1.0
402013,THIET KE HE THONG NHUNG,EE,,2,45,30,15,0,0,0,0,LECTURE,,GENERAL,1.0
402014,TN T/KE HE THONG NHUNG,EE,,1,30,0,0,30,0,0,0,LAB,,GENERAL,1.0
402015,LAP TRINH NHUNG,EE,,2,45,30,15,0,0,0,0,LECTURE,,GENERAL,1.0
402016,TN LAP TRINH NHUNG,EE,,1,30,0,0,30,0,0,0,LAB,,GENERAL,1.0
402017,T/KE MACH SO TOC DO CAO,EE,,2,45,30,15,0,0,0,0,LECTURE,,GENERAL,1.0
402018,TN TKE MACH SO TOC DOCAO,EE,,1,30,0,0,30,0,0,0,LAB,,GENERAL,1.0
402019,DONG GOI VI DIEN TU,EE,,2,45,30,15,0,0,0,0,LECTURE,,GENERAL,1.0
402020,TN DIEN TU Y SINH,EE,,1,30,0,0,30,0,0,0,LAB,,GENERAL,1.0
402021,THIET KE VI MACH,EE,,2,45,30,15,0,0,0,0,LECTURE,,GENERAL,1.0
402022,KY THUAT SO NANG CAO,EE,,3,60,45,15,0,0,0,0,LECTURE,,GENERAL,1.0
402023,TN DIEN TU CO BAN,EE,,1,15,0,0,15,0,0,0,LAB,,GENERAL,1.0
402024,KY THUAT DIEN TU,EE,,2,45,30,15,0,0,0,0,LECTURE,,GENERAL,1.0
402025,KY THUAT TRUYEN SO LIEU,EE,,4,60,45,15,0,0,0,0,LECTURE,,GENERAL,1.0
402026,TIN HOC UNG DUNG,EE,,4,60,60,0,0,0,0,0,LECTURE,,GENERAL,1.0
402027,KY THUAT SO,EE,,2,45,30,15,0,0,0,0,LECTURE,,GENERAL,1.0
402028,KY THUAT SO 1,EE,,2,45,30,15,0,0,0,0,LECTURE,,GENERAL,1.0
402030,VI XU LY,EE,,3,60,45,15,0,0,0,0,LECTURE,,GENERAL,1.0
402031,THUC HANH TIN HOC,EE,,1,30,0,0,30,0,0,0,LAB,,GENERAL,1.0
402032,KY THUAT SO 2,EE,,2,45,30,15,0,0,0,0,LECTURE,,GENERAL,1.0
402033,KY THUAT XUNG,EE,,2,45,30,15,0,0,0,0,LECTURE,,GENERAL,1.0
402034,DIEN TU Y SINH HOC,EE,,2,45,30,15,0,0,0,0,LECTURE,,GENERAL,1.0
402035,QUANG DIEN TU,EE,,2,45,30,15,0,0,0,0,LECTURE,,GENERAL,1.0
402036,NGUYEN LY MACH TICH HOP,EE,,2,45,30,15,0,0,0,0,LECTURE,,GENERAL,1.0
402037,CAU TRUC MAY TINH,EE,,2,45,30,15,0,0,0,0,LECTURE,,GENERAL,1.0
402039,TN KY THUAT SO 1 - VXL,EE,,1,36,0,0,36,0,0,0,LAB,,GENERAL,1.0
402040,TN KY THUAT XUNG - SO 2,EE,,1,30,0,0,30,0,0,0,LAB,,GENERAL,1.0
402041,CHUYEN DE,EE,,3,45,45,0,0,0,0,0,LECTURE,,GENERAL,1.0
402042,THI NGHIEM CHUYEN DE,EE,,1,30,0,0,30,0,0,0,LAB,,GENERAL,1.0
402044,KY THUAT & T/BI SIEU AM,EE,,4,60,60,0,0,0,0,0,LECTURE,,GENERAL,1.0
402045,DIEN TU Y TE,EE,,3,45,45,0,0,0,0,0,LECTURE,,GENERAL,1.0
402046,TNGHIEM DIEN TU UNG DUNG,EE,,1,30,0,0,30,0,0,0,LAB,,GENERAL,1.0
402047,DUNG CU LINH KIEN DIENTU,EE,,2,45,30,15,0,0,0,0,LECTURE,,GENERAL,1.0
402048,K/THUAT DIEN TU NANG CAO,EE,,2,45,30,15,0,0,0,0,LECTURE,,GENERAL,1.0
402049,VI XU LY B,EE,,2,45,30,15,0,0,0,0,LECTURE,,GENERAL,1.0
402051,DUNG CU & LK DIEN TU,EE,,3,30,30,0,0,0,0,0,LECTURE,,GENERAL,1.0
402052,VAT LIEU DIEN TU,EE,,3,25,25,0,0,0,0,0,LECTURE,,GENERAL,1.0
402053,THI NGHIEM DO DIEN TU,EE,,1,15,0,0,15,0,0,0,LAB,,GENERAL,1.0
402054,KY THUAT SO,EE,,4,30,30,0,0,0,0,0,LECTURE,,GENERAL,1.0
402055,T.NGHIEM DUNG CU DIEN TU,EE,,1,15,0,0,15,0,0,0,LAB,,GENERAL,1.0
402057,KY THUAT XUNG,EE,,4,45,45,0,0,0,0,0,LECTURE,,GENERAL,1.0
402058,DO LUONG DIEN TU 1,EE,,3,25,25,0,0,0,0,0,LECTURE,,GENERAL,1.0
402059,KY THUAT VI XU LY 1,EE,,4,30,30,0,0,0,0,0,LECTURE,,GENERAL,1.0
402061,KY THUAT VI XU LY 2,EE,,4,30,30,0,0,0,0,0,LECTURE,,GENERAL,1.0
402062,DO LUONG DIEN TU 2,EE,,3,25,25,0,0,0,0,0,LECTURE,,GENERAL,1.0
402063,KY THUAT & T.BI SIEU AM,EE,,3,25,25,0,0,0,0,0,LECTURE,,GENERAL,1.0
402064,TN KT XUNG VA SO 2,EE,,1,15,0,0,15,0,0,0,LAB,,GENERAL,1.0
402066,XU LY SO TIN HIEU,EE,,4,30,30,0,0,0,0,0,LECTURE,,GENERAL,1.0
402067,KY THUAT TRUYEN SO LIEU,EE,,4,30,30,0,0,0,0,0,LECTURE,,GENERAL,1.0
402068,KY THUAT VI XU LY 3,EE,,4,30,30,0,0,0,0,0,LECTURE,,GENERAL,1.0
402069,KT T/TAP & XU LY TINHIEU,EE,,2,15,15,0,0,0,0,0,LECTURE,,GENERAL,1.0
402070,DIEN TU CO BAN,EE,,4,30,30,0,0,0,0,0,LECTURE,,GENERAL,1.0
402071,KY THUAT XUNG & SO,EE,,5,40,40,0,0,0,0,0,LECTURE,,GENERAL,1.0
402072,CHUYEN DE,EE,,4,30,30,0,0,0,0,0,LECTURE,,GENERAL,1.0
402073,DIEN TU UNG DUNG,EE,,2,30,0,0,30,0,0,0,LAB,,GENERAL,1.0
402074,DIEN TU UNG DUNG,EE,,2,25,0,0,25,0,0,0,LAB,,GENERAL,1.0
402075,KY THUAT DIEN TU,EE,,4,30,30,0,0,0,0,0,LECTURE,,GENERAL,1.0
402076,THI NGHIEM KY THUAT SO 1,EE,,1,15,0,0,15,0,0,0,LAB,,GENERAL,1.0
402077,THI NGHIEM VI XU LY,EE,,6,30,0,0,30,0,0,0,LAB,,GENERAL,1.0
402078,CAU TRUC MAY TINH,EE,,4,45,45,0,0,0,0,0,LECTURE,,GENERAL,1.0
402079,DIEN TU Y SINH HOC,EE,,4,45,45,0,0,0,0,0,LECTURE,,GENERAL,1.0
402080,QUANG DIEN TU,EE,,4,45,45,0,0,0,0,0,LECTURE,,GENERAL,1.0
402081,VI XU LY,EE,,4,45,45,0,0,0,0,0,LECTURE,,GENERAL,1.0
402082,DIEN TU 1,EE,,6,60,45,0,0,0,0,0,LECTURE,,GENERAL,1.0
402083,KY THUAT SO 1,EE,,4,45,45,0,0,0,0,0,LECTURE,,GENERAL,1.0
402084,KY THUAT SO 2,EE,,4,45,45,0,0,0,0,0,LECTURE,,GENERAL,1.0
402085,DIEN TU 1,EE,,4,30,30,0,0,0,0,0,LECTURE,,GENERAL,1.0
402086,VI XU LY,EE,,4,30,30,0,0,0,0,0,LECTURE,,GENERAL,1.0
402087,NGUYEN LY MACH TICH HOP,EE,,4,30,30,0,0,0,0,0,LECTURE,,GENERAL,1.0
402088,CAU TRUC MAY TINH,EE,,4,30,30,0,0,0,0,0,LECTURE,,GENERAL,1.0
402089,DIEN TU Y SINH HOC,EE,,3,30,30,0,0,0,0,0,LECTURE,,GENERAL,1.0
402090,THI NGHIEM VI XU LY,EE,,1,15,0,0,15,0,0,0,LAB,,GENERAL,1.0
402091,KY THUAT DIEN TU (CD),EE,,4,60,60,0,0,0,0,0,LECTURE,,GENERAL,1.0
402092,DIEN TU 2,EE,,5,45,45,0,0,0,0,0,LECTURE,,GENERAL,1.0
402093,DIEN TU CO BAN,EE,,5,45,45,0,0,0,0,0,LECTURE,,GENERAL,1.0
402094,VI XU LY (DL),EE,,4,60,60,0,0,0,0,0,LECTURE,,GENERAL,1.0
402095,KY THUAT SO 2,EE,,4,45,45,0,0,0,0,0,LECTURE,,GENERAL,1.0
402096,DIEN TU CO BAN (DL),EE,,4,45,45,0,0,0,0,0,LECTURE,,GENERAL,1.0
402097,NGUYEN LY MACH TICH HOP,EE,,4,45,45,0,0,0,0,0,LECTURE,,GENERAL,1.0
4020B4,KY THUAT DIEN TU,EE,,2,45,30,15,0,0,0,0,LECTURE,,GENERAL,1.0
402101,THUC TAP DIEN TU,EE,,2,60,0,0,60,0,0,0,LAB,,GENERAL,1.0
402102,KY THUAT SO (CD),EE,,3,45,45,0,0,0,0,0,LECTURE,,GENERAL,1.0
402103,VI XU LY (CD),EE,,3,45,45,0,0,0,0,0,LECTURE,,GENERAL,1.0
402104,TN KY THUAT DIEN TU (CD),EE,,2,30,0,0,30,0,0,0,LAB,,GENERAL,1.0
402105,TN KY THUAT SO (CD),EE,,2,30,0,0,30,0,0,0,LAB,,GENERAL,1.0
402106,TN VI XU LY (CD),EE,,2,30,0,0,30,0,0,0,LAB,,GENERAL,1.0
402107,DIEN TU UNG DUNG (CDH),EE,,3,45,45,0,0,0,0,0,LECTURE,,GENERAL,1.0
402108,TN DIEN TU,EE,,1,15,0,0,15,0,0,0,LAB,,GENERAL,1.0
402109,KY THUAT SO - VI XU LY,EE,,2,45,30,15,0,0,0,0,LECTURE,,GENERAL,1.0
402110,TN DUNG CU LINH KIEN DTU,EE,,1,18,0,0,18,0,0,0,LAB,,GENERAL,1.0
402111,DIEN TU CO BAN,EE,,3,75,45,30,0,0,0,0,LECTURE,,GENERAL,1.0
402112,T/NGHIEM DIEN TU CO BAN,EE,,1,18,0,0,18,0,0,0,LAB,,GENERAL,1.0
402113,THI NGHIEM KY THUAT SO,EE,,1,30,0,0,30,0,0,0,LAB,,GENERAL,1.0
402114,THI NGHIEM VI XU LY,EE,,1,30,0,0,30,0,0,0,LAB,,GENERAL,1.0
402115,DIEN TU UNG DUNG,EE,,2,45,30,15,0,0,0,0,LECTURE,,GENERAL,1.0
402116,HT THU THAP & XLY DLIEU,EE,,2,45,30,15,0,0,0,0,LECTURE,,GENERAL,1.0
402117,THIET KE LUAN LY,EE,,2,45,30,15,0,0,0,0,LECTURE,,GENERAL,1.0
402118,TNGHIEM KY THUAT SO (DL),EE,,1,15,0,0,15,0,0,0,LAB,,GENERAL,1.0
402119,THI NGHIEM VI XU LY (DL),EE,,1,15,0,0,15,0,0,0,LAB,,GENERAL,1.0
402120,KY THUAT DIENTU SO (VLKT,EE,,2,45,30,15,0,0,0,0,LECTURE,,GENERAL,1.0
402121,DUNG CU BAN DAN,EE,,3,60,45,15,0,0,0,0,LECTURE,,GENERAL,1.0
402151,KY THUAT DIEN TU,EE,,4,45,45,0,0,0,0,0,LECTURE,,GENERAL,1.0
402153,TN KY THUAT XUNG - SO 2,EE,,2,30,0,0,30,0,0,0,LAB,,GENERAL,1.0
402154,KY THUAT VI XU LY,EE,,0,60,45,0,0,0,0,0,LECTURE,,GENERAL,1.0
402401,LINH KIEN BAN DAN,EE,,3,45,45,0,0,0,0,0,LECTURE,,GENERAL,1.0
402404,DIGITAL SYSTEMS LABORATY,EE,,2,60,0,0,60,0,0,0,LAB,,GENERAL,1.0
402408,MICROCOMPUTER LABORATORY,EE,,3,90,0,0,90,0,0,0,LAB,,GENERAL,1.0
402701,DTU HOC TUONG TU&UNGDUNG,EE,,3,60,30,14,16,0,0,0,LECTURE,,GENERAL,1.0
402702,BSUNG VE DIEN TU TUONGTU,EE,,3,65,30,0,20,0,15,0,LECTURE,,GENERAL,1.0
402703,DTU HOC CAC MACH LOGIC,EE,,3,60,30,14,16,0,0,0,LECTURE,,GENERAL,1.0
402704,QUANG DIEN TU,EE,,3,69,30,12,0,0,27,0,LECTURE,,GENERAL,1.0
402705,DIEN TU,EE,,3,60,30,14,16,0,0,0,LECTURE,,GENERAL,1.0
402707,DIEN TU (TN),EE,,0,16,0,0,16,0,0,0,LAB,,GENERAL,1.0
402709,THIET KE HE THONG NHUNG,EE,,3,75,30,0,0,0,45,0,LECTURE,,GENERAL,1.0
402710,BSUNG VE DTU TUONGTU (TN,EE,,0,15,0,0,15,0,0,0,LAB,,GENERAL,1.0
402711,DTU HOC CACMACH LOGIC(tn,EE,,0,30,0,14,16,0,0,0,LAB,,GENERAL,1.0
402712,DT HOC TUONG TU&UD(TN),EE,,0,30,0,14,16,0,0,0,LAB,,GENERAL,1.0
402713,BS VE DIEN TU TUONGTU(TN,EE,,0,20,0,0,20,0,0,0,LAB,,GENERAL,1.0
402714,QUANG DIEN TU (BT),EE,,0,12,0,12,0,0,0,0,PRACTICAL,,GENERAL,1.0
402802,KY THUAT SO,EE,,3,60,45,15,0,0,0,0,LECTURE,,GENERAL,1.0
402803,TN DUNG CU BAN DAN,EE,,1,15,0,0,15,0,0,0,LAB,,GENERAL,1.0
402830,VI XU LY,EE,,3,60,45,15,0,0,0,0,LECTURE,,GENERAL,1.0
402913,TN KY THUAT SO,EE,,1,30,0,0,30,0,0,0,LAB,,GENERAL,1.0
402921,DUNG CU BAN DAN,EE,,3,60,45,15,0,0,0,0,LECTURE,,GENERAL,1.0
403001,GIAI TICH HE THONG DIEN,EE,,3,75,45,30,0,0,0,0,LECTURE,,GENERAL,1.0
403002,TK DUONG DAY&TRAM BIENAP,EE,,2,45,30,15,0,0,0,0,LECTURE,,GENERAL,1.0
403003,KY THUAT CAO AP,EE,,2,45,30,15,0,0,0,0,LECTURE,,GENERAL,1.0
403004,BAO VE RELAY TRONG HTD,EE,,2,45,30,15,0,0,0,0,LECTURE,,GENERAL,1.0
403005,CAC NGUON N/LUONG & NMD,EE,,2,45,30,15,0,0,0,0,LECTURE,,GENERAL,1.0
403006,KTMT& XU LY TIN HIEU HTD,EE,,2,45,30,15,0,0,0,0,LECTURE,,GENERAL,1.0
403007,TICH TRU NANG LUONG HTD,EE,,2,30,25,5,0,0,0,0,LECTURE,,GENERAL,1.0
403008,TRI TUE N/TAO & HE C/GIA,EE,,3,45,45,0,0,0,0,0,LECTURE,,GENERAL,1.0
403009,QUA TRINH QUA DO,EE,,4,60,60,0,0,0,0,0,LECTURE,,GENERAL,1.0
403010,VAN HANH NHA MAY & HTD,EE,,3,45,30,15,0,0,0,0,LECTURE,,GENERAL,1.0
403011,TU DONG HOA HETHONG DIEN,EE,,2,30,30,0,0,0,0,0,LECTURE,,GENERAL,1.0
403012,DIEU KHIEN HOC HT DIEN,EE,,3,45,30,15,0,0,0,0,LECTURE,,GENERAL,1.0
403013,DO TIN CAY,EE,,2,30,30,0,0,0,0,0,LECTURE,,GENERAL,1.0
403017,THUC TAP DIEU VAN,EE,,1,15,0,0,15,0,0,0,LAB,,GENERAL,1.0
403018,HE THONG DIEN 1,EE,,3,75,45,30,0,0,0,0,LECTURE,,GENERAL,1.0
403019,HE THONG DIEN 2,EE,,3,75,45,30,0,0,0,0,LECTURE,,GENERAL,1.0
403020,KY THUAT CAO AP,EE,,2,45,30,15,0,0,0,0,LECTURE,,GENERAL,1.0
403021,BAO VE ROLE & TU DONGHOA,EE,,2,45,30,15,0,0,0,0,LECTURE,,GENERAL,1.0
403022,VAT LIEU KY THUAT DIEN,EE,,2,45,30,15,0,0,0,0,LECTURE,,GENERAL,1.0
403023,THI NGHIEM VAT LIEU DIEN,EE,,1,30,0,0,30,0,0,0,LAB,,GENERAL,1.0
403024,VAN HANH& DIEU KHIEN HTD,EE,,2,45,30,15,0,0,0,0,LECTURE,,GENERAL,1.0
403025,NHA MAY NHIET DIEN,EE,,2,45,30,15,0,0,0,0,LECTURE,,GENERAL,1.0
403026,NHA MAY THUY DIEN,EE,,2,45,30,15,0,0,0,0,LECTURE,,GENERAL,1.0
403027,THIET KE HE THONG DIEN,EE,,2,45,30,15,0,0,0,0,LECTURE,,GENERAL,1.0
403028,THI NGHIEM HE THONG DIEN,EE,,1,30,0,0,30,0,0,0,LAB,,GENERAL,1.0
403029,KY THUAT AN TOAN,EE,,3,45,45,0,0,0,0,0,LECTURE,,GENERAL,1.0
403030,KY THUAT CAO AP 1,EE,,3,45,30,15,0,0,0,0,LECTURE,,GENERAL,1.0
403031,NHA MAY DIEN 2,EE,,4,60,45,15,0,0,0,0,LECTURE,,GENERAL,1.0
403034,TIN HOC UNG DUNG,EE,,4,60,45,15,0,0,0,0,LECTURE,,GENERAL,1.0
403035,KY THUAT CAO AP 2,EE,,3,45,30,15,0,0,0,0,LECTURE,,GENERAL,1.0
403036,BAO VE ROLE,EE,,3,45,45,0,0,0,0,0,LECTURE,,GENERAL,1.0
403037,KY THUAT AN TOAN,EE,,3,45,45,0,0,0,0,0,LECTURE,,GENERAL,1.0
403038,DO TIN CAY,EE,,1,30,30,0,0,0,0,0,LECTURE,,GENERAL,1.0
403039,THI NGHIEM BAO VE ROLE,EE,,1,15,0,0,15,0,0,0,LAB,,GENERAL,1.0
403041,T/NGHIEM VAT LIEU CAO AP,EE,,1,15,0,0,15,0,0,0,LAB,,GENERAL,1.0
403042,ON DINH HE THONG DIEN,EE,,3,45,30,15,0,0,0,0,LECTURE,,GENERAL,1.0
403043,HE THONG DIEN 2,EE,,5,75,60,15,0,0,0,0,LECTURE,,GENERAL,1.0
403044,HE THONG DIEN 3,EE,,4,60,45,15,0,0,0,0,LECTURE,,GENERAL,1.0
403046,QUA TRINH QUA DO DIEN TU,EE,,3,45,45,0,0,0,0,0,LECTURE,,GENERAL,1.0
403047,Q/TRINH QUA DO CO DIEN,EE,,3,45,45,0,0,0,0,0,LECTURE,,GENERAL,1.0
403048,QUA DIEN AP,EE,,3,45,45,0,0,0,0,0,LECTURE,,GENERAL,1.0
403050,KY THUAT CAO AP,EE,,4,45,45,0,0,0,0,0,LECTURE,,GENERAL,1.0
403051,KY THUAT AN TOAN,EE,,3,25,25,0,0,0,0,0,LECTURE,,GENERAL,1.0
403052,VAT LIEU KY THUAT DIEN,EE,,4,30,30,0,0,0,0,0,LECTURE,,GENERAL,1.0
403053,BAO VE CHONG SET,EE,,4,30,30,0,0,0,0,0,LECTURE,,GENERAL,1.0
403054,TN VAT LIEU KYTHUAT DIEN,EE,,1,15,0,0,15,0,0,0,LAB,,GENERAL,1.0
403055,VAN HANH & DK HE THONG,EE,,3,30,30,0,0,0,0,0,LECTURE,,GENERAL,1.0
403057,TU DONG HOA HE THONG,EE,,3,25,25,0,0,0,0,0,LECTURE,,GENERAL,1.0
403058,VAN HANH HE THONG DIEN,EE,,3,45,45,0,0,0,0,0,LECTURE,,GENERAL,1.0
403059,THIET KE HE THONG DIEN,EE,,4,30,30,0,0,0,0,0,LECTURE,,GENERAL,1.0
403060,DIEU KHIEN HE THONG DIEN,EE,,3,45,45,0,0,0,0,0,LECTURE,,GENERAL,1.0
403061,NHA MAY DIEN 2,EE,,4,60,60,0,0,0,0,0,LECTURE,,GENERAL,1.0
403066,ON DINH HE THONG DIEN,EE,,3,45,45,0,0,0,0,0,LECTURE,,GENERAL,1.0
403067,TIN HOC UNG DUNG 2,EE,,2,30,30,0,0,0,0,0,LECTURE,,GENERAL,1.0
403068,TIN HOC UNG DUNG 2,EE,,4,60,60,0,0,0,0,0,LECTURE,,GENERAL,1.0
403069,TU DONG HOA HETHONG DIEN,EE,,2,30,30,0,0,0,0,0,LECTURE,,GENERAL,1.0
403070,VAN HANH HE THONG DIEN,EE,,3,30,30,0,0,0,0,0,LECTURE,,GENERAL,1.0
403071,QUA DIEN AP,EE,,3,45,45,0,0,0,0,0,LECTURE,,GENERAL,1.0
403072,DIEU KHIEN HE THONG DIEN,EE,,3,45,45,0,0,0,0,0,LECTURE,,GENERAL,1.0
403073,TRI KHON NHAN TAO,EE,,3,45,45,0,0,0,0,0,LECTURE,,GENERAL,1.0
403074,NHA MAY NHIET DIEN,EE,,3,45,45,0,0,0,0,0,LECTURE,,GENERAL,1.0
403075,NHA MAY THUY DIEN,EE,,4,60,60,0,0,0,0,0,LECTURE,,GENERAL,1.0
403076,THUC TAP DIEU VAN,EE,,1,15,0,0,15,0,0,0,LAB,,GENERAL,1.0
403079,Q/HOACH & PHAT TRIEN HTD,EE,,2,30,30,0,0,0,0,0,LECTURE,,GENERAL,1.0
403080,TOI UU HOA C/DO XAC LAP,EE,,2,30,30,0,0,0,0,0,LECTURE,,GENERAL,1.0
403081,TRUYEN TAI DIEN DI XA,EE,,3,45,45,0,0,0,0,0,LECTURE,,GENERAL,1.0
403082,TIN HOC UNG DUNG 2,EE,,4,60,60,0,0,0,0,0,LECTURE,,GENERAL,1.0
403083,TIN HOC U/DUNG TRONG HTD,EE,,4,60,60,0,0,0,0,0,LECTURE,,GENERAL,1.0
403084,NHA MAY THUY DIEN,EE,,2,30,30,0,0,0,0,0,LECTURE,,GENERAL,1.0
403086,NGAN MACH,EE,,3,30,30,0,0,0,0,0,LECTURE,,GENERAL,1.0
403087,KY THUAT CAO AP 2,EE,,4,60,60,0,0,0,0,0,LECTURE,,GENERAL,1.0
403088,BAO VE ROLE &TU DONG HOA,EE,,4,45,45,0,0,0,0,0,LECTURE,,GENERAL,1.0
403089,THI NGHIEM HE THONG DIEN,EE,,6,30,0,0,30,0,0,0,LAB,,GENERAL,1.0
403090,VAT LIEU DIEN,EE,,3,30,30,0,0,0,0,0,LECTURE,,GENERAL,1.0
403091,THI NGHIEM VAT LIEU DIEN,EE,,1,15,0,0,15,0,0,0,LAB,,GENERAL,1.0
403092,NGAN MACH & ON DINH HTD,EE,,4,45,45,0,0,0,0,0,LECTURE,,GENERAL,1.0
403093,MANG TRUYEN TAI&PP (HTD2,EE,,4,45,45,0,0,0,0,0,LECTURE,,GENERAL,1.0
403094,KY THUAT CAO AP,EE,,4,45,45,0,0,0,0,0,LECTURE,,GENERAL,1.0
403095,BAO VE ROLE &TU DONG HOA,EE,,4,60,30,0,0,0,0,0,LECTURE,,GENERAL,1.0
403096,THI NGHIEM HE THONG DIEN,EE,,1,15,0,0,15,0,0,0,LAB,,GENERAL,1.0
403097,TU DONG HOA,EE,,4,45,45,0,0,0,0,0,LECTURE,,GENERAL,1.0
403098,TRAM & NHA MAY DIEN(HTD3,EE,,3,30,30,0,0,0,0,0,LECTURE,,GENERAL,1.0
403099,THIET KE HE THONG DIEN,EE,,4,45,45,0,0,0,0,0,LECTURE,,GENERAL,1.0
403100,SCADA TRONG HT DIEN (DL),EE,,4,45,45,0,0,0,0,0,LECTURE,,GENERAL,1.0
403101,VAT LIEU DIEN (CD),EE,,3,45,45,0,0,0,0,0,LECTURE,,GENERAL,1.0
403102,HE THONG DIEN 1 (CD),EE,,4,60,60,0,0,0,0,0,LECTURE,,GENERAL,1.0
403103,HE THONG DIEN 2 (CD),EE,,4,60,60,0,0,0,0,0,LECTURE,,GENERAL,1.0
403104,TN VAT LIEU DIEN (CD),EE,,2,30,0,0,30,0,0,0,LAB,,GENERAL,1.0
403106,BAO VE ROLE (CD),EE,,4,60,60,0,0,0,0,0,LECTURE,,GENERAL,1.0
403107,QDA-BVE QUA DIEN AP (CD),EE,,4,60,60,0,0,0,0,0,LECTURE,,GENERAL,1.0
403108,TN HE THONG DIEN (CD),EE,,2,30,0,0,30,0,0,0,LAB,,GENERAL,1.0
403109,TN BAO VE ROLE (CD),EE,,2,30,0,0,30,0,0,0,LAB,,GENERAL,1.0
403110,TN BVE QUA DIEN AP (CD),EE,,2,30,0,0,30,0,0,0,LAB,,GENERAL,1.0
403112,NGANMACH &ONDINH TRG HTD,EE,,2,45,30,15,0,0,0,0,LECTURE,,GENERAL,1.0
403113,KY THUAT CAO AP,EE,,3,75,45,30,0,0,0,0,LECTURE,,GENERAL,1.0
403114,TRAM & NHA MAY DIEN,EE,,2,45,30,15,0,0,0,0,LECTURE,,GENERAL,1.0
403115,BVE ROLE & TDHOA HTDIEN,EE,,3,75,45,30,0,0,0,0,LECTURE,,GENERAL,1.0
403116,ON DINH HE THONG DIEN,EE,,2,45,30,15,0,0,0,0,LECTURE,,GENERAL,1.0
403117,VAT LIEU DIEN (DL),EE,,4,60,45,15,0,0,0,0,LECTURE,,GENERAL,1.0
403118,NGAN MACH (DL),EE,,3,45,45,0,0,0,0,0,LECTURE,,GENERAL,1.0
403119,MANG VA HE THONG DIEN,EE,,5,75,75,0,0,0,0,0,LECTURE,,GENERAL,1.0
403120,NHA MAY DIEN & TRAM (DL),EE,,5,75,75,0,0,0,0,0,LECTURE,,GENERAL,1.0
403121,TH/KE HE THONG DIEN (DL),EE,,4,60,60,0,0,0,0,0,LECTURE,,GENERAL,1.0
403123,BAO VE RELAY (DL),EE,,4,60,60,0,0,0,0,0,LECTURE,,GENERAL,1.0
403124,CO KHI DUONG DAY (DL),EE,,3,45,45,0,0,0,0,0,LECTURE,,GENERAL,1.0
403126,TN HE THONG DIEN (DL),EE,,1,15,0,0,15,0,0,0,LAB,,GENERAL,1.0
403127,VAN HANH NMAY DIEN (DL),EE,,4,60,60,0,0,0,0,0,LECTURE,,GENERAL,1.0
403128,SCADA TRONG HT DIEN (DL),EE,,4,60,60,0,0,0,0,0,LECTURE,,GENERAL,1.0
403129,TUDONG HOA TRONG HTD(DL),EE,,4,60,60,0,0,0,0,0,LECTURE,,GENERAL,1.0
403130,TN BAO VE RELAY (DL),EE,,1,15,0,0,15,0,0,0,LAB,,GENERAL,1.0
403132,CHUYEN DE (DL),EE,,2,30,30,0,0,0,0,0,LECTURE,,GENERAL,1.0
403134,TN VAN HANH HTD (DL),EE,,1,15,0,0,15,0,0,0,LAB,,GENERAL,1.0
403135,TN KY THUAT CAO AP (DL),EE,,1,15,0,0,15,0,0,0,LAB,,GENERAL,1.0
403136,MANG TR/TAI & PPHOI DIEN,EE,,3,75,45,30,0,0,0,0,LECTURE,,GENERAL,1.0
403137,VAN HANH NMAY DIEN (DL),EE,,4,45,45,0,0,0,0,0,LECTURE,,GENERAL,1.0
403138,CONG NGHE DIEN D/CUONG 2,40,,3,60,15,15,30,0,0,0,LECTURE,,GENERAL,1.0
403139,NGAN MACH,EE,,3,30,30,0,0,0,0,0,LECTURE,,GENERAL,1.0
403140,MANG & HE THONG DIEN(DL),EE,,5,525,525,0,0,0,0,0,LECTURE,,GENERAL,1.0
403141,NHA MAY DIEN & TRAM,EE,,5,525,525,0,0,0,0,0,LECTURE,,GENERAL,1.0
403142,KY THUAT CAO AP 1,EE,,3,30,30,0,0,0,0,0,LECTURE,,GENERAL,1.0
403143,BAO VE RELAY,EE,,4,45,45,0,0,0,0,0,LECTURE,,GENERAL,1.0
403144,CO KHI DUONG DAY,EE,,3,30,30,0,0,0,0,0,LECTURE,,GENERAL,1.0
403146,ON DINH HE THONG DIEN,EE,,3,30,30,0,0,0,0,0,LECTURE,,GENERAL,1.0
403147,THI NGHIEM VAT LIEU DIEN,EE,,2,30,0,0,30,0,0,0,LAB,,GENERAL,1.0
403402,POWER SYSTEMS ANALYSIS,EE,,3,63,30,24,0,0,9,0,LECTURE,,GENERAL,1.0
403403,POWER SYSTEMS ANALYSIS(B,EE,,0,24,0,24,0,0,0,0,PRACTICAL,,GENERAL,1.0
403408,NUCLEAR POWER ENGR,EE,,3,45,45,0,0,0,0,0,LECTURE,,GENERAL,1.0
403409,ELECTRICAL POWER SYS LAB,EE,,2,60,0,0,60,0,0,0,LAB,,GENERAL,1.0
403702,SAN XUAT NANG LUONG DIEN,EE,,2,48,21,0,0,0,27,0,LECTURE,,GENERAL,1.0
403703,CHNANG CAC HTHONG TRTAI,EE,,3,69,30,12,0,0,27,0,LECTURE,,GENERAL,1.0
403704,HE THONG NANG LUONG,EE,,3,45,45,0,0,0,0,0,LECTURE,,GENERAL,1.0
403705,NANG LUONG TAI TAO,EE,,1,21,12,0,0,0,9,0,LECTURE,,GENERAL,1.0
403706,SAN XUAT DIEN NANG,EE,,3,425,30,75,5,0,0,0,LECTURE,,GENERAL,1.0
403707,LAP TRINH HE THONG DIEN,EE,,15,40,14,0,0,0,26,0,LECTURE,,GENERAL,1.0
403708,NANG LUONG TAI TAO (XD),EE,,25,525,30,0,0,0,225,0,LECTURE,,GENERAL,1.0
403709,CHNANG CAC HT TR/TAI (BT,EE,,0,12,0,12,0,0,0,0,PRACTICAL,,GENERAL,1.0
403801,GIAI TICH HE THONG DIEN,EE,,3,75,45,30,0,0,0,0,LECTURE,,GENERAL,1.0
403948,VAT LIEU DIEN,EE,,3,45,30,15,0,0,0,0,LECTURE,,GENERAL,1.0
403950,NGAN MACH,EE,,2,45,45,0,0,0,0,0,LECTURE,,GENERAL,1.0
403951,KY THUAT CAO AP 1,EE,,2,45,45,0,0,0,0,0,LECTURE,,GENERAL,1.0
403952,NHA MAY DIEN & TRAM,EE,,3,45,45,0,0,0,0,0,LECTURE,,GENERAL,1.0
403953,THIET KE HE THONG DIEN,EE,,2,45,30,15,0,0,0,0,LECTURE,,GENERAL,1.0
404001,TIN HIEU & HE THONG,EE,,3,60,45,15,0,0,0,0,LECTURE,,GENERAL,1.0
404002,DO DIEN TU,EE,,2,45,30,15,0,0,0,0,LECTURE,,GENERAL,1.0
404003,THI NGHIEM MACH DIEN,EE,,1,30,0,0,30,0,0,0,LAB,,GENERAL,1.0
404004,TRUONG DIEN TU,EE,,3,60,30,30,0,0,0,0,LECTURE,,GENERAL,1.0
404005,KY THUAT DO,EE,,4,60,60,0,0,0,0,0,LECTURE,,GENERAL,1.0
404006,THI NGHIEM KY THUAT DO,EE,,1,15,0,0,15,0,0,0,LAB,,GENERAL,1.0
404007,MACH DIEN 1,EE,,3,75,45,30,0,0,0,0,LECTURE,,GENERAL,1.0
404008,MACH DIEN 2A,EE,,3,75,45,30,0,0,0,0,LECTURE,,GENERAL,1.0
404009,THI NGHIEM MACH DIEN,EE,,1,30,0,0,30,0,0,0,LAB,,GENERAL,1.0
404010,THI NGHIEM MACH DIEN TU,EE,,1,30,0,0,30,0,0,0,LAB,,GENERAL,1.0
404011,LY THUYET TIN HIEU,EE,,2,45,30,15,0,0,0,0,LECTURE,,GENERAL,1.0
404012,TRUONG DIEN TU,EE,,3,60,45,15,0,0,0,0,LECTURE,,GENERAL,1.0
404014,DO DIEN,EE,,2,45,30,15,0,0,0,0,LECTURE,,GENERAL,1.0
404016,THI NGHIEM DO DIEN,EE,,1,15,0,0,15,0,0,0,LAB,,GENERAL,1.0
404019,DO LUONG CONG NGHIEP,EE,,2,45,30,15,0,0,0,0,LECTURE,,GENERAL,1.0
404020,KY THUAT DO (CD),EE,,3,45,45,0,0,0,0,0,LECTURE,,GENERAL,1.0
404021,MACH DIEN (CD),EE,,4,60,60,0,0,0,0,0,LECTURE,,GENERAL,1.0
404022,TN MACH & DO (CD),EE,,2,30,0,0,30,0,0,0,LAB,,GENERAL,1.0
404023,KT DO & XU LY TIN HIEU,EE,,2,45,30,15,0,0,0,0,LECTURE,,GENERAL,1.0
404024,MACH DIEN 2B,EE,,2,45,30,15,0,0,0,0,LECTURE,,GENERAL,1.0
404025,DO DIEN TU,EE,,3,60,45,15,0,0,0,0,LECTURE,,GENERAL,1.0
404026,THI NGHIEM DO DIEN TU,EE,,1,30,0,0,30,0,0,0,LAB,,GENERAL,1.0
404027,DO DIEN,EE,,4,60,60,0,0,0,0,0,LECTURE,,GENERAL,1.0
404028,MACH DIEN 2 (DL),EE,,4,60,60,0,0,0,0,0,LECTURE,,GENERAL,1.0
404029,MACH DIEN C (VLKT),EE,,2,45,30,15,0,0,0,0,LECTURE,,GENERAL,1.0
404030,TN MACH DIEN C (VLKT),EE,,1,30,0,0,30,0,0,0,LAB,,GENERAL,1.0
404031,KT DO DIEN & DTU (VLKT),EE,,2,45,30,15,0,0,0,0,LECTURE,,GENERAL,1.0
404032,TN KY THUAT DO (VLKT),EE,,1,15,0,0,15,0,0,0,LAB,,GENERAL,1.0
404033,TN MACH DIEN TU (VLKT),EE,,1,15,0,0,15,0,0,0,LAB,,GENERAL,1.0
404034,MACH DIEN 1,EE,,3,60,45,15,0,0,0,0,LECTURE,,GENERAL,1.0
404035,MACH DIEN 2A,EE,,3,60,45,15,0,0,0,0,LECTURE,,GENERAL,1.0
404036,GIAI TICH MACH,EE,,4,75,60,15,0,0,0,0,LECTURE,,GENERAL,1.0
404037,TOAN KY THUAT,EE,,2,45,30,15,0,0,0,0,LECTURE,,GENERAL,1.0
404051,LY THUYET MACH 1,EE,,6,45,45,0,0,0,0,0,LECTURE,,GENERAL,1.0
404052,L/THUYET MACH & TIN HIEU,EE,,6,45,45,0,0,0,0,0,LECTURE,,GENERAL,1.0
404053,LY THUYET TRUONG DIEN TU,EE,,4,30,30,0,0,0,0,0,LECTURE,,GENERAL,1.0
404054,T/NGHIEM LY THUYET MACH,EE,,1,15,0,0,15,0,0,0,LAB,,GENERAL,1.0
404055,KY THUAT DO,EE,,4,30,30,0,0,0,0,0,LECTURE,,GENERAL,1.0
404056,LY THUYET MACH 2,EE,,6,45,45,0,0,0,0,0,LECTURE,,GENERAL,1.0
404057,THI NGHIEM DO DIEN,EE,,1,15,0,0,15,0,0,0,LAB,,GENERAL,1.0
404058,MACH DIEN 1,EE,,6,45,45,0,0,0,0,0,LECTURE,,GENERAL,1.0
404059,MACH DIEN 2B,EE,,4,45,45,0,0,0,0,0,LECTURE,,GENERAL,1.0
404060,THI NGHIEM MACH,EE,,0,15,0,0,15,0,0,0,LAB,,GENERAL,1.0
404061,T/NGHIEM KY THUAT DIEN 1,EE,,1,15,0,0,15,0,0,0,LAB,,GENERAL,1.0
404062,THI NGHIEM MACH,EE,,6,30,0,0,30,0,0,0,LAB,,GENERAL,1.0
404063,LY THUYET TIN HIEU,EE,,4,30,30,0,0,0,0,0,LECTURE,,GENERAL,1.0
404064,TRUONG DIEN TU,EE,,4,45,45,0,0,0,0,0,LECTURE,,GENERAL,1.0
404065,THI NGHIEM MACH DIEN TU,EE,,1,15,0,0,15,0,0,0,LAB,,GENERAL,1.0
404066,MACH DIEN 2A,EE,,5,60,45,15,0,0,0,0,LECTURE,,GENERAL,1.0
404067,DO DIEN,EE,,4,45,45,0,0,0,0,0,LECTURE,,GENERAL,1.0
404068,MACH DIEN 1,EE,,5,60,60,0,0,0,0,0,LECTURE,,GENERAL,1.0
404069,THI NGHIEM MACH DIEN(TC),EE,,2,21,0,0,21,0,0,0,LAB,,GENERAL,1.0
404070,DO DIEN TU,EE,,4,45,45,0,0,0,0,0,LECTURE,,GENERAL,1.0
404071,LY THUYET TIN HIEU,EE,,4,45,45,0,0,0,0,0,LECTURE,,GENERAL,1.0
404072,THI NGHIEM DO DIEN TU,EE,,1,15,0,0,15,0,0,0,LAB,,GENERAL,1.0
4040B6,GIAI TICH MACH,EE,,4,75,60,15,0,0,0,0,LECTURE,,GENERAL,1.0
404101,BAI TAP TRUONG DIEN TU,EE,,0,30,0,30,0,0,0,0,PRACTICAL,,GENERAL,1.0
404401,INTRO ELECTROMAGN FIELDS,EE,,3,75,30,0,0,0,45,0,LECTURE,,GENERAL,1.0
404403,ELECTRONICS CIRCUITS LAB,EE,,1,30,0,0,30,0,0,0,LAB,,GENERAL,1.0
404419,SENSORS & INTRUMENATION,EE,,2,45,30,15,0,0,0,0,LECTURE,,GENERAL,1.0
404701,BAI TAP MACH DIEN 1,EE,,0,30,0,30,0,0,0,0,PRACTICAL,,GENERAL,1.0
404702,BAI TAP MACH DIEN 2,EE,,0,30,0,30,0,0,0,0,PRACTICAL,,GENERAL,1.0
404703,MACH & NANG LUONG DIEN,EE,,2,33,33,0,0,0,0,0,LECTURE,,GENERAL,1.0
404704,THIET BI & CAM BIEN,EE,,2,48,21,0,0,0,27,0,LECTURE,,GENERAL,1.0
404705,XU LY TIN HIEU,EE,,2,48,21,0,0,0,27,0,LECTURE,,GENERAL,1.0
404706,CAC HE THOI GIAN THUC 1,TR,,1,15,15,0,0,0,0,0,LECTURE,,GENERAL,1.0
404707,CAC HE DC TDONGTT&PTUYEN,EE,,3,69,30,12,0,0,27,0,LECTURE,,GENERAL,1.0
404708,CAC HE THOI GIAN THUC 2,TR,,1,21,12,0,0,0,9,0,LECTURE,,GENERAL,1.0
404709,DIEN - DIEN DONG HOC,EE,,4,75,45,15,15,0,0,0,LECTURE,,GENERAL,1.0
404710,BIEN DOI T/HIEU SO&UDUNG,EE,,2,30,25,5,0,0,0,0,LECTURE,,GENERAL,1.0
404711,BDIEN &XLY T/HIEU NNHIEN,EE,,3,675,30,0,15,0,225,0,LECTURE,,GENERAL,1.0
404712,CAC TINH CHAT PHO,EE,,2,48,21,0,0,0,27,0,LECTURE,,GENERAL,1.0
404713,LOGIC TO HOP,EE,,1,21,12,0,0,0,9,0,LECTURE,,GENERAL,1.0
404714,CAC HE DC TDONGTT&PT (BT,EE,,0,12,0,12,0,0,0,0,PRACTICAL,,GENERAL,1.0
404741,BDIEN &XLY T/HIEU (TN),EE,,0,15,0,0,15,0,0,0,LAB,,GENERAL,1.0
404801,TIN HIEU & HE THONG,EE,,3,60,45,15,0,0,0,0,LECTURE,,GENERAL,1.0
404804,TRUONG DIEN TU,EE,,3,60,30,30,0,0,0,0,LECTURE,,GENERAL,1.0
404809,TN MACH,EE,,1,30,0,0,30,0,0,0,LAB,,GENERAL,1.0
404836,GIAI TICH MACH,EE,,4,75,60,15,0,0,0,0,LECTURE,,GENERAL,1.0
404837,TOAN KY THUAT,EE,,2,45,30,15,0,0,0,0,LECTURE,,GENERAL,1.0
405001,MACH DIEN TU,EE,,3,60,45,15,0,0,0,0,LECTURE,,GENERAL,1.0
405002,TRUYEN SO LIEU & MANG,EE,,3,60,45,15,0,0,0,0,LECTURE,,GENERAL,1.0
405003,MACH DIEN TU THONG TIN,EE,,3,60,45,15,0,0,1,0,LECTURE,,GENERAL,1.0
405004,MACH DIEN TU NANG CAO,EE,,2,45,30,15,0,0,1,0,LECTURE,,GENERAL,1.0
405005,THONG TIN DI DONG,EE,,2,45,30,15,0,0,1,0,LECTURE,,GENERAL,1.0
405006,MANG VIEN THONG,EE,,2,45,30,15,0,0,1,0,LECTURE,,GENERAL,1.0
405007,TONG QUAN VE KTHUAT DIEN,EE,,2,45,30,15,0,0,1,0,LECTURE,,GENERAL,1.0
405008,THONG TIN QUANG,EE,,2,45,30,15,0,0,1,0,LECTURE,,GENERAL,1.0
405009,C/DE NANG CAO TRONG KTTT,EE,,2,45,30,15,0,0,1,0,LECTURE,,GENERAL,1.0
405010,HE THONG SIEU CAO TAN,EE,,2,45,30,15,0,0,1,0,LECTURE,,GENERAL,1.0
405011,VI MACH SIEU CAO TAN THD,EE,,2,45,30,15,0,0,1,0,LECTURE,,GENERAL,1.0
405012,CDE NANG CAO VE MACH SCT,EE,,2,45,30,15,0,0,1,0,LECTURE,,GENERAL,1.0
405013,TN KY THUAT SIEU CAO TAN,EE,,1,30,0,0,30,0,0,0,LAB,,GENERAL,1.0
405014,PPSO TRONG TRUONG DIENTU,EE,,2,45,30,15,0,0,1,0,LECTURE,,GENERAL,1.0
405015,MANG MAY TINH,EE,,2,45,30,15,0,0,1,0,LECTURE,,GENERAL,1.0
405016,C/DE VE KT CHUYEN MACH,EE,,2,45,30,15,0,0,1,0,LECTURE,,GENERAL,1.0
405017,X/LY ANH&XU LY TIENG NOI,EE,,2,45,30,15,0,0,1,0,LECTURE,,GENERAL,1.0
405018,C/DE N/CAO X/LY TIN HIEU,EE,,2,45,30,5,10,0,1,0,LECTURE,,GENERAL,1.0
405019,NGUYEN LY THONG TIN SO,EE,,2,60,30,15,15,0,0,0,LECTURE,,GENERAL,1.0
405021,THI NGHIEM MACH DIEN TU1,EE,,1,15,0,0,15,0,0,0,LAB,,GENERAL,1.0
405022,HE THONG THONG TIN,EE,,4,60,45,15,0,0,0,0,LECTURE,,GENERAL,1.0
405023,MACH DIEN TU 1,EE,,3,75,45,30,0,0,0,0,LECTURE,,GENERAL,1.0
405024,MACH DIEN TU 2,EE,,3,60,45,15,0,0,0,0,LECTURE,,GENERAL,1.0
405025,DIEN TU THONG TIN,EE,,2,45,30,15,0,0,0,0,LECTURE,,GENERAL,1.0
405026,HE THONG VIEN THONG,EE,,3,60,45,15,0,0,1,0,LECTURE,,GENERAL,1.0
405027,THONG TIN NHIEU KENH,EE,,4,60,45,15,0,0,0,0,LECTURE,,GENERAL,1.0
405028,TRUYEN SL & MANG TT SO,EE,,2,45,30,15,0,0,0,0,LECTURE,,GENERAL,1.0
405029,DIEN THOAI DIEN TIN 2,EE,,3,45,45,0,0,0,0,0,LECTURE,,GENERAL,1.0
405030,KY THUAT SIEU CAO TAN,EE,,2,45,30,15,0,0,1,0,LECTURE,,GENERAL,1.0
405031,ANTEN,EE,,2,45,30,15,0,0,0,0,LECTURE,,GENERAL,1.0
405032,MACH SIEU CAO TAN,EE,,4,60,45,15,0,0,0,0,LECTURE,,GENERAL,1.0
405033,ISDN,EE,,2,45,30,15,0,0,0,0,LECTURE,,GENERAL,1.0
405034,MACH SIEU CAO TAN,EE,,2,45,30,15,0,0,1,0,LECTURE,,GENERAL,1.0
405035,LY THUYET THONG TIN,EE,,2,45,30,15,0,0,0,0,LECTURE,,GENERAL,1.0
405037,THI NGHIEM VIEN THONG,EE,,1,21,0,0,21,0,0,0,LAB,,GENERAL,1.0
405038,TRUYEN SONG,EE,,2,45,30,15,0,0,0,0,LECTURE,,GENERAL,1.0
405039,TIN HOC CONG NGHIEP,EE,,4,60,60,0,0,0,0,0,LECTURE,,GENERAL,1.0
405040,KY THUAT TRUYEN HINH,EE,,5,75,60,15,0,0,0,0,LECTURE,,GENERAL,1.0
405041,LY THUYET THONG TIN,EE,,3,45,35,10,0,0,0,0,LECTURE,,GENERAL,1.0
405042,THIET BI THU PHAT,EE,,4,60,45,15,0,0,0,0,LECTURE,,GENERAL,1.0
405043,ANTEN,EE,,4,60,45,15,0,0,0,0,LECTURE,,GENERAL,1.0
405044,TN MACH D/TU 3 & THUPHA,EE,,1,15,0,0,15,0,0,0,LAB,,GENERAL,1.0
405045,TN TRUYEN SONG ANTEN,EE,,1,15,0,0,15,0,0,0,LAB,,GENERAL,1.0
405046,DIEN THOAI DIEN TIN,EE,,4,60,45,15,0,0,0,0,LECTURE,,GENERAL,1.0
405047,THIET BI NGHE NHIN,EE,,4,60,45,15,0,0,0,0,LECTURE,,GENERAL,1.0
405048,TIN HOC UNG DUNG,EE,,4,60,60,0,0,0,0,0,LECTURE,,GENERAL,1.0
405049,DIEN THOAI DIEN TIN 1,EE,,4,60,45,15,0,0,0,0,LECTURE,,GENERAL,1.0
405051,MACH DIEN TU 1,EE,,4,45,45,0,0,0,0,0,LECTURE,,GENERAL,1.0
405052,MACH DIEN TU 2,EE,,5,40,40,0,0,0,0,0,LECTURE,,GENERAL,1.0
405053,KT TRUYEN SONG VO TUYEND,EE,,4,30,30,0,0,0,0,0,LECTURE,,GENERAL,1.0
405054,T/NGHIEM MACH DIEN TU A,EE,,1,15,0,0,15,0,0,0,LAB,,GENERAL,1.0
405056,MACH DIEN TU 3,EE,,5,60,60,0,0,0,0,0,LECTURE,,GENERAL,1.0
405057,THI NGHIEM MACH DIEN TU,EE,,1,15,0,0,15,0,0,0,LAB,,GENERAL,1.0
405058,KY THUAT GHI,EE,,4,30,30,0,0,0,0,0,LECTURE,,GENERAL,1.0
405059,KY THUAT SIEU CAO TAN,EE,,4,30,30,0,0,0,0,0,LECTURE,,GENERAL,1.0
405060,ANTEN,EE,,4,30,30,0,0,0,0,0,LECTURE,,GENERAL,1.0
405061,HE THONG THONG TIN,EE,,4,30,30,0,0,0,0,0,LECTURE,,GENERAL,1.0
405062,TN TRUYEN SONG & ANTEN,EE,,1,15,0,0,15,0,0,0,LAB,,GENERAL,1.0
405063,KY THUAT TRUYEN HINH,EE,,4,30,30,0,0,0,0,0,LECTURE,,GENERAL,1.0
405064,THI NGHIEM SIEU CAO TAN,EE,,1,15,0,0,15,0,0,0,LAB,,GENERAL,1.0
405065,MACH TRUYEN TIN,EE,,3,25,25,0,0,0,0,0,LECTURE,,GENERAL,1.0
405066,MACH TRUYEN TIN,EE,,4,30,30,0,0,0,0,0,LECTURE,,GENERAL,1.0
405067,THIET BI NGHE NHIN,EE,,4,60,45,15,0,0,0,0,LECTURE,,GENERAL,1.0
405070,THUC HANH TIN HOC,EE,,1,30,0,0,30,0,0,0,LAB,,GENERAL,1.0
405071,HE THONG VO TUYEN,EE,,4,60,45,15,0,0,0,0,LECTURE,,GENERAL,1.0
405072,TO CHUC QL MANG THONGTIN,EE,,3,45,40,5,0,0,0,0,LECTURE,,GENERAL,1.0
405073,KY THUAT GHI,EE,,3,45,40,5,0,0,0,0,LECTURE,,GENERAL,1.0
405074,THONG TIN VE TINH,EE,,4,60,60,0,0,0,0,0,LECTURE,,GENERAL,1.0
405075,KY THUAT TRUYEN SO LIEU,EE,,4,60,45,15,0,0,0,0,LECTURE,,GENERAL,1.0
405076,MACH SIEU CAO TAN,EE,,4,30,30,0,0,0,0,0,LECTURE,,GENERAL,1.0
405077,ISDN,EE,,3,30,30,0,0,0,0,0,LECTURE,,GENERAL,1.0
405078,THI NGHIEM VIEN THONG 1,EE,,6,30,0,0,30,0,0,0,LAB,,GENERAL,1.0
405079,THI NGHIEM VIEN THONG 2,EE,,3,15,0,0,15,0,0,0,LAB,,GENERAL,1.0
405080,DIEN TU THONG TIN,EE,,3,30,30,0,0,0,0,0,LECTURE,,GENERAL,1.0
405081,TRUYEN SO LIEU & MTT SO,EE,,4,45,45,0,0,0,0,0,LECTURE,,GENERAL,1.0
405082,HE THONG VIEN THONG,EE,,4,30,30,0,0,0,0,0,LECTURE,,GENERAL,1.0
405083,MACH DIEN TU 2,EE,,4,45,45,0,0,0,0,0,LECTURE,,GENERAL,1.0
405085,THI NGHIEM VIEN THONG 1,EE,,1,15,0,0,15,0,0,0,LAB,,GENERAL,1.0
405086,HE THONG VIEN THONG,EE,,4,45,45,0,0,0,0,0,LECTURE,,GENERAL,1.0
405087,ANTEN & TRUYEN SONG,EE,,4,60,60,0,0,0,0,0,LECTURE,,GENERAL,1.0
405088,TRUYEN SO LIEU,EE,,4,45,45,0,0,0,0,0,LECTURE,,GENERAL,1.0
405090,DIEN TU THONG TIN,EE,,4,45,45,0,0,0,0,0,LECTURE,,GENERAL,1.0
405091,DIEN TU 1,EE,,0,45,45,0,0,0,0,0,LECTURE,,GENERAL,1.0
405092,THUC HANH TIN HOC 1,EE,,1,15,0,0,15,0,0,0,LAB,,GENERAL,1.0
405093,ANTEN & TRUYEN SONG,EE,,5,60,60,0,0,0,0,0,LECTURE,,GENERAL,1.0
405095,MACH SIEU CAO TAN,EE,,4,45,45,0,0,0,0,0,LECTURE,,GENERAL,1.0
405101,MACH DIEN TU 3,EE,,3,60,45,15,0,0,0,0,LECTURE,,GENERAL,1.0
405104,ANTEN TRUYEN SONG,EE,,3,45,45,0,0,0,0,0,LECTURE,,GENERAL,1.0
405105,HE THONG VIEN THONG 2,EE,,3,60,45,15,0,0,0,0,LECTURE,,GENERAL,1.0
405106,THONG TIN SO,EE,,3,60,45,15,0,0,0,0,LECTURE,,GENERAL,1.0
405107,THI NGHIEM VIEN THONG,EE,,1,30,0,0,30,0,0,0,LAB,,GENERAL,1.0
405108,T/NGHIEM TRUYEN SO LIEU,EE,,1,30,0,0,30,0,0,0,LAB,,GENERAL,1.0
405109,XU LY SO TIN HIEU,EE,,2,45,30,15,0,0,0,0,LECTURE,,GENERAL,1.0
405110,TN XU LY SO TIN HIEU,EE,,1,30,0,0,30,0,0,0,LAB,,GENERAL,1.0
405111,MACH DIEN TU 1,EE,,3,60,45,15,0,0,0,0,LECTURE,,GENERAL,1.0
405151,MACH DIEN TU 3,EE,,5,60,60,0,0,0,0,0,LECTURE,,GENERAL,1.0
405152,HE THONG VIEN THONG,EE,,5,60,60,0,0,0,0,0,LECTURE,,GENERAL,1.0
405153,HE THONG VIEN THONG 2,EE,,5,60,60,0,0,0,0,0,LECTURE,,GENERAL,1.0
405154,KY THUAT SIEU CAO TAN,EE,,4,45,45,0,0,0,0,0,LECTURE,,GENERAL,1.0
405155,THI NGHIEM VIEN THONG,EE,,1,15,0,0,15,0,0,0,LAB,,GENERAL,1.0
405401,XU LY TIN HIEU TUONG TU,EE,,4,60,60,0,0,0,0,0,LECTURE,,GENERAL,1.0
405402,INTRO TO IMAGE &VIDEO PR,EE,,3,69,30,12,0,0,27,0,LECTURE,,GENERAL,1.0
405403,RADIO COMMUNICATION CIRC,EE,,3,69,30,12,0,0,27,0,LECTURE,,GENERAL,1.0
405404,ELECTRONICS CIRCUITS,EE,,3,60,45,15,0,0,0,0,LECTURE,,GENERAL,1.0
405405,COMMUNICATION 1,EE,,3,69,30,12,0,0,27,0,LECTURE,,GENERAL,1.0
405406,DIGITALSIGNAL PROCESSING,EE,,3,45,45,0,0,0,0,0,LECTURE,,GENERAL,1.0
405407,DIGITALSIGNALPROCESSLAB,EE,,2,60,0,0,60,0,0,0,LAB,,GENERAL,1.0
405408,"LINES, FIELDS AND WAVES",EE,,3,69,30,12,0,0,27,0,LECTURE,,GENERAL,1.0
405409,COMMUNICATION NETWORKS,EE,,3,69,30,12,0,0,27,0,LECTURE,,GENERAL,1.0
405410,CAPSTONE PROJECT 1,EE,,1,15,0,0,15,0,0,0,LAB,,GENERAL,1.0
405411,CAPSTONE PROJECT 2,EE,,1,15,0,0,15,0,0,0,LAB,,GENERAL,1.0
405412,DIGITAL COMMUNICATIONS,EE,,3,69,30,12,0,0,27,0,LECTURE,,GENERAL,1.0
405413,COMMUNICATION 2,EE,,3,69,30,12,0,0,27,0,LECTURE,,GENERAL,1.0
405414,WIRELESS NETWORKS,EE,,3,69,30,12,0,0,27,0,LECTURE,,GENERAL,1.0
405415,INTRO TO IMAGE &VIDEO(BT,EE,,0,12,0,12,0,0,0,0,PRACTICAL,,GENERAL,1.0
405416,RADIO COMMUNI. CIR. (BT),EE,,0,12,0,12,0,0,0,0,PRACTICAL,,GENERAL,1.0
405417,COMMUNICATION 1 (BT),EE,,0,12,0,12,0,0,0,0,PRACTICAL,,GENERAL,1.0
405418,"LINES, FIELDS & WAVES(BT",EE,,0,12,0,12,0,0,0,0,PRACTICAL,,GENERAL,1.0
405419,COMMUNI. NETWORKS (BT),EE,,0,12,0,12,0,0,0,0,PRACTICAL,,GENERAL,1.0
405420,DIGITAL COMMUNICATIONS(B,EE,,0,12,0,12,0,0,0,0,PRACTICAL,,GENERAL,1.0
405421,COMMUNICATION 2 (EXC),EE,,0,12,0,12,0,0,0,0,PRACTICAL,,GENERAL,1.0
405422,WIRELESS NETWORKS (EXC),EE,,0,12,0,12,0,0,0,0,PRACTICAL,,GENERAL,1.0
405507,DIGI/ COMMUNICATIONS LAB,EE,,1,30,0,0,30,0,0,0,LAB,,GENERAL,1.0
405508,COMPUTER NETWORKING LAB,EE,,1,30,0,0,30,0,0,0,LAB,,GENERAL,1.0
405701,DIEU BIEN TT & DBIEN SO,EE,,3,675,30,0,15,0,225,0,LECTURE,,GENERAL,1.0
405702,TONG HOP TAN SO,EE,,1,21,12,0,0,0,9,0,LECTURE,,GENERAL,1.0
405703,D/TU HOC TAN SO VO TUYEN,EE,,2,42,24,0,0,0,18,0,LECTURE,,GENERAL,1.0
405704,CAC KY THUAT VI BA,EE,,2,42,24,0,0,0,18,0,LECTURE,,GENERAL,1.0
405705,KHUECH DAI SONG VI BA,EE,,1,21,12,0,0,0,9,0,LECTURE,,GENERAL,1.0
405706,LINH KIEN DIEN TU VI BA,EE,,2,39,21,0,18,0,0,0,LECTURE,,GENERAL,1.0
405707,ANTEN VA TRUYEN SONG VTD,EE,,2,44,30,9,5,0,0,0,LECTURE,,GENERAL,1.0
405708,CAC HE TRUYEN THONG,EE,,2,45,40,5,0,0,0,0,LECTURE,,GENERAL,1.0
405709,LY THUYET T/HIEU- MA HOA,EE,,2,48,21,0,0,0,27,0,LECTURE,,GENERAL,1.0
405710,XU LY THONG KE TIN HIEU,EE,,2,48,21,0,0,0,27,0,LECTURE,,GENERAL,1.0
405711,XU LY SO H/ANH &AM THANH,EE,,2,42,24,0,0,0,18,0,LECTURE,,GENERAL,1.0
405712,THU TRONG TRUYEN THONGSO,EE,,3,75,30,0,0,0,45,0,LECTURE,,GENERAL,1.0
405713,THONG TIN DU LIEU - MANG,EE,,3,65,30,0,20,0,15,0,LECTURE,,GENERAL,1.0
405714,THONG TIN DI DONG,EE,,2,48,21,0,0,0,27,0,LECTURE,,GENERAL,1.0
405715,XLY CAC TINHIEU TGTU &SO,EE,,3,63,30,24,0,0,9,0,LECTURE,,GENERAL,1.0
405716,CAC HE TRUYEN THONG,EE,,3,45,405,45,0,0,0,0,LECTURE,,GENERAL,1.0
405717,THU TRONG TRUYEN THONGSO,EE,,2,30,255,45,0,0,0,0,LECTURE,,GENERAL,1.0
405718,ANTEN VA TRUYEN SONG VTD,EE,,3,675,30,0,15,0,225,0,LECTURE,,GENERAL,1.0
405719,CAC HE TRUYEN THONG,EE,,3,675,30,0,15,0,225,0,LECTURE,,GENERAL,1.0
405720,MA HOA & TRUYEN BG KT SO,EE,,2,285,255,0,3,0,0,0,LECTURE,,GENERAL,1.0
405721,MANG DIGITAL,EE,,2,29,27,0,2,0,0,0,LECTURE,,GENERAL,1.0
405722,THONG TIN DLIEU&MANG (TN,EE,,0,15,0,0,15,0,0,0,LAB,,GENERAL,1.0
405723,X/LSO H/ANH &AM THANH(TN,EE,,0,6,0,0,6,0,0,0,LAB,,GENERAL,1.0
405724,TR/SONG VT DIEN & ANTEN,EE,,3,425,30,75,5,0,0,0,LECTURE,,GENERAL,1.0
405725,MANG IP,EE,,3,75,30,0,0,0,45,0,LECTURE,,GENERAL,1.0
405726,MANG IP (TN),EE,,0,6,0,0,6,0,0,0,LAB,,GENERAL,1.0
405727,CAC HE TRUYEN THONG (TN),EE,,0,15,0,0,15,0,0,0,LAB,,GENERAL,1.0
405728,CAC KY THUAT VI BA (TN),EE,,0,6,0,0,6,0,0,0,LAB,,GENERAL,1.0
405729,L\KIEN DIEN TU VI BA(TN),EE,,0,18,0,0,18,0,0,0,LAB,,GENERAL,1.0
405730,D/TU HOC TS VO TUYEN(TN),EE,,0,6,0,0,6,0,0,0,LAB,,GENERAL,1.0
405731,ANTEN VA TRUYEN SONG(TN),EE,,0,15,0,0,15,0,0,0,LAB,,GENERAL,1.0
405732,XU LY T\KE TIN HIEU(TN),EE,,0,6,0,0,6,0,0,0,LAB,,GENERAL,1.0
405733,D/BIEN TT & DBIEN SO (TN,EE,,0,15,0,0,15,0,0,0,LAB,,GENERAL,1.0
405743,TT DU LIEU - MANG (TN),EE,,0,20,0,0,20,0,0,0,LAB,,GENERAL,1.0
405759,XL CAC T/H TGTU &SO (THL,EE,,0,24,0,24,0,0,0,0,PRACTICAL,,GENERAL,1.0
405801,MACH DIEN TU,EE,,3,60,45,15,0,0,0,0,LECTURE,,GENERAL,1.0
405B23,MACH DIEN TU 1,EE,,0,75,45,30,0,0,0,0,LECTURE,,GENERAL,1.0
406001,THUC TAP DIEN 1,EE,,1,30,0,0,30,0,0,0,LAB,,GENERAL,1.0
406002,THUC TAP DIEN 2,EE,,1,30,0,0,30,0,0,0,LAB,,GENERAL,1.0
406003,BO TUC TOAN,EE,,3,45,45,0,0,0,0,0,LECTURE,,GENERAL,1.0
406005,THI NGHIEM MAY DIEN 2,EE,,1,30,0,0,30,0,0,0,LAB,,GENERAL,1.0
406006,THI NGHIEM MAY DIEN 1,EE,,1,30,0,0,30,0,0,0,LAB,,GENERAL,1.0
406007,THI NGHIEM MAY DIEN 2,EE,,1,15,0,0,15,0,0,0,LAB,,GENERAL,1.0
406008,THUC TAP DIEN,EE,,0,60,0,0,60,0,0,0,LAB,,GENERAL,1.0
406009,KY THUAT DIEN,EE,,2,45,30,15,0,0,0,0,LECTURE,,GENERAL,1.0
406010,THUC TAP DIEN - DIEN TU,EE,,0,120,0,0,120,0,0,0,LAB,,GENERAL,1.0
406013,KY THUAT DIEN DAI CUONG,EE,,2,45,30,15,0,0,0,0,LECTURE,,GENERAL,1.0
406014,TN KT DIEN DAI CUONG,EE,,1,15,0,0,15,0,0,0,LAB,,GENERAL,1.0
406016,KY THUAT DIEN,EE,,3,45,45,0,0,0,0,0,LECTURE,,GENERAL,1.0
406017,THUC TAP DIEN (CD),EE,,6,90,0,0,90,0,0,0,LAB,,GENERAL,1.0
406018,THUC TAP DIEN TU (CD),EE,,4,60,0,0,60,0,0,0,LAB,,GENERAL,1.0
406019,KY THUAT DIEN DAI CUONG,EE,,3,60,45,15,0,0,0,0,LECTURE,,GENERAL,1.0
406020,THUC TAP DIEN - DIEN TU,EE,,4,120,0,0,120,0,0,0,LAB,,GENERAL,1.0
406021,TT DIEN DAI CUONG (CKGT),EE,,1,30,0,0,30,0,0,0,LAB,,GENERAL,1.0
406022,THUC TAP DIEN A,EE,,3,90,0,0,90,0,0,0,LAB,,GENERAL,1.0
406023,THUC TAP DIEN B,EE,,1,30,0,0,30,0,0,0,LAB,,GENERAL,1.0
406024,THUC TAP DIEN,EE,,2,60,0,0,60,0,0,0,LAB,,GENERAL,1.0
406025,THUC TAP DIEN A,EE,,3,84,0,0,84,0,0,0,LAB,,GENERAL,1.0
406026,TN KT DIEN DCUONG (CKT),EE,,1,60,0,0,60,0,0,0,LAB,,GENERAL,1.0
406027,CN DIEN DAI CUONG 1,40,,2,45,15,0,30,0,0,0,LECTURE,,GENERAL,1.0
406028,KY THUAT DIEN - DIEN TU,EE,,3,60,45,15,0,0,0,0,LECTURE,,GENERAL,1.0
406029,TH KY THUAT DIEN-DIEN TU,EE,,1,30,0,0,30,0,0,0,LAB,,GENERAL,1.0
406051,KY THUAT DIEN,EE,,3,25,25,0,0,0,0,0,LECTURE,,GENERAL,1.0
406052,TN KY THUAT DIEN D/CUONG,EE,,1,15,0,0,15,0,0,0,LAB,,GENERAL,1.0
406053,KY THUAT DIEN,EE,,4,30,30,0,0,0,0,0,LECTURE,,GENERAL,1.0
406054,THUC TAP DIEN - DIEN TU,EE,,6,30,0,0,30,0,0,0,LAB,,GENERAL,1.0
406055,THUC TAP DIEN - DIEN TU2,EE,,0,30,0,0,30,0,0,0,LAB,,GENERAL,1.0
406056,THUC TAP DIEN,EE,,3,15,0,0,15,0,0,0,LAB,,GENERAL,1.0
406057,THUC TAP DIEN 1,EE,,2,30,0,0,30,0,0,0,LAB,,GENERAL,1.0
406058,THUC TAP DIEN A1,EE,,2,30,0,0,30,0,0,0,LAB,,GENERAL,1.0
406059,THUC TAP DIEN 2,EE,,2,30,0,0,30,0,0,0,LAB,,GENERAL,1.0
406060,THUC TAP DIEN TU A1,EE,,2,30,0,0,30,0,0,0,LAB,,GENERAL,1.0
406061,KY KHUAT DIEN DAI CUONG,EE,,4,45,45,0,0,0,0,0,LECTURE,,GENERAL,1.0
406062,TN KT DIEN DAI CUONG,EE,,1,15,0,0,15,0,0,0,LAB,,GENERAL,1.0
406063,THUC TAP DIEN A2,EE,,2,30,0,0,30,0,0,0,LAB,,GENERAL,1.0
406064,THUC TAP DIEN B,EE,,2,30,0,0,30,0,0,0,LAB,,GENERAL,1.0
406065,KY THUAT DIEN (TC),EE,,4,45,45,0,0,0,0,0,LECTURE,,GENERAL,1.0
406066,THUC TAP DIEN B,EE,,1,15,0,0,15,0,0,0,LAB,,GENERAL,1.0
406067,THUC TAP DIEN A2,EE,,2,30,0,0,30,0,0,0,LAB,,GENERAL,1.0
406068,THUC TAP DIEN TU C (TC),EE,,2,30,0,0,30,0,0,0,LAB,,GENERAL,1.0
4060B9,KY THUAT DIEN,EE,,2,45,30,15,0,0,0,0,LECTURE,,GENERAL,1.0
406101,TTAP DIEN - DIEN TU (MT),EE,,0,120,0,0,120,0,0,0,LAB,,GENERAL,1.0
406701,"BD FOURIER,LAPLACE,TUHOA",EE,,2,30,27,3,0,0,0,0,LECTURE,,GENERAL,1.0
406702,HAM BIEN PHUC &DSO MTRAN,EE,,2,30,24,6,0,0,0,0,LECTURE,,GENERAL,1.0
406801,THUC TAP DIEN 1,EE,,1,45,0,0,45,0,0,0,LAB,,GENERAL,1.0
407001,NGON NGU C,EE,,5,75,60,0,15,0,0,0,LECTURE,,GENERAL,1.0
407002,KY THUAT VI XU LY 1A,EE,,4,60,45,15,0,0,0,0,LECTURE,,GENERAL,1.0
407003,XU LY TIN HIEU SO,EE,,4,60,45,15,0,0,0,0,LECTURE,,GENERAL,1.0
407004,KY THUAT VI XU LY 2A,EE,,4,60,60,0,0,0,0,0,LECTURE,,GENERAL,1.0
407005,KY THUAT TRUYEN SO LIEU,EE,,4,60,60,0,0,0,0,0,LECTURE,,GENERAL,1.0
407006,KY THUAT VI XU LY B,EE,,4,60,60,0,0,0,0,0,LECTURE,,GENERAL,1.0
407007,MAY VI TINH & NGON NGU C,EE,,4,60,45,15,0,0,0,0,LECTURE,,GENERAL,1.0
407008,TIN HOC 1,EE,,3,60,45,15,0,0,0,0,LECTURE,,GENERAL,1.0
407009,TIN HOC 2,EE,,2,45,30,15,0,0,0,0,LECTURE,,GENERAL,1.0
407010,THUC HANH TIN HOC 2,EE,,1,15,0,0,15,0,0,0,LAB,,GENERAL,1.0
407011,TIN HOC 3,EE,,2,45,30,15,0,0,0,0,LECTURE,,GENERAL,1.0
407012,THUC HANH TIN HOC 3,EE,,1,15,0,0,15,0,0,0,LAB,,GENERAL,1.0
407013,XU LY TIN HIEU SO,EE,,2,45,30,15,0,0,0,0,LECTURE,,GENERAL,1.0
407014,THUC HANH TIN HOC 2,EE,,5,15,0,0,15,0,0,0,LAB,,GENERAL,1.0
407016,XU LY TIN HIEU SO,EE,,3,75,45,30,0,0,0,0,LECTURE,,GENERAL,1.0
407017,XU LY SO TIN HIEU,EE,,3,45,45,0,0,0,0,0,LECTURE,,GENERAL,1.0
407018,XU LY TIN HIEU SO,EE,,4,60,60,0,0,0,0,0,LECTURE,,GENERAL,1.0
407019,TN XU LY SO TIN HIEU,EE,,1,15,0,0,15,0,0,0,LAB,,GENERAL,1.0
407020,HTHONG MTINH& NGON NGU C,EE,,3,60,30,15,15,0,0,0,LECTURE,,GENERAL,1.0
407021,TH HTHOG MTINH& NGONNGUC,EE,,0,15,0,0,15,0,0,0,LAB,,GENERAL,1.0
407051,TIN HOC 1,EE,,4,30,30,0,0,0,0,0,LECTURE,,GENERAL,1.0
407052,TIN HOC 2,EE,,4,45,45,0,0,0,0,0,LECTURE,,GENERAL,1.0
407053,XU LY TIN HIEU SO,EE,,4,45,45,0,0,0,0,0,LECTURE,,GENERAL,1.0
407054,THUC HANH TIN HOC 1,EE,,1,15,0,0,15,0,0,0,LAB,,GENERAL,1.0
407055,THUC HANH TIN HOC 2,EE,,1,15,0,0,15,0,0,0,LAB,,GENERAL,1.0
407056,TIN HOC 1,EE,,6,45,45,0,0,0,0,0,LECTURE,,GENERAL,1.0
407057,TIN HOC 2,EE,,4,45,45,0,0,0,0,0,LECTURE,,GENERAL,1.0
407058,TIN HOC 1,EE,,5,55,40,15,0,0,0,0,LECTURE,,GENERAL,1.0
407402,CO SO HE THONG MAY TINH,EE,,4,75,60,0,15,0,0,0,LECTURE,,GENERAL,1.0
407404,COMPUTER ENGINEERING 1,EE,,3,60,45,15,0,0,0,0,LECTURE,,GENERAL,1.0
407406,COMPUTER SYS ENGINEERING,EE,,3,45,45,0,0,0,0,0,LECTURE,,GENERAL,1.0
407407,COMPUTER NETWORKING LAB,EE,,3,45,0,0,45,0,0,0,LAB,,GENERAL,1.0
407408,CO SO MAY TINH,EE,,4,75,60,15,0,0,0,0,LECTURE,,GENERAL,1.0
407410,HT MAY TINH &NN LAPTRINH,EE,,4,90,60,0,30,0,0,0,LECTURE,,GENERAL,1.0
407411,HT MTINH &NN LAPTRINH(TN,EE,,0,30,0,0,30,0,0,0,LAB,,GENERAL,1.0
407412,CO SO HE THONG MT (TN),EE,,0,15,0,0,15,0,0,0,LAB,,GENERAL,1.0
407701,"KTRUC CAC HTTH&MANG,VXL",EE,,3,675,30,0,15,0,225,0,LECTURE,,GENERAL,1.0
407703,KTRUC CAC HTTH&MANG(TN),EE,,0,15,0,0,15,0,0,0,LAB,,GENERAL,1.0
407801,TIN HOC 1,EE,,3,60,45,15,0,0,0,0,LECTURE,,GENERAL,1.0
407820,HTHONG MTINH& NGON NGU C,EE,,3,45,30,15,0,0,0,0,LECTURE,,GENERAL,1.0
407821,TH HTHOG MTINH& NGONNGUC,EE,,0,15,0,0,15,0,0,0,LAB,,GENERAL,1.0
408001,BIEN DOI N/LUONG DIEN CO,EE,,2,45,30,15,0,0,0,0,LECTURE,,GENERAL,1.0
408002,TN BIEN DOI NL DIEN CO,EE,,1,30,0,0,30,0,0,0,LAB,,GENERAL,1.0
408003,MAY DIEN,EE,,3,60,45,15,0,0,0,0,LECTURE,,GENERAL,1.0
408004,NANG LUONG TAI TAO,EE,,2,45,30,15,0,0,0,0,LECTURE,,GENERAL,1.0
408005,THI NGHIEM MAY DIEN,EE,,1,30,0,0,30,0,0,0,LAB,,GENERAL,1.0
408006,"C/BIEN,DOLUONG &TSL HTNL",EE,,2,45,30,15,0,0,0,0,LECTURE,,GENERAL,1.0
408007,DK SO HE THONG DIEN CO,EE,,2,45,30,15,0,0,0,0,LECTURE,,GENERAL,1.0
408008,Q/LY& SU DUNG NANG LUONG,EE,,2,45,30,15,0,0,0,0,LECTURE,,GENERAL,1.0
408009,DK Q/TRINH KY SU NLUONG,EE,,2,45,30,15,0,0,0,0,LECTURE,,GENERAL,1.0
408010,HTNL TRG G/THONG VAN TAI,EE,,2,45,30,15,0,0,0,0,LECTURE,,GENERAL,1.0
408011,T/BI DIEN TRONG PP DIEN,EE,,2,30,25,5,0,0,1,0,LECTURE,,GENERAL,1.0
408012,TK DUNG M/TINH DIEN NANG,EE,,2,45,30,15,0,0,1,0,LECTURE,,GENERAL,1.0
408013,TN MAY DIEN TRONG DKTD,EE,,1,15,0,0,15,0,0,0,LAB,,GENERAL,1.0
408014,DIEN CONG NGHE,EE,,4,60,45,15,0,0,0,0,LECTURE,,GENERAL,1.0
408015,T/NGHIEM DIEN CONG NGHE,EE,,1,15,0,0,15,0,0,0,LAB,,GENERAL,1.0
408016,KY NGHE LANH,EE,,3,45,30,15,0,0,0,0,LECTURE,,GENERAL,1.0
408017,MAY DIEN 1,EE,,5,75,60,15,0,0,0,0,LECTURE,,GENERAL,1.0
408018,MAY DIEN 2,EE,,5,75,60,15,0,0,0,0,LECTURE,,GENERAL,1.0
408019,KY THUAT DIEN 1,EE,,3,75,45,30,0,0,0,0,LECTURE,,GENERAL,1.0
408020,KY THUAT DIEN 2,EE,,3,75,45,30,0,0,0,0,LECTURE,,GENERAL,1.0
408022,THI NGHIEM KY THUATDIEN1,EE,,1,15,0,0,15,0,0,0,LAB,,GENERAL,1.0
408023,THI NGHIEM KY THUATDIEN2,EE,,1,21,0,0,21,0,0,0,LAB,,GENERAL,1.0
408024,THIET KE THIET BI DIEN,EE,,2,45,30,15,0,0,0,0,LECTURE,,GENERAL,1.0
408025,CAD TRONG KY THUAT DIEN,EE,,2,45,30,15,0,0,0,0,LECTURE,,GENERAL,1.0
408026,THIET BI TU DONG,EE,,4,60,60,0,0,0,0,0,LECTURE,,GENERAL,1.0
408027,DIEN CONG NGHE,EE,,3,45,45,0,0,0,0,0,LECTURE,,GENERAL,1.0
408028,KY NGHE LANH,EE,,3,45,45,0,0,0,0,0,LECTURE,,GENERAL,1.0
408029,CS THIET KE MAY DIENQUAY,EE,,4,60,60,0,0,0,0,0,LECTURE,,GENERAL,1.0
408030,THIET KE MAY DIEN,EE,,3,45,45,0,0,0,0,0,LECTURE,,GENERAL,1.0
408032,CHUYEN DE THIET BI DIEN,EE,,3,45,45,0,0,0,0,0,LECTURE,,GENERAL,1.0
408033,CN CHE TAO THIET BI DIEN,EE,,4,60,60,0,0,0,0,0,LECTURE,,GENERAL,1.0
408034,THIET KE KHI CU DIEN,EE,,4,60,60,0,0,0,0,0,LECTURE,,GENERAL,1.0
408035,CONG NGHE C/TAO TBI DIEN,EE,,4,60,60,0,0,0,0,0,LECTURE,,GENERAL,1.0
408036,KY THUAT ANH SANG,EE,,4,60,60,0,0,0,0,0,LECTURE,,GENERAL,1.0
408037,T/KE KHI CU DIEN CAO AP,EE,,3,45,45,0,0,0,0,0,LECTURE,,GENERAL,1.0
408038,T/KE KHI CU DIEN HA AP,EE,,3,45,45,0,0,0,0,0,LECTURE,,GENERAL,1.0
408040,TIN HOC UNG DUNG 2,EE,,4,60,60,0,0,0,0,0,LECTURE,,GENERAL,1.0
408041,KY THUAT CHIEU SANG,EE,,3,45,45,0,0,0,0,0,LECTURE,,GENERAL,1.0
408042,KY NGHE LANH,EE,,3,45,45,0,0,0,0,0,LECTURE,,GENERAL,1.0
408043,T/NGHIEM DIEN CONG NGHE,EE,,1,15,0,0,15,0,0,0,LAB,,GENERAL,1.0
408044,TINH TOAN SUACHUA TBDIEN,EE,,4,60,45,15,0,0,0,0,LECTURE,,GENERAL,1.0
408046,T/NGHIEM KY THUAT DIEN 2,EE,,1,21,0,0,21,0,0,0,LAB,,GENERAL,1.0
408047,KY THUAT DIEN 1 (CD),EE,,4,60,60,0,0,0,0,0,LECTURE,,GENERAL,1.0
408048,KY THUAT DIEN 2 (CD),EE,,3,45,45,0,0,0,0,0,LECTURE,,GENERAL,1.0
408049,TN KY THUAT DIEN (CD),EE,,3,45,0,0,45,0,0,0,LAB,,GENERAL,1.0
408051,LY THUYET MAY DIEN 1,EE,,4,30,30,0,0,0,0,0,LECTURE,,GENERAL,1.0
408052,LY THUYET MAY DIEN 2,EE,,4,30,30,0,0,0,0,0,LECTURE,,GENERAL,1.0
408053,KY THUAT LANH,EE,,4,45,45,0,0,0,0,0,LECTURE,,GENERAL,1.0
408054,CO SO KHI CU DIEN,EE,,4,30,30,0,0,0,0,0,LECTURE,,GENERAL,1.0
408055,DIEN & DIEN TU TRONG CN,EE,,3,25,25,0,0,0,0,0,LECTURE,,GENERAL,1.0
408056,LY THUYET MAY DIEN 1,EE,,3,25,25,0,0,0,0,0,LECTURE,,GENERAL,1.0
408057,THIET KE THIET BI DIEN,EE,,4,30,30,0,0,0,0,0,LECTURE,,GENERAL,1.0
408058,DIEU KHIEN MAY DIEN,EE,,3,30,30,0,0,0,0,0,LECTURE,,GENERAL,1.0
408059,KY THUAT DIEN 1,EE,,6,60,45,0,0,0,0,0,LECTURE,,GENERAL,1.0
408060,KY THUAT DIEN 2,EE,,3,60,45,15,0,0,0,0,LECTURE,,GENERAL,1.0
408061,CAD TRONG KY THUAT DIEN,EE,,3,30,30,0,0,0,0,0,LECTURE,,GENERAL,1.0
408063,T/NGHIEM KY THUAT DIEN 2,EE,,14,21,0,0,21,0,0,0,LAB,,GENERAL,1.0
408064,KY THUAT DIEN 1,EE,,4,30,30,0,0,0,0,0,LECTURE,,GENERAL,1.0
408065,DIEN CONG NGHE,EE,,4,30,30,0,0,0,0,0,LECTURE,,GENERAL,1.0
408066,T/NGHIEM KY THUAT DIEN 1,EE,,1,15,0,0,15,0,0,0,LAB,,GENERAL,1.0
408067,KY THUAT DIEN 1,EE,,5,525,525,0,0,0,0,0,LECTURE,,GENERAL,1.0
408068,KY THUAT DIEN 2,EE,,5,525,525,0,0,0,0,0,LECTURE,,GENERAL,1.0
408069,KY THUAT LANH,EE,,4,45,45,0,0,0,0,0,LECTURE,,GENERAL,1.0
408070,THIET KE THIET BI DIEN,EE,,4,30,30,0,0,0,0,0,LECTURE,,GENERAL,1.0
408101,KY THUAT DIEN 1,EE,,5,75,75,0,0,0,0,0,LECTURE,,GENERAL,1.0
408102,KY THUAT DIEN 2,EE,,5,75,60,15,0,0,0,0,LECTURE,,GENERAL,1.0
408103,T/NGHIEM KY THUAT DIEN 1,EE,,1,30,0,0,30,0,0,0,LAB,,GENERAL,1.0
408104,TN KY THUAT DIEN 2,EE,,1,15,0,0,15,0,0,0,LAB,,GENERAL,1.0
408105,TN KY THUAT DIEN DCUONG,EE,,1,30,0,0,30,0,0,0,LAB,,GENERAL,1.0
408402,POWER CIRCUITS AND ELECT,EE,,3,69,30,12,0,0,27,0,LECTURE,,GENERAL,1.0
408403,ELECTRICAL MACHINERY,EE,,3,63,30,24,0,0,9,0,LECTURE,,GENERAL,1.0
408404,ELECTRIC MACHINERY,EE,,4,60,60,0,0,0,0,0,LECTURE,,GENERAL,1.0
408405,ELECTRICAL MACHINERY LAB,EE,,2,60,0,0,60,0,0,0,LAB,,GENERAL,1.0
408406,RENEWABLE ENERGY SYSTEMS,EE,,3,675,30,0,15,0,225,0,LECTURE,,GENERAL,1.0
408407,POWER CIRCUITS &ELECT(BT,EE,,0,12,0,12,0,0,0,0,PRACTICAL,,GENERAL,1.0
408408,ELECTRICAL MACHINERY (BT,EE,,0,24,0,24,0,0,0,0,PRACTICAL,,GENERAL,1.0
408409,RENEWABLE ENERGY SYS.(TN,EE,,0,15,0,0,15,0,0,0,LAB,,GENERAL,1.0
408701,CAC MAY DIEN 1CHIEU &XC,EE,,2,39,21,0,18,0,0,0,LECTURE,,GENERAL,1.0
408702,LY THUYET VE KHI CU DIEN,EE,,3,45,23,15,7,0,0,0,LECTURE,,GENERAL,1.0
408703,DKHIEN DOGCO DIEN 1CHIEU,EE,,3,63,30,24,0,0,9,0,LECTURE,,GENERAL,1.0
408704,KHI CU DIEN,EE,,3,45,30,0,15,0,0,0,LECTURE,,GENERAL,1.0
408705,DIEU KHIEN CAC MAY DIEN,EE,,3,63,30,24,0,0,9,0,LECTURE,,GENERAL,1.0
408706,MACH TU & MAY BIEN THE,EE,,2,35,18,8,9,0,0,0,LECTURE,,GENERAL,1.0
408707,"BUC XA,BAO BOC,GIAO THOA",EE,,1,21,12,0,0,0,9,0,LECTURE,,GENERAL,1.0
408708,CAC UDUNG CNG CUA DNANG,EE,,2,48,21,0,0,0,27,0,LECTURE,,GENERAL,1.0
408709,THIET KE MAY DIENQUAY CS,EE,,1,21,12,0,0,0,9,0,LECTURE,,GENERAL,1.0
408710,LY THUYET VE KHI CU DIEN,EE,,2,39,21,0,18,0,0,0,LECTURE,,GENERAL,1.0
408711,KHI CU DIEN,EE,,2,48,21,0,0,0,27,0,LECTURE,,GENERAL,1.0
408712,CAC M/DIEN 1CHIEU &XC(TN,EE,,0,18,0,0,18,0,0,0,LAB,,GENERAL,1.0
408713,MACH TU &MAY BIEN THE(TN,EE,,0,9,0,0,9,0,0,0,LAB,,GENERAL,1.0
408714,D/KHIEN CAC MAY DIEN (BT,EE,,0,24,0,24,0,0,0,0,PRACTICAL,,GENERAL,1.0
408715,L/th VE KHI CU DIEN (tn),EE,,0,18,0,0,18,0,0,0,LAB,,GENERAL,1.0
408716,KHI CU DIEN (TN),EE,,0,6,0,0,6,0,0,0,LAB,,GENERAL,1.0
408717,D/K DOGCO DIEN 1CHIEU(BT,EE,,0,24,0,24,0,0,0,0,PRACTICAL,,GENERAL,1.0
408801,BIEN DOI N.LUONG DIEN CO,EE,,2,45,30,15,0,0,0,0,LECTURE,,GENERAL,1.0
408802,TN BIEN DOI NL DIEN CO,EE,,1,30,0,0,30,0,0,0,LAB,,GENERAL,1.0
408803,MAY DIEN,EE,,3,60,45,15,0,0,0,0,LECTURE,,GENERAL,1.0
409001,CO SO TU DONG,EE,,3,60,45,15,0,0,0,0,LECTURE,,GENERAL,1.0
409002,TN CO SO TU DONG,EE,,1,30,0,0,30,0,0,0,LAB,,GENERAL,1.0
409003,TN KY THUAT DIEU KHIEN,EE,,1,30,0,0,30,0,0,0,LAB,,GENERAL,1.0
409004,TIN HOC CONG NGHIEP,EE,,2,45,30,15,0,0,0,0,LECTURE,,GENERAL,1.0
409005,H/THONG DIEU KHIEN NHUNG,EE,,2,45,30,15,0,0,0,0,LECTURE,,GENERAL,1.0
409006,MO HINH HOA & MO PHONG,EE,,2,45,30,15,0,0,0,0,LECTURE,,GENERAL,1.0
409007,TRI TUE NHAN TAO TRONGDK,EE,,2,45,30,15,0,0,0,0,LECTURE,,GENERAL,1.0
409008,N/MON THI GIAC MAY TINH,EE,,2,45,30,15,0,0,0,0,LECTURE,,GENERAL,1.0
409009,TU DONG HOA CONG NGHIEP,EE,,2,45,30,15,0,0,0,0,LECTURE,,GENERAL,1.0
409010,MANG CONG NGHIEP,EE,,2,45,30,15,0,0,0,0,LECTURE,,GENERAL,1.0
409011,N/MON D/KHIEN THONG MINH,EE,,2,45,30,15,0,0,0,0,LECTURE,,GENERAL,1.0
409012,HE THONG VI DIEN CO,EE,,2,45,30,15,0,0,0,0,LECTURE,,GENERAL,1.0
409013,T/BI DIEU KHIEN THUY KHI,EE,,2,45,30,15,0,0,0,0,LECTURE,,GENERAL,1.0
409014,LT DIEU KHIEN NANG CAO,EE,,3,60,45,15,0,0,0,0,LECTURE,,GENERAL,1.0
409016,CO SO TU DONG HOC B,EE,,5,75,60,15,0,0,0,0,LECTURE,,GENERAL,1.0
409017,MO HINH MO PHONG B,EE,,2,30,30,0,0,0,0,0,LECTURE,,GENERAL,1.0
409018,DO PHI DIEN B,EE,,3,45,45,0,0,0,0,0,LECTURE,,GENERAL,1.0
409019,KY THUAT DIEN TU,EE,,4,60,45,15,0,0,0,0,LECTURE,,GENERAL,1.0
409020,CO SO TU DONG HOC,EE,,2,45,30,15,0,0,0,0,LECTURE,,GENERAL,1.0
409021,TRI TUE N/TAO & HE C/GIA,EE,,3,45,45,0,0,0,0,0,LECTURE,,GENERAL,1.0
409022,TOI UU VA THICH NGHI,EE,,3,45,45,0,0,0,0,0,LECTURE,,GENERAL,1.0
409023,MO HINH MO PHONG,EE,,2,45,30,15,0,0,0,0,LECTURE,,GENERAL,1.0
409025,CO SO TU DONG HOC,EE,,4,60,60,0,0,0,0,0,LECTURE,,GENERAL,1.0
409026,THI NGHIEM DO KHONG DIEN,EE,,1,15,0,0,15,0,0,0,LAB,,GENERAL,1.0
409027,DIEU KHIEN TU DONG 1,EE,,2,60,30,30,0,0,0,0,LECTURE,,GENERAL,1.0
409028,LT DIEU KHIEN HIEN DAI,EE,,2,45,30,15,0,0,0,0,LECTURE,,GENERAL,1.0
409029,DIEU KHIEN VI TINH,EE,,3,60,45,15,0,0,0,0,LECTURE,,GENERAL,1.0
409030,DIEN TU CONG SUAT &UDUNG,EE,,2,45,30,15,0,0,0,0,LECTURE,,GENERAL,1.0
409031,THIET BI TU DONG,EE,,4,60,60,0,0,0,0,0,LECTURE,,GENERAL,1.0
409032,THIET BI& HETHONGTU DONG,EE,,2,45,30,15,0,0,0,0,LECTURE,,GENERAL,1.0
409033,TIN HOC CONG NGHIEP,EE,,2,45,30,15,0,0,0,0,LECTURE,,GENERAL,1.0
409034,TRI TUE NHAN TAO & HCG,EE,,2,45,30,15,0,0,0,0,LECTURE,,GENERAL,1.0
409035,KY THUAT ROBOT,EE,,2,45,30,15,0,0,0,0,LECTURE,,GENERAL,1.0
409037,TN DIEU KHIEN TU DONG 1,EE,,1,18,0,0,18,0,0,0,LAB,,GENERAL,1.0
409038,TN DIEU KHIEN TU DONG 2,EE,,1,15,0,0,15,0,0,0,LAB,,GENERAL,1.0
409039,TNGHIEM THIET BI TU DONG,EE,,1,15,0,0,15,0,0,0,LAB,,GENERAL,1.0
409040,LY THUYET DKHIEN TU DONG,EE,,3,60,45,15,0,0,0,0,LECTURE,,GENERAL,1.0
409041,TN DIEU KHIEN TU DONG 1,EE,,1,18,0,0,18,0,0,0,LAB,,GENERAL,1.0
409042,HE THONG DIEU KHIEN SO,EE,,4,60,60,0,0,0,0,0,LECTURE,,GENERAL,1.0
409043,KY THUAT AN TOAN,EE,,3,45,45,0,0,0,0,0,LECTURE,,GENERAL,1.0
409045,THUC HANH TIN HOC,EE,,1,30,0,0,30,0,0,0,LAB,,GENERAL,1.0
409046,DIEN TU CONG SUAT,EE,,5,75,60,15,0,0,0,0,LECTURE,,GENERAL,1.0
409047,DO PHI DIEN,EE,,4,60,45,15,0,0,0,0,LECTURE,,GENERAL,1.0
409048,HE THONG DIEU KHIEN TD,EE,,3,45,45,0,0,0,0,0,LECTURE,,GENERAL,1.0
409049,MO HINH MO PHONG,EE,,3,45,45,0,0,0,0,0,LECTURE,,GENERAL,1.0
409051,DIEN TU CONG SUAT,EE,,4,30,30,0,0,0,0,0,LECTURE,,GENERAL,1.0
409052,TN DIEN TU CONG SUAT,EE,,1,15,0,0,15,0,0,0,LAB,,GENERAL,1.0
409053,CO SO TU DONG HOC,EE,,3,30,30,0,0,0,0,0,LECTURE,,GENERAL,1.0
409054,DIEN TU CONG SUAT,EE,,5,40,40,0,0,0,0,0,LECTURE,,GENERAL,1.0
409055,KY THUAT VI TINH,EE,,4,30,30,0,0,0,0,0,LECTURE,,GENERAL,1.0
409056,DIEN & DIEN TU TRONG CN,EE,,3,25,25,0,0,0,0,0,LECTURE,,GENERAL,1.0
409057,DO KHONG DIEN,EE,,4,30,30,0,0,0,0,0,LECTURE,,GENERAL,1.0
409058,TNGHIEM TRUYEN DONG DIEN,EE,,1,15,0,0,15,0,0,0,LAB,,GENERAL,1.0
409059,DO KHONG DIEN,EE,,3,45,45,0,0,0,0,0,LECTURE,,GENERAL,1.0
409060,DIEN TU CONG SUAT,EE,,5,75,60,15,0,0,0,0,LECTURE,,GENERAL,1.0
409061,DO KHONG DIEN,EE,,4,60,45,0,15,0,0,0,LECTURE,,GENERAL,1.0
409062,NGOAI NGU KY THUAT 3,EE,,4,60,60,0,0,0,0,0,LECTURE,,GENERAL,1.0
409063,THIET BI NHA MAY XN 2,EE,,4,60,60,0,0,0,0,0,LECTURE,,GENERAL,1.0
409064,C.D CONG NGHE DIEN,EE,,2,30,30,0,0,0,0,0,LECTURE,,GENERAL,1.0
409065,HE THONG DO LUONG,EE,,3,45,45,0,0,0,0,0,LECTURE,,GENERAL,1.0
409066,C/D H/THONG DK QUA TRINH,EE,,2,30,30,0,0,0,0,0,LECTURE,,GENERAL,1.0
409068,DIEU KHIEN TU DONG 1,EE,,4,30,30,0,0,0,0,0,LECTURE,,GENERAL,1.0
409069,TN DIEU KHIEN TU DONG,EE,,4,18,0,0,18,0,0,0,LAB,,GENERAL,1.0
409070,DIEU KHIEN TU DONG 1,EE,,4,45,45,0,0,0,0,0,LECTURE,,GENERAL,1.0
409071,KY THUAT DIEN TU (CD),EE,,3,45,30,0,15,0,0,0,LECTURE,,GENERAL,1.0
409072,TN DIEU KHIEN TU DONG 1,EE,,12,18,0,0,18,0,0,0,LAB,,GENERAL,1.0
409073,TU DONG HOA,EE,,4,45,45,0,0,0,0,0,LECTURE,,GENERAL,1.0
409074,TN XU LY TIN HIEU SO,EE,,1,15,0,0,15,0,0,0,LAB,,GENERAL,1.0
409075,CO SO DIEU KHIEN TU DONG,EE,,4,45,45,0,0,0,0,0,LECTURE,,GENERAL,1.0
409076,HE THONG DIEU KHIEN SO,EE,,3,30,30,0,0,0,0,0,LECTURE,,GENERAL,1.0
409101,PLC,EE,,4,60,60,0,0,0,0,0,LECTURE,,GENERAL,1.0
409102,THI NGHIEM PLC,EE,,2,30,0,0,30,0,0,0,LAB,,GENERAL,1.0
409103,KT DO & XU LY TIN HIEU,EE,,2,45,30,15,0,0,0,0,LECTURE,,GENERAL,1.0
409104,HE THONG DIEU KHIEN TD,EE,,2,45,30,15,0,0,0,0,LECTURE,,GENERAL,1.0
409105,CO SO DIEU KHIEN TU DONG,EE,,2,45,30,15,0,0,0,0,LECTURE,,GENERAL,1.0
409106,PLC,EE,,2,45,30,15,0,0,0,0,LECTURE,,GENERAL,1.0
409107,SCADA,EE,,2,45,30,15,0,0,0,0,LECTURE,,GENERAL,1.0
409109,DO LUONG DK BANG MTINH,EE,,3,60,45,15,0,0,0,0,LECTURE,,GENERAL,1.0
409110,TDONG HOA QUATRINH CNGHE,EE,,2,45,30,15,0,0,0,0,LECTURE,,GENERAL,1.0
409111,THI NGHIEM TU DONG HOA,EE,,1,30,0,0,30,0,0,0,LAB,,GENERAL,1.0
409112,CO SO DK TU DONG (DL),40,,4,60,60,0,0,0,0,0,LECTURE,,GENERAL,1.0
409113,TN CO SO DK TU DONG (DL),EE,,1,15,0,0,15,0,0,0,LAB,,GENERAL,1.0
409114,TRI TUE NHAN TAO TRONGDK,EE,,2,45,30,15,0,0,0,0,LECTURE,,GENERAL,1.0
409401,CO SO HT DIEU KHIEN,EE,,4,80,45,0,20,0,15,0,LECTURE,,GENERAL,1.0
409402,INTRODUCTION TO ROBOTICS,EE,,3,60,30,30,0,0,0,0,LECTURE,,GENERAL,1.0
409403,NONLINEAR&ADAPTIVE CONTR,EE,,3,60,30,30,0,0,0,0,LECTURE,,GENERAL,1.0
409404,SENSORS&INSTRUMENTATIONS,EE,,3,60,30,30,0,0,0,0,LECTURE,,GENERAL,1.0
409405,INDUSTRIAL AUTOMATION,EE,,3,60,30,30,0,0,0,0,LECTURE,,GENERAL,1.0
409406,INTRO. TO ROBOTICS (BT),EE,,0,30,0,30,0,0,0,0,PRACTICAL,,GENERAL,1.0
409407,NONLINEAR&ADAPT.CONT.(BT,EE,,0,30,0,30,0,0,0,0,PRACTICAL,,GENERAL,1.0
409408,SENSORS&INSTRUMENT.(BT),EE,,0,30,0,30,0,0,0,0,PRACTICAL,,GENERAL,1.0
409409,INDUSTRIAL AUTOMATIONLAB,EE,,2,45,30,15,0,0,0,0,LECTURE,,GENERAL,1.0
409411,CO SO HT DIEU KHIEN (TN),EE,,0,20,0,0,20,0,0,0,LAB,,GENERAL,1.0
409412,SENSORS&INSTRUMENTATIONS,EE,,0,15,0,0,15,0,0,0,LAB,,GENERAL,1.0
409413,INDUSTRIAL AUTOMATION(BT,EE,,0,30,0,30,0,0,0,0,PRACTICAL,,GENERAL,1.0
409435,INTRODUCTION TO ROBOTICS,EE,,2,45,30,15,0,0,0,0,LECTURE,,GENERAL,1.0
409701,TD HOA & D/KHIEN TOI UU,EE,,2,325,25,0,0,0,75,0,LECTURE,,GENERAL,1.0
409702,TUONG TU & CAC MO HINH,EE,,1,15,15,0,0,0,0,0,LECTURE,,GENERAL,1.0
409703,"TU DONG HOA,KTRA &DKHIEN",EE,,4,90,45,0,0,0,45,0,LECTURE,,GENERAL,1.0
409704,P/TICH CAC HE TUYEN TINH,EE,,3,70,30,10,0,0,30,0,LECTURE,,GENERAL,1.0
409705,P/TICH CAC HE T/TINH(BT),EE,,0,10,0,10,0,0,0,0,PRACTICAL,,GENERAL,1.0
410001,THUC TAP DIEN TU A,EE,,3,90,0,0,90,0,0,0,LAB,,GENERAL,1.0
410002,THUC TAP DIEN TU B,EE,,2,60,0,0,60,0,0,0,LAB,,GENERAL,1.0
410003,THUC TAP DIEN TU C,EE,,1,30,0,0,30,0,0,0,LAB,,GENERAL,1.0
410004,THUC TAP DIEN TU,EE,,2,60,0,0,60,0,0,0,LAB,,GENERAL,1.0
410005,THUC TAP DIEN TU B (DL),EE,,1,15,0,0,15,0,0,0,LAB,,GENERAL,1.0
410006,THUC TAP DIEN TU A (MT),EE,,3,90,0,0,90,0,0,0,LAB,,GENERAL,1.0
410007,THUC TAP DIEN TU,EE,,2,90,0,0,90,0,0,0,LAB,,GENERAL,1.0
410008,THUC TAP DIEN TU 1,EE,,1,30,0,0,30,0,0,0,LAB,,GENERAL,1.0
410009,THUC TAP DIEN TU 2,EE,,1,30,0,0,30,0,0,0,LAB,,GENERAL,1.0
410050,TTAP DIEN TU A1 (TC),EE,,2,30,0,0,30,0,0,0,LAB,,GENERAL,1.0
410051,TTAP DIEN TU C (TC),EE,,2,30,0,0,30,0,0,0,LAB,,GENERAL,1.0
410052,TTAP DIEN TU A2 (TC),EE,,2,30,0,0,30,0,0,0,LAB,,GENERAL,1.0
500300,KY NANG GTIEP-NGANH NGHE,CO,,2,45,30,15,0,0,0,0,LECTURE,,GENERAL,1.0
501001,TIN HOC DAI CUONG,CO,,3,60,45,0,15,0,0,0,LECTURE,,GENERAL,1.0
501002,NGON NGU LAP TRINH,CO,,5,75,60,0,15,0,0,0,LECTURE,,GENERAL,1.0
501003,PHUONG PHAP TINH,CO,,4,60,60,0,0,0,0,0,LECTURE,,GENERAL,1.0
501004,KY THUAT SO B,CO,,4,60,45,15,0,0,0,0,LECTURE,,GENERAL,1.0
501005,THUC TAP PHAN MEM 1,CO,,1,30,0,0,30,0,0,0,LAB,,GENERAL,1.0
501007,CAU TRUC MT VA ASSEMBLER,CO,,5,75,60,15,0,0,0,0,LECTURE,,GENERAL,1.0
501008,CAU TRUC DU LIEU,CO,,6,90,75,15,0,0,0,0,LECTURE,,GENERAL,1.0
501009,PT & THIET KE GIAI THUAT,CO,,4,60,60,0,0,0,0,0,LECTURE,,GENERAL,1.0
501010,HE DIEU HANH,CO,,4,60,60,0,0,0,0,0,LECTURE,,GENERAL,1.0
501011,LY THUYET AUTOMAT & NNHT,CO,,4,60,60,0,0,0,0,0,LECTURE,,GENERAL,1.0
501012,THUC TAP PHAN MEM 2,CO,,1,30,0,0,30,0,0,0,LAB,,GENERAL,1.0
501014,CO SO DU LIEU,CO,,4,60,60,0,0,0,0,0,LECTURE,,GENERAL,1.0
501015,CHUONG TRINH DICH,CO,,4,60,60,0,0,0,0,0,LECTURE,,GENERAL,1.0
501016,MACH MAY TINH,CO,,5,75,60,15,0,0,0,0,LECTURE,,GENERAL,1.0
501017,KY THUAT TRUYEN SO LIEU,CO,,4,60,60,0,0,0,0,0,LECTURE,,GENERAL,1.0
501018,CO SO TOAN CUA DIEN TOAN,CO,,6,90,90,0,0,0,0,0,LECTURE,,GENERAL,1.0
501019,THUC TAP PHAN CUNG 1,CO,,1,30,0,0,30,0,0,0,LAB,,GENERAL,1.0
501020,COMPUTER GRAPHICS,CO,,3,45,45,0,0,0,0,0,LECTURE,,GENERAL,1.0
501022,TRI TUE NHAN TAO,CO,,4,60,60,0,0,0,0,0,LECTURE,,GENERAL,1.0
501023,PT & THIET KE HE THONG,CO,,4,60,60,0,0,0,0,0,LECTURE,,GENERAL,1.0
501024,TOAN KINH TE,CO,,4,60,60,0,0,0,0,0,LECTURE,,GENERAL,1.0
501025,MANG MAY TINH,CO,,3,45,45,0,0,0,0,0,LECTURE,,GENERAL,1.0
501026,CHUYEN DE TIN HOC,CO,,3,45,45,0,0,0,0,0,LECTURE,,GENERAL,1.0
501027,THUC TAP PHAN CUNG 2,CO,,1,30,0,0,30,0,0,0,LAB,,GENERAL,1.0
501028,TIN HOC 1,CO,,3,60,45,0,15,0,0,0,LECTURE,,GENERAL,1.0
501029,THIET KE HE THONG SO,CO,,3,75,45,30,0,0,0,0,LECTURE,,GENERAL,1.0
501031,VI XU LY - MAY VI TINH,CO,,3,60,45,0,15,0,0,0,LECTURE,,GENERAL,1.0
501032,TOAN TIN HOC,CO,,2,45,30,15,0,0,0,0,LECTURE,,GENERAL,1.0
501033,LY THUYET TINH TOAN,CO,,3,60,45,15,0,0,0,0,LECTURE,,GENERAL,1.0
501034,TO CHUC CAU TRUC MAYTINH,CO,,3,60,45,15,0,0,0,0,LECTURE,,GENERAL,1.0
501035,KY THUAT TRUYEN SO LIEU,CO,,2,45,30,15,0,0,0,0,LECTURE,,GENERAL,1.0
501036,NGON NGU LAP TRINH,CO,,3,75,45,30,0,0,0,0,LECTURE,,GENERAL,1.0
501037,LY THUYET THONG TIN,CO,,2,45,30,15,0,0,0,0,LECTURE,,GENERAL,1.0
501038,LY THUYET AUTOMAT - NNHT,CO,,3,45,45,0,0,0,0,0,LECTURE,,GENERAL,1.0
501039,LOGIC TOAN,CO,,3,45,45,0,0,0,0,0,LECTURE,,GENERAL,1.0
501040,CT DU LIEU & GIAI THUAT,CO,,3,60,45,0,15,0,0,0,LECTURE,,GENERAL,1.0
501041,HE DIEU HANH,CO,,3,60,45,0,15,0,0,0,LECTURE,,GENERAL,1.0
501043,MANG MAY TINH,CO,,3,45,45,0,0,0,0,0,LECTURE,,GENERAL,1.0
501044,PT THIET KE GIAI THUAT,CO,,2,45,30,15,0,0,0,0,LECTURE,,GENERAL,1.0
501045,LY THUYET CO SO DU LIEU,CO,,3,60,45,15,0,0,0,0,LECTURE,,GENERAL,1.0
501046,DO HOA MAY TINH,CO,,2,45,30,0,15,0,0,0,LECTURE,,GENERAL,1.0
501047,XL S/SONG VA HE PHAN BO,CO,,3,60,30,30,0,0,0,0,LECTURE,,GENERAL,1.0
501048,XU LY TIN HIEU SO,CO,,3,45,45,0,0,0,0,0,LECTURE,,GENERAL,1.0
501049,P/TICH THIET KE HE THONG,CO,,3,60,45,15,0,0,0,0,LECTURE,,GENERAL,1.0
501050,GIAO DIEN NGUOI MAY,CO,,2,45,30,15,0,0,0,0,LECTURE,,GENERAL,1.0
501051,KY THUAT VI TINH,CO,,4,30,30,0,0,0,0,0,LECTURE,,GENERAL,1.0
501052,TIN HOC 1,CO,,4,30,30,0,0,0,0,0,LECTURE,,GENERAL,1.0
501053,TIN HOC 2,CO,,3,30,30,0,0,0,0,0,LECTURE,,GENERAL,1.0
501054,THUC HANH TIN HOC,CO,,6,30,0,0,30,0,0,0,LAB,,GENERAL,1.0
501055,THUC HANH TIN HOC 1,CO,,0,15,0,0,15,0,0,0,LAB,,GENERAL,1.0
501056,HE DIEU HANH,CO,,4,60,60,0,0,0,0,0,LECTURE,,GENERAL,1.0
501058,PT & THIET KE GIAI THUAT,CO,,4,60,60,0,0,0,0,0,LECTURE,,GENERAL,1.0
501059,LY THUYET AUTOMAT,CO,,4,60,60,0,0,0,0,0,LECTURE,,GENERAL,1.0
501060,KT MAY V/TINH& ASSEMBLER,CO,,4,60,60,0,0,0,0,0,LECTURE,,GENERAL,1.0
501061,CO SO DU LIEU,CO,,4,60,60,0,0,0,0,0,LECTURE,,GENERAL,1.0
501062,THUC TAP PHAN MEM 2,CO,,1,30,0,0,30,0,0,0,LAB,,GENERAL,1.0
501063,KY THUAT TRUYEN SO LIEU,CO,,4,60,60,0,0,0,0,0,LECTURE,,GENERAL,1.0
501064,CHUONG TRINH DICH,CO,,4,60,60,0,0,0,0,0,LECTURE,,GENERAL,1.0
501065,LOGIC TOAN TU,CO,,3,45,45,0,0,0,0,0,LECTURE,,GENERAL,1.0
501066,THUC TAP PHAN CUNG 2,CO,,1,30,0,0,30,0,0,0,LAB,,GENERAL,1.0
501067,TOAN KINH TE,CO,,4,60,60,0,0,0,0,0,LECTURE,,GENERAL,1.0
501069,PT & THIET KE HE THONG,CO,,4,60,60,0,0,0,0,0,LECTURE,,GENERAL,1.0
501070,MANG MAY TINH,CO,,3,45,45,0,0,0,0,0,LECTURE,,GENERAL,1.0
501071,TRI TUE NHAN TAO,CO,,4,60,60,0,0,0,0,0,LECTURE,,GENERAL,1.0
501072,TRI TUE NHAN TAO,CO,,3,45,45,0,0,0,0,0,LECTURE,,GENERAL,1.0
501074,TT PHAN CUNG MAY TINH 2,CO,,1,30,0,0,30,0,0,0,LAB,,GENERAL,1.0
501075,COMPUTER GRAPHICS,CO,,3,45,45,0,0,0,0,0,LECTURE,,GENERAL,1.0
501076,TOAN KINH TE,CO,,4,60,60,0,0,0,0,0,LECTURE,,GENERAL,1.0
501077,KY THUAT VI TINH,CO,,4,60,45,0,15,0,0,0,LECTURE,,GENERAL,1.0
501078,LOGIC TOAN,CO,,2,30,30,0,0,0,0,0,LECTURE,,GENERAL,1.0
501079,MANG MAY TINH,CO,,2,45,30,0,15,0,0,0,LECTURE,,GENERAL,1.0
501080,PT THIET KE HE THONG,CO,,3,60,45,15,0,0,0,0,LECTURE,,GENERAL,1.0
501081,CHUONG TRINH DICH,CO,,3,60,45,15,0,0,1,0,LECTURE,,GENERAL,1.0
501082,TRI TUE NHAN TAO,CO,,3,60,45,0,15,0,0,0,LECTURE,,GENERAL,1.0
501083,TK GIAI THUAT SONG SONG,CO,,2,30,30,0,0,0,0,0,LECTURE,,GENERAL,1.0
501084,D/GIA HIEU SUAT MAY TINH,CO,,2,30,30,0,0,0,0,0,LECTURE,,GENERAL,1.0
501085,HE THONG THOI GIAN THUC,CO,,2,30,30,0,0,0,0,0,LECTURE,,GENERAL,1.0
501086,NHAN DANG & XU LY ANH,CO,,2,45,30,15,0,0,0,0,LECTURE,,GENERAL,1.0
501087,PT & THIET KE HE THONG,CO,,4,60,60,0,0,0,0,0,LECTURE,,GENERAL,1.0
501088,MANG MAY TINH,CO,,3,45,45,0,0,0,0,0,LECTURE,,GENERAL,1.0
501089,TRI TUE NHAN TAO,CO,,4,60,60,0,0,0,0,0,LECTURE,,GENERAL,1.0
501091,TT PHAN CUNG MAY TINH 2,CO,,1,30,0,0,30,0,0,0,LAB,,GENERAL,1.0
501092,THIET KE CO SO DU LIEU,CO,,2,45,30,15,0,0,0,0,LECTURE,,GENERAL,1.0
501093,KY THUAT TRI THUC,CO,,2,45,30,15,0,0,0,0,LECTURE,,GENERAL,1.0
501094,CONG NGHE PHAN MEM,CO,,2,45,30,15,0,0,0,0,LECTURE,,GENERAL,1.0
501095,CONG NGHE PHAN MEM,CO,,2,45,30,0,15,0,0,0,LECTURE,,GENERAL,1.0
501096,KY THUAT DO,CO,,3,60,45,0,15,0,0,0,LECTURE,,GENERAL,1.0
501097,TH NGON NGU LAP TRINH,CO,,1,15,0,0,15,0,0,0,LAB,,GENERAL,1.0
501098,THIET KE HE THONG SO,CO,,2,45,30,15,0,0,0,0,LECTURE,,GENERAL,1.0
501099,TN THIET KE HE THONG SO,CO,,1,30,0,0,30,0,0,0,LAB,,GENERAL,1.0
5010B1,TIN HOC DAI CUONG,CO,,0,60,45,0,15,0,0,0,LECTURE,,GENERAL,1.0
501100,NHAP MON TIN HOC A,CO,,5,75,45,0,0,0,0,0,LECTURE,,GENERAL,1.0
501101,NHAP MON TIN HOC B,CO,,3,30,30,0,0,0,0,0,LECTURE,,GENERAL,1.0
501102,NGON NGU LAP TRINH,CO,,3,45,45,0,0,0,0,0,LECTURE,,GENERAL,1.0
501103,TRINH BIEN DICH,CO,,3,60,45,15,0,0,0,0,LECTURE,,GENERAL,1.0
501104,THIET KE HUONG DOI TUONG,CO,,2,45,30,0,15,0,0,0,LECTURE,,GENERAL,1.0
501105,C/NGHE TRUYEN THONG ATM,CO,,2,45,30,15,0,0,0,0,LECTURE,,GENERAL,1.0
501106,LAP TRINH MANG,CO,,2,45,30,0,15,0,0,0,LECTURE,,GENERAL,1.0
501107,TOP DOWN DESIGN,CO,,2,30,30,0,0,0,0,0,LECTURE,,GENERAL,1.0
501108,JAVA,CO,,2,30,30,0,0,0,0,0,LECTURE,,GENERAL,1.0
501109,TIN HOC NANG CAO,CO,,2,45,30,15,0,0,0,0,LECTURE,,GENERAL,1.0
501110,TIN HOC 1 (CD),CO,,5,75,60,0,15,0,0,0,LECTURE,,GENERAL,1.0
501111,CO SO DU LIEU,CO,,2,45,30,15,0,0,0,0,LECTURE,,GENERAL,1.0
501112,TO CHUC &CAU TRUC MT (CK,CO,,2,45,30,15,0,0,0,0,LECTURE,,GENERAL,1.0
501113,NGNGU MOHINH T/NHAT (UML,CO,,1,15,15,0,0,0,0,0,LECTURE,,GENERAL,1.0
501114,TIN HOC (DL),CO,,4,60,45,0,15,0,0,0,LECTURE,,GENERAL,1.0
501115,THUC HANH TIN HOC,CO,,1,30,0,0,30,0,0,0,LAB,,GENERAL,1.0
501116,TIN HOC 2 (CDT),CO,,2,45,30,15,0,0,0,0,LECTURE,,GENERAL,1.0
501117,THUC HANH TIN HOC(TN),CO,,0,15,0,0,15,0,0,0,LAB,,GENERAL,1.0
501118,THIET KE FPGA,CO,,2,30,15,15,0,0,0,0,LECTURE,,GENERAL,1.0
501120,NHAP MON DIEN TOAN,CO,,4,75,45,20,10,0,1,0,LECTURE,,GENERAL,1.0
501121,MANG MAY TINH,CO,,3,60,45,0,15,0,0,0,LECTURE,,GENERAL,1.0
501122,TKE HT CSDL & TTIN (VLKT,CO,,2,45,30,15,0,0,0,0,LECTURE,,GENERAL,1.0
501123,HE CHUYEN GIA,CO,,2,45,30,15,0,0,0,0,LECTURE,,GENERAL,1.0
501124,HETHONG HOTRO QUYET DINH,CO,,2,45,30,15,0,0,0,0,LECTURE,,GENERAL,1.0
501125,KY THUAT LAP TRINH,CO,,3,60,45,15,0,0,0,0,LECTURE,,GENERAL,1.0
501126,THUC HANH NHAP MON DTOAN,CO,,0,30,0,20,10,0,0,0,LAB,,GENERAL,1.0
501127,KY THUAT LAP TRINH,CO,,4,75,45,20,10,0,1,0,LECTURE,,GENERAL,1.0
501128,THIET KE LUAN LY 1,CO,,3,45,45,0,0,0,0,0,LECTURE,,GENERAL,1.0
501129,THUC HANH KT LAP TRINH,CO,,0,30,0,20,10,0,0,0,LAB,,GENERAL,1.0
501132,CHUONG TRINH DICH (BT),CO,,0,15,0,15,0,0,0,0,PRACTICAL,,GENERAL,1.0
501133,THUC HANH TIN HOC,CO,,0,15,0,0,15,0,0,0,LAB,,GENERAL,1.0
501134,XL SS VA HE PHAN BO (BT),CO,,0,30,0,30,0,0,0,0,PRACTICAL,,GENERAL,1.0
501135,MODERN TRENDS OF PPL,CO,,3,60,45,5,10,0,1,0,LECTURE,,GENERAL,1.0
501151,NGON NGU LAP TRINH,CO,,4,30,30,0,0,0,0,0,LECTURE,,GENERAL,1.0
501152,TIN HOC (TC),CO,,6,45,45,0,0,0,0,0,LECTURE,,GENERAL,1.0
501153,TIN HOC (TC),CO,,5,55,40,0,15,0,0,0,LECTURE,,GENERAL,1.0
5011B0,NHAP MON DIEN TOAN,CO,,0,75,45,20,10,0,1,0,LECTURE,,GENERAL,1.0
501501,T/TAP DIEN TOAN CAN BAN,CO,,15,45,0,0,45,0,0,0,LAB,,GENERAL,1.0
501502,NHAP MON DIEN TOAN,CO,,2,30,30,0,0,0,0,0,LECTURE,,GENERAL,1.0
501503,LAP TRINH CAN BAN,CO,,45,90,45,0,45,0,0,0,LECTURE,,GENERAL,1.0
501504,TOAN MAY TINH 1(LTDOTHI),CO,,3,45,45,0,0,0,0,0,LECTURE,,GENERAL,1.0
501505,KY THUAT SO,CO,,5,90,60,0,30,0,0,0,LECTURE,,GENERAL,1.0
501506,CAU TRUC DU LIEU,CO,,5,90,60,0,30,0,0,0,LECTURE,,GENERAL,1.0
501507,TOAN MAY TINH 2(LTTAPHOP,CO,,3,45,45,0,0,0,0,0,LECTURE,,GENERAL,1.0
501508,NGON NGU LAP TRINH,CO,,4,75,45,0,30,0,0,0,LECTURE,,GENERAL,1.0
501509,XU LY TIN HIEU SO,CO,,4,75,45,0,30,0,0,0,LECTURE,,GENERAL,1.0
501510,TO CHUC & CAU TRUC MTINH,CO,,4,60,60,0,0,0,0,0,LECTURE,,GENERAL,1.0
501512,HE DIEU HANH,CO,,4,45,45,0,0,0,0,0,LECTURE,,GENERAL,1.0
501513,CO SO DU LIEU,CO,,5,90,60,0,30,0,0,0,LECTURE,,GENERAL,1.0
501514,LY THUYET AUTOMAT & NNHT,CO,,4,60,60,0,0,0,0,0,LECTURE,,GENERAL,1.0
501515,PT & THIET KE GIAI THUAT,CO,,4,60,60,0,0,0,0,0,LECTURE,,GENERAL,1.0
501516,KT VI XU LY & MAY TINH,CO,,4,60,60,0,0,0,0,0,LECTURE,,GENERAL,1.0
501517,CONG NGHE PHAN MEM,CO,,4,75,45,0,30,0,0,0,LECTURE,,GENERAL,1.0
501518,LOGIC TOAN,CO,,3,45,45,0,0,0,0,0,LECTURE,,GENERAL,1.0
501519,CHUONG TRINH DICH,CO,,5,90,60,0,30,0,0,0,LECTURE,,GENERAL,1.0
501520,KY THUAT TRUYEN SO LIEU,CO,,4,60,60,0,0,0,0,0,LECTURE,,GENERAL,1.0
501522,MANG MAY TINH,CO,,3,45,45,0,0,0,0,0,LECTURE,,GENERAL,1.0
501523,TRI TUE NHAN TAO,CO,,5,90,60,0,30,0,0,0,LECTURE,,GENERAL,1.0
501524,DO HOA MAY TINH (C.GRAP),CO,,4,75,45,0,30,0,0,0,LECTURE,,GENERAL,1.0
501525,XU LY SSONG - HE PHAN BO,CO,,3,45,45,0,0,0,0,0,LECTURE,,GENERAL,1.0
501526,PT & THIET KE HE THONG,CO,,3,45,45,0,0,0,0,0,LECTURE,,GENERAL,1.0
501528,TK GIAI THUAT SONG SONG,CO,,2,30,30,0,0,0,0,0,LECTURE,,GENERAL,1.0
501529,TOP DOWN DESIGN,CO,,2,30,30,0,0,0,0,0,LECTURE,,GENERAL,1.0
501530,THIET KE CO SO DU LIEU,CO,,2,30,30,0,0,0,0,0,LECTURE,,GENERAL,1.0
501531,LAP TRINH MANG,CO,,2,30,30,0,0,0,0,0,LECTURE,,GENERAL,1.0
501534,PHUONG PHAP TINH,CO,,5,75,75,0,0,0,0,0,LECTURE,,GENERAL,1.0
501535,MACH MAY TINH,CO,,5,75,75,0,0,0,0,0,LECTURE,,GENERAL,1.0
501536,TU TUONG HO CHI MINH,CO,,2,30,30,0,0,0,0,0,LECTURE,,GENERAL,1.0
501537,KY THUAT TRI THUC,CO,,2,30,30,0,0,0,0,0,LECTURE,,GENERAL,1.0
501538,DANH GIA HE THONG M/TINH,CO,,2,30,30,0,0,0,0,0,LECTURE,,GENERAL,1.0
501539,T/HANH LAP TRINH CAN BAN,CO,,0,45,0,0,45,0,0,0,LAB,,GENERAL,1.0
501540,THUC HANH HE DIEU HANH,CO,,0,15,0,0,15,0,0,0,LAB,,GENERAL,1.0
501601,TIN HOC,CO,,3,75,45,0,30,0,0,0,LECTURE,,GENERAL,1.0
501602,THUC HANH TIN HOC,CO,,0,30,0,0,30,0,0,0,LAB,,GENERAL,1.0
501701,BT NHAP MON TIN HOC A,CO,,0,30,0,30,0,0,0,0,PRACTICAL,,GENERAL,1.0
501702,NGON NGU LTRINHTIEN TIEN,CO,,1,21,12,0,0,0,9,0,LECTURE,,GENERAL,1.0
501703,NGUYEN LY BIEN DICH &LT,CO,,3,75,30,0,0,0,45,0,LECTURE,,GENERAL,1.0
501704,CAU TRUC DU LIEU NANGCAO,CO,,2,30,24,6,0,0,0,0,LECTURE,,GENERAL,1.0
501705,TIN HOC,CO,,3,69,30,12,0,0,27,0,LECTURE,,GENERAL,1.0
501706,THUC HANH TIN HOC,CO,,2,60,0,0,60,0,0,0,LAB,,GENERAL,1.0
501707,PT TH/KE HUONG DOI TUONG,CO,,1,15,15,0,0,0,0,0,LECTURE,,GENERAL,1.0
501708,CAC KT & THU TUC CAI DAT,CO,,1,21,12,0,0,0,9,0,LECTURE,,GENERAL,1.0
501710,MANG MAY TINH,CO,,3,65,30,0,20,0,15,0,LECTURE,,GENERAL,1.0
501711,CS DU LIEU &CAC HE THTIN,CO,,2,48,21,0,0,0,27,0,LECTURE,,GENERAL,1.0
501712,TIN HOC,CO,,5,75,30,15,0,0,0,0,LECTURE,,GENERAL,1.0
501713,THUC HANH TIN HOC,CO,,0,30,0,0,30,0,0,0,LAB,,GENERAL,1.0
501714,TIN HOC (BT),CO,,0,12,0,12,0,0,0,0,PRACTICAL,,GENERAL,1.0
501715,MANG MAY TINH (TN),CO,,0,20,0,0,20,0,0,0,LAB,,GENERAL,1.0
501801,TIN HOC DAI CUONG,CO,,3,60,45,0,15,0,0,0,LECTURE,,GENERAL,1.0
501827,KY THUAT LAP TRINH,CO,,4,75,75,0,0,0,0,0,LECTURE,,GENERAL,1.0
501828,THIET KE LUAN LY 1,CO,,3,45,45,0,0,0,0,0,LECTURE,,GENERAL,1.0
501829,THUC HANH KT LAP TRINH,CO,,0,30,0,0,30,0,0,0,LAB,,GENERAL,1.0
501833,THUC HANH TIN HOC,CO,,0,15,0,0,15,0,0,0,LAB,,GENERAL,1.0
502001,LAPTRINH HUONG DOI TUONG,CO,,4,75,45,0,30,0,0,0,LECTURE,,GENERAL,1.0
502002,CONG NGHE PHAN MEM,CO,,4,75,45,20,10,0,1,0,LECTURE,,GENERAL,1.0
502003,QUAN LY DU AN PHAN MEM,CO,,3,60,30,30,0,0,1,0,LECTURE,,GENERAL,1.0
502004,DAC TA HINH THUC,CO,,3,45,45,0,0,0,0,0,LECTURE,,GENERAL,1.0
502005,GIAI THUAT NANG CAO,CO,,3,45,45,0,0,0,0,0,LECTURE,,GENERAL,1.0
502006,XDUNG CHUONG TRINH DICH,CO,,3,60,45,15,0,0,1,0,LECTURE,,GENERAL,1.0
502007,KIEM TRA PHAN MEM,CO,,3,75,45,30,0,0,1,0,LECTURE,,GENERAL,1.0
502008,KIEN TRUC PHAN MEM,CO,,3,60,45,15,0,0,1,0,LECTURE,,GENERAL,1.0
502009,CONG NGHE PHAN MEM (BT),CO,,0,30,0,20,10,0,0,0,LAB,,GENERAL,1.0
502010,XD CHUONGTRINH DICH (BT),CO,,0,15,0,15,0,0,0,0,PRACTICAL,,GENERAL,1.0
502011,KIEM TRA PHAN MEM (BT),CO,,0,30,0,30,0,0,0,0,PRACTICAL,,GENERAL,1.0
502012,QLY DU AN PHAN MEM (BT),CO,,0,30,0,30,0,0,0,0,PRACTICAL,,GENERAL,1.0
502013,TT CONG NGHE PHAN MEM,CO,,1,30,0,0,30,0,0,0,LAB,,GENERAL,1.0
502014,LAPTRINH HUONG DTUONG(TH,CO,,0,30,0,0,30,0,0,0,LAB,,GENERAL,1.0
502015,KIEM THU TU DONG,CO,,3,60,30,30,0,0,1,0,LECTURE,,GENERAL,1.0
502016,KIEM THU TU DONG (BT),CO,,0,30,0,30,0,0,0,0,PRACTICAL,,GENERAL,1.0
502017,KIEN TRUC PHAN MEM(bt),CO,,0,15,0,15,0,0,0,0,PRACTICAL,,GENERAL,1.0
502801,LAPTRINH HUONG DOI TUONG,CO,,4,75,45,30,0,0,0,0,LECTURE,,GENERAL,1.0
503001,CAU TRUC DULIEU & GTHUAT,CO,,4,75,45,20,10,0,1,0,LECTURE,,GENERAL,1.0
503002,HE CO SO DU LIEU,CO,,4,75,45,0,30,0,0,0,LECTURE,,GENERAL,1.0
503003,PT & THIET KE GIAI THUAT,CO,,3,45,45,0,0,0,0,0,LECTURE,,GENERAL,1.0
503004,HE QUANTRI CO SO DU LIEU,CO,,3,45,45,0,0,0,0,0,LECTURE,,GENERAL,1.0
503005,"CSDL PHAN TAN, HUONG DTG",CO,,3,45,45,0,0,0,0,0,LECTURE,,GENERAL,1.0
503006,PT & THIET KE HE THONG,CO,,3,60,45,15,0,0,0,0,LECTURE,,GENERAL,1.0
503007,THUONG MAI DIEN TU,CO,,3,60,30,5,25,0,1,0,LECTURE,,GENERAL,1.0
503008,KHAI PHA DU LIEU,CO,,3,60,30,5,25,0,1,0,LECTURE,,GENERAL,1.0
503009,BAO MAT HETHONG THONGTIN,CO,,3,60,30,20,10,0,1,0,LECTURE,,GENERAL,1.0
503010,CAU TRUC DULIEU & GT (BT,CO,,0,30,0,20,10,0,0,0,LAB,,GENERAL,1.0
503011,HE CO SO DU LIEU (TH),CO,,0,30,0,0,30,0,0,0,LAB,,GENERAL,1.0
503012,THUONG MAI DIEN TU (BT),CO,,0,30,0,5,25,0,0,0,LAB,,GENERAL,1.0
503013,KHAI PHA DU LIEU (BT),CO,,0,30,0,5,25,0,0,0,LAB,,GENERAL,1.0
503014,BMAT HE THONG THTIN (BT),CO,,0,30,0,20,10,0,0,0,LAB,,GENERAL,1.0
503801,CAU TRUC DULIEU & GTHUAT,CO,,4,75,45,30,0,0,0,0,LECTURE,,GENERAL,1.0
503802,HE CO SO DU LIEU,CO,,4,75,47,5,23,0,1,0,LECTURE,,GENERAL,1.0
504001,THIET KE LUAN LY 2,CO,,3,60,30,30,0,0,0,0,LECTURE,,GENERAL,1.0
504002,KIEN TRUC MAY TINH,CO,,3,60,30,30,0,0,0,0,LECTURE,,GENERAL,1.0
504003,KY THUAT TRUYEN SO LIEU,CO,,4,75,45,30,0,0,0,0,LECTURE,,GENERAL,1.0
504004,TT PHAN CUNG MAY TINH,CO,,3,90,0,0,90,0,0,0,LAB,,GENERAL,1.0
504005,XU LY TIN HIEU SO,CO,,4,75,45,30,0,0,0,0,LECTURE,,GENERAL,1.0
504007,VI XU LY - VI DIEU KHIEN,CO,,3,45,45,0,0,0,0,0,LECTURE,,GENERAL,1.0
504008,TN VI XULY-VI DIEU KHIEN,CO,,1,30,0,0,30,0,0,0,LAB,,GENERAL,1.0
504009,T/KE VI MACH SO VOI HDL,CO,,4,75,45,30,0,0,0,0,LECTURE,,GENERAL,1.0
504011,TKE VI MACH VLSI VOI MT,CO,,3,60,30,30,0,0,0,0,LECTURE,,GENERAL,1.0
504012,HE THOI GIAN THUC,CO,,3,60,30,15,15,0,1,0,LECTURE,,GENERAL,1.0
504013,TKE TREN CO SO VI XU LY,CO,,3,60,30,30,0,0,0,0,LECTURE,,GENERAL,1.0
504014,TN THIET KE LUAN LY,CO,,1,30,0,0,30,0,0,0,LAB,,GENERAL,1.0
504015,UNG DUNG HE THONG NHUNG,CO,,3,60,30,0,30,0,0,0,LECTURE,,GENERAL,1.0
504016,TONG HOP LUAN LY VI MACH,CO,,3,60,30,0,30,0,0,0,LECTURE,,GENERAL,1.0
504017,THIET KE VI MACH ASIC,CO,,3,60,30,0,30,0,0,0,LECTURE,,GENERAL,1.0
504018,XU LY TIN HIEU SO (BT),CO,,0,30,0,30,0,0,0,0,PRACTICAL,,GENERAL,1.0
504019,TK VI MACH SO VOI HDL(BT,CO,,0,30,0,30,0,0,0,0,PRACTICAL,,GENERAL,1.0
504020,KT TRUYEN SO LIEU (BT),CO,,0,30,0,30,0,0,0,0,PRACTICAL,,GENERAL,1.0
504021,TK VIMACH VLSI VOI MT(BT,CO,,0,30,0,30,0,0,0,0,PRACTICAL,,GENERAL,1.0
504022,UD HE THONG NHUNG (BT),CO,,0,30,0,0,30,0,0,0,LAB,,GENERAL,1.0
504023,TH LUAN LY VI MACH (BT),CO,,0,30,0,0,30,0,0,0,LAB,,GENERAL,1.0
504024,HE THOI GIAN THUC (BT),CO,,0,30,0,15,15,0,0,0,LAB,,GENERAL,1.0
504025,TKE TREN CO SO VXL (BT),CO,,0,30,0,30,0,0,0,0,PRACTICAL,,GENERAL,1.0
504026,THIET KE LUAN LY 2 (BT),CO,,0,30,0,30,0,0,0,0,PRACTICAL,,GENERAL,1.0
504027,KIEN TRUC MAY TINH (BT),CO,,0,30,0,30,0,0,0,0,PRACTICAL,,GENERAL,1.0
504028,PT UD INTERNET OF THINGS,CO,,3,60,30,5,25,0,1,0,LECTURE,,GENERAL,1.0
504029,PTUD INTERNET OF TH (TH),CO,,0,30,0,5,25,0,0,0,LAB,,GENERAL,1.0
504802,KIEN TRUC MAY TINH,CO,,3,45,45,0,0,0,0,0,LECTURE,,GENERAL,1.0
505001,TOAN ROI RAC 1,CO,,3,60,45,5,10,0,1,0,LECTURE,,GENERAL,1.0
505002,TOAN ROI RAC 2,CO,,3,45,45,0,0,0,0,0,LECTURE,,GENERAL,1.0
505003,N/LY NGON NGU LAP TRINH,CO,,4,75,45,20,10,0,1,0,LECTURE,,GENERAL,1.0
505004,TRI TUE NHAN TAO,CO,,4,75,45,20,10,0,1,0,LECTURE,,GENERAL,1.0
505005,DO HOA MAY TINH,CO,,3,60,30,20,10,0,1,0,LECTURE,,GENERAL,1.0
505006,TTUE NTAO VOISU KG CCHAN,CO,,3,45,45,0,0,0,0,0,LECTURE,,GENERAL,1.0
505007,XU LY NGON NGU TU NHIEN,CO,,3,60,45,15,0,0,1,0,LECTURE,,GENERAL,1.0
505008,HOC MAY,CO,,3,45,45,0,0,0,0,0,LECTURE,,GENERAL,1.0
505009,HE THONG THONG MINH,CO,,3,75,45,30,0,0,1,0,LECTURE,,GENERAL,1.0
505010,XU LY ANH&THI GIAC MTINH,CO,,3,60,45,15,0,0,0,0,LECTURE,,GENERAL,1.0
505011,LY THUYET THONG TIN,CO,,3,45,45,0,0,0,0,0,LECTURE,,GENERAL,1.0
505012,LT AUTOMAT &NGNGU H/THUC,CO,,3,45,45,0,0,0,0,0,LECTURE,,GENERAL,1.0
505013,DAI SO TINH TOAN,CO,,3,60,30,30,0,0,0,0,LECTURE,,GENERAL,1.0
505014,TOI UU TO HOP,CO,,3,60,30,30,0,0,0,0,LECTURE,,GENERAL,1.0
505015,THIET KE THI NGHIEM,CO,,3,60,45,15,0,0,0,0,LECTURE,,GENERAL,1.0
505016,NGLY NGONNGU LTRINH (BT),CO,,0,30,0,20,10,0,0,0,LAB,,GENERAL,1.0
505017,TRI TUE NHAN TAO (BT),CO,,0,30,0,20,10,0,0,0,LAB,,GENERAL,1.0
505018,DO HOA MAY TINH (BT),CO,,0,30,0,20,10,0,0,0,LAB,,GENERAL,1.0
505019,XL NGON NGU TU NHIEN (BT,CO,,0,10,0,10,0,0,0,0,PRACTICAL,,GENERAL,1.0
505020,HE THONG THONG MINH (BT),CO,,0,25,0,25,0,0,0,0,PRACTICAL,,GENERAL,1.0
505023,TOAN ROI RAC 1 (BT),CO,,0,15,0,5,10,0,0,0,LAB,,GENERAL,1.0
505024,UD TOAN&TH TRONG Q/LY SX,CO,,3,45,45,0,0,0,0,0,LECTURE,,GENERAL,1.0
505025,P/T UD TREN T/BI DI DONG,CO,,3,45,45,0,0,0,0,0,LECTURE,,GENERAL,1.0
505026,LAP TRINH GAME,CO,,3,60,45,15,0,0,1,0,LECTURE,,GENERAL,1.0
505027,MANG XA HOI & THONG TIN,CO,,3,45,45,0,0,0,0,0,LECTURE,,GENERAL,1.0
5050B2,TOAN ROI RAC 2,CO,,0,45,45,0,0,0,0,0,LECTURE,,GENERAL,1.0
505801,TOAN ROI RAC 1,CO,,3,45,45,0,0,0,0,0,LECTURE,,GENERAL,1.0
505802,TOAN ROI RAC 2,CO,,3,45,45,0,0,0,0,0,LECTURE,,GENERAL,1.0
506001,HE DIEU HANH,CO,,4,75,45,20,10,0,1,0,LECTURE,,GENERAL,1.0
506002,MANG MAY TINH 1,CO,,4,75,45,20,10,0,0,0,LECTURE,,GENERAL,1.0
506003,MANG MAY TINH 2,CO,,4,75,45,15,15,0,1,0,LECTURE,,GENERAL,1.0
506004,D/GIA HIEU NANG HE THONG,CO,,3,60,30,30,0,0,1,0,LECTURE,,GENERAL,1.0
506005,MAT MA & AN NINH MANG,CO,,3,60,30,20,10,0,1,0,LECTURE,,GENERAL,1.0
506006,HE DIEU HANH (BT),CO,,0,30,0,20,10,0,0,0,LAB,,GENERAL,1.0
506007,MANG MAY TINH 1 (BT),CO,,0,30,0,20,10,0,0,0,LAB,,GENERAL,1.0
506008,MANG MAY TINH 2 (BT),CO,,0,30,0,15,15,0,0,0,LAB,,GENERAL,1.0
506009,MAT MA &AN NINH MANG (BT,CO,,0,30,0,20,10,0,0,0,LAB,,GENERAL,1.0
506010,LAP TRINH WEB,CO,,3,60,30,15,15,0,1,0,LECTURE,,GENERAL,1.0
506011,LAP TRINH WEB (BT),CO,,0,30,0,15,15,0,0,0,LAB,,GENERAL,1.0
506012,H/THONG THIET BI DI DONG,CO,,3,60,30,20,10,0,1,0,LECTURE,,GENERAL,1.0
506013,H/THONGTHIETBI D/DONG(BT,CO,,0,30,0,20,10,0,0,0,LAB,,GENERAL,1.0
506014,D/GIAHIEU NANGH/THONG(BT,CO,,0,25,0,0,25,0,0,0,LAB,,GENERAL,1.0
506801,HE DIEU HANH,CO,,4,75,45,0,30,0,0,0,LECTURE,,GENERAL,1.0
5X0300,KY NANG GTIEP-NGANH NGHE,CO,,2,45,30,15,0,0,0,0,LECTURE,,GENERAL,1.0
5X1601,TIN HOC DAI CUONG,CO,,4,90,45,0,45,0,0,0,LECTURE,,GENERAL,1.0
5X1603,NHAP MON C.NGHE PHAN MEM,CO,,4,90,45,20,25,0,0,0,LECTURE,,GENERAL,1.0
5X1605,KIEM TRA THU PHAN MEM,CO,,4,90,45,36,0,0,9,0,LECTURE,,GENERAL,1.0
5X1607,CONG NGHE JAVA,CO,,4,90,45,0,45,0,0,0,LECTURE,,GENERAL,1.0
5X1609,CONG NGHE XML & UNG DUNG,CO,,4,90,45,0,45,0,0,0,LECTURE,,GENERAL,1.0
5X2601,L.TRINH HUONG DOI TUONG,CO,,4,90,45,15,30,0,0,0,LECTURE,,GENERAL,1.0
5X2603,C.TRUC D.LIEU & G.THUAT,CO,,4,90,45,15,25,0,5,0,LECTURE,,GENERAL,1.0
5X2605,THIET KE WEB,CO,,4,90,45,0,45,0,0,0,LECTURE,,GENERAL,1.0
5X2607,LAP TRINH WEB,CO,,4,90,45,0,45,0,0,0,LECTURE,,GENERAL,1.0
5X2609,DO HOA UNG DUNG,CO,,4,90,45,0,45,0,0,0,LECTURE,,GENERAL,1.0
5X2611,TOAN ROI RAC,CO,,4,90,45,35,5,0,5,0,LECTURE,,GENERAL,1.0
5X2627,KY THUAT LAP TRINH,CO,,4,90,45,15,30,0,0,0,LECTURE,,GENERAL,1.0
5X3601,TIN HOC QUAN LY,CO,,4,90,45,0,45,0,0,0,LECTURE,,GENERAL,1.0
5X3602,HE CO SO DU LIEU,CO,,4,90,45,0,42,0,3,0,LECTURE,,GENERAL,1.0
5X3603,LAP TRINH UNG DUNG CSDL,CO,,4,90,45,0,42,0,3,0,LECTURE,,GENERAL,1.0
5X3604,HE QUAN TRI CSDL,CO,,4,90,45,0,45,0,0,0,LECTURE,,GENERAL,1.0
5X3609,BAO MAT HTHONG THONG TIN,CO,,4,90,45,0,45,0,0,0,LECTURE,,GENERAL,1.0
5X4602,CAU TRUC MAY TINH,CO,,4,90,45,0,45,0,0,0,LECTURE,,GENERAL,1.0
5X6601,MANG MAY TINH CAN BAN,CO,,4,90,45,0,40,0,5,0,LECTURE,,GENERAL,1.0
5X6603,QUAN TRI MANG,CO,,4,90,45,10,30,0,5,0,LECTURE,,GENERAL,1.0
5X6605,HE DIEU HANH,CO,,4,90,45,0,27,0,18,0,LECTURE,,GENERAL,1.0
5X6607,LAP TRINH MANG,CO,,4,90,45,0,45,0,0,0,LECTURE,,GENERAL,1.0
5X6609,AN NINH MANG,CO,,4,90,45,0,40,0,5,0,LECTURE,,GENERAL,1.0
600002,ANH VAN KY THUAT,60,,2,45,30,15,0,0,0,0,LECTURE,,GENERAL,1.0
600005,CHUYEN DE,60,,12,180,180,0,0,0,0,0,LECTURE,,GENERAL,1.0
600006,THUC TAP QT THIET BI,60,,0,120,0,4,116,0,0,0,LAB,,GENERAL,1.0
600010,TOI UU HOA & QHOACH TN,60,,2,45,30,15,0,0,0,0,LECTURE,,GENERAL,1.0
600031,QUA TRINH&THIET BI CN 1,60,,3,60,45,15,0,0,0,0,LECTURE,,GENERAL,1.0
600300,KY NANG GTIEP-NGANH NGHE,60,,2,45,30,15,0,0,0,0,LECTURE,,GENERAL,1.0
601001,TN CHUYEN DE DAU KHI,60,,2,60,0,0,60,0,0,0,LAB,,GENERAL,1.0
601002,AN TOAN QUA TRINH,60,,2,45,30,15,0,0,0,0,LECTURE,,GENERAL,1.0
601003,CONG NGHE LOC DAU,60,,2,45,30,15,0,0,0,0,LECTURE,,GENERAL,1.0
601004,CONG NGHE CHE BIEN KHI,60,,2,45,30,15,0,0,0,0,LECTURE,,GENERAL,1.0
601005,HOA HOC & HOA LY POLYME,60,,2,45,30,15,0,0,0,0,LECTURE,,GENERAL,1.0
601006,CAC SAN PHAM DAU KHI,60,,2,45,30,15,0,0,0,0,LECTURE,,GENERAL,1.0
601007,AN TOAN MT DK (TU CHON),60,,2,45,30,15,0,0,0,0,LECTURE,,GENERAL,1.0
601008,CO SO KY THUAT POLYMER,60,,2,45,30,15,0,0,0,0,LECTURE,,GENERAL,1.0
601009,"KT DUONG ONG,BE CHUA DAU",60,,2,45,30,15,0,0,0,0,LECTURE,,GENERAL,1.0
601010,C/BANG V/CHAT& CB NLUONG,60,,2,45,30,15,0,0,0,0,LECTURE,,GENERAL,1.0
601011,TONG HOP HUU CO HOA DAU,60,,2,45,30,15,0,0,0,0,LECTURE,,GENERAL,1.0
601012,CONG NGHE HOA DAU,60,,2,45,30,15,0,0,0,0,LECTURE,,GENERAL,1.0
601013,TIEU LUAN CNGANH DAU KHI,60,,2,30,0,30,0,0,0,0,PRACTICAL,,GENERAL,1.0
601014,LOC DAU& SAN PHAM DAU MO,60,,2,45,30,15,0,0,0,0,LECTURE,,GENERAL,1.0
601015,KT TINH TOAN TRONG CNDK,60,,2,45,30,15,0,0,0,0,LECTURE,,GENERAL,1.0
601016,XUC TAC CN TRG CB DAUKHI,60,,2,45,30,15,0,0,0,0,LECTURE,,GENERAL,1.0
601017,TB TRG CN C/BIEN DAU KHI,60,,2,45,30,15,0,0,0,0,LECTURE,,GENERAL,1.0
601018,NHIEN LIEU S/HOC&TAI TAO,60,,2,45,30,15,0,0,0,0,LECTURE,,GENERAL,1.0
601019,VAN HANH&TOIUU NM LOCDAU,60,,2,45,30,15,0,0,0,0,LECTURE,,GENERAL,1.0
601051,TK DUONG ONG & BE CHUA,60,,6,45,45,0,0,0,0,0,LECTURE,,GENERAL,1.0
601052,CAC SAN PHAM DAU KHI,60,,6,45,45,0,0,0,0,0,LECTURE,,GENERAL,1.0
601053,HOA HOC & HOA LY POLYMER,60,,6,45,45,0,0,0,0,0,LECTURE,,GENERAL,1.0
601054,TN P/TICH CAC SP DAU KHI,60,,4,30,0,0,30,0,0,0,LAB,,GENERAL,1.0
601055,CONG NGHE CHE BIEN KHI,60,,6,45,45,0,0,0,0,0,LECTURE,,GENERAL,1.0
601056,TONG HOP HUU CO & HOADAU,60,,4,45,45,0,0,0,0,0,LECTURE,,GENERAL,1.0
601057,CONG NGHE LOC DAU,60,,3,30,30,0,0,0,0,0,LECTURE,,GENERAL,1.0
601058,HOA HOC & HOA LY POLYMER,60,,3,30,30,0,0,0,0,0,LECTURE,,GENERAL,1.0
601059,CONG NGHE CHE BIEN KHI,60,,3,30,30,0,0,0,0,0,LECTURE,,GENERAL,1.0
601060,"KT DUONG ONG,BE CHUA DAU",60,,3,30,30,0,0,0,0,0,LECTURE,,GENERAL,1.0
601061,KT SAN XUAT CHAT DEO,60,,3,30,30,0,0,0,0,0,LECTURE,,GENERAL,1.0
601062,CAC SAN PHAM DAU KHI,60,,3,30,30,0,0,0,0,0,LECTURE,,GENERAL,1.0
601063,TN CHUYEN DE DAU KHI,60,,4,60,0,0,60,0,0,0,LAB,,GENERAL,1.0
601701,HOA HOC,60,,6,90,54,15,21,0,0,0,LECTURE,,GENERAL,1.0
601702,NGUYEN LY HOA CONGNGHIEP,60,,2,30,20,10,0,0,0,0,LECTURE,,GENERAL,1.0
601703,AN MON & CHONG AN MON(2A,60,,1,21,12,0,0,0,9,0,LECTURE,,GENERAL,1.0
601901,ANTOAN LD & MTRUONG DKHI,60,,2,30,30,0,0,0,0,0,LECTURE,,GENERAL,1.0
601902,CONG NGHE CHE BIEN KHI,60,,4,60,60,0,0,0,0,0,LECTURE,,GENERAL,1.0
602001,HOA KEO,60,,2,45,30,15,0,0,0,0,LECTURE,,GENERAL,1.0
602002,CAC PP PHAN TICH HIENDAI,60,,3,75,45,0,30,0,0,0,LECTURE,,GENERAL,1.0
602003,KY THUAT XUC TAC,60,,3,60,45,15,0,0,0,0,LECTURE,,GENERAL,1.0
602004,HOA HOC BE MAT,60,,2,45,30,15,0,0,0,0,LECTURE,,GENERAL,1.0
602005,DIEN HOA C/RAN&PIN NLIEU,60,,2,45,30,15,0,0,0,0,LECTURE,,GENERAL,1.0
602006,HOA HOC NANO,60,,2,45,30,15,0,0,0,0,LECTURE,,GENERAL,1.0
602007,HOA LY HOA KEO,60,,2,45,30,15,0,0,0,0,LECTURE,,GENERAL,1.0
602008,PHAN TICH KY THUAT,60,,2,45,30,15,0,0,0,0,LECTURE,,GENERAL,1.0
602009,TN PHAN TICH HOA HOC,60,,1,30,0,0,30,0,0,0,LAB,,GENERAL,1.0
602010,KY THUAT PHAN UNG DI THE,60,,2,30,30,0,0,0,0,0,LECTURE,,GENERAL,1.0
602011,HOA PHAN TICH,60,,2,45,30,15,0,0,0,0,LECTURE,,GENERAL,1.0
602012,THI NGHIEM HOA PHAN TICH,60,,2,60,0,0,60,0,0,0,LAB,,GENERAL,1.0
602013,HOA LY 1,60,,2,45,30,15,0,0,0,0,LECTURE,,GENERAL,1.0
602014,HOA LY 2,60,,3,60,45,15,0,0,0,0,LECTURE,,GENERAL,1.0
602015,THI NGHIEM HOA LY,60,,2,60,0,0,60,0,0,0,LAB,,GENERAL,1.0
602016,KY THUAT XUC TAC,60,,2,30,30,0,0,0,0,0,LECTURE,,GENERAL,1.0
602017,PHAN TICH HOA LY,60,,1,30,15,15,0,0,0,0,LECTURE,,GENERAL,1.0
602018,HOA LY KY THUAT,60,,3,75,45,15,15,0,0,0,LECTURE,,GENERAL,1.0
602019,TN HOA PHAN TICH A,60,,1,30,0,0,30,0,0,0,LAB,,GENERAL,1.0
602020,TN HOA PHAN TICH B,60,,1,30,0,0,30,0,0,0,LAB,,GENERAL,1.0
602021,HOA LY,60,,3,45,45,0,0,0,0,0,LECTURE,,GENERAL,1.0
602022,THI NGHIEM HOA PHAN TICH,60,,1,30,0,0,30,0,0,0,LAB,,GENERAL,1.0
602023,HOA PHAN TICH,60,,3,45,45,0,0,0,0,0,LECTURE,,GENERAL,1.0
602024,HOA KEO,60,,3,45,45,0,0,0,0,0,LECTURE,,GENERAL,1.0
602025,HOA PHAN TICH B,60,,2,45,30,15,0,0,0,0,LECTURE,,GENERAL,1.0
602026,HOA LY KY THUAT,60,,2,30,30,0,0,0,0,0,LECTURE,,GENERAL,1.0
602027,THI NGHIEM HOA LY A,60,,1,30,0,0,30,0,0,0,LAB,,GENERAL,1.0
602028,THI NGHIEM HOA LY B,60,,1,30,0,0,30,0,0,0,LAB,,GENERAL,1.0
602029,CAC PP PHAN TICH HOA LY,60,,2,45,30,15,0,0,0,0,LECTURE,,GENERAL,1.0
602030,AN MON & BAO VE VAT LIEU,MA,,2,45,30,15,0,0,0,0,LECTURE,,GENERAL,1.0
602031,LY HOA HOC CHAT RAN & UD,60,,2,45,30,15,0,0,0,0,LECTURE,,GENERAL,1.0
602032,NHIET DHBT NGHICH M.MONG,60,,2,45,30,15,0,0,0,0,LECTURE,,GENERAL,1.0
602033,HOA LY KY THUAT,60,,3,60,45,15,0,0,0,0,LECTURE,,GENERAL,1.0
602034,VAT LIEU HOC,60,,2,45,30,15,0,0,0,0,LECTURE,,GENERAL,1.0
602035,KY THUAT DIEN HOA,60,,2,45,30,15,0,0,0,0,LECTURE,,GENERAL,1.0
602036,TN XT DI THE - DIEN HOA,60,,2,60,0,0,60,0,0,0,LAB,,GENERAL,1.0
602037,XUC TAC DI THE,60,,2,45,30,15,0,0,0,0,LECTURE,,GENERAL,1.0
602038,HOA PHAN TICH,60,,4,60,60,0,0,0,0,0,LECTURE,,GENERAL,1.0
602039,HOA LY 2,60,,3,45,45,0,0,0,0,0,LECTURE,,GENERAL,1.0
602040,THI NGHIEM HOA LY (CDH),60,,3,45,0,0,45,0,0,0,LAB,,GENERAL,1.0
602041,TN HOA PHAN TICH (CDH),60,,3,45,0,0,45,0,0,0,LAB,,GENERAL,1.0
602042,VAT LIEU HOC (CDH),60,,3,45,45,0,0,0,0,0,LECTURE,,GENERAL,1.0
602043,HOA LY (CNVL),60,,3,60,45,0,15,0,0,0,LECTURE,,GENERAL,1.0
602044,THI NGHIEM XUC TAC,60,,2,60,0,0,60,0,0,0,LAB,,GENERAL,1.0
602045,TN KY THUAT DIEN HOA,60,,2,60,0,0,60,0,0,0,LAB,,GENERAL,1.0
602046,HOA LY KY THUAT,60,,2,45,30,15,0,0,0,0,LECTURE,,GENERAL,1.0
602047,LY - HOA HOC CHAT RAN,60,,2,45,30,15,0,0,0,0,LECTURE,,GENERAL,1.0
602048,HOA LY 2,60,,2,45,30,15,0,0,0,0,LECTURE,,GENERAL,1.0
602049,THI NGHIEM HOA LY KT,60,,1,30,0,0,30,0,0,0,LAB,,GENERAL,1.0
602050,XUC TAC UNG DUNG,60,,2,45,30,0,0,0,15,0,LECTURE,,GENERAL,1.0
602051,HOA LY 1,60,,4,30,30,0,0,0,0,0,LECTURE,,GENERAL,1.0
602052,P/TICH HOA HOC & HOA LY,60,,4,40,40,0,0,0,0,0,LECTURE,,GENERAL,1.0
602053,HOA LY 2,60,,4,30,30,0,0,0,0,0,LECTURE,,GENERAL,1.0
602054,HOA KEO,60,,2,20,20,0,0,0,0,0,LECTURE,,GENERAL,1.0
602055,THI NGHIEM HOA PHAN TICH,60,,6,45,0,0,45,0,0,0,LAB,,GENERAL,1.0
602056,THI NGHIEM HOA LY,60,,2,30,0,0,30,0,0,0,LAB,,GENERAL,1.0
602057,KY THUAT XUC TAC,60,,3,25,25,0,0,0,0,0,LECTURE,,GENERAL,1.0
602058,HOA LY KY THUAT,60,,3,30,30,0,0,0,0,0,LECTURE,,GENERAL,1.0
602059,HOA LY 1,60,,4,45,45,0,0,0,0,0,LECTURE,,GENERAL,1.0
602060,HOA LY 2,60,,4,45,40,5,0,0,1,0,LECTURE,,GENERAL,1.0
602061,HOA PHAN TICH,60,,4,45,45,0,0,0,0,0,LECTURE,,GENERAL,1.0
602062,VAT LIEU HOC,60,,3,30,30,0,0,0,0,0,LECTURE,,GENERAL,1.0
602063,THI NGHIEM HOA LY,60,,6,45,0,0,45,0,0,0,LAB,,GENERAL,1.0
602064,HOA LY 2,60,,0,60,60,0,0,0,0,0,LECTURE,,GENERAL,1.0
602065,KY THUAT XUC TAC,60,,3,30,30,0,0,0,0,0,LECTURE,,GENERAL,1.0
602066,THI NGHIEM HOA PHAN TICH,60,,2,30,0,0,30,0,0,0,LAB,,GENERAL,1.0
602067,CAC PP PTICH HIENDAI (TH,60,,0,30,0,0,30,0,0,0,LAB,,GENERAL,1.0
6020B1,HOA PHAN TICH,60,,2,45,30,15,0,0,0,0,LECTURE,,GENERAL,1.0
6020B3,HOA LY 1,60,,2,45,30,15,0,0,0,0,LECTURE,,GENERAL,1.0
602101,TN CAC PP PHANTICH HOALY,60,,1,15,0,0,15,0,0,0,LAB,,GENERAL,1.0
602102,LY-HOA HOC CRAN& UDUNG A,60,,3,60,45,15,0,0,0,0,LECTURE,,GENERAL,1.0
602103,BUC XA VA UNG DUNG,60,,2,45,30,15,0,0,0,0,LECTURE,,GENERAL,1.0
602104,HOA LY CHUYEN NGANH,60,,2,45,30,15,0,0,0,0,LECTURE,,GENERAL,1.0
602105,TIEU LUAN CNGANH HOA LY,60,,2,55,45,0,10,0,0,0,LECTURE,,GENERAL,1.0
602106,TN CAC PP P/TICH HOA LY,60,,2,60,0,0,60,0,0,0,LAB,,GENERAL,1.0
602107,THI NGHIEM HOA PHAN TICH,60,,1,30,0,0,30,0,0,0,LAB,,GENERAL,1.0
602901,BE MAT TIEP XUC PHA,60,,1,15,15,0,0,0,0,0,LECTURE,,GENERAL,1.0
602902,KT SX DIEN HOA &PP NC DH,60,,4,60,60,0,0,0,0,0,LECTURE,,GENERAL,1.0
602903,AN MON - BAO VE KIM LOAI,60,,2,30,30,0,0,0,0,0,LECTURE,,GENERAL,1.0
602B07,HOA LY HOA KEO,60,,0,45,30,15,0,0,0,0,LECTURE,,GENERAL,1.0
603001,DINH DUONG,60,,2,30,30,0,0,0,0,0,LECTURE,,GENERAL,1.0
603003,C/NGHE CHE BIEN THUY SAN,60,,2,30,30,0,0,0,0,0,LECTURE,,GENERAL,1.0
603004,CONG NGHE CHE BIEN THIT,60,,2,30,30,0,0,0,0,0,LECTURE,,GENERAL,1.0
603005,AN TOAN THUC PHAM,60,,2,30,30,0,0,0,0,0,LECTURE,,GENERAL,1.0
603006,CONG NGHE SAU THU HOACH,60,,2,30,30,0,0,0,0,0,LECTURE,,GENERAL,1.0
603007,VI SINH THUC PHAM,60,,3,60,30,30,0,0,0,0,LECTURE,,GENERAL,1.0
603008,LUAT THUC PHAM,60,,2,30,30,0,0,0,0,0,LECTURE,,GENERAL,1.0
603009,MARKETING THUC PHAM,60,,2,45,30,15,0,0,0,0,LECTURE,,GENERAL,1.0
603010,PHAT TRIEN SP THUC PHAM,60,,2,30,30,0,0,0,0,0,LECTURE,,GENERAL,1.0
603011,KT CHE BIEN RAU QUA,60,,2,30,30,0,0,0,0,0,LECTURE,,GENERAL,1.0
603012,KTKT C/BIENDAU BEO-DUONG,60,,2,30,30,0,0,0,0,0,LECTURE,,GENERAL,1.0
603013,"KT CHE BIEN THIT,CA, SUA",60,,2,30,30,0,0,0,0,0,LECTURE,,GENERAL,1.0
603014,"KTCB TRA,CAFE,CACAO,T.LA",60,,2,30,30,0,0,0,0,0,LECTURE,,GENERAL,1.0
603015,QUAN LY CHAT LUONG SPHAM,60,,2,30,30,0,0,0,0,0,LECTURE,,GENERAL,1.0
603016,HOA SINH VI SINH CNGHIEP,60,,5,75,75,0,0,0,0,0,LECTURE,,GENERAL,1.0
603017,TN HOA SINH VI SINH CN,60,,2,60,0,0,60,0,0,0,LAB,,GENERAL,1.0
603018,KT THUC PHAM DAI CUONG,60,,4,60,60,0,0,0,0,0,LECTURE,,GENERAL,1.0
603019,AN TOAN LAO DONG,60,,2,30,30,0,0,0,0,0,LECTURE,,GENERAL,1.0
603020,CO SO T/KE NM HOA CHAT,60,,2,30,30,0,0,0,0,0,LECTURE,,GENERAL,1.0
603021,HOA SINH THUC PHAM,60,,2,45,30,15,0,0,0,0,LECTURE,,GENERAL,1.0
603022,THI NGHIEM HOA SINH TP,60,,2,60,0,0,60,0,0,0,LAB,,GENERAL,1.0
603023,VI SINH,60,,2,45,30,15,0,0,0,0,LECTURE,,GENERAL,1.0
603024,TN VI SINH VAT HOC TP,60,,2,60,0,0,60,0,0,0,LAB,,GENERAL,1.0
603025,KT THUC PHAM DAI CUONG,60,,2,45,30,15,0,0,0,0,LECTURE,,GENERAL,1.0
603026,CNGHE SINH HOC DAI CUONG,60,,2,45,30,15,0,0,0,0,LECTURE,,GENERAL,1.0
603027,CONG NGHE SINH HOC,60,,3,60,45,15,0,0,0,0,LECTURE,,GENERAL,1.0
603028,HOA SINH CONG NGHIEP,60,,3,75,45,30,0,0,0,0,LECTURE,,GENERAL,1.0
603029,VI SINH VAT HOC TPHAM,60,,2,45,30,15,0,0,0,0,LECTURE,,GENERAL,1.0
603030,CHAT PHU GIA & BAO BI TP,60,,2,45,30,15,0,0,0,0,LECTURE,,GENERAL,1.0
603031,CNGHE DUONG LUONG THUC,60,,2,45,30,15,0,0,0,0,LECTURE,,GENERAL,1.0
603032,DINH DUONG & VE SINH TP,60,,2,45,30,15,0,0,0,0,LECTURE,,GENERAL,1.0
603033,CN THUC PHAM 1(CN VS TP),60,,2,45,30,15,0,0,0,0,LECTURE,,GENERAL,1.0
603039,CONG NGHE SAN PHAM LT,60,,1,30,15,15,0,0,0,0,LECTURE,,GENERAL,1.0
603040,CHAT LUONG THUC PHAM,60,,1,30,15,15,0,0,0,0,LECTURE,,GENERAL,1.0
603041,BAO QUAN THUC PHAM,60,,2,45,30,15,0,0,0,0,LECTURE,,GENERAL,1.0
603042,LEN MEN THUC PHAM,60,,1,30,15,15,0,0,0,0,LECTURE,,GENERAL,1.0
603043,"CONG NGHE THIT, CA, SUA",60,,1,30,15,15,0,0,0,0,LECTURE,,GENERAL,1.0
603044,CONG NGHE RAU QUA,60,,1,30,15,15,0,0,0,0,LECTURE,,GENERAL,1.0
603045,"CNGHE TRA, CACAO, CAFE",60,,1,30,15,15,0,0,0,0,LECTURE,,GENERAL,1.0
603046,CONG NGHE DUONG MIA,60,,1,30,15,15,0,0,0,0,LECTURE,,GENERAL,1.0
603047,CNGHE DAU MO THUC PHAM,60,,1,30,15,15,0,0,0,0,LECTURE,,GENERAL,1.0
603048,KT QUAN LY CHAT LUONG TP,60,,2,60,30,14,16,0,0,0,LECTURE,,GENERAL,1.0
603049,CN THUC PHAM 2(DUONG LT),60,,2,45,30,15,0,0,0,0,LECTURE,,GENERAL,1.0
603051,CO SO THIET KE NHA MAY,60,,3,30,30,0,0,0,0,0,LECTURE,,GENERAL,1.0
603052,TN VI SINH CONG NGHIEP,60,,1,15,0,0,15,0,0,0,LAB,,GENERAL,1.0
603053,CHUYEN DE THUC PHAM 2,60,,6,45,45,0,0,0,0,0,LECTURE,,GENERAL,1.0
603054,VI SINH,60,,4,30,30,0,0,0,0,0,LECTURE,,GENERAL,1.0
603055,HOA SINH,60,,5,40,40,0,0,0,0,0,LECTURE,,GENERAL,1.0
603056,THI NGHIEM HOA SINH,60,,1,15,0,0,15,0,0,0,LAB,,GENERAL,1.0
603057,KT THUC PHAM DAI CUONG,60,,4,30,30,0,0,0,0,0,LECTURE,,GENERAL,1.0
603058,BAO QUAN & C.BIEN L/THUC,60,,2,20,20,0,0,0,0,0,LECTURE,,GENERAL,1.0
603059,KY THUAT LEN MEN,60,,2,20,20,0,0,0,0,0,LECTURE,,GENERAL,1.0
603060,CHAT PHU GIA THUC PHAM,60,,2,20,20,0,0,0,0,0,LECTURE,,GENERAL,1.0
603061,KTHUAT CHE BIEN RAU QUA,60,,2,20,20,0,0,0,0,0,LECTURE,,GENERAL,1.0
603062,"KT KT CB DAU AN, DUONG",60,,2,20,20,0,0,0,0,0,LECTURE,,GENERAL,1.0
603063,"KT C/BIEN THIT, CA, SUA",60,,2,20,20,0,0,0,0,0,LECTURE,,GENERAL,1.0
603064,"KT CB TRA,CAFE,TL,CACAO",60,,2,20,20,0,0,0,0,0,LECTURE,,GENERAL,1.0
603065,KY THUAT AN TOAN LAODONG,60,,3,25,25,0,0,0,0,0,LECTURE,,GENERAL,1.0
603066,T/CHUAN DL.CL SAN PHAM,60,,2,30,30,0,0,0,0,0,LECTURE,,GENERAL,1.0
603067,CO SO T/KE NM HOA CHAT,60,,2,30,30,0,0,0,0,0,LECTURE,,GENERAL,1.0
603068,AN TOAN LAO DONG,60,,2,30,30,0,0,0,0,0,LECTURE,,GENERAL,1.0
603069,"CN THUC PHAM 3(THIT,CA)",60,,2,45,30,15,0,0,0,0,LECTURE,,GENERAL,1.0
603070,"CN THUC PHAM 4(RAU,QUA)",60,,2,45,30,15,0,0,0,0,LECTURE,,GENERAL,1.0
603071,CN CHE BIEN LUONG THUC,60,,2,30,30,0,0,0,0,0,LECTURE,,GENERAL,1.0
603072,"CN BAO QUAN, CB RAU QUA",60,,2,30,30,0,0,0,0,0,LECTURE,,GENERAL,1.0
603073,"CN CHE BIEN THIT,THUYSAN",60,,2,30,30,0,0,0,0,0,LECTURE,,GENERAL,1.0
603074,CN CHE BIEN DAU MO TP,60,,2,45,30,15,0,0,0,0,LECTURE,,GENERAL,1.0
603075,"CN SX TRA, CAFE, CACAO",60,,2,45,30,15,0,0,0,0,LECTURE,,GENERAL,1.0
603076,"CNGHE SX CHAT MAU,MUI TP",60,,2,45,30,15,0,0,0,0,LECTURE,,GENERAL,1.0
603077,BAO BI & PHU GIA T/PHAM,60,,2,45,30,15,0,0,0,0,LECTURE,,GENERAL,1.0
603078,CN SX DUONG & BANH KEO,60,,2,30,30,0,0,0,0,0,LECTURE,,GENERAL,1.0
603079,THIET KE MAY &NHA MAY TP,60,,2,45,30,15,0,0,0,0,LECTURE,,GENERAL,1.0
603080,CN LEN MEN THUC PHAM,60,,2,45,30,15,0,0,0,0,LECTURE,,GENERAL,1.0
603081,CAC QT C/BIEN TRONG CNTP,60,,2,45,30,15,0,0,0,0,LECTURE,,GENERAL,1.0
603082,CN SAN XUAT DAU MO TPHAM,60,,2,30,30,0,0,0,0,0,LECTURE,,GENERAL,1.0
603083,"CN C/BIEN TRA,CAFE,CACAO",60,,2,30,30,0,0,0,0,0,LECTURE,,GENERAL,1.0
603101,HOA SINH THUC PHAM,60,,3,45,45,0,0,0,0,0,LECTURE,,GENERAL,1.0
603102,THI NGHIEM HOA SINH,60,,3,45,0,0,45,0,0,0,LAB,,GENERAL,1.0
603103,TN CONG NGHE THUC PHAM,60,,2,60,0,0,60,0,0,0,LAB,,GENERAL,1.0
603104,VI SINH THUC PHAM (CDH),60,,3,45,45,0,0,0,0,0,LECTURE,,GENERAL,1.0
603105,AN TOAN LD TRG MTR TPHAM,60,,2,30,30,0,0,0,0,0,LECTURE,,GENERAL,1.0
603106,CAC QTRINH CB TRONG CNTP,60,,6,90,45,45,0,0,0,0,LECTURE,,GENERAL,1.0
603107,TN VI SINH (CDH),60,,3,45,0,0,45,0,0,0,LAB,,GENERAL,1.0
603108,DINH DUONG & AN TOAN TP,60,,3,45,45,0,0,0,0,0,LECTURE,,GENERAL,1.0
603109,C/NGHE LUONG THUC (CDH),60,,2,30,30,0,0,0,0,0,LECTURE,,GENERAL,1.0
603110,"C/NGHE DUONG,BANH KEO(CD",60,,2,30,30,0,0,0,0,0,LECTURE,,GENERAL,1.0
603111,C/NGHE THIT CA (CDH),60,,2,30,30,0,0,0,0,0,LECTURE,,GENERAL,1.0
603112,C/NGHE LEN MEN (CDH),60,,2,30,30,0,0,0,0,0,LECTURE,,GENERAL,1.0
603113,C/NGHE RAU QUA (CDH),60,,2,30,30,0,0,0,0,0,LECTURE,,GENERAL,1.0
603114,"C/NGHE DAU MO, SUA (CDH)",60,,3,45,45,0,0,0,0,0,LECTURE,,GENERAL,1.0
603115,"C/NGHE TRA,CAFE,CCAO (CD",60,,2,30,30,0,0,0,0,0,LECTURE,,GENERAL,1.0
603116,C/NGHE BAOBI PGIA TP (CD,60,,2,30,30,0,0,0,0,0,LECTURE,,GENERAL,1.0
603117,QLY CH/LUONG TPHAM (CDH),60,,4,60,30,30,0,0,0,0,LECTURE,,GENERAL,1.0
603118,CONG NGHE SINH HOC,60,,2,45,30,15,0,0,0,0,LECTURE,,GENERAL,1.0
603119,KT & QTRI CHAT LUONG SP,60,,2,45,30,15,0,0,0,0,LECTURE,,GENERAL,1.0
603120,CNGHE SAU T/HOACH &BQ TP,60,,3,60,30,30,0,0,0,0,LECTURE,,GENERAL,1.0
603121,VAN HOA AM THUC VIET NAM,60,,1,15,15,0,0,0,0,0,LECTURE,,GENERAL,1.0
603122,ISO TRONG CN THUC PHAM,60,,1,15,15,0,0,0,0,0,LECTURE,,GENERAL,1.0
603123,LUAT KHOA HOC & CNGHE VN,60,,1,15,15,0,0,0,0,0,LECTURE,,GENERAL,1.0
603124,VANDE TPHAM BIEN DOI GEN,60,,1,15,15,0,0,0,0,0,LECTURE,,GENERAL,1.0
603125,TPHAM CHUC NANG (C/BENH),60,,1,15,15,0,0,0,0,0,LECTURE,,GENERAL,1.0
603126,HOA HOC THUC PHAM,60,,2,30,30,0,0,0,0,0,LECTURE,,GENERAL,1.0
603127,TN PHAN TICH THUC PHAM,60,,2,60,0,0,60,0,0,0,LAB,,GENERAL,1.0
603128,SINH HOC DAI CUONG,60,,2,30,30,0,0,0,0,0,LECTURE,,GENERAL,1.0
603129,CNGHE LEN MEN THUC PHAM,60,,3,60,30,30,0,0,0,0,LECTURE,,GENERAL,1.0
603130,CNGHE CHE BIEN THUC PHAM,60,,3,60,30,30,0,0,0,0,LECTURE,,GENERAL,1.0
603131,PHAN TICH CAM QUAN TPHAM,60,,2,30,30,0,0,0,0,0,LECTURE,,GENERAL,1.0
603132,TK MAY & N/MAY THUC PHAM,60,,3,60,30,30,0,0,0,0,LECTURE,,GENERAL,1.0
603133,TIN HOC TRONG CN T/PHAM,60,,2,45,15,30,0,0,0,0,LECTURE,,GENERAL,1.0
603134,PHAN TICH THUC PHAM,60,,2,30,30,0,0,0,0,0,LECTURE,,GENERAL,1.0
603135,TN CAM QUAN THUC PHAM,60,,1,30,0,0,30,0,0,0,LAB,,GENERAL,1.0
603137,CNSX SP TU SUA&THUC UONG,60,,2,30,30,0,0,0,0,0,LECTURE,,GENERAL,1.0
603138,"CN BAO BI, DONG GOI TP",60,,2,30,30,0,0,0,0,0,LECTURE,,GENERAL,1.0
603139,HOA SINH THUC PHAM,60,,2,30,30,0,0,0,0,0,LECTURE,,GENERAL,1.0
603140,VI SINH THUC PHAM,60,,2,30,30,0,0,0,0,0,LECTURE,,GENERAL,1.0
603143,DINH DUONG & AN TOAN TP,60,,2,30,30,0,0,0,0,0,LECTURE,,GENERAL,1.0
603145,TN QUA TRINH & TBI CNTP,60,,2,60,0,0,60,0,0,0,LAB,,GENERAL,1.0
603148,QUAN TRI CHAT LUONG TP,60,,2,30,30,0,0,0,0,0,LECTURE,,GENERAL,1.0
603151,HOA SINH CONG NGHIEP,60,,0,45,45,0,0,0,0,0,LECTURE,,GENERAL,1.0
603152,VI SINH CONG NGHIEP,60,,3,30,30,0,0,0,0,0,LECTURE,,GENERAL,1.0
603153,KT THUC PHAM DAI CUONG,60,,4,45,45,0,0,0,0,0,LECTURE,,GENERAL,1.0
603154,TN HOA SINH & VI SINH,60,,4,60,0,0,60,0,0,0,LAB,,GENERAL,1.0
603155,HOA SINH CONG NGHIEP,60,,3,30,30,0,0,0,0,0,LECTURE,,GENERAL,1.0
603156,CONG NGHE LEN MEN THPHAM,60,,3,30,30,0,0,0,0,0,LECTURE,,GENERAL,1.0
603157,CN BQUAN &CHE BIEN LTHUC,60,,3,30,30,0,0,0,0,0,LECTURE,,GENERAL,1.0
603158,KT & QUANTRI CHLUONG THP,60,,3,30,30,0,0,0,0,0,LECTURE,,GENERAL,1.0
603159,AN TOAN LAO DONG,60,,4,45,45,0,0,0,0,0,LECTURE,,GENERAL,1.0
603160,"CN CHE BIEN THIT, CA",60,,3,30,30,0,0,0,0,0,LECTURE,,GENERAL,1.0
603161,CN CHE BIEN RAU QUA,60,,3,30,30,0,0,0,0,0,LECTURE,,GENERAL,1.0
603162,CN SX DUONG & BANH KEO,60,,3,30,30,0,0,0,0,0,LECTURE,,GENERAL,1.0
603901,KT CHE BIEN DAU - DUONG,60,,3,45,45,0,0,0,0,0,LECTURE,,GENERAL,1.0
603902,P/PHAP CAM QUAN THUCPHAM,60,,2,30,30,0,0,0,0,0,LECTURE,,GENERAL,1.0
603903,CNGHE CHE BIEN RAU QUA,60,,2,30,30,0,0,0,0,0,LECTURE,,GENERAL,1.0
603904,CNGHE CHE BIEN THIT CA,60,,2,30,30,0,0,0,0,0,LECTURE,,GENERAL,1.0
603905,CN CHE BIEN & BQ L/THUC,60,,2,30,30,0,0,0,0,0,LECTURE,,GENERAL,1.0
603906,KT SU DUNG PHU GIA TPHAM,60,,2,30,30,0,0,0,0,0,LECTURE,,GENERAL,1.0
603907,"CN C/BIEN TRA,CAFE,CACAO",60,,2,30,30,0,0,0,0,0,LECTURE,,GENERAL,1.0
603908,CNGHE LEN MEN THUC PHAM,60,,2,30,30,0,0,0,0,0,LECTURE,,GENERAL,1.0
604001,HOA HOC DAI CUONG A,60,,3,60,52,8,0,0,0,0,LECTURE,,GENERAL,1.0
604002,HOA HOC DAI CUONG B,60,,2,45,30,15,0,0,0,0,LECTURE,,GENERAL,1.0
604003,THI NGHIEM HOA DAI CUONG,60,,1,30,0,0,30,0,0,0,LAB,,GENERAL,1.0
604004,CAC PP VLY NGCUU CHATRAN,60,,2,45,30,15,0,0,0,0,LECTURE,,GENERAL,1.0
604005,HH CAC HOP CHAT PHOI TRI,60,,2,45,30,15,0,0,0,0,LECTURE,,GENERAL,1.0
604007,THI NGHIEM HOA VO CO,60,,2,60,0,0,60,0,0,0,LAB,,GENERAL,1.0
604008,HOA DAI CUONG,60,,2,45,30,15,0,0,0,0,LECTURE,,GENERAL,1.0
604009,HOA VO CO,60,,2,45,30,15,0,0,0,0,LECTURE,,GENERAL,1.0
604010,THI NGHIEM HOA DAI CUONG,60,,2,60,0,0,60,0,0,0,LAB,,GENERAL,1.0
604011,THI NGHIEM HOA VO CO,60,,2,60,0,0,60,0,0,0,LAB,,GENERAL,1.0
604012,GIAN DO PHA,60,,1,30,15,15,0,0,0,0,LECTURE,,GENERAL,1.0
604013,KT XAY LO CN SILICAT,60,,2,45,30,15,0,0,0,0,LECTURE,,GENERAL,1.0
604014,VAT LIEU CHIU LUA,60,,1,30,15,15,0,0,0,0,LECTURE,,GENERAL,1.0
604015,KY THUAT GOM SU,60,,1,30,15,15,0,0,0,0,LECTURE,,GENERAL,1.0
604016,KY THUAT THUY TINH,60,,1,30,15,15,0,0,0,0,LECTURE,,GENERAL,1.0
604017,CHAT KET DINH VO CO,60,,1,30,15,15,0,0,0,0,LECTURE,,GENERAL,1.0
604018,NGUYEN LY LO,60,,1,30,15,15,0,0,0,0,LECTURE,,GENERAL,1.0
604019,HOA LY SILICAT,60,,2,45,30,15,0,0,0,0,LECTURE,,GENERAL,1.0
604020,KT SILICAT DAI CUONG,60,,1,30,15,15,0,0,0,0,LECTURE,,GENERAL,1.0
604021,VAT LIEU HOC,60,,3,45,45,0,0,0,0,0,LECTURE,,GENERAL,1.0
604022,HOA HOC DAI CUONG A,60,,5,75,45,0,0,0,0,0,LECTURE,,GENERAL,1.0
604023,KTXL BATHAIQUANG BAUXITE,60,,2,45,30,15,0,0,0,0,LECTURE,,GENERAL,1.0
604024,GACH CHIU LUA,60,,1,30,15,15,0,0,0,0,LECTURE,,GENERAL,1.0
604025,"BE MAT TIEP XUC, PC PHA",60,,1,30,15,15,0,0,0,0,LECTURE,,GENERAL,1.0
604026,KY THUAT DIEN HOA,60,,1,30,15,15,0,0,0,0,LECTURE,,GENERAL,1.0
604027,P/PHAP NGHIEN CUU DH,60,,1,30,15,15,0,0,0,0,LECTURE,,GENERAL,1.0
604028,C/NGHE HOP CHAT VO CO,60,,1,30,15,15,0,0,0,0,LECTURE,,GENERAL,1.0
604029,THI NGHIEM CHUYEN DE,60,,1,30,15,15,0,0,0,0,LECTURE,,GENERAL,1.0
604030,CONG NGHE HOP CHAT VO CO,60,,1,30,15,15,0,0,0,0,LECTURE,,GENERAL,1.0
604031,HOA DAI CUONG VO CO,60,,2,30,30,0,0,0,0,0,LECTURE,,GENERAL,1.0
604032,KY THUAT DIEN HOA,60,,2,30,30,0,0,0,0,0,LECTURE,,GENERAL,1.0
604033,KT S/XUAT CAC CHAT VO CO,60,,2,30,30,0,0,0,0,0,LECTURE,,GENERAL,1.0
604034,HIENTUONG BEMAT TXUC PHA,60,,2,30,30,0,0,0,0,0,LECTURE,,GENERAL,1.0
604035,T/NGHIEM HOA DAI CUONG A,60,,2,45,0,0,45,0,0,0,LAB,,GENERAL,1.0
604036,VAT LIEU HOC,60,,2,45,30,15,0,0,0,0,LECTURE,,GENERAL,1.0
604037,KY THUAT DIEN HOA,60,,1,30,15,15,0,0,0,0,LECTURE,,GENERAL,1.0
604038,GIAN DO PHA,60,,2,45,30,15,0,0,0,0,LECTURE,,GENERAL,1.0
604039,HOA VO CO (CDH),60,,3,45,45,0,0,0,0,0,LECTURE,,GENERAL,1.0
604040,HOA DAI CUONG (CD),60,,5,75,60,15,0,0,0,0,LECTURE,,GENERAL,1.0
604041,TN HOA DAI CUONG (CD),60,,1,30,0,0,30,0,0,0,LAB,,GENERAL,1.0
604042,HOA DAI CUONG (CDH),60,,3,45,45,0,0,0,0,0,LECTURE,,GENERAL,1.0
604043,TN HOA VO CO (CDH),60,,2,45,0,0,45,0,0,0,LAB,,GENERAL,1.0
604044,HOA DAI CUONG (DL),60,,4,60,60,0,0,0,0,0,LECTURE,,GENERAL,1.0
604045,HOA DAI CUONG,60,,3,60,45,15,0,0,0,0,LECTURE,,GENERAL,1.0
604046,THI NGHIEM HOA DAI CUONG,60,,1,30,0,0,30,0,0,0,LAB,,GENERAL,1.0
604047,BAI TAP HOA DAI CUONG,60,,0,15,0,15,0,0,0,0,PRACTICAL,,GENERAL,1.0
604048,BAI TAP HOA DAI CUONG A,60,,0,8,0,8,0,0,0,0,PRACTICAL,,GENERAL,1.0
604051,HOA DAI CUONG,60,,5,45,45,0,0,0,0,0,LECTURE,,GENERAL,1.0
604052,HOA VO CO,60,,3,30,30,0,0,0,0,0,LECTURE,,GENERAL,1.0
604053,THI NGHIEM HOA CO BAN,60,,3,45,0,0,45,0,0,0,LAB,,GENERAL,1.0
604054,KY THUAT CAC CHAT NPS,60,,4,30,30,0,0,0,0,0,LECTURE,,GENERAL,1.0
604055,KY THUAT DIEN HOA,60,,3,25,25,0,0,0,0,0,LECTURE,,GENERAL,1.0
604056,HOA DAI CUONG,60,,3,30,30,0,0,0,0,0,LECTURE,,GENERAL,1.0
604057,VAT LIEU HOC,60,,3,30,30,0,0,0,0,0,LECTURE,,GENERAL,1.0
604058,TN HOA DAI CUONG VO CO 1,60,,1,30,0,0,30,0,0,0,LAB,,GENERAL,1.0
604059,TN HOA VO CO,60,,2,60,0,0,60,0,0,0,LAB,,GENERAL,1.0
604060,TN HOA DAI CUONG 1,60,,0,15,0,0,15,0,0,0,LAB,,GENERAL,1.0
604061,HOA DAI CUONG,60,,4,525,525,0,0,0,0,0,LECTURE,,GENERAL,1.0
604062,HOA DAI CUONG,60,,5,60,60,0,0,0,0,0,LECTURE,,GENERAL,1.0
6040B2,HOA HOC DAI CUONG B,60,,0,45,30,15,0,0,0,0,LECTURE,,GENERAL,1.0
604101,TN CHUYEN NGANH VO CO,60,,2,60,0,0,60,0,0,0,LAB,,GENERAL,1.0
604102,CN SX MUOI AN TU NC BIEN,60,,2,45,30,15,0,0,0,0,LECTURE,,GENERAL,1.0
604103,CONG NGHE BOXIT,60,,2,45,30,15,0,0,0,0,LECTURE,,GENERAL,1.0
604104,CN SX CAC CHAT MAU VO CO,60,,2,45,30,15,0,0,0,0,LECTURE,,GENERAL,1.0
604105,CN XLY CHAT THAI CNGHIEP,60,,2,45,30,15,0,0,0,0,LECTURE,,GENERAL,1.0
604106,TIEU LUAN CNGANH VO CO,60,,2,30,0,30,0,0,0,0,PRACTICAL,,GENERAL,1.0
604151,TN HOA VO CO,60,,6,45,0,0,45,0,0,0,LAB,,GENERAL,1.0
604152,TN HOA VO CO DAI CUONG,60,,3,45,0,0,45,0,0,0,LAB,,GENERAL,1.0
604153,CN SX CAC CHAT VO CO,60,,3,30,30,0,0,0,0,0,LECTURE,,GENERAL,1.0
604402,GENERAL CHEMISTRY 1,60,,3,60,45,15,0,0,0,0,LECTURE,,GENERAL,1.0
604601,HOA DAI CUONG,60,,2,45,30,15,0,0,0,0,LECTURE,,GENERAL,1.0
604701,BT HOA HOC DAI CUONG A,60,,0,30,0,30,0,0,0,0,PRACTICAL,,GENERAL,1.0
604801,HOA DAI CUONG B,60,,2,45,45,0,0,0,0,0,LECTURE,,GENERAL,1.0
604802,HOA HOC DAI CUONG B,60,,2,45,30,15,0,0,0,0,LECTURE,,GENERAL,1.0
604901,GIAN DO PHA,60,,3,45,45,0,0,0,0,0,LECTURE,,GENERAL,1.0
604902,KY THUAT DIEN HOA,60,,2,30,30,0,0,0,0,0,LECTURE,,GENERAL,1.0
604903,KY THUAT VO CO,60,,2,30,30,0,0,0,0,0,LECTURE,,GENERAL,1.0
604904,KY THUAT SILICAT,60,,2,30,30,0,0,0,0,0,LECTURE,,GENERAL,1.0
604905,NGUYEN LY LO,60,,2,30,30,0,0,0,0,0,LECTURE,,GENERAL,1.0
604906,PHAN UNG TRONG PHA RAN,60,,1,15,15,0,0,0,0,0,LECTURE,,GENERAL,1.0
604907,VAT LIEU CHIU LUA,60,,2,30,30,0,0,0,0,0,LECTURE,,GENERAL,1.0
604908,CN SX HOP CHAT VO CO,60,,2,30,30,0,0,0,0,0,LECTURE,,GENERAL,1.0
604909,THI NGHIEM CHUYEN DE,60,,0,30,0,0,30,0,0,0,LAB,,GENERAL,1.0
604910,CHUYEN DE VO CO,60,,0,30,30,0,0,0,0,0,LECTURE,,GENERAL,1.0
604911,BE MAT TIEP XUC PHASE,60,,0,30,30,0,0,0,0,0,LECTURE,,GENERAL,1.0
604912,PHUONG PHAP NC,60,,0,15,15,0,0,0,0,0,LECTURE,,GENERAL,1.0
605001,UD TIN HOC TRONG CNHH&TP,60,,2,45,30,15,0,0,0,0,LECTURE,,GENERAL,1.0
605002,MO PHONG & TOI UU HOA,60,,3,60,45,15,0,0,0,0,LECTURE,,GENERAL,1.0
605003,CO SO CH/DOI KICH THUOC,60,,2,45,30,15,0,0,0,0,LECTURE,,GENERAL,1.0
605004,PP SO TRONG C/NGHE H/HOC,60,,2,45,30,15,0,0,0,0,LECTURE,,GENERAL,1.0
605005,LY THUYET TRUYEN KHOI,60,,2,30,30,0,0,0,0,0,LECTURE,,GENERAL,1.0
605006,KY THUAT SAY - LAM AM,60,,2,30,30,0,0,0,0,0,LECTURE,,GENERAL,1.0
605007,KT CHUNG CAT PHAN DOAN,60,,2,45,30,15,0,0,0,0,LECTURE,,GENERAL,1.0
605008,HAP THU - TRICH LY,60,,2,30,30,0,0,0,0,0,LECTURE,,GENERAL,1.0
605009,SAY CHE BIEN THUC PHAM,60,,2,30,30,0,0,0,0,0,LECTURE,,GENERAL,1.0
605010,KT PHAN UNG DONG THE,60,,2,30,30,0,0,0,0,0,LECTURE,,GENERAL,1.0
605011,TN QUA TRINH & THIET BI,60,,3,75,0,0,75,0,0,0,LAB,,GENERAL,1.0
605013,KY THUAT LANH THUC PHAM,60,,2,30,30,0,0,0,0,0,LECTURE,,GENERAL,1.0
605014,MAY LANH VA TRAM LANH,60,,2,30,30,0,0,0,0,0,LECTURE,,GENERAL,1.0
605015,KY THUAT PHAN RIENG,60,,2,30,30,0,0,0,0,0,LECTURE,,GENERAL,1.0
605016,CHUNG CAT DA CAU TU,60,,2,30,30,0,0,0,0,0,LECTURE,,GENERAL,1.0
605017,CO LUU CHAT PHI NEWTON,60,,2,30,30,0,0,0,0,0,LECTURE,,GENERAL,1.0
605018,LO DOT CONG NGHIEP,60,,2,30,30,0,0,0,0,0,LECTURE,,GENERAL,1.0
605019,KY THUAT LANH,60,,2,30,30,0,0,0,0,0,LECTURE,,GENERAL,1.0
605020,VAN CHUYEN VAT LIEU ROI,60,,2,30,30,0,0,0,0,0,LECTURE,,GENERAL,1.0
605021,CO SO T/KE MAY HOA CHAT,60,,3,45,45,0,0,0,0,0,LECTURE,,GENERAL,1.0
605022,THIET BI TRUYEN NHIET,60,,3,45,35,10,0,0,0,0,LECTURE,,GENERAL,1.0
605023,KY THUAT LOC VA HOA DAU,60,,2,30,30,0,0,0,0,0,LECTURE,,GENERAL,1.0
605024,THIET BI NGANH DAU KHI,60,,2,30,30,0,0,0,0,0,LECTURE,,GENERAL,1.0
605025,THIET BI TRUYEN KHOI,60,,6,90,75,15,0,0,0,0,LECTURE,,GENERAL,1.0
605026,THIET BI PHAN UNG,60,,4,60,45,15,0,0,0,0,LECTURE,,GENERAL,1.0
605027,TN QUA TRINH & THIET BI,60,,2,60,0,0,60,0,0,0,LAB,,GENERAL,1.0
605029,THIET BI TRUYEN NHIET,60,,2,45,30,15,0,0,0,0,LECTURE,,GENERAL,1.0
605030,THIET KE-CHE TAO MAY HOA,60,,3,60,45,15,0,0,0,0,LECTURE,,GENERAL,1.0
605031,CAC QUA TRINH CO HOC A,60,,3,60,45,15,0,0,0,0,LECTURE,,GENERAL,1.0
605032,MO HINH HOA QT,60,,1,30,15,15,0,0,0,0,LECTURE,,GENERAL,1.0
605033,TK HE THONG DK,60,,1,30,15,15,0,0,0,0,LECTURE,,GENERAL,1.0
605034,KT VAN HANH THIET BI,60,,1,30,15,15,0,0,0,0,LECTURE,,GENERAL,1.0
605035,XU LY CHAT THAI C/NGHIEP,60,,2,45,30,15,0,0,0,0,LECTURE,,GENERAL,1.0
605036,KY THUAT SONG,60,,1,30,15,15,0,0,0,0,LECTURE,,GENERAL,1.0
605037,KY THUAT PHAN UNG,60,,2,45,30,15,0,0,0,0,LECTURE,,GENERAL,1.0
605038,TN QUA TRINH THIET BI,60,,2,60,0,0,60,0,0,0,LAB,,GENERAL,1.0
605039,KY THUAT PHAN RIENG,60,,3,60,45,15,0,0,0,0,LECTURE,,GENERAL,1.0
605041,CHUNG CAT DA CAU TU,60,,2,45,30,15,0,0,0,0,LECTURE,,GENERAL,1.0
605042,THI NGHIEM CHUYEN DE,60,,1,30,15,15,0,0,0,0,LECTURE,,GENERAL,1.0
605043,CHUNG CAT DA CAU TU,60,,1,30,15,15,0,0,0,0,LECTURE,,GENERAL,1.0
605044,KY THUAT LANH,60,,1,30,15,15,0,0,0,0,LECTURE,,GENERAL,1.0
605045,TIN HOC TRONG HH & CNHH,60,,2,45,30,15,0,0,0,0,LECTURE,,GENERAL,1.0
605046,CO SO THIET KE NHA MAY,60,,2,45,30,15,0,0,0,0,LECTURE,,GENERAL,1.0
605048,KY THUAT CHAN KHONG,60,,1,30,15,15,0,0,0,0,LECTURE,,GENERAL,1.0
605049,LY THUYET TRUYEN VAN,60,,1,30,15,15,0,0,0,0,LECTURE,,GENERAL,1.0
605050,MO HINH HOA & DK Q/TRINH,60,,2,45,30,15,0,0,0,0,LECTURE,,GENERAL,1.0
605051,CAC QUA TRINH CO HOC,60,,6,45,45,0,0,0,0,0,LECTURE,,GENERAL,1.0
605052,TRUYEN NHIET,60,,4,45,45,0,0,0,0,0,LECTURE,,GENERAL,1.0
605053,TRUYEN KHOI,60,,6,45,45,0,0,0,0,0,LECTURE,,GENERAL,1.0
605054,KY THUAT PHAN UNG,60,,4,30,30,0,0,0,0,0,LECTURE,,GENERAL,1.0
605055,TN QUA TRINH & THIET BI,60,,3,40,0,0,40,0,0,0,LAB,,GENERAL,1.0
605057,KY THUAT LANH THUC PHAM,60,,2,20,20,0,0,0,0,0,LECTURE,,GENERAL,1.0
605058,KY THUAT SAY,60,,4,30,30,0,0,0,0,0,LECTURE,,GENERAL,1.0
605059,MAY LANH,60,,3,25,25,0,0,0,0,0,LECTURE,,GENERAL,1.0
605060,LY THUYET TRUYEN VAN,60,,2,45,30,15,0,0,0,0,LECTURE,,GENERAL,1.0
605061,KT CHUNG CAT DA CAU TU,60,,2,45,30,15,0,0,0,0,LECTURE,,GENERAL,1.0
605062,KT PHAN UNG DI THE,60,,2,45,30,15,0,0,0,0,LECTURE,,GENERAL,1.0
605063,KY THUAT LANH,60,,2,45,30,15,0,0,0,0,LECTURE,,GENERAL,1.0
605064,CO HOC LC PHI NEWTON,60,,2,45,30,15,0,0,0,0,LECTURE,,GENERAL,1.0
605065,DUNG CU DO,60,,2,45,30,15,0,0,0,0,LECTURE,,GENERAL,1.0
605066,KY THUAT CHAN KHONG,60,,2,45,30,15,0,0,0,0,LECTURE,,GENERAL,1.0
605067,TRUYEN KHOI A,60,,3,60,45,15,0,0,0,0,LECTURE,,GENERAL,1.0
605068,KY THUAT MOI TRUONG,60,,2,45,30,15,0,0,0,0,LECTURE,,GENERAL,1.0
605069,CSTKE MAY & T/BI HOA HOC,60,,2,45,30,15,0,0,0,0,LECTURE,,GENERAL,1.0
605070,CN TRICH CHIET &TINH CHE,60,,2,45,30,15,0,0,0,0,LECTURE,,GENERAL,1.0
605071,CONG NGHE HAT BOT,60,,2,45,30,15,0,0,0,0,LECTURE,,GENERAL,1.0
605072,SX DUOC PHAM & DONG GOI,60,,2,45,30,15,0,0,0,0,LECTURE,,GENERAL,1.0
605073,D/K Q/TR TRG CN HOA DUOC,60,,2,45,30,15,0,0,0,0,LECTURE,,GENERAL,1.0
605074,TN C/NGANH CN SX D/PHAM,60,,2,60,0,0,60,0,0,0,LAB,,GENERAL,1.0
605101,THIET BI CO LUU CHAT,60,,3,45,45,0,0,0,0,0,LECTURE,,GENERAL,1.0
605102,CO SO TH/KE NHA MAY TP,60,,2,30,30,0,0,0,0,0,LECTURE,,GENERAL,1.0
605103,KY THUAT PHAN UNG (CD),60,,2,30,30,0,0,0,0,0,LECTURE,,GENERAL,1.0
605105,TRUYEN NHIET A,60,,3,60,45,15,0,0,0,0,LECTURE,,GENERAL,1.0
605106,MO HINH HOA & TOI UU HOA,60,,2,45,30,15,0,0,0,0,LECTURE,,GENERAL,1.0
605108,KY THUAT DO & DIEU KHIEN,60,,2,45,30,15,0,0,0,0,LECTURE,,GENERAL,1.0
605110,LY THUYET CHUYEN QUI MO,60,,2,45,30,15,0,0,0,0,LECTURE,,GENERAL,1.0
605111,KY THUAT KET TINH,60,,2,45,30,15,0,0,0,0,LECTURE,,GENERAL,1.0
605112,D/KHIEN TOI UU TRG CNHH,60,,2,45,30,15,0,0,0,0,LECTURE,,GENERAL,1.0
605113,CAC QUA TRINH CO HOC B,60,,2,45,30,15,0,0,0,0,LECTURE,,GENERAL,1.0
605114,TRUYEN KHOI B,60,,2,45,30,15,0,0,0,0,LECTURE,,GENERAL,1.0
605115,TRUYEN NHIET B,60,,2,45,30,15,0,0,0,0,LECTURE,,GENERAL,1.0
605116,TN CNGANH QUA TRINH &TBI,60,,2,60,0,0,60,0,0,0,LAB,,GENERAL,1.0
605117,UD TINHOC TRG CN HOA HOC,60,,3,60,45,0,15,0,0,0,LECTURE,,GENERAL,1.0
605118,DIEU KHIEN QUA TRINH,60,,3,60,45,15,0,0,0,0,LECTURE,,GENERAL,1.0
605151,TN QUA TRINH & THIET BI,60,,4,30,0,0,30,0,0,0,LAB,,GENERAL,1.0
605152,TT QUA TRINH & THIET BI,60,,8,60,0,0,60,0,0,0,LAB,,GENERAL,1.0
605153,THIET BI DO LUONG,60,,8,60,60,0,0,0,0,0,LECTURE,,GENERAL,1.0
605155,TRUYEN KHOI,60,,5,60,60,0,0,0,0,0,LECTURE,,GENERAL,1.0
605156,UNG DUNG VI TINH TRG HH,60,,2,30,30,0,0,0,0,0,LECTURE,,GENERAL,1.0
605157,KY THUAT PHAN UNG,60,,4,45,45,0,0,0,0,0,LECTURE,,GENERAL,1.0
605158,TN QUA TRINH & THIET BI,60,,3,45,0,0,45,0,0,0,LAB,,GENERAL,1.0
605159,THIET KE CHE TAO MAY HOA,60,,4,45,45,0,0,0,0,0,LECTURE,,GENERAL,1.0
605160,CAC QUA TRINH CO HOC,60,,6,75,75,0,0,0,0,0,LECTURE,,GENERAL,1.0
605162,XU LY MOI TRUONG,60,,3,30,30,0,0,0,0,0,LECTURE,,GENERAL,1.0
605163,KY THUAT NHIET,60,,4,45,45,0,0,0,0,0,LECTURE,,GENERAL,1.0
605164,TIN HOC TRG CNHHOC & TP,60,,5,60,45,0,15,0,0,0,LECTURE,,GENERAL,1.0
605165,CHUNG CAT DA CAU TU,60,,4,45,45,0,0,0,0,0,LECTURE,,GENERAL,1.0
605166,KY THUAT DO & DIEU KHIEN,60,,3,30,30,0,0,0,0,0,LECTURE,,GENERAL,1.0
605167,TT QUA TRINH & THIET BI,60,,3,45,0,0,45,0,0,0,LAB,,GENERAL,1.0
605901,LY THUYET TRUYEN VAN,60,,2,30,30,0,0,0,0,0,LECTURE,,GENERAL,1.0
605902,KY THUAT LANH THUC PHAM,60,,2,30,30,0,0,0,0,0,LECTURE,,GENERAL,1.0
605903,CHUNG CAT DA CAU TU,60,,2,30,30,0,0,0,0,0,LECTURE,,GENERAL,1.0
605904,"MAY LANH, TRAM LANH",60,,2,30,30,0,0,0,0,0,LECTURE,,GENERAL,1.0
605905,CO HOC C/LONG PHI NEWTON,60,,2,30,30,0,0,0,0,0,LECTURE,,GENERAL,1.0
605906,MO HINH HOA QUA TRINH,60,,2,30,30,0,0,0,0,0,LECTURE,,GENERAL,1.0
605907,KY THUAT PHAN UNG DI THE,60,,2,30,30,0,0,0,0,0,LECTURE,,GENERAL,1.0
605908,TIN HOC TRONG HOA HOC,60,,3,45,45,0,0,0,0,0,LECTURE,,GENERAL,1.0
605909,KY THUAT CHAN KHONG,60,,2,30,30,0,0,0,0,0,LECTURE,,GENERAL,1.0
605910,DUNG CU DO,60,,2,30,30,0,0,0,0,0,LECTURE,,GENERAL,1.0
606001,HOA HOC XANH,60,,2,45,30,15,0,0,0,0,LECTURE,,GENERAL,1.0
606002,HOA DI VONG TH HOA DUOC,60,,2,45,30,15,0,0,0,0,LECTURE,,GENERAL,1.0
606003,THI NGHIEM HOA HUU CO B,60,,1,30,0,0,30,0,0,0,LAB,,GENERAL,1.0
606004,CO SO TONG HOP HOA DUOC,60,,2,45,30,15,0,0,0,0,LECTURE,,GENERAL,1.0
606005,CONG NGHE HOA MY PHAM,60,,2,45,30,15,0,0,0,0,LECTURE,,GENERAL,1.0
606006,C/NGHE CHAT MAU TU NHIEN,60,,2,45,30,15,0,0,0,0,LECTURE,,GENERAL,1.0
606007,HH CAC SP KHANG OXY HOA,60,,2,45,30,15,0,0,0,0,LECTURE,,GENERAL,1.0
606008,CAC PP PHAN LAP&TINH CHE,60,,2,45,30,15,0,0,0,0,LECTURE,,GENERAL,1.0
606010,HOA HUU CO A,60,,3,60,45,15,0,0,0,0,LECTURE,,GENERAL,1.0
606011,THI NGHIEM HOA HUU CO A,60,,2,60,0,0,60,0,0,0,LAB,,GENERAL,1.0
606012,HOA HUU CO B,60,,2,45,30,15,0,0,0,0,LECTURE,,GENERAL,1.0
606013,HOA DAU,60,,1,15,15,0,0,0,0,0,LECTURE,,GENERAL,1.0
606014,HOA HOC - HOA LY POLYME,60,,2,30,30,0,0,0,0,0,LECTURE,,GENERAL,1.0
606015,KT CHE BIEN CAO SU,60,,2,30,30,0,0,0,0,0,LECTURE,,GENERAL,1.0
606016,TN H/HOC-H.LY POLYME CSU,60,,4,120,0,0,120,0,0,0,LAB,,GENERAL,1.0
606017,CO SO KTCB POLYME CAO SU,60,,2,30,30,0,0,0,0,0,LECTURE,,GENERAL,1.0
606018,KT GIA CONG POLYME & CSU,60,,6,90,90,0,0,0,0,0,LECTURE,,GENERAL,1.0
606019,KTSX SAN PHAM POLYME&CSU,60,,6,90,75,15,0,0,0,0,LECTURE,,GENERAL,1.0
606020,VC & CAT CHUA DAU,60,,1,30,15,15,0,0,0,0,LECTURE,,GENERAL,1.0
606021,TN CONG NGHE CAO SU,60,,4,120,0,0,120,0,0,0,LAB,,GENERAL,1.0
606022,CN GIA CONG CHAT DEO,60,,1,30,15,15,0,0,0,0,LECTURE,,GENERAL,1.0
606023,TONG HOP HUU CO,60,,1,30,15,15,0,0,0,0,LECTURE,,GENERAL,1.0
606024,HOA NHUOM IN BONG,60,,1,30,15,15,0,0,0,0,LECTURE,,GENERAL,1.0
606025,CONG NGHE HOA HUONG LIEU,60,,2,45,30,15,0,0,0,0,LECTURE,,GENERAL,1.0
606026,HOA MY PHAM,60,,1,30,15,15,0,0,0,0,LECTURE,,GENERAL,1.0
606027,C/NGHE CAC CHAT TAY RUA,60,,2,45,30,15,0,0,0,0,LECTURE,,GENERAL,1.0
606028,CAC PP PH/TICH HIEN DAI,60,,2,45,30,15,0,0,0,0,LECTURE,,GENERAL,1.0
606029,HH & PPTH H/CO HIEN DAI,60,,2,45,30,15,0,0,0,0,LECTURE,,GENERAL,1.0
606030,KY THUAT LOC HOA DAU,60,,2,45,30,15,0,0,0,0,LECTURE,,GENERAL,1.0
606031,KHAI THAC DAU THO,60,,1,30,15,15,0,0,0,0,LECTURE,,GENERAL,1.0
606032,DIEU KHIEN QUA TRINH,60,,1,30,15,15,0,0,0,0,LECTURE,,GENERAL,1.0
606033,CAC MON HOC BO SUNG,60,,2,45,30,15,0,0,0,0,LECTURE,,GENERAL,1.0
606035,CN CHAT TAO MANG,60,,2,45,30,15,0,0,0,0,LECTURE,,GENERAL,1.0
606036,THI NGHIEM CHUYEN DE,60,,1,30,15,15,0,0,0,0,LECTURE,,GENERAL,1.0
606037,CN SP CAO SU KT,60,,1,30,15,15,0,0,0,0,LECTURE,,GENERAL,1.0
606038,CONG NGHE SAM - LOP,60,,1,30,15,15,0,0,0,0,LECTURE,,GENERAL,1.0
606039,CN CELLULOSE - GIAY,60,,1,30,15,15,0,0,0,0,LECTURE,,GENERAL,1.0
606040,TONG HOP HUU CO,60,,2,45,30,15,0,0,0,0,LECTURE,,GENERAL,1.0
606041,CONG NGHE LOC HOA DAU,60,,2,45,30,15,0,0,0,0,LECTURE,,GENERAL,1.0
606042,H/HOC& KT CHAT HD BE MAT,60,,2,45,30,15,0,0,0,0,LECTURE,,GENERAL,1.0
606043,HH & CHAT KT T/TRUONG TV,60,,2,45,30,15,0,0,0,0,LECTURE,,GENERAL,1.0
606044,KY THUAT NHUOM - IN,60,,2,45,30,15,0,0,0,0,LECTURE,,GENERAL,1.0
606045,HOA HUONG LIEU & MY PHAM,60,,2,45,30,15,0,0,0,0,LECTURE,,GENERAL,1.0
606046,KT SX CELLULOSE & GIAY,60,,2,45,30,15,0,0,0,0,LECTURE,,GENERAL,1.0
606047,HOA HUU CO (CD),60,,3,45,45,0,0,0,0,0,LECTURE,,GENERAL,1.0
606048,TN HOA HUU CO (CD),60,,3,45,0,0,45,0,0,0,LAB,,GENERAL,1.0
606051,HOA HUU CO,60,,5,40,40,0,0,0,0,0,LECTURE,,GENERAL,1.0
606052,THI NGHIEM HOA HUU CO,60,,2,40,0,0,40,0,0,0,LAB,,GENERAL,1.0
606053,TONG HOP HUU CO HOA DAU,60,,4,30,30,0,0,0,0,0,LECTURE,,GENERAL,1.0
606054,KY THUAT CHAT MAU,60,,3,25,25,0,0,0,0,0,LECTURE,,GENERAL,1.0
606055,KY THUAT AN TOAN,60,,3,25,25,0,0,0,0,0,LECTURE,,GENERAL,1.0
606056,TN G/CONG C/SU & POLYME,60,,4,60,0,0,60,0,0,0,LAB,,GENERAL,1.0
606057,KT CHE BIEN CAO SU,60,,5,40,40,0,0,0,0,0,LECTURE,,GENERAL,1.0
606058,K/THUAT GIA CONG POLYME,60,,5,40,40,0,0,0,0,0,LECTURE,,GENERAL,1.0
606059,HOA HUU CO,60,,2,45,30,15,0,0,0,0,LECTURE,,GENERAL,1.0
606060,HOA HUU CO,60,,5,60,60,0,0,0,0,0,LECTURE,,GENERAL,1.0
606061,KY THUAT NHUOM IN,60,,3,30,30,0,0,0,0,0,LECTURE,,GENERAL,1.0
606062,TONG HOP HUU CO &HOA DAU,60,,4,45,45,0,0,0,0,0,LECTURE,,GENERAL,1.0
606101,TN CHUYEN NGANH HUU CO,60,,2,60,0,0,60,0,0,0,LAB,,GENERAL,1.0
606102,HOA HOC GO & CELLULOSE,60,,2,45,30,15,0,0,0,0,LECTURE,,GENERAL,1.0
606103,CONG NGHE SXUAT BOT GIAY,60,,2,45,30,15,0,0,0,0,LECTURE,,GENERAL,1.0
606104,CONG NGHE XU LY BOT NAU,60,,2,45,30,15,0,0,0,0,LECTURE,,GENERAL,1.0
606105,CNGHE XU LY BOT XEO GIAY,60,,2,45,30,15,0,0,0,0,LECTURE,,GENERAL,1.0
606106,CNGHE XEO GIAY & SX GIAY,60,,2,45,30,15,0,0,0,0,LECTURE,,GENERAL,1.0
606107,TN CHUYEN DE GIAY,60,,2,60,0,0,60,0,0,0,LAB,,GENERAL,1.0
606108,CONG NGHE IN,60,,2,45,30,15,0,0,0,0,LECTURE,,GENERAL,1.0
606109,HOA CN THUOC DA&LONG THU,60,,2,45,30,15,0,0,0,0,LECTURE,,GENERAL,1.0
606110,TIEU LUAN CHUYEN NGANHHC,60,,2,30,0,30,0,0,0,0,PRACTICAL,,GENERAL,1.0
606111,TIEU LUAN CNGANH GIAY,60,,2,30,0,30,0,0,0,0,PRACTICAL,,GENERAL,1.0
606112,CAC PPXD CTRUC HOPCHATHC,60,,2,45,30,15,0,0,0,0,LECTURE,,GENERAL,1.0
606113,CONG NGHE THUOC DA,60,,2,45,30,15,0,0,0,0,LECTURE,,GENERAL,1.0
606114,HH C/THUOC& C/N N/L DUOC,60,,2,45,30,15,0,0,0,0,LECTURE,,GENERAL,1.0
606115,CO SO TONG HOP THUOC,60,,2,45,30,15,0,0,0,0,LECTURE,,GENERAL,1.0
606116,CO SO KY THUAT HOA DUOC,60,,3,60,45,15,0,0,0,0,LECTURE,,GENERAL,1.0
606117,TN C/NGANH CN HOA DUOC,60,,2,60,0,0,60,0,0,0,LAB,,GENERAL,1.0
606118,TN KY THUAT HOA DUOC,60,,2,60,0,0,60,0,0,0,LAB,,GENERAL,1.0
606151,THI NGHIEM HOA HUU CO,60,,3,45,0,0,45,0,0,0,LAB,,GENERAL,1.0
606701,HOA HUU CO,60,,3,45,45,0,0,0,0,0,LECTURE,,GENERAL,1.0
606901,KY THUAT VA IN BONG,60,,2,30,30,0,0,0,0,0,LECTURE,,GENERAL,1.0
606902,CONG NGHE LOC DAU,60,,3,45,45,0,0,0,0,0,LECTURE,,GENERAL,1.0
606903,HOA HOC - HOA LY POLYME,60,,2,30,30,0,0,0,0,0,LECTURE,,GENERAL,1.0
606904,KY THUAT XUC TAC,60,,2,30,30,0,0,0,0,0,LECTURE,,GENERAL,1.0
606905,KT SX XENLULO & GIAY,60,,2,30,30,0,0,0,0,0,LECTURE,,GENERAL,1.0
606906,KY THUAT NHUOM IN BONG,60,,2,30,30,0,0,0,0,0,LECTURE,,GENERAL,1.0
606907,KTHUAT TONG HOP CHAT MAU,60,,2,30,30,0,0,0,0,0,LECTURE,,GENERAL,1.0
606908,HUONG LIEU MY PHAM,60,,2,30,30,0,0,0,0,0,LECTURE,,GENERAL,1.0
606909,TN CD KT CAO SU,60,,0,60,0,0,60,0,0,0,LAB,,GENERAL,1.0
606910,HOA HOC CAO SU,60,,0,30,30,0,0,0,0,0,LECTURE,,GENERAL,1.0
606911,HOA LY CAO SU,60,,0,30,30,0,0,0,0,0,LECTURE,,GENERAL,1.0
606912,CO SO KTGC P/CAO SU,60,,0,45,45,0,0,0,0,0,LECTURE,,GENERAL,1.0
606913,TN CONG NGHE CAO SU,60,,3,45,45,0,0,0,0,0,LECTURE,,GENERAL,1.0
606914,H/HOC- HOA LY POLYME CS,60,,3,45,45,0,0,0,0,0,LECTURE,,GENERAL,1.0
606915,KY THUAT CHE BIEN CAO SU,60,,2,30,30,0,0,0,0,0,LECTURE,,GENERAL,1.0
607001,SINH HOC DAI CUONG 1,60,,2,45,30,15,0,0,0,0,LECTURE,,GENERAL,1.0
607002,SINH HOC DAI CUONG 2,60,,2,45,30,15,0,0,0,0,LECTURE,,GENERAL,1.0
607003,TN SINH HOC DAI CUONG,60,,1,30,0,0,30,0,0,0,LAB,,GENERAL,1.0
607004,TAI NGUYEN SINH HOC,60,,2,45,30,15,0,0,0,0,LECTURE,,GENERAL,1.0
607005,SINHHOC PT& DITRUYEN HOC,60,,2,45,30,15,0,0,0,0,LECTURE,,GENERAL,1.0
607006,QUA TRINH &TBI SINH HOC1,60,,2,45,30,15,0,0,0,0,LECTURE,,GENERAL,1.0
607007,QUA TRINH &TBI SINH HOC2,60,,2,45,30,15,0,0,0,0,LECTURE,,GENERAL,1.0
607008,QUA TRINH &TBI SINH HOC3,60,,2,45,30,15,0,0,0,0,LECTURE,,GENERAL,1.0
607009,KTHUAT PHAN UNG SINH HOC,60,,2,45,30,15,0,0,0,0,LECTURE,,GENERAL,1.0
607010,VI SINH,60,,2,45,30,15,0,0,0,0,LECTURE,,GENERAL,1.0
607011,HOA SINH HOC,60,,2,45,30,15,0,0,0,0,LECTURE,,GENERAL,1.0
607012,TN VI SINH VAT (CNSH),60,,1,30,0,0,30,0,0,0,LAB,,GENERAL,1.0
607013,TN VI SINH,60,,2,60,0,0,60,0,0,0,LAB,,GENERAL,1.0
607014,CONG NGHE TE BAO,60,,2,45,30,15,0,0,0,0,LECTURE,,GENERAL,1.0
607015,CONG NGHE PROTEIN-ENZYME,60,,2,45,30,15,0,0,0,0,LECTURE,,GENERAL,1.0
607016,CONG NGHE LEN MEN,60,,2,45,30,15,0,0,0,0,LECTURE,,GENERAL,1.0
607017,TN CNGHE PROTEIN-ENZYME,60,,1,30,0,0,30,0,0,0,LAB,,GENERAL,1.0
607018,TN CONG NGHE LEN MEN,60,,1,30,0,0,30,0,0,0,LAB,,GENERAL,1.0
607019,CONG NGHE GEN,60,,2,45,30,15,0,0,0,0,LECTURE,,GENERAL,1.0
607020,THI NGHIEM C/NGHE TE BAO,60,,2,60,0,0,60,0,0,0,LAB,,GENERAL,1.0
607021,CN LEN MEN TRUYEN THONG,60,,2,45,30,15,0,0,0,0,LECTURE,,GENERAL,1.0
607022,QT VA TB SINH HOC 1,60,,3,60,45,15,0,0,0,0,LECTURE,,GENERAL,1.0
607023,UNG DUNG ENZYME TRG CNTP,60,,2,45,30,15,0,0,0,0,LECTURE,,GENERAL,1.0
607024,QL &XL CTHAI RAN BG CNSH,60,,2,45,30,15,0,0,0,0,LECTURE,,GENERAL,1.0
607025,QL &XL NUOC THAI BG CNSH,60,,2,45,30,15,0,0,0,0,LECTURE,,GENERAL,1.0
607026,TN CN LEN MEN,60,,2,60,0,0,60,0,0,0,LAB,,GENERAL,1.0
607027,HOA HOC MOI TRUONG,60,,2,45,30,15,0,0,0,0,LECTURE,,GENERAL,1.0
607028,DOC TO HOC MOI TRUONG,60,,2,45,30,15,0,0,0,0,LECTURE,,GENERAL,1.0
607029,TN CN PROTEIN ENZYME,60,,2,60,0,0,60,0,0,0,LAB,,GENERAL,1.0
607030,TK TRAM XL NTHAI BG CNSH,60,,2,45,30,15,0,0,0,0,LECTURE,,GENERAL,1.0
607031,CONG NGHE SINH HOC TP,60,,2,45,30,15,0,0,0,0,LECTURE,,GENERAL,1.0
607033,AN TOAN TRONG CN SINHHOC,60,,2,45,30,15,0,0,0,0,LECTURE,,GENERAL,1.0
607034,CN S/XUAT PROTEIN DONBAO,60,,2,45,30,15,0,0,0,0,LECTURE,,GENERAL,1.0
607035,CN SX PROTEIN TAI TO HOP,60,,2,45,30,15,0,0,0,0,LECTURE,,GENERAL,1.0
607036,SINH HOC DAI CUONG,60,,2,45,30,15,0,0,0,0,LECTURE,,GENERAL,1.0
607037,THI NGHIEM HOA SINH,60,,2,60,0,0,60,0,0,0,LAB,,GENERAL,1.0
607038,SINH HOC TE BAO,60,,2,45,30,15,0,0,0,0,LECTURE,,GENERAL,1.0
607039,TN SINH HOC DAI CUONG,60,,2,60,0,0,60,0,0,0,LAB,,GENERAL,1.0
607040,CONG NGHE SX KHANG SINH,60,,2,45,30,15,0,0,0,0,LECTURE,,GENERAL,1.0
607041,CONG NGHE S/XUAT VACCINE,60,,2,45,30,15,0,0,0,0,LECTURE,,GENERAL,1.0
607042,"CNSX CHAT MAU,VITAMIN,ST",60,,2,45,30,15,0,0,0,0,LECTURE,,GENERAL,1.0
607043,CAC HC TN CO H/TINH SHOC,60,,2,45,30,15,0,0,0,0,LECTURE,,GENERAL,1.0
607044,AN TOAN TRG C/NGHE S/HOC,60,,2,45,30,15,0,0,0,0,LECTURE,,GENERAL,1.0
607045,CONG NGHE VI SINH,60,,2,45,30,15,0,0,0,0,LECTURE,,GENERAL,1.0
607046,TN C/NGANH CN S/HOC DUOC,60,,2,60,0,0,60,0,0,0,LAB,,GENERAL,1.0
607050,TT CONG NGHE GEN,60,,2,60,0,0,60,0,0,0,LAB,,GENERAL,1.0
607101,SINH HOC DAI CUONG,60,,2,45,30,15,0,0,0,0,LECTURE,,GENERAL,1.0
607104,SINH HOA DUOC HOC,60,,2,45,30,15,0,0,0,0,LECTURE,,GENERAL,1.0
607105,S/LY & M/DICH HOC NGUOI,60,,2,45,30,15,0,0,0,0,LECTURE,,GENERAL,1.0
608001,SILICAT DAI CUONG 1+2,60,,4,60,60,0,0,0,0,0,LECTURE,,GENERAL,1.0
608002,VAT LIEU CHIU LUA,60,,2,30,30,0,0,0,0,0,LECTURE,,GENERAL,1.0
608003,GOM SU,60,,2,30,30,0,0,0,0,0,LECTURE,,GENERAL,1.0
608004,THUY TINH,60,,2,30,30,0,0,0,0,0,LECTURE,,GENERAL,1.0
608005,CHAT KET DINH VO CO,60,,2,30,30,0,0,0,0,0,LECTURE,,GENERAL,1.0
608006,T/BI NHIET CHO CN VLXD,60,,3,45,45,0,0,0,0,0,LECTURE,,GENERAL,1.0
608008,THIET BI SILICAT,60,,2,45,30,15,0,0,0,0,LECTURE,,GENERAL,1.0
608009,VAT LIEU SILICAT,60,,2,45,30,15,0,0,0,0,LECTURE,,GENERAL,1.0
608010,TN SILICAT DAI CUONG,60,,2,60,0,0,60,0,0,0,LAB,,GENERAL,1.0
608011,CN SX CAC CHAT VO CO,60,,2,45,30,15,0,0,0,0,LECTURE,,GENERAL,1.0
608012,THUY TINH,60,,2,45,30,15,0,0,0,0,LECTURE,,GENERAL,1.0
608013,KY THUAT GOM SU,60,,2,45,30,15,0,0,0,0,LECTURE,,GENERAL,1.0
608014,XI MANG,60,,2,45,30,15,0,0,0,0,LECTURE,,GENERAL,1.0
608015,VAT LIEU CHIU LUA,60,,2,45,30,15,0,0,0,0,LECTURE,,GENERAL,1.0
608016,SILICAT DAI CUONG,60,,2,45,30,15,0,0,0,0,LECTURE,,GENERAL,1.0
608017,KT SX CAC CHAT VO CO (CD,60,,3,45,45,0,0,0,0,0,LECTURE,,GENERAL,1.0
608018,C/NGHE XU LY KHOANG SAN,60,,2,45,30,15,0,0,0,0,LECTURE,,GENERAL,1.0
608049,NGOAI NGU CHUYEN NGANH,60,,3,45,45,0,0,0,0,0,LECTURE,,GENERAL,1.0
608050,KY THUAT SILICAT DC,60,,4,30,30,0,0,0,0,0,LECTURE,,GENERAL,1.0
608051,NGUYEN LY LO,60,,4,30,30,0,0,0,0,0,LECTURE,,GENERAL,1.0
608901,NGUYEN LY LO,60,,2,30,30,0,0,0,0,0,LECTURE,,GENERAL,1.0
608902,SILICAT DAI CUONG 1,60,,2,30,30,0,0,0,0,0,LECTURE,,GENERAL,1.0
608903,SILICAT DAI CUONG 2,60,,2,30,30,0,0,0,0,0,LECTURE,,GENERAL,1.0
609001,KY THUAT HOA DAI CUONG,60,,4,60,60,0,0,0,0,0,LECTURE,,GENERAL,1.0
609002,K/THUAT GIA CONG POLYME,60,,2,30,30,0,0,0,0,0,LECTURE,,GENERAL,1.0
609003,KT HOA HOC DAI CUONG,60,,4,60,60,0,0,0,0,0,LECTURE,,GENERAL,1.0
609004,HOA POLYME CHO CN VLXD,60,,3,45,45,0,0,0,0,0,LECTURE,,GENERAL,1.0
609006,KT HOA HOC DAI CUONG,60,,2,45,30,15,0,0,0,0,LECTURE,,GENERAL,1.0
609007,TN CHUYEN DE POLYME,60,,2,60,0,0,60,0,0,0,LAB,,GENERAL,1.0
609008,KY THUAT GIA CONG POLYME,60,,2,45,30,15,0,0,0,0,LECTURE,,GENERAL,1.0
609009,CO SO CONG NGHE CAO SU,60,,2,45,30,15,0,0,0,0,LECTURE,,GENERAL,1.0
609010,VAT LIEU COMPOSITE,60,,2,45,30,15,0,0,0,0,LECTURE,,GENERAL,1.0
609011,KT SX CAC CHAT TAO MANG,60,,2,45,30,15,0,0,0,0,LECTURE,,GENERAL,1.0
609012,HOA HOC HOA LY POLYME,60,,2,45,30,15,0,0,0,0,LECTURE,,GENERAL,1.0
609013,KT SAN XUAT CHAT DEO,60,,2,45,30,15,0,0,0,0,LECTURE,,GENERAL,1.0
609051,KY THUAT HOA DAI CUONG,60,,4,30,30,0,0,0,0,0,LECTURE,,GENERAL,1.0
609052,HOA HOC & HOA LY POLYME,60,,6,45,45,0,0,0,0,0,LECTURE,,GENERAL,1.0
609053,HOA HOC & HOA LY POLYME,60,,4,30,30,0,0,0,0,0,LECTURE,,GENERAL,1.0
609054,K/THUAT GIA CONG POLYME,60,,3,25,25,0,0,0,0,0,LECTURE,,GENERAL,1.0
609901,TONG HOP HUU CO HOA DAU,60,,0,60,60,0,0,0,0,0,LECTURE,,GENERAL,1.0
609902,THI NGHIEM CD POLYME,60,,0,30,0,0,30,0,0,0,LAB,,GENERAL,1.0
609903,HOA HOC & HOA LY POLYME,60,,3,45,45,0,0,0,0,0,LECTURE,,GENERAL,1.0
609904,KY THUAT GIA CONG POLYME,60,,3,45,45,0,0,0,0,0,LECTURE,,GENERAL,1.0
609905,KTSX C/DEO &GC C/TAOMANG,60,,2,30,30,0,0,0,0,0,LECTURE,,GENERAL,1.0
610001,MOI TRUONG VA CON NGUOI,61,,2,45,30,15,0,0,0,0,LECTURE,,GENERAL,1.0
610002,TN DOC HOC MOI TRUONG,61,,1,30,0,0,30,0,0,0,LAB,,GENERAL,1.0
610003,QL C/THAI RAN&CT NGUYHAI,61,,2,45,30,15,0,0,0,0,LECTURE,,GENERAL,1.0
610004,CONG NGHE XANH,61,,2,45,30,15,0,0,0,0,LECTURE,,GENERAL,1.0
610006,C/NGHE TAI SU DUNG NUOC,61,,2,45,30,15,0,0,0,0,LECTURE,,GENERAL,1.0
610007,QLHT C/NUOC&THOAT NUOCDT,61,,2,45,30,15,0,0,0,0,LECTURE,,GENERAL,1.0
610008,QUAN LY VUNG DOI BO,61,,2,45,30,15,0,0,0,0,LECTURE,,GENERAL,1.0
610009,CONG NGHE TAI CHE,61,,2,45,30,15,0,0,0,0,LECTURE,,GENERAL,1.0
610011,HOA KY THUAT MOI TRUONG1,61,,2,45,30,15,0,0,0,0,LECTURE,,GENERAL,1.0
610014,TK C/TAO T/BI MOI TRUONG,61,,3,45,45,0,0,0,0,0,LECTURE,,GENERAL,1.0
610015,THAM QUAN NHAN THUC,61,,2,30,30,0,0,0,0,0,LECTURE,,GENERAL,1.0
610016,O NHIEM DAT & KT XU LY,61,,3,45,45,0,0,0,0,0,LECTURE,,GENERAL,1.0
610017,KINH TE MOI TRUONG,61,,3,45,45,0,0,0,0,0,LECTURE,,GENERAL,1.0
610018,QL CHAT LUONG MOI TRUONG,61,,3,45,45,0,0,0,0,0,LECTURE,,GENERAL,1.0
610019,DANH GIA TAC DONG MTR,61,,3,45,45,0,0,0,0,0,LECTURE,,GENERAL,1.0
610020,THI NGHIEM O NHIEM DAT,61,,1,15,0,0,15,0,0,0,LAB,,GENERAL,1.0
610021,TN HOA HOC KT MOI TRUONG,61,,1,15,0,0,15,0,0,0,LAB,,GENERAL,1.0
610022,O NHIEM KHONG KHI,61,,2,30,30,0,0,0,0,0,LECTURE,,GENERAL,1.0
610023,VI SINH VAT K/THUAT MTR,61,,3,45,45,0,0,0,0,0,LECTURE,,GENERAL,1.0
610024,TN O NHIEM KHONG KHI,61,,1,15,0,0,15,0,0,0,LAB,,GENERAL,1.0
610025,THI NGHIEM VI SINH,61,,1,15,0,0,15,0,0,0,LAB,,GENERAL,1.0
610026,UD TIN HOC TRONG TK MT,61,,3,45,45,0,0,0,0,0,LECTURE,,GENERAL,1.0
610027,TOI UU HOA,61,,3,45,45,0,0,0,0,0,LECTURE,,GENERAL,1.0
610028,KIEN TRUC DD&CONG NGHIEP,61,,4,60,60,0,0,0,0,0,LECTURE,,GENERAL,1.0
610029,BOM QUAT MAY NEN,61,,3,45,45,0,0,0,0,0,LECTURE,,GENERAL,1.0
610030,LUAT & C/SACH MOI TRUONG,61,,3,45,45,0,0,0,0,0,LECTURE,,GENERAL,1.0
610031,KT XU LY KHI THAI,61,,2,45,30,15,0,0,1,0,LECTURE,,GENERAL,1.0
610033,KT XU LY NUOC THAI,61,,5,75,75,0,0,0,0,0,LECTURE,,GENERAL,1.0
610035,KT XU LY NUOC CAP,61,,3,45,45,0,0,0,0,0,LECTURE,,GENERAL,1.0
610036,KT XU LY TIENG ON,61,,2,30,30,0,0,0,0,0,LECTURE,,GENERAL,1.0
610037,XU LY CHAT THAI RAN,61,,3,45,45,0,0,0,0,0,LECTURE,,GENERAL,1.0
610038,CONG NGHE SAN XUAT SACH,61,,3,45,45,0,0,0,0,0,LECTURE,,GENERAL,1.0
610039,DOC TO HOC MOI TRUONG,61,,3,45,45,0,0,0,0,0,LECTURE,,GENERAL,1.0
610040,MO HINH HOA MOI TRUONG,61,,3,45,45,0,0,0,0,0,LECTURE,,GENERAL,1.0
610041,TN XU LY CHAT THAI,61,,3,45,0,0,45,0,0,0,LAB,,GENERAL,1.0
610044,AN TOAN M/TRUONG DAU KHI,61,,3,45,45,0,0,0,0,0,LECTURE,,GENERAL,1.0
610045,KIEM TOAN MOI TRUONG,61,,3,45,45,0,0,0,0,0,LECTURE,,GENERAL,1.0
610046,VIEN THAM GIS,61,,3,45,45,0,0,0,0,0,LECTURE,,GENERAL,1.0
610047,TH VIEN THAM & GIS,61,,1,15,0,0,15,0,0,0,LAB,,GENERAL,1.0
610048,QUAN LY TAI NGUYEN DAT,61,,3,45,45,0,0,0,0,0,LECTURE,,GENERAL,1.0
610049,QUAN LY TAI NGUYEN NUOC,61,,3,45,45,0,0,0,0,0,LECTURE,,GENERAL,1.0
610050,QUAN LY TAI NGUYEN BIEN,61,,3,45,45,0,0,0,0,0,LECTURE,,GENERAL,1.0
610051,QUAN LY TAI NGUYEN RUNG,61,,3,45,45,0,0,0,0,0,LECTURE,,GENERAL,1.0
610052,QLY MT DO THI & KHU CN,61,,3,45,45,0,0,0,0,0,LECTURE,,GENERAL,1.0
610053,DANH GIA RUI RO M/TRUONG,61,,3,45,45,0,0,0,0,0,LECTURE,,GENERAL,1.0
610054,HOA KY THUAT MOITRUONG 2,61,,2,45,30,15,0,0,0,0,LECTURE,,GENERAL,1.0
610055,MANG LUOI CAP NUOC,61,,4,60,60,0,0,0,0,0,LECTURE,,GENERAL,1.0
610056,SINH THAI HOC,61,,2,45,30,15,0,0,0,0,LECTURE,,GENERAL,1.0
610057,HOA KY THUAT MOI TRUONG,61,,3,60,45,15,0,0,0,0,LECTURE,,GENERAL,1.0
610058,MOI TRUONG DAI CUONG,61,,2,45,30,15,0,0,0,0,LECTURE,,GENERAL,1.0
610059,VI SINH VAT KT MOITRUONG,61,,2,45,30,15,0,0,0,0,LECTURE,,GENERAL,1.0
610060,TN HOA KT MOI TRUONG 1,61,,2,60,0,0,60,0,0,0,LAB,,GENERAL,1.0
610061,THUY VAN MOI TRUONG,61,,2,45,30,15,0,0,0,0,LECTURE,,GENERAL,1.0
610062,TN VI SINHVAT KTHUAT MTR,61,,1,30,0,0,30,0,0,0,LAB,,GENERAL,1.0
610063,QUA TRINH CN MOI TRUONG1,61,,3,60,45,15,0,0,0,0,LECTURE,,GENERAL,1.0
610064,KT XU LY O NHIEM KH/KHI,61,,3,45,45,0,0,0,0,0,LECTURE,,GENERAL,1.0
610065,LUAT & CH/SACH MOITRUONG,61,,2,45,30,15,0,0,0,0,LECTURE,,GENERAL,1.0
610066,DOC HOC MOI TRUONG,61,,2,45,30,15,0,0,0,0,LECTURE,,GENERAL,1.0
610067,QTRINH CNGHE M/TRUONG 2,61,,3,60,45,15,0,0,0,0,LECTURE,,GENERAL,1.0
610068,O NHIEM KHONG KHI,61,,2,45,30,15,0,0,0,0,LECTURE,,GENERAL,1.0
610069,TN O NHIEM KHONG KHI,61,,1,15,0,0,15,0,0,0,LAB,,GENERAL,1.0
610070,KT XU LY O NHIEM KH/KHI,61,,2,45,30,15,0,0,0,0,LECTURE,,GENERAL,1.0
610071,KY THUAT XU LY CHAT THAI,61,,3,60,45,15,0,0,0,0,LECTURE,,GENERAL,1.0
610072,TK CHE TAO TH/BI MTRUONG,ME,,2,45,30,15,0,0,1,0,LECTURE,,GENERAL,1.0
610073,UD GIS TRONG QLY MTRUONG,61,,2,45,30,0,15,0,0,0,LECTURE,,GENERAL,1.0
610074,THUC HANH GIS,61,,1,15,0,0,15,0,0,0,LAB,,GENERAL,1.0
610075,QL CHAT LUONG MOI TRUONG,61,,2,45,30,15,0,0,0,0,LECTURE,,GENERAL,1.0
610076,O NHIEM ON & KTHUAT XULY,61,,2,45,30,15,0,0,0,0,LECTURE,,GENERAL,1.0
610078,QL & XLY CHAT THAI RAN,61,,3,60,45,15,0,0,0,0,LECTURE,,GENERAL,1.0
610079,KY THUAT XU LY NUOC CAP,61,,3,60,50,10,0,0,0,0,LECTURE,,GENERAL,1.0
610081,TN XU LY CHAT THAI,61,,2,60,0,0,60,0,0,0,LAB,,GENERAL,1.0
610082,KINH TE MOI TRUONG,61,,2,45,30,15,0,0,0,0,LECTURE,,GENERAL,1.0
610083,SAN XUAT SACH HON,61,,2,45,30,15,0,0,0,0,LECTURE,,GENERAL,1.0
610084,MO HINH HOA MOI TRUONG,61,,2,45,30,15,0,0,0,0,LECTURE,,GENERAL,1.0
610087,D/CU DO & DKHIEN TU DONG,61,,2,45,30,15,0,0,0,0,LECTURE,,GENERAL,1.0
610088,PHAN TICH HE THONG MTR,61,,2,45,30,15,0,0,0,0,LECTURE,,GENERAL,1.0
610089,KIEM TOAN MOI TRUONG,61,,2,45,30,15,0,0,0,0,LECTURE,,GENERAL,1.0
610090,TAN DUNG CH/THAI CNGHIEP,61,,2,45,30,15,0,0,0,0,LECTURE,,GENERAL,1.0
610091,O NHIEM K/KHI & TIENG ON,61,,2,45,30,15,0,0,0,0,LECTURE,,GENERAL,1.0
610092,TOI UU HOA &QHTN MTRUONG,61,,2,45,30,15,0,0,0,0,LECTURE,,GENERAL,1.0
610093,QL&KIEM SOAT O NHIEM DAT,61,,2,45,30,15,0,0,0,0,LECTURE,,GENERAL,1.0
610094,QUAN LY MOI TRUONG BIEN,61,,2,45,30,15,0,0,0,0,LECTURE,,GENERAL,1.0
610095,QL TN RUNG& DA DANG SHOC,61,,2,45,30,15,0,0,0,0,LECTURE,,GENERAL,1.0
610096,QLY CHTHAI RAN& CT D/HAI,61,,3,60,45,15,0,0,0,0,LECTURE,,GENERAL,1.0
610097,QLY TAINGUYEN NUOC&NNGAM,61,,2,45,30,15,0,0,0,0,LECTURE,,GENERAL,1.0
610098,QUAN LY MTR DO THI & KCN,61,,2,45,30,15,0,0,0,0,LECTURE,,GENERAL,1.0
6100B1,MOI TRUONG VA CON NGUOI,61,,2,45,30,15,0,0,0,0,LECTURE,,GENERAL,1.0
6100B4,HOA KY THUAT MOITRUONG 2,61,,2,45,30,15,0,0,0,0,LECTURE,,GENERAL,1.0
610100,D/GIA TACDONG&RUI RO MTR,61,,2,45,30,15,0,0,0,0,LECTURE,,GENERAL,1.0
610101,VIEN THAM & THUC HANH,61,,2,45,30,15,0,0,0,0,LECTURE,,GENERAL,1.0
610102,BAO VE & AN MON KIM LOAI,61,,2,45,30,15,0,0,0,0,LECTURE,,GENERAL,1.0
610103,PT GIS TRONG QL MTRUONG,61,,2,45,30,15,0,0,0,0,LECTURE,,GENERAL,1.0
610104,THUC HANH PHAN TICH GIS,61,,1,30,0,0,30,0,0,0,LAB,,GENERAL,1.0
610105,KT XU LY NUOC THAI,61,,3,60,45,15,0,0,0,0,LECTURE,,GENERAL,1.0
610106,AN TOAN M/TRUONG DAU KHI,61,,2,45,30,15,0,0,0,0,LECTURE,,GENERAL,1.0
610107,KT MOI TRUONG (CN VLIEU),61,,2,45,30,15,0,0,0,0,LECTURE,,GENERAL,1.0
610108,ISO 14000& KIEM TOAN MTR,61,,2,45,30,15,0,0,0,0,LECTURE,,GENERAL,1.0
610109,THUY LUC MOI TRUONG,CI,,2,45,30,15,0,0,0,0,LECTURE,,GENERAL,1.0
610110,MOI TRUONG & CON NGUOI,61,,2,45,30,15,0,0,0,0,LECTURE,,GENERAL,1.0
610111,AN TOAN LD &VSINH MTR CN,61,,2,45,30,15,0,0,0,0,LECTURE,,GENERAL,1.0
610112,TN HOA KTHUAT MOITRUONG2,61,,2,60,0,0,60,0,0,0,LAB,,GENERAL,1.0
610151,XU LY MOI TRUONG,61,,0,30,30,0,0,0,0,0,LECTURE,,GENERAL,1.0
610300,KY NANG GTIEP-NGANH NGHE,61,,2,45,30,15,0,0,0,0,LECTURE,,GENERAL,1.0
610701,MOI TRUONG & CON NGUOI,61,,1,15,15,0,0,0,0,0,LECTURE,,GENERAL,1.0
610702,SINH THAI CONG NGHIEP,61,,1,15,15,0,0,0,0,0,LECTURE,,GENERAL,1.0
610801,MOI TRUONG VA CON NGUOI,61,,2,45,30,15,0,0,0,0,LECTURE,,GENERAL,1.0
611001,CN XU LY NUOC CAP& NTHAI,61,,3,60,45,15,0,0,0,0,LECTURE,,GENERAL,1.0
611002,K/SOAT O NHIEM KHONG KHI,61,,2,45,30,15,0,0,1,0,LECTURE,,GENERAL,1.0
611003,KT XU LY O NHIEM DAT,61,,2,45,30,15,0,0,0,0,LECTURE,,GENERAL,1.0
611004,KT LO DOT CHAT THAI,61,,2,45,30,15,0,0,0,0,LECTURE,,GENERAL,1.0
611005,CAC QT HH &HL TRONG KTMT,61,,2,45,30,15,0,0,1,0,LECTURE,,GENERAL,1.0
611006,CAC QT SINH HOC TRG KTMT,61,,2,45,30,15,0,0,0,0,LECTURE,,GENERAL,1.0
611007,KT T/GIO&K/SOAT TIENG ON,61,,2,45,30,15,0,0,1,0,LECTURE,,GENERAL,1.0
611008,KT XU LY NUOC THAI DOTHI,61,,2,45,30,15,0,0,0,0,LECTURE,,GENERAL,1.0
611009,KTXU LY C/THAI RAN DOTHI,61,,2,45,30,15,0,0,0,0,LECTURE,,GENERAL,1.0
611011,KT XU LY CTR CN&NGUY HAI,61,,2,45,30,15,0,0,0,0,LECTURE,,GENERAL,1.0
611012,KT XU LY NUOC THAI CN,61,,2,45,30,15,0,0,0,0,LECTURE,,GENERAL,1.0
611014,MANG LUOI CAP&THOAT NCDT,61,,2,45,30,15,0,0,0,0,LECTURE,,GENERAL,1.0
700001,PROJET,IM,,6,120,15,0,105,0,0,0,LECTURE,,GENERAL,1.0
700002,KY NANG MEM,IM,,2,45,30,15,0,0,0,0,LECTURE,,GENERAL,1.0
700200,LAP &P/TICH DU AN CHO KS,IM,,2,45,30,15,0,0,0,0,LECTURE,,GENERAL,1.0
700211,QUAN LY DU AN CHO KY SU,IM,,2,45,30,12,3,0,1,0,LECTURE,,GENERAL,1.0
700212,QUAN LY SAN XUAT CHO KSU,IM,,2,45,30,15,0,0,0,0,LECTURE,,GENERAL,1.0
700213,QUAN TRI K/DOANH CHO KS,IM,,2,45,30,15,0,0,1,0,LECTURE,,GENERAL,1.0
700300,GIOI THIEU NGANH,IM,,2,30,30,0,0,0,0,0,LECTURE,,GENERAL,1.0
700401,ECONOMICS,IM,,3,765,27,9,0,0,405,0,LECTURE,,GENERAL,1.0
700402,ACCOUNTING,IM,,3,45,45,0,0,0,0,0,LECTURE,,GENERAL,1.0
700403,MARKETING,IM,,3,75,30,0,0,0,45,0,LECTURE,,GENERAL,1.0
700404,BUSINESS,IM,,3,45,45,0,0,0,0,0,LECTURE,,GENERAL,1.0
700405,OPERATION MANAGEMENT,IM,,3,45,45,0,0,0,0,0,LECTURE,,GENERAL,1.0
700406,QUAN LY CHAT LUONG CN,IM,,3,75,30,0,0,0,45,0,LECTURE,,GENERAL,1.0
700407,QL TO CHUC & HIEU QUA CV,IM,,3,45,45,0,0,0,0,0,LECTURE,,GENERAL,1.0
700409,MARKETING (BT),IM,,0,12,0,12,0,0,0,0,PRACTICAL,,GENERAL,1.0
700410,QUAN LY CHAT LUONG CN(BT,IM,,0,12,0,12,0,0,0,0,PRACTICAL,,GENERAL,1.0
701001,KINH TE HOC DAI CUONG,IM,,3,45,30,15,0,0,0,0,LECTURE,,GENERAL,1.0
701002,KINH TE KY THUAT,IM,,3,45,45,0,0,0,0,0,LECTURE,,GENERAL,1.0
701003,PHUONG PHAP DINH LUONG,IM,,3,75,45,15,15,0,0,0,LECTURE,,GENERAL,1.0
701004,KY NANG LANH DAO,IM,,2,45,33,12,0,0,1,0,LECTURE,,GENERAL,1.0
701005,ERP,IM,,2,45,33,12,0,0,1,0,LECTURE,,GENERAL,1.0
701006,XA HOI HOC,IM,,2,45,30,15,0,0,0,0,LECTURE,,GENERAL,1.0
701007,QUAN LY BAO TRI CNGHIEP,IM,,2,45,40,5,0,0,0,0,LECTURE,,GENERAL,1.0
701008,DAO DUC KINH DOANH,IM,,2,45,30,15,0,0,1,0,LECTURE,,GENERAL,1.0
701009,GIAO TIEP TRONG K/DOANH,IM,,2,45,30,15,0,0,1,0,LECTURE,,GENERAL,1.0
701010,KINH DOANH QUOC TE,IM,,2,45,30,15,0,0,1,0,LECTURE,,GENERAL,1.0
701011,P/TRIEN KY NANG QUAN TRI,IM,,2,45,30,15,0,0,1,0,LECTURE,,GENERAL,1.0
701013,PP N/CUU TRONG K/DOANH,IM,,3,45,40,5,0,0,1,0,LECTURE,,GENERAL,1.0
701014,QUAN LY CHUOI CUNG UNG,IM,,2,45,30,15,0,0,1,0,LECTURE,,GENERAL,1.0
701015,QUAN TRI DAI CUONG,IM,,3,45,40,5,0,0,1,0,LECTURE,,GENERAL,1.0
701016,HANH VI TO CHUC,IM,,2,45,30,15,0,0,1,0,LECTURE,,GENERAL,1.0
701018,TAI CHINH QUOC TE,IM,,2,45,30,15,0,0,0,0,LECTURE,,GENERAL,1.0
701019,NGOAI NGU 5 (QL),IM,,2,45,30,15,0,0,0,0,LECTURE,,GENERAL,1.0
701020,KINH TE HOC KINH DOANH,IM,,3,75,45,30,0,0,0,0,LECTURE,,GENERAL,1.0
701021,KINH TE HOC DAI CUONG,IM,,3,45,45,0,0,0,0,0,LECTURE,,GENERAL,1.0
701022,QUAN LY DAI CUONG,IM,,4,60,60,0,0,0,0,0,LECTURE,,GENERAL,1.0
701023,THONG KE TRONG K/DOANH,IM,,4,60,45,15,0,0,0,0,LECTURE,,GENERAL,1.0
701024,GIAO TIEP TRONG K/DOANH,IM,,3,45,30,15,0,0,0,0,LECTURE,,GENERAL,1.0
701025,KE TOAN 1,IM,,4,60,45,15,0,0,0,0,LECTURE,,GENERAL,1.0
701026,KE TOAN 2,IM,,5,75,45,30,0,0,0,0,LECTURE,,GENERAL,1.0
701027,MAY TINH TRONG K/DOANH 1,IM,,4,60,45,15,0,0,0,0,LECTURE,,GENERAL,1.0
701028,MAY TINH TRONG K/DOANH 2,IM,,4,60,45,15,0,0,0,0,LECTURE,,GENERAL,1.0
701029,KY THUAT 1,IM,,4,60,60,0,0,0,0,0,LECTURE,,GENERAL,1.0
701030,KY THUAT 2,IM,,4,60,60,0,0,0,0,0,LECTURE,,GENERAL,1.0
701031,KY THUAT 3,IM,,4,60,60,0,0,0,0,0,LECTURE,,GENERAL,1.0
701032,KY THUAT 4,IM,,4,60,60,0,0,0,0,0,LECTURE,,GENERAL,1.0
701033,KY THUAT 5,IM,,4,60,60,0,0,0,0,0,LECTURE,,GENERAL,1.0
701034,KINH TE HOC KINH DOANH,IM,,5,75,45,30,0,0,0,0,LECTURE,,GENERAL,1.0
701035,CAC PH/PHAP DINH LUONG,IM,,5,75,45,30,0,0,0,0,LECTURE,,GENERAL,1.0
701036,MOI TRUONG KINH DOANH,IM,,3,45,30,15,0,0,0,0,LECTURE,,GENERAL,1.0
701037,TIEP THI,IM,,4,60,60,0,0,0,0,0,LECTURE,,GENERAL,1.0
701038,HE THONG SAN XUAT,IM,,4,60,45,15,0,0,0,0,LECTURE,,GENERAL,1.0
701039,CAC NGUYEN LY TAI CHINH,IM,,3,45,45,0,0,0,0,0,LECTURE,,GENERAL,1.0
701040,PHAN TICH DU AN,IM,,4,60,45,15,0,0,0,0,LECTURE,,GENERAL,1.0
701041,TAI CHINH DOANH NGHIEP,IM,,5,75,60,15,0,0,0,0,LECTURE,,GENERAL,1.0
701042,H/THONG THONGTIN QUAN LY,IM,,4,60,45,15,0,0,0,0,LECTURE,,GENERAL,1.0
701043,QUAN LY DU AN,IM,,3,45,45,0,0,0,0,0,LECTURE,,GENERAL,1.0
701044,QUAN LY NHAN SU,IM,,3,45,40,5,0,0,1,0,LECTURE,,GENERAL,1.0
701045,THUE VA LUAT KINH DOANH,IM,,4,60,45,15,0,0,0,0,LECTURE,,GENERAL,1.0
701046,QUAN LY S/XUAT VA TAC VU,IM,,5,75,60,15,0,0,0,0,LECTURE,,GENERAL,1.0
701047,NGAN HANG - TIEN TE,IM,,3,45,30,15,0,0,0,0,LECTURE,,GENERAL,1.0
701048,QUAN LY CONG NGHIEP,70,,3,45,30,15,0,0,0,0,LECTURE,,GENERAL,1.0
701049,QUAN LY CHAT LUONG,IM,,4,60,45,15,0,0,0,0,LECTURE,,GENERAL,1.0
701052,QUAN LY CHO KY SU,IM,,4,30,30,0,0,0,0,0,LECTURE,,GENERAL,1.0
701055,KINH TE KY THUAT,IM,,4,30,30,0,0,0,0,0,LECTURE,,GENERAL,1.0
701056,KY THUAT 2,IM,,3,60,45,15,0,0,0,0,LECTURE,,GENERAL,1.0
701057,HE THONG SAN XUAT,IM,,2,45,45,0,0,0,0,0,LECTURE,,GENERAL,1.0
701059,KE TOAN 1,IM,,3,45,45,0,0,0,0,0,LECTURE,,GENERAL,1.0
701060,KY THUAT 3,IM,,3,60,45,15,0,0,0,0,LECTURE,,GENERAL,1.0
701061,QUAN LY NHAN SU,IM,,2,45,24,21,0,0,1,0,LECTURE,,GENERAL,1.0
701063,QUAN LY DOANH NGHIEP,IM,,3,75,60,15,0,0,0,0,LECTURE,,GENERAL,1.0
701064,MAY TINH TRG KINH DOANH,IM,,3,45,40,5,0,0,1,0,LECTURE,,GENERAL,1.0
701065,KINH TE NGANH CO KHI,IM,,3,45,45,0,0,0,0,0,LECTURE,,GENERAL,1.0
701066,QUAN LY CHO KY SU,IM,,4,60,60,0,0,0,0,0,LECTURE,,GENERAL,1.0
701067,KINH TE KY THUAT,IM,,4,60,45,15,0,0,0,0,LECTURE,,GENERAL,1.0
701068,KINH TE KY THUAT,IM,,3,45,45,0,0,0,0,0,LECTURE,,GENERAL,1.0
701069,TIEP THI,IM,,3,45,40,5,0,0,1,0,LECTURE,,GENERAL,1.0
701070,QUAN LY SAN XUAT,IM,,3,75,45,30,0,0,0,0,LECTURE,,GENERAL,1.0
701071,NGOAI NGU 6 (QL),IM,,2,45,30,15,0,0,0,0,LECTURE,,GENERAL,1.0
701072,KE TOAN 2,IM,,3,75,60,15,0,0,0,0,LECTURE,,GENERAL,1.0
701073,KY THUAT 5,IM,,2,45,30,15,0,0,0,0,LECTURE,,GENERAL,1.0
701074,QUAN LY CHAT LUONG,IM,,3,45,40,5,0,0,1,0,LECTURE,,GENERAL,1.0
701075,MOI TRUONG KINH DOANH,IM,,2,45,30,15,0,0,0,0,LECTURE,,GENERAL,1.0
701076,HE THONG THONG TIN Q.LY,IM,,3,60,45,15,0,0,0,0,LECTURE,,GENERAL,1.0
701077,QUAN LY CONG NGHE,IM,,2,45,30,15,0,0,0,0,LECTURE,,GENERAL,1.0
701078,NGOAI NGU 7 (QL),IM,,2,45,30,15,0,0,0,0,LECTURE,,GENERAL,1.0
701079,QUAN LY DU AN,IM,,2,45,45,0,0,0,0,0,LECTURE,,GENERAL,1.0
701080,NGHIEN CUU TIEP THI,IM,,2,45,30,15,0,0,0,0,LECTURE,,GENERAL,1.0
701081,MO PHONG TRG KINH DOANH,IM,,2,45,30,15,0,0,0,0,LECTURE,,GENERAL,1.0
701082,QUAN LY CHIEN LUOC,IM,,2,45,30,15,0,0,0,0,LECTURE,,GENERAL,1.0
701083,CHUYEN DE 1,IM,,2,30,15,0,15,0,0,0,LECTURE,,GENERAL,1.0
701084,KINH TE KY THUAT,IM,,3,45,45,0,0,0,0,0,LECTURE,,GENERAL,1.0
701085,QUAN LY CHO KY SU,IM,,4,60,60,0,0,0,0,0,LECTURE,,GENERAL,1.0
701086,ANH VAN (41QL),IM,,3,45,45,0,0,0,0,0,LECTURE,,GENERAL,1.0
701087,ANH VAN (42QL),IM,,3,45,45,0,0,0,0,0,LECTURE,,GENERAL,1.0
701088,ANH VAN (51QL),IM,,3,45,45,0,0,0,0,0,LECTURE,,GENERAL,1.0
701089,THONG KE TRONG K/DOANH,IM,,2,45,30,15,0,0,0,0,LECTURE,,GENERAL,1.0
701090,MAY TINH TRONG K/DOANH 2,IM,,3,60,45,0,15,0,0,0,LECTURE,,GENERAL,1.0
701091,KINH TE HOC KINH DOANH,IM,,2,60,45,15,0,0,0,0,LECTURE,,GENERAL,1.0
701092,THIET LAP & PT DU AN,IM,,3,60,45,15,0,0,0,0,LECTURE,,GENERAL,1.0
701093,THUE,IM,,2,45,30,15,0,0,1,0,LECTURE,,GENERAL,1.0
701094,QUAN LY CONG NGHE,IM,,3,45,40,5,0,0,1,0,LECTURE,,GENERAL,1.0
701095,LUAT KINH DOANH,IM,,2,45,30,15,0,0,0,0,LECTURE,,GENERAL,1.0
701096,VAT LIEU HOC,IM,,2,45,30,15,0,0,0,0,LECTURE,,GENERAL,1.0
701097,KY THUAT XAY DUNG A,CI,,2,45,30,15,0,0,0,0,LECTURE,,GENERAL,1.0
701098,KY THUAT DIEN A,IM,,3,60,45,15,0,0,0,0,LECTURE,,GENERAL,1.0
701101,KY THUAT CO KHI A,IM,,3,60,45,15,0,0,0,0,LECTURE,,GENERAL,1.0
701102,KY THUAT HOA HOC DAICG A,IM,,2,45,30,15,0,0,0,0,LECTURE,,GENERAL,1.0
701103,QUAN LY NHAN SU,IM,,3,60,45,15,0,0,0,0,LECTURE,,GENERAL,1.0
701104,L/SU CAC HOC THUYET KTE,IM,,2,45,30,15,0,0,1,0,LECTURE,,GENERAL,1.0
701105,Q/LY SO HUU CONG NGHIEP,IM,,2,45,30,15,0,0,0,0,LECTURE,,GENERAL,1.0
701106,HE THONG THONG TIN Q/LY,IM,,3,45,36,0,9,0,0,0,LECTURE,,GENERAL,1.0
701107,VON LUU DONG,IM,,2,45,30,15,0,0,1,0,LECTURE,,GENERAL,1.0
701108,NGHIEP VU NGOAI THUONG,IM,,2,45,30,15,0,0,0,0,LECTURE,,GENERAL,1.0
701109,PHAT TRIEN SAN PHAM MOI,IM,,2,45,30,15,0,0,1,0,LECTURE,,GENERAL,1.0
701110,TIEP THI QUOC TE,IM,,2,45,40,5,0,0,1,0,LECTURE,,GENERAL,1.0
701111,KIEM TOAN,IM,,2,45,30,15,0,0,0,0,LECTURE,,GENERAL,1.0
701112,THI TRUONG CHUNG KHOAN,IM,,2,45,45,0,0,0,0,0,LECTURE,,GENERAL,1.0
701114,CHUYEN GIAO CONG NGHE,IM,,2,45,30,15,0,0,1,0,LECTURE,,GENERAL,1.0
701115,ANH VAN THUONG MAI 1,IM,,2,45,30,15,0,0,0,0,LECTURE,,GENERAL,1.0
701116,ANH VAN THUONG MAI 2,IM,,2,45,30,15,0,0,0,0,LECTURE,,GENERAL,1.0
701117,TIEP THI GIUA CAC TOCHUC,IM,,3,45,40,5,0,0,1,0,LECTURE,,GENERAL,1.0
701118,KE HOACH KINH DOANH,IM,,2,45,30,15,0,0,1,0,LECTURE,,GENERAL,1.0
701119,ISO 9000,IM,,2,45,30,15,0,0,1,0,LECTURE,,GENERAL,1.0
701120,QUAN LY SX THEO LEAN&JIT,IM,,2,45,30,15,0,0,1,0,LECTURE,,GENERAL,1.0
701123,DIEU DO SAN XUAT,IM,,2,45,30,15,0,0,0,0,LECTURE,,GENERAL,1.0
701124,QUAN LY CHIEN LUOC,IM,,3,45,40,5,0,0,1,0,LECTURE,,GENERAL,1.0
701125,QUAN LY SAN XUAT 1,IM,,3,45,40,5,0,0,1,0,LECTURE,,GENERAL,1.0
701126,KINH TE HOC KINH DOANH,IM,,3,45,45,0,0,0,0,0,LECTURE,,GENERAL,1.0
701127,NGHIEN CUU TIEP THI,IM,,3,45,39,0,6,0,0,0,LECTURE,,GENERAL,1.0
701128,QUAN LY DU AN,IM,,3,45,37,5,3,0,1,0,LECTURE,,GENERAL,1.0
701129,KY THUAT CO KHI A,IM,,3,45,45,0,0,0,0,0,LECTURE,,GENERAL,1.0
701130,KE TOAN 2,IM,,3,45,45,0,0,0,0,0,LECTURE,,GENERAL,1.0
701131,PHUONG PHAP DINH LUONG,IM,,3,45,45,0,0,0,0,0,LECTURE,,GENERAL,1.0
701132,NGUYEN LY TAI CHINH,IM,,3,45,30,15,0,0,1,0,LECTURE,,GENERAL,1.0
701133,QUAN LY SAN XUAT 2,IM,,3,45,40,5,0,0,1,0,LECTURE,,GENERAL,1.0
701134,HE THONG TAI CHINH,IM,,2,45,30,15,0,0,1,0,LECTURE,,GENERAL,1.0
701135,THONG KE TRG KINH DOANH,IM,,3,45,45,0,0,0,0,0,LECTURE,,GENERAL,1.0
701136,LAP VA PHAN TICH DU AN,IM,,2,45,30,15,0,0,1,0,LECTURE,,GENERAL,1.0
701137,QL CH/LUONG TRONG DETMAY,ME,,3,60,45,15,0,0,0,0,LECTURE,,GENERAL,1.0
701138,QL SX TRONG DET MAY,IM,,2,45,30,15,0,0,0,0,LECTURE,,GENERAL,1.0
701139,QUAN TRI DOANH NGHIEP,IM,,3,45,45,0,0,0,0,0,LECTURE,,GENERAL,1.0
701140,KINH TE HOC DAI CUONG,IM,,2,45,45,0,0,0,0,0,LECTURE,,GENERAL,1.0
701141,NHAP MON QUAN TRI HOC,IM,,2,45,45,0,0,0,0,0,LECTURE,,GENERAL,1.0
701142,KINH TE HOC DAI CUONG,IM,,3,45,40,5,0,0,1,0,LECTURE,,GENERAL,1.0
701143,MAY TINH KINH DOANH 2,IM,,3,45,24,0,21,0,0,0,LECTURE,,GENERAL,1.0
701144,QL CH/LUONG TRONG DETMAY,ME,,2,45,30,15,0,0,1,0,LECTURE,,GENERAL,1.0
701145,QUAN LY DOANH NGHIEP (DL,IM,,5,75,75,0,0,0,0,0,LECTURE,,GENERAL,1.0
701146,KIEN THUC XI NGHIEP,70,,2,30,15,15,0,0,0,0,LECTURE,,GENERAL,1.0
701150,THUONG MAI DIEN TU,IM,,2,45,30,5,10,0,1,0,LECTURE,,GENERAL,1.0
701151,QUAN TRI DOANH NGHIEP,IM,,4,45,45,0,0,0,0,0,LECTURE,,GENERAL,1.0
701152,PHUONG PHAP DINH LUONG,IM,,4,30,30,0,0,0,0,0,LECTURE,,GENERAL,1.0
701153,QUAN LY CN HOA CHAT,IM,,4,45,45,0,0,0,0,0,LECTURE,,GENERAL,1.0
701154,QUAN LY DOANH NGHIEP,IM,,4,45,45,0,0,0,0,0,LECTURE,,GENERAL,1.0
701155,KINH TE KT -QLY CHO KS,IM,,4,45,45,0,0,0,0,0,LECTURE,,GENERAL,1.0
701156,QUAN LY DU AN,IM,,3,30,30,0,0,0,0,0,LECTURE,,GENERAL,1.0
701157,HE HO TRO QUYET DINH,IM,,2,45,30,15,0,0,1,0,LECTURE,,GENERAL,1.0
701201,KINH TE HOC VI MO,IM,,2,30,30,0,0,0,0,0,LECTURE,,GENERAL,1.0
701202,KE TOAN TAI CHINH,IM,,3,60,60,0,0,0,0,0,LECTURE,,GENERAL,1.0
701203,MAY TINH KINH DOANH 1,IM,,3,45,24,0,21,0,0,0,LECTURE,,GENERAL,1.0
701204,QUAN LY DAI CUONG,IM,,3,45,40,5,0,0,1,0,LECTURE,,GENERAL,1.0
701205,TIEP THI CAN BAN,IM,,3,45,45,0,0,0,0,0,LECTURE,,GENERAL,1.0
701206,THONG KE TRG KINH DOANH,IM,,3,45,30,0,15,0,0,0,LECTURE,,GENERAL,1.0
701207,KINH TE HOC VI MO,IM,,2,30,30,0,0,0,0,0,LECTURE,,GENERAL,1.0
701209,PP DINH LUONG TRG QUANLY,IM,,3,60,60,0,0,0,0,0,LECTURE,,GENERAL,1.0
701210,KE TOAN QUAN LY,IM,,3,60,60,0,0,0,0,0,LECTURE,,GENERAL,1.0
701211,QUAN LY NHAN SU,IM,,3,45,21,5,19,0,1,0,LECTURE,,GENERAL,1.0
701212,HE THONG SAN XUAT,IM,,3,45,45,0,0,0,0,0,LECTURE,,GENERAL,1.0
701213,KINH TE HOC KINH DOANH,IM,,3,45,40,5,0,0,1,0,LECTURE,,GENERAL,1.0
701214,THUE & LUAT KINH DOANH,IM,,3,45,45,0,0,0,0,0,LECTURE,,GENERAL,1.0
701215,QUAN LY CONG NGHE,IM,,3,45,40,5,0,0,1,0,LECTURE,,GENERAL,1.0
701216,QUAN LY SAN XUAT,IM,,3,60,42,18,0,0,1,0,LECTURE,,GENERAL,1.0
701217,NGHIEN CUU TIEP THI,IM,,3,45,45,0,0,0,0,0,LECTURE,,GENERAL,1.0
701218,LAP VA PHAN TICH DU AN,IM,,3,45,45,0,0,0,0,0,LECTURE,,GENERAL,1.0
701219,MAY TINH TRG KINH DOANH2,IM,,3,45,24,0,21,0,0,0,LECTURE,,GENERAL,1.0
701220,TAI CHINH DOANH NGHIEP,IM,,3,60,60,0,0,0,0,0,LECTURE,,GENERAL,1.0
701221,QUAN LY CHAT LUONG,IM,,3,45,40,5,0,0,1,0,LECTURE,,GENERAL,1.0
701222,QUAN LY CHIEN LUOC,IM,,3,45,40,5,0,0,1,0,LECTURE,,GENERAL,1.0
701223,TIEP THI CONG NGHIEP,IM,,3,45,40,5,0,0,1,0,LECTURE,,GENERAL,1.0
701224,QUAN LY DU AN,IM,,3,45,33,12,0,0,1,0,LECTURE,,GENERAL,1.0
701225,HE THONG TH/TIN QUAN LY,IM,,3,45,30,0,15,0,0,0,LECTURE,,GENERAL,1.0
701229,THI TRUONG TAI CHINH,IM,,3,45,45,0,0,0,0,0,LECTURE,,GENERAL,1.0
701230,MO PHONG TRG KINH DOANH,IM,,3,45,30,0,15,0,0,0,LECTURE,,GENERAL,1.0
701237,ANH VAN THUONG MAI 1,IM,,3,45,45,0,0,0,0,0,LECTURE,,GENERAL,1.0
701238,ANH VAN THUONG MAI 2,IM,,3,45,45,0,0,0,0,0,LECTURE,,GENERAL,1.0
701239,TU TUONG HO CHI MINH,IM,,2,30,30,0,0,0,0,0,LECTURE,,GENERAL,1.0
701701,BT KINH TE KY THUAT,IM,,0,30,0,30,0,0,0,0,PRACTICAL,,GENERAL,1.0
701702,QUAN TRI HOC,IM,,4,102,32,28,0,0,42,0,LECTURE,,GENERAL,1.0
701703,KINH TE DAI CUONG 1,IM,,1,15,15,0,0,0,0,0,LECTURE,,GENERAL,1.0
701704,KINH TE VI MO-QL KE TOAN,IM,,1,15,15,0,0,0,0,0,LECTURE,,GENERAL,1.0
701705,KT VI MO-CH/LUOC & TCXN,IM,,1,21,12,0,0,0,9,0,LECTURE,,GENERAL,1.0
701706,QUAN LY SAN XUAT,IM,,2,48,21,0,0,0,27,0,LECTURE,,GENERAL,1.0
701707,KINH TE DAI CUONG 2,IM,,1,15,15,0,0,0,0,0,LECTURE,,GENERAL,1.0
701708,PP THONG KE &PTICH DLIEU,IM,,1,15,15,0,0,0,0,0,LECTURE,,GENERAL,1.0
701709,"HOPDONG,THTRUONG &TCHUAN",IM,,1,21,12,0,0,0,9,0,LECTURE,,GENERAL,1.0
701710,BAO HO SANG CHE,IM,,1,21,12,0,0,0,9,0,LECTURE,,GENERAL,1.0
701711,KINH TE VI MO-QL KE TOAN,IM,,2,48,21,0,0,0,27,0,LECTURE,,GENERAL,1.0
7X0613,Q.TRI KINH DOANH CHO KS,IM,,3,53,40,5,0,0,8,0,LECTURE,,GENERAL,1.0
7X0642,KINH TE HOC DAI CUONG,IM,,3,675,30,15,0,0,225,0,LECTURE,,GENERAL,1.0
800003,THONG GIO,CI,,2,45,30,15,0,0,0,0,LECTURE,,GENERAL,1.0
800007,KHAI NIEM NGANH,CI,,2,30,30,0,0,0,0,0,LECTURE,,GENERAL,1.0
800300,KY NANG GTIEP-NGANH NGHE,CI,,2,45,30,15,0,0,0,0,LECTURE,,GENERAL,1.0
800702,PHAN TICH DU LIEU,CI,,3,75,30,0,0,0,45,0,LECTURE,,GENERAL,1.0
800703,GIUP RA QUYET DINH 1,CI,,3,75,30,0,0,0,45,0,LECTURE,,GENERAL,1.0
800704,KT DIEN NUOC TRG TOA NHA,CI,,1,21,12,0,0,0,9,0,LECTURE,,GENERAL,1.0
800706,CHUYEN DE,CI,,15,397,14,0,0,0,257,0,LECTURE,,GENERAL,1.0
800708,GIUP RA QUYET DINH 2,CI,,3,45,18,27,0,0,0,0,LECTURE,,GENERAL,1.0
800709,LUAT XAY DUNG,CI,,1,21,12,0,0,0,9,0,LECTURE,,GENERAL,1.0
800710,PHAN TICH DU LIEU (BT),CI,,0,12,0,12,0,0,0,0,PRACTICAL,,GENERAL,1.0
800711,GIUP RA QUYET DINH 1 (BT,CI,,0,12,0,12,0,0,0,0,PRACTICAL,,GENERAL,1.0
801001,MQH & QL GIAO THONG,CI,,2,45,30,15,0,0,0,0,LECTURE,,GENERAL,1.0
801002,MO TRU CAU&LAP PH/AN CAU,CI,,2,45,30,15,0,0,0,0,LECTURE,,GENERAL,1.0
801003,T/HOC UNG DUNG CAU DUONG,CI,,2,45,30,15,0,0,0,0,LECTURE,,GENERAL,1.0
801004,MO TRU CAU,CI,,2,30,30,0,0,0,0,0,LECTURE,,GENERAL,1.0
801005,VAT LIEU NHUA,CI,,2,30,30,0,0,0,0,0,LECTURE,,GENERAL,1.0
801006,THI CONG DUONG,CI,,3,45,45,0,0,0,0,0,LECTURE,,GENERAL,1.0
801007,THI CONG KHAI THAC CAU,CI,,4,60,60,0,0,0,0,0,LECTURE,,GENERAL,1.0
801008,TUONG CHAN DAT,CI,,2,30,30,0,0,0,0,0,LECTURE,,GENERAL,1.0
801009,THIET KE CAU THEP,CI,,4,60,60,0,0,0,0,0,LECTURE,,GENERAL,1.0
801010,TKE DUONG TREN DAT YEU,CI,,3,45,45,0,0,0,0,0,LECTURE,,GENERAL,1.0
801011,THIET KE DUONG O TO,CI,,5,75,75,0,0,0,0,0,LECTURE,,GENERAL,1.0
801012,THIET KE DUONG O TO,CI,,4,60,60,0,0,0,0,0,LECTURE,,GENERAL,1.0
801013,THIET KE CAU BE TONG,CI,,3,45,45,0,0,0,0,0,LECTURE,,GENERAL,1.0
801019,CONG TRINH GIAO THONG,CI,,3,60,45,15,0,0,0,0,LECTURE,,GENERAL,1.0
801020,THIET KE DUONG O TO,CI,,2,45,30,15,0,0,0,0,LECTURE,,GENERAL,1.0
801021,THIET KE CAU BE TONG,CI,,2,45,30,15,0,0,0,0,LECTURE,,GENERAL,1.0
801022,THI CONG CAU,CI,,2,45,30,15,0,0,0,0,LECTURE,,GENERAL,1.0
801023,DUONG SAT & HAM,CI,,2,45,30,15,0,0,0,0,LECTURE,,GENERAL,1.0
801024,THI CONG DUONG,CI,,2,45,30,15,0,0,0,0,LECTURE,,GENERAL,1.0
801025,THIET KE CAU THEP & GO,CI,,2,45,30,15,0,0,0,0,LECTURE,,GENERAL,1.0
801026,KHAI THAC DUONG & CAU,CI,,2,45,30,15,0,0,0,0,LECTURE,,GENERAL,1.0
801027,TN & VLXD DUONG O TO,CI,,2,45,30,0,15,0,0,0,LECTURE,,GENERAL,1.0
801028,DUONG DO THI,CI,,2,45,30,15,0,0,0,0,LECTURE,,GENERAL,1.0
801029,THI NGHIEM VAT LIEU NHUA,CI,,2,45,0,0,45,0,0,0,LAB,,GENERAL,1.0
801035,MO TRU CAU,CI,,2,45,30,15,0,0,0,0,LECTURE,,GENERAL,1.0
801036,T/KE DUONG BANG SAN BAY,CI,,2,45,30,15,0,0,0,0,LECTURE,,GENERAL,1.0
801037,THIET KE DUONG O TO,CI,,3,60,45,15,0,0,0,0,LECTURE,,GENERAL,1.0
801038,THI CONG & K/THAC DUONG,CI,,3,60,45,15,0,0,0,0,LECTURE,,GENERAL,1.0
801039,THIET KE CAU BE TONG,CI,,3,60,45,15,0,0,0,0,LECTURE,,GENERAL,1.0
801040,THIET KE CAU THEP,CI,,3,60,45,15,0,0,0,0,LECTURE,,GENERAL,1.0
801041,THI CONG & KHAI THAC CAU,CI,,3,60,45,15,0,0,0,0,LECTURE,,GENERAL,1.0
801042,DUONG HAM,CI,,2,45,30,15,0,0,0,0,LECTURE,,GENERAL,1.0
801051,CONG TRINH GIAO THONG,CI,,4,45,45,0,0,0,0,0,LECTURE,,GENERAL,1.0
801052,PA TOI UU HOA TRONG QHGT,CI,,2,45,45,0,0,0,0,0,LECTURE,,GENERAL,1.0
802001,CO LCHAT & TB LUU CHAT 1,CI,,5,75,45,15,15,0,0,0,LECTURE,,GENERAL,1.0
802002,CO LCHAT & TB LUU CHAT 2,CI,,5,75,60,0,15,0,0,0,LECTURE,,GENERAL,1.0
802003,CO LUU CHAT B,CI,,3,45,30,15,0,0,0,0,LECTURE,,GENERAL,1.0
802004,CO LUU CHAT A,CI,,5,75,45,15,15,0,0,0,LECTURE,,GENERAL,1.0
802005,THUY LUC 2,CI,,3,45,40,0,5,0,0,0,LECTURE,,GENERAL,1.0
802006,CO LUU CHAT 1A,CI,,2,60,30,30,0,0,0,0,LECTURE,,GENERAL,1.0
802007,CO LUU CHAT 2A,CI,,2,45,30,15,0,0,0,0,LECTURE,,GENERAL,1.0
802008,CO LUU CHAT 3,CI,,2,60,30,30,0,0,0,0,LECTURE,,GENERAL,1.0
802009,THUY LUC,CI,,2,45,30,15,0,0,0,0,LECTURE,,GENERAL,1.0
802010,MAY THUY LUC & NEN KHI,CI,,2,45,30,15,0,0,0,0,LECTURE,,GENERAL,1.0
802011,CO LUU CHAT 1A,CI,,2,45,30,15,0,0,0,0,LECTURE,,GENERAL,1.0
802012,THI NGHIEM CO LUU CHAT,CI,,1,30,0,0,30,0,0,0,LAB,,GENERAL,1.0
802013,CO LUU CHAT & TBI L.CHAT,CI,,4,60,45,0,15,0,0,0,LECTURE,,GENERAL,1.0
802014,MAY THUYLUC & MAY NENKHI,CI,,3,45,45,0,0,0,0,0,LECTURE,,GENERAL,1.0
802015,CO LUU CHAT,CI,,2,45,30,15,0,0,0,0,LECTURE,,GENERAL,1.0
802016,CONG NGHE THUY LUC 1,80,,2,45,0,15,30,0,0,0,LAB,,GENERAL,1.0
802017,THUY LUC CONG TRINH,CI,,3,45,45,0,0,0,0,0,LECTURE,,GENERAL,1.0
802018,CO LUU CHAT (CD),CI,,3,45,30,15,0,0,0,0,LECTURE,,GENERAL,1.0
802019,CONG NGHE THUY LUC 2,80,,2,45,0,15,30,0,0,0,LAB,,GENERAL,1.0
802020,THI NGHIEM CO LUU CHAT,CI,,1,30,0,0,30,0,0,0,LAB,,GENERAL,1.0
802051,CO LUU CHAT,CI,,4,30,30,0,0,0,0,0,LECTURE,,GENERAL,1.0
802052,THUY LUC,CI,,4,45,45,0,0,0,0,0,LECTURE,,GENERAL,1.0
802053,CO LUU CHAT,CI,,4,45,45,0,0,0,0,0,LECTURE,,GENERAL,1.0
802054,THUY LUC,CI,,4,30,30,0,0,0,0,0,LECTURE,,GENERAL,1.0
802055,THI NGHIEM CO LUU CHAT,CI,,3,15,0,0,15,0,0,0,LAB,,GENERAL,1.0
802056,THI NGHIEM THUY LUC,CI,,0,15,0,0,15,0,0,0,LAB,,GENERAL,1.0
802057,BT THUY VAN CONG TRINH,CI,,0,15,0,0,15,0,0,0,LAB,,GENERAL,1.0
802058,THI NGHIEM CO LUU CHAT,CI,,6,30,0,0,30,0,0,0,LAB,,GENERAL,1.0
802059,CO LUU CHAT,CI,,8,60,45,15,0,0,0,0,LECTURE,,GENERAL,1.0
8020B5,CO LUU CHAT,CI,,2,45,30,15,0,0,0,0,LECTURE,,GENERAL,1.0
802701,THUC HANH CO LUU CHAT 1,CI,,0,15,0,0,15,0,0,0,LAB,,GENERAL,1.0
802702,TH CO LUU CHAT 1A - 1B,CI,,0,30,0,0,30,0,0,0,LAB,,GENERAL,1.0
802703,TRUYEN NHIET (XD),CI,,25,38,38,0,0,0,0,0,LECTURE,,GENERAL,1.0
802704,CO LUU CHAT (VP),CI,,3,45,45,0,0,0,0,0,LECTURE,,GENERAL,1.0
802705,THI NGHIEM CO LUU CHAT,CI,,1,30,0,0,30,0,0,0,LAB,,GENERAL,1.0
802706,NHIET CONG TRINH,CI,,2,30,30,0,0,0,0,0,LECTURE,,GENERAL,1.0
802708,THUY LUC DAI CUONG,CI,,3,75,30,0,0,0,45,0,LECTURE,,GENERAL,1.0
802709,DIEU HOA KHONG KHI,CI,,2,48,21,0,0,0,27,0,LECTURE,,GENERAL,1.0
802710,TN VAT LY CONG TRINH,CI,,1,30,0,0,30,0,0,0,LAB,,GENERAL,1.0
802711,TOA NHA & NANG LUONG,CI,,2,48,21,0,0,0,27,0,LECTURE,,GENERAL,1.0
802801,CO LUU CHAT,CI,,2,45,45,0,0,0,0,0,LECTURE,,GENERAL,1.0
802809,THUY LUC,CI,,2,45,30,15,0,0,0,0,LECTURE,,GENERAL,1.0
803002,CONG TRINH NANG HA TAU,CI,,2,45,30,15,0,0,0,0,LECTURE,,GENERAL,1.0
803003,THI CONG CONG TRINH CANG,CI,,3,60,45,15,0,0,0,0,LECTURE,,GENERAL,1.0
803004,CONG TRINH BIEN,CI,,4,60,60,0,0,0,0,0,LECTURE,,GENERAL,1.0
803005,XUONG DONG TAU,CI,,4,60,60,0,0,0,0,0,LECTURE,,GENERAL,1.0
803006,CHINH TRI SONG - CTDT,CI,,4,60,60,0,0,0,0,0,LECTURE,,GENERAL,1.0
803007,CONG TRINH BEN,CI,,5,75,75,0,0,0,0,0,LECTURE,,GENERAL,1.0
803008,CANG CHUYEN DUNG,CI,,2,30,30,0,0,0,0,0,LECTURE,,GENERAL,1.0
803009,THI CONG CANG,CI,,3,45,45,0,0,0,0,0,LECTURE,,GENERAL,1.0
803010,DAN KHOAN BIEN,CI,,2,30,30,0,0,0,0,0,LECTURE,,GENERAL,1.0
803011,CONG TRINH BEN CANG,CI,,4,60,60,0,0,0,0,0,LECTURE,,GENERAL,1.0
803012,CT D.THUY-XUONG DONG TAU,CI,,5,75,75,0,0,0,0,0,LECTURE,,GENERAL,1.0
803017,CONG TRINH BEN,CI,,2,45,30,15,0,0,0,0,LECTURE,,GENERAL,1.0
803018,CHINH TRI SONG,CI,,2,45,30,15,0,0,0,0,LECTURE,,GENERAL,1.0
803019,DONG LUC HOC SONG BIEN,CI,,2,45,30,15,0,0,0,0,LECTURE,,GENERAL,1.0
803020,CONG TRINH BIEN,CI,,2,45,30,15,0,0,0,0,LECTURE,,GENERAL,1.0
803021,DAN KHOAN BIEN,CI,,2,45,30,15,0,0,0,0,LECTURE,,GENERAL,1.0
803022,QUI HOACH CANG,CI,,2,45,30,15,0,0,0,0,LECTURE,,GENERAL,1.0
803023,THI CONG CANG - CT BEN,CI,,2,45,30,15,0,0,0,0,LECTURE,,GENERAL,1.0
803024,CONG TRINH CANG,CI,,2,45,30,15,0,0,0,0,LECTURE,,GENERAL,1.0
803025,CONG TRINH VEN BIEN,CI,,2,45,30,15,0,0,0,0,LECTURE,,GENERAL,1.0
803026,CONG TRINH DUONG THUY,CI,,2,45,30,15,0,0,0,0,LECTURE,,GENERAL,1.0
803027,XUONG DONG TAU,CI,,2,45,30,15,0,0,0,0,LECTURE,,GENERAL,1.0
803028,CONG TRINH NGOAI KHOI,CI,,2,45,30,15,0,0,0,0,LECTURE,,GENERAL,1.0
803029,THI CONG CONG TRINH CANG,CI,,2,45,30,15,0,0,0,0,LECTURE,,GENERAL,1.0
803031,CT D/THUY-XUONG DONG TAU,CI,,5,75,75,0,0,0,0,0,LECTURE,,GENERAL,1.0
803038,CANG CHUYEN DUNG,CI,,2,45,30,15,0,0,0,0,LECTURE,,GENERAL,1.0
804001,TK XD C/TRINH MOI TRUONG,CI,,2,45,30,15,0,0,0,0,LECTURE,,GENERAL,1.0
804002,KET CAU CONG TRINH XDUNG,CI,,2,45,30,15,0,0,0,0,LECTURE,,GENERAL,1.0
804003,KET CAU BE TONG 1,CI,,3,60,45,15,0,0,0,0,LECTURE,,GENERAL,1.0
804004,KET CAU BE TONG,CI,,2,45,30,15,0,0,0,0,LECTURE,,GENERAL,1.0
804005,KET CAU BE TONG 2,CI,,2,45,30,15,0,0,0,0,LECTURE,,GENERAL,1.0
804006,KET CAU THEP GO,CI,,2,45,30,15,0,0,0,0,LECTURE,,GENERAL,1.0
804007,KET CAU THEP 1,CI,,6,75,60,15,0,0,1,0,LECTURE,,GENERAL,1.0
804008,KET CAU THEP 2,CI,,4,60,60,0,0,0,0,0,LECTURE,,GENERAL,1.0
804009,KET CAU THEP 1,CI,,2,45,30,15,0,0,0,0,LECTURE,,GENERAL,1.0
804010,KET CAU THEP & GO,CI,,4,60,60,0,0,0,0,0,LECTURE,,GENERAL,1.0
804011,KIEN TRUC 1,CI,,5,75,75,0,0,0,0,0,LECTURE,,GENERAL,1.0
804012,KIEN TRUC 2,CI,,4,60,60,0,0,0,0,0,LECTURE,,GENERAL,1.0
804013,QUI HOACH G/THONG DO THI,CI,,2,30,30,0,0,0,0,0,LECTURE,,GENERAL,1.0
804014,THI NGHIEM CONG TRINH,CI,,1,30,0,0,30,0,0,0,LAB,,GENERAL,1.0
804019,KIEN TRUC CONG NGHIEP,CI,,3,45,45,0,0,0,0,0,LECTURE,,GENERAL,1.0
804020,KET CAU GACH DA,CI,,2,30,30,0,0,0,0,0,LECTURE,,GENERAL,1.0
804021,KIEN TRUC,CI,,5,75,75,0,0,0,0,0,LECTURE,,GENERAL,1.0
804022,KET CAU BE TONG 1,CI,,3,60,45,15,0,0,0,0,LECTURE,,GENERAL,1.0
804023,KET CAU BETONG2- GACH DA,CI,,3,75,45,30,0,0,0,0,LECTURE,,GENERAL,1.0
804024,KET CAU BE TONG 3,CI,,2,45,30,15,0,0,0,0,LECTURE,,GENERAL,1.0
804025,KET CAU THEP GO,CI,,3,60,45,15,0,0,0,0,LECTURE,,GENERAL,1.0
804026,KET CAU THEP 2,CI,,2,45,30,15,0,0,0,0,LECTURE,,GENERAL,1.0
804027,KIEN TRUC 1,CI,,3,60,45,15,0,0,0,0,LECTURE,,GENERAL,1.0
804028,KIEN TRUC 2,CI,,2,45,30,15,0,0,0,0,LECTURE,,GENERAL,1.0
804029,NHA NHIEU TANG,CI,,2,45,30,15,0,0,0,0,LECTURE,,GENERAL,1.0
804030,SAN BAY,CI,,2,45,30,15,0,0,0,0,LECTURE,,GENERAL,1.0
804031,QUI HOACH DO THI,CI,,2,45,30,15,0,0,0,0,LECTURE,,GENERAL,1.0
804032,BE TONG CT UNG LUC TRUOC,CI,,2,45,30,15,0,0,0,0,LECTURE,,GENERAL,1.0
804033,KET CAU THAP TRU,CI,,2,45,30,15,0,0,1,0,LECTURE,,GENERAL,1.0
804034,HU HONG - SUA CHUA,CI,,2,45,30,15,0,0,0,0,LECTURE,,GENERAL,1.0
804035,CAI TAO- NANG CAP CTRINH,CI,,2,45,30,15,0,0,0,0,LECTURE,,GENERAL,1.0
804039,KIEN TRUC CONG NGHIEP,CI,,3,45,45,0,0,0,0,0,LECTURE,,GENERAL,1.0
804040,KET CAU THEP 2,CI,,3,45,45,0,0,0,0,0,LECTURE,,GENERAL,1.0
804044,KET CAU BE TONG 1,CI,,2,45,30,15,0,0,0,0,LECTURE,,GENERAL,1.0
804045,KET CAU THEP,CI,,2,45,30,15,0,0,0,0,LECTURE,,GENERAL,1.0
804046,THI NGHIEM CONG TRINH,CI,,1,30,0,0,30,0,0,0,LAB,,GENERAL,1.0
804048,HU HONG&SUA CHUA C/TRINH,CI,,2,45,30,15,0,0,0,0,LECTURE,,GENERAL,1.0
804049,BE TONG COT THEP,CI,,3,45,45,0,0,0,0,0,LECTURE,,GENERAL,1.0
804051,BE TONG 1,CI,,4,30,30,0,0,0,0,0,LECTURE,,GENERAL,1.0
804052,KIEN TRUC DAN DUNG,CI,,4,30,30,0,0,0,0,0,LECTURE,,GENERAL,1.0
804055,KET CAU THEP 1,CI,,4,30,30,0,0,0,0,0,LECTURE,,GENERAL,1.0
804056,KIEN TRUC CONG NGHIEP,CI,,4,30,30,0,0,0,0,0,LECTURE,,GENERAL,1.0
804059,KET CAU GO,CI,,3,30,20,0,0,0,1,0,LECTURE,,GENERAL,1.0
804060,KET CAU THEP 2,CI,,4,30,30,0,0,0,0,0,LECTURE,,GENERAL,1.0
804061,KET CAU GACH DA,CI,,2,15,15,0,0,0,0,0,LECTURE,,GENERAL,1.0
804062,QUI HOACH DO THI,CI,,4,30,30,0,0,0,0,0,LECTURE,,GENERAL,1.0
804063,KET CAU THEP GO,CI,,6,45,45,0,0,0,0,0,LECTURE,,GENERAL,1.0
804064,BE TONG 2,CI,,4,30,30,0,0,0,0,0,LECTURE,,GENERAL,1.0
804065,BE TONG 2 - GACH DA,CI,,4,30,30,0,0,0,0,0,LECTURE,,GENERAL,1.0
804070,NHA NHIEU TANG,CI,,3,30,30,0,0,0,0,0,LECTURE,,GENERAL,1.0
804071,KET CAU BE TONG 1,CI,,6,45,45,0,0,0,0,0,LECTURE,,GENERAL,1.0
804072,KIEN TRUC,CI,,6,45,45,0,0,0,0,0,LECTURE,,GENERAL,1.0
804074,BE TONG 2 & GACH DA,CI,,6,45,45,0,0,0,0,0,LECTURE,,GENERAL,1.0
804075,KET CAU THEP GO,CI,,4,30,30,0,0,0,0,0,LECTURE,,GENERAL,1.0
804077,KIEN TRUC,CI,,8,60,60,0,0,0,0,0,LECTURE,,GENERAL,1.0
804079,QUI HOACH DO THI,CI,,4,45,45,0,0,0,0,0,LECTURE,,GENERAL,1.0
804080,KET CAU THEP 2,CI,,4,45,45,0,0,0,0,0,LECTURE,,GENERAL,1.0
804081,THIET KE CONG TRINH,CI,,4,45,45,0,0,0,0,0,LECTURE,,GENERAL,1.0
804084,BE TONG 1,CI,,4,45,45,0,0,0,0,0,LECTURE,,GENERAL,1.0
804085,KIEN TRUC CONG NGHIEP,CI,,4,45,45,0,0,0,0,0,LECTURE,,GENERAL,1.0
804086,KIEN TRUC DAN DUNG,CI,,0,45,45,0,0,0,0,0,LECTURE,,GENERAL,1.0
804087,KET CAU THEP 1,CI,,0,45,45,0,0,0,0,0,LECTURE,,GENERAL,1.0
804088,QUI HOACH DO THI,CI,,3,30,30,0,0,0,0,0,LECTURE,,GENERAL,1.0
804101,KET CAU CONG TRINH 1,CI,,2,45,30,15,0,0,0,0,LECTURE,,GENERAL,1.0
804102,KET CAU CONG TRINH 2,CI,,2,45,30,15,0,0,0,0,LECTURE,,GENERAL,1.0
804103,KET CAU CONG TRINH,CI,,3,60,45,15,0,0,0,0,LECTURE,,GENERAL,1.0
804104,TN CONG TRINH TL TNN,CI,,1,30,0,0,30,0,0,0,LAB,,GENERAL,1.0
804105,KET CAU BETONG2- GACH DA,CI,,3,60,45,15,0,0,0,0,LECTURE,,GENERAL,1.0
804701,KET CAU BE TONG 1,CI,,3,45,30,15,0,0,0,0,LECTURE,,GENERAL,1.0
804703,KET CAU BE TONG 2,CI,,3,75,30,0,0,0,45,0,LECTURE,,GENERAL,1.0
804705,K/CAU THEP & K/CAU H/HOP,CI,,3,75,30,0,0,0,45,0,LECTURE,,GENERAL,1.0
804706,THIET KE KET CAU NHA,CI,,2,48,21,0,0,0,27,0,LECTURE,,GENERAL,1.0
805001,DIA CHAT CONG TRINH,CI,,4,60,45,0,15,0,0,0,LECTURE,,GENERAL,1.0
805002,CONG TRINH TREN DAT YEU,CI,,3,45,45,0,0,0,0,0,LECTURE,,GENERAL,1.0
805003,CO HOC DAT NEN MONG,CI,,2,45,30,15,0,0,0,0,LECTURE,,GENERAL,1.0
805004,CO HOC DAT B,CI,,4,60,45,0,15,0,0,0,LECTURE,,GENERAL,1.0
805005,NEN MONG A,CI,,5,75,60,15,0,0,0,0,LECTURE,,GENERAL,1.0
805007,NEN MONG B,CI,,3,45,45,0,0,0,0,0,LECTURE,,GENERAL,1.0
805009,DIA CHAT CONG TRINH,CI,,2,45,30,15,0,0,0,0,LECTURE,,GENERAL,1.0
805010,CO HOC DAT,CI,,3,60,45,15,0,0,0,0,LECTURE,,GENERAL,1.0
805011,NEN MONG,CI,,3,60,45,15,0,0,0,0,LECTURE,,GENERAL,1.0
805012,CONG TRINH TREN DAT YEU,CI,,2,45,30,15,0,0,0,0,LECTURE,,GENERAL,1.0
805013,GIAI PHAP NEN MONG,CI,,2,45,30,15,0,0,0,0,LECTURE,,GENERAL,1.0
805014,THUC TAP DIA CHAT CTRINH,CI,,1,30,0,0,30,0,0,0,LAB,,GENERAL,1.0
805015,THUC TAP DIA CHAT,CI,,1,15,0,0,15,0,0,0,LAB,,GENERAL,1.0
805016,THI NGHIEM CO HOC DAT,CI,,1,30,0,0,30,0,0,0,LAB,,GENERAL,1.0
805018,THUY DIA CO HOC,CI,,3,60,45,15,0,0,0,0,LECTURE,,GENERAL,1.0
805019,KINH TE & LUAT KHOANGSAN,CI,,2,45,30,15,0,0,0,0,LECTURE,,GENERAL,1.0
805020,DIA KY THUAT 2,CI,,2,45,30,15,0,0,0,0,LECTURE,,GENERAL,1.0
805021,ON DINH CONG TRINH,CI,,3,60,45,15,0,0,0,0,LECTURE,,GENERAL,1.0
805022,CONG TRINH XAY DUNG,CI,,2,45,30,15,0,0,0,0,LECTURE,,GENERAL,1.0
805023,DIA CHAT CONG TRINH KV,CI,,1,30,15,15,0,0,0,0,LECTURE,,GENERAL,1.0
805024,KY THUAT THI CONG,CI,,1,30,15,15,0,0,0,0,LECTURE,,GENERAL,1.0
805025,THUY DIA CHAT CAC MO DK,CI,,1,30,15,15,0,0,0,0,LECTURE,,GENERAL,1.0
805026,VAT LIEU HOC,CI,,1,30,15,15,0,0,0,0,LECTURE,,GENERAL,1.0
805027,DIA KY THUAT,CI,,3,60,45,15,0,0,0,0,LECTURE,,GENERAL,1.0
805028,NEN MONG CONG TRINH,CI,,2,45,30,15,0,0,0,0,LECTURE,,GENERAL,1.0
805030,CO HOC DAT,CI,,3,60,45,15,0,0,0,0,LECTURE,,GENERAL,1.0
805031,NEN MONG,CI,,2,45,30,15,0,0,0,0,LECTURE,,GENERAL,1.0
805032,CO HOC DAT,CI,,2,45,30,15,0,0,0,0,LECTURE,,GENERAL,1.0
805033,CO HOC DAT,CI,,3,45,45,0,0,0,0,0,LECTURE,,GENERAL,1.0
805034,CO HOC DAT& N/MONG (MTR),CI,,3,60,45,15,0,0,0,0,LECTURE,,GENERAL,1.0
805035,CO HOC MOI TRUONG ROI,CI,,2,45,30,15,0,0,0,0,LECTURE,,GENERAL,1.0
805051,CO HOC DAT,CI,,4,45,45,0,0,0,0,0,LECTURE,,GENERAL,1.0
805052,NEN MONG,CI,,6,45,45,0,0,0,0,0,LECTURE,,GENERAL,1.0
805054,CONG TRINH TREN DAT YEU,CI,,2,20,20,0,0,0,0,0,LECTURE,,GENERAL,1.0
805055,CONG TRINH TREN DAT YEU,CI,,3,30,30,0,0,0,0,0,LECTURE,,GENERAL,1.0
805056,THUC TAP DIA CHAT,CI,,3,15,0,0,15,0,0,0,LAB,,GENERAL,1.0
805057,THI NGHIEM CO HOC DAT,CI,,2,15,0,0,15,0,0,0,LAB,,GENERAL,1.0
805058,DIA CHAT CONG TRINH,CI,,4,30,30,0,0,0,0,0,LECTURE,,GENERAL,1.0
805059,CO HOC DAT,CI,,4,30,30,0,0,0,0,0,LECTURE,,GENERAL,1.0
805060,NEN MONG,CI,,4,30,30,0,0,0,0,0,LECTURE,,GENERAL,1.0
805062,DIA CHAT CONG TRINH,CI,,6,45,45,0,0,0,0,0,LECTURE,,GENERAL,1.0
805063,THUC TAP DIA CHAT,CI,,6,30,0,0,30,0,0,0,LAB,,GENERAL,1.0
805064,TN CO HOC DAT,CI,,6,30,0,0,30,0,0,0,LAB,,GENERAL,1.0
805701,DIA CHAT CONG TRINH,CI,,3,60,30,0,30,0,0,0,LECTURE,,GENERAL,1.0
805702,THUY LUC & CO HOC DAT,CI,,4,60,25,20,15,0,0,0,LECTURE,,GENERAL,1.0
805703,T/KE C/TRINH DIA K/THUAT,CI,,4,90,45,0,0,0,45,0,LECTURE,,GENERAL,1.0
805704,THIET KE NEN MONG,CI,,2,48,21,0,0,0,27,0,LECTURE,,GENERAL,1.0
805705,DAO SAU & CAI TAO DAT,CI,,2,48,21,0,0,0,27,0,LECTURE,,GENERAL,1.0
805732,THUY LUC & CO HOC DAT(TN,CI,,0,15,0,0,15,0,0,0,LAB,,GENERAL,1.0
805832,CO HOC DAT,CI,,2,45,30,15,0,0,0,0,LECTURE,,GENERAL,1.0
806001,VE KY THUAT 1A,CI,,2,45,26,19,0,0,1,0,LECTURE,,GENERAL,1.0
806002,VE KY THUAT 1B,CI,,2,47,15,26,0,0,6,0,LECTURE,,GENERAL,1.0
806003,VE KY THUAT 2A,CI,,2,45,24,0,21,0,0,0,LECTURE,,GENERAL,1.0
806004,VE KY THUAT 2B,CI,,2,45,24,0,21,0,0,0,LECTURE,,GENERAL,1.0
806005,VE CO KHI,CI,,1,30,15,15,0,0,0,0,LECTURE,,GENERAL,1.0
806006,VE KY THUAT,CI,,1,30,15,15,0,0,0,0,LECTURE,,GENERAL,1.0
806007,VE KY THUAT,CI,,2,45,30,15,0,0,0,0,LECTURE,,GENERAL,1.0
806008,HINH HOA VE KY THUAT,80,,4,60,30,30,0,0,0,0,LECTURE,,GENERAL,1.0
806009,VE KY THUAT,CI,,3,45,45,0,0,0,0,0,LECTURE,,GENERAL,1.0
806010,VE KY THUAT,CI,,3,62,30,26,0,0,6,0,LECTURE,,GENERAL,1.0
806011,VE KY THUAT XAY DUNG 1,CI,,2,45,25,20,0,0,1,0,LECTURE,,GENERAL,1.0
806012,VE KY THUAT XAY DUNG 2,CI,,2,45,24,0,21,0,0,0,LECTURE,,GENERAL,1.0
806013,HHOA VE KY THUAT 1 (CKT),CI,,2,45,25,20,0,0,1,0,LECTURE,,GENERAL,1.0
806014,HHOA VE KY THUAT 2 (CKT),CI,,2,45,30,15,0,0,0,0,LECTURE,,GENERAL,1.0
806015,VE BONG PHOI CANH,CI,,2,45,30,15,0,0,0,0,LECTURE,,GENERAL,1.0
806025,HINH HOC HOA HINH,CI,,2,45,30,15,0,0,0,0,LECTURE,,GENERAL,1.0
806034,VE KY THUAT,CI,,3,75,45,30,0,0,0,0,LECTURE,,GENERAL,1.0
806051,HINH HOA - VE KY THUAT,CI,,4,30,30,0,0,0,0,0,LECTURE,,GENERAL,1.0
806052,VE KY THUAT 1,CI,,3,30,30,0,0,0,1,0,LECTURE,,GENERAL,1.0
806053,VE KY THUAT 2,CI,,4,30,30,0,0,0,1,0,LECTURE,,GENERAL,1.0
806054,VE KY THUAT CO KHI,CI,,4,30,30,0,0,0,0,0,LECTURE,,GENERAL,1.0
806055,VE KY THUAT XAY DUNG,CI,,3,45,45,0,0,0,0,0,LECTURE,,GENERAL,1.0
806056,VE KY THUAT,CI,,5,45,40,5,0,0,1,0,LECTURE,,GENERAL,1.0
806057,VE KY THUAT,CI,,4,45,40,5,0,0,1,0,LECTURE,,GENERAL,1.0
806058,VE XAY DUNG,CI,,4,30,30,0,0,0,0,0,LECTURE,,GENERAL,1.0
806701,BAI TAP VE KY THUAT,CI,,0,30,0,30,0,0,0,0,PRACTICAL,,GENERAL,1.0
806702,VE KY THUAT,CI,,2,30,7,0,23,0,0,0,LECTURE,,GENERAL,1.0
806703,HINH HOA,CI,,2,38,23,15,0,0,0,0,LECTURE,,GENERAL,1.0
807001,LUAT XD&QUAN LY DU AN XD,CI,,2,45,30,15,0,0,0,0,LECTURE,,GENERAL,1.0
807002,KY THUAT THI CONG,CI,,5,75,75,0,0,0,0,0,LECTURE,,GENERAL,1.0
807003,KT & TO CHUC THI CONG,CI,,2,45,30,15,0,0,0,0,LECTURE,,GENERAL,1.0
807007,KINH TE NGANH,CI,,4,60,60,0,0,0,0,0,LECTURE,,GENERAL,1.0
807008,TIN HOC QUAN LY,CI,,3,45,45,0,0,0,0,0,LECTURE,,GENERAL,1.0
807009,AN TOAN LAO DONG,CI,,2,30,30,0,0,0,0,0,LECTURE,,GENERAL,1.0
807010,MAY XAY DUNG,CI,,3,45,45,0,0,0,0,0,LECTURE,,GENERAL,1.0
807011,MXD & KY THUAT THI CONG,CI,,3,60,45,15,0,0,0,0,LECTURE,,GENERAL,1.0
807012,KINH TE XAY DUNG,CI,,2,45,30,15,0,0,0,0,LECTURE,,GENERAL,1.0
807013,TO CHUC THI CONG,CI,,2,45,30,15,0,0,0,0,LECTURE,,GENERAL,1.0
807015,TIN HOC TRONG QUAN LY XD,CI,,2,45,30,15,0,0,0,0,LECTURE,,GENERAL,1.0
807016,MXD & AN TOAN LAO DONG,CI,,2,45,30,15,0,0,0,0,LECTURE,,GENERAL,1.0
807017,KY THUAT THI CONG,CI,,3,60,45,15,0,0,0,0,LECTURE,,GENERAL,1.0
807018,QUAN LY DU AN XAY DUNG,CI,,2,45,30,15,0,0,0,0,LECTURE,,GENERAL,1.0
807051,KY THUAT THI CONG,CI,,4,30,30,0,0,0,0,0,LECTURE,,GENERAL,1.0
807052,TO CHUC THI CONG,CI,,4,45,45,0,0,0,0,0,LECTURE,,GENERAL,1.0
807053,MAY XAY DUNG,CI,,4,30,30,0,0,0,0,0,LECTURE,,GENERAL,1.0
807054,KINH TE XAY DUNG,CI,,3,30,30,0,0,0,0,0,LECTURE,,GENERAL,1.0
807056,MAY & KY THUAT THI CONG,CI,,5,45,45,0,0,0,0,0,LECTURE,,GENERAL,1.0
807057,KY THUAT THI CONG,CI,,6,45,45,0,0,0,0,0,LECTURE,,GENERAL,1.0
807058,TO CHUC THI CONG,CI,,4,30,30,0,0,0,0,0,LECTURE,,GENERAL,1.0
807061,KINH TE XAY DUNG,CI,,4,45,45,0,0,0,0,0,LECTURE,,GENERAL,1.0
807062,TIN HOC UNG DUNG,CI,,2,30,30,0,0,0,0,0,LECTURE,,GENERAL,1.0
807063,MXD & KY THUAT THI CONG,CI,,5,60,60,0,0,0,0,0,LECTURE,,GENERAL,1.0
807066,QUAN LY DU AN,CI,,0,30,30,0,0,0,0,0,LECTURE,,GENERAL,1.0
807067,TH/HANH TIN HOC UNG DUNG,CI,,1,15,0,0,15,0,0,0,LAB,,GENERAL,1.0
807701,QUAN LY DU AN XAY DUNG 1,CI,,2,48,21,0,0,0,27,0,LECTURE,,GENERAL,1.0
807702,KT & TO CHUC THI CONG,CI,,4,78,45,24,0,0,9,0,LECTURE,,GENERAL,1.0
807703,QUAN LY DU AN XAY DUNG 2,CI,,2,48,21,0,0,0,27,0,LECTURE,,GENERAL,1.0
807704,KINH TE XAY DUNG,CI,,2,48,21,0,0,0,27,0,LECTURE,,GENERAL,1.0
807706,KT &TO CHUC THI CONG(THL,CI,,0,24,0,24,0,0,0,0,PRACTICAL,,GENERAL,1.0
808001,CAP THOAT NUOC A,CI,,3,60,45,15,0,0,0,0,LECTURE,,GENERAL,1.0
808002,THUY CONG 1,CI,,2,45,30,15,0,0,0,0,LECTURE,,GENERAL,1.0
808003,THUY CONG 2,CI,,2,45,30,15,0,0,0,0,LECTURE,,GENERAL,1.0
808004,THUY DIEN,CI,,3,60,45,15,0,0,0,0,LECTURE,,GENERAL,1.0
808005,TN THUY LUC & CTT,CI,,1,30,0,0,30,0,0,0,LAB,,GENERAL,1.0
808006,PHUONG PHAP SO UNG DUNG,CI,,2,45,30,15,0,0,0,0,LECTURE,,GENERAL,1.0
808007,KY THUAT TUOI TIEU,CI,,2,45,30,15,0,0,0,0,LECTURE,,GENERAL,1.0
808008,TIN HOC UNG DUNG,CI,,2,45,15,30,0,0,0,0,LECTURE,,GENERAL,1.0
808009,TRAM NANG LUONG NHO,CI,,3,45,45,0,0,0,0,0,LECTURE,,GENERAL,1.0
808010,NHA MAY THUY DIEN,CI,,2,30,30,0,0,0,0,0,LECTURE,,GENERAL,1.0
808011,NHA MAY THUY DIEN,CI,,4,60,60,0,0,0,0,0,LECTURE,,GENERAL,1.0
808012,THUY VAN NGANH (HAI VAN),CI,,2,30,30,0,0,0,0,0,LECTURE,,GENERAL,1.0
808013,MAY THUY LUC,CI,,2,45,30,15,0,0,0,0,LECTURE,,GENERAL,1.0
808014,THUY DIEN TRAM BOM,CI,,2,45,30,15,0,0,0,0,LECTURE,,GENERAL,1.0
808015,THUY VAN,CI,,2,45,30,15,0,0,0,0,LECTURE,,GENERAL,1.0
808017,TRAM NANG LUONG NHO,CI,,3,45,30,15,0,0,0,0,LECTURE,,GENERAL,1.0
808018,THUY CONG,CI,,5,75,75,0,0,0,0,0,LECTURE,,GENERAL,1.0
808019,THUY CONG 2,CI,,3,45,45,0,0,0,0,0,LECTURE,,GENERAL,1.0
808021,THUY NONG 1,CI,,3,45,45,0,0,0,0,0,LECTURE,,GENERAL,1.0
808022,THUY NONG 2,CI,,3,45,45,0,0,0,0,0,LECTURE,,GENERAL,1.0
808023,THI CONG THUY LOI,CI,,3,45,45,0,0,0,0,0,LECTURE,,GENERAL,1.0
808026,CONG TRINH THUY,CI,,3,60,45,15,0,0,0,0,LECTURE,,GENERAL,1.0
808027,THUY CONG,CI,,2,45,30,15,0,0,0,0,LECTURE,,GENERAL,1.0
808028,QUI HOACH NGUON NUOC,CI,,2,45,30,15,0,0,0,0,LECTURE,,GENERAL,1.0
808029,KT & TO CHUC THI CONG,CI,,6,90,90,0,0,0,0,0,LECTURE,,GENERAL,1.0
808031,AN TOAN LAO DONG,CI,,2,30,30,0,0,0,0,0,LECTURE,,GENERAL,1.0
808032,CAP THOAT NUOC,CI,,2,45,30,15,0,0,0,0,LECTURE,,GENERAL,1.0
808033,THUY NONG,CI,,2,45,30,15,0,0,0,0,LECTURE,,GENERAL,1.0
808034,THI CONG THUY LOI,CI,,2,45,30,15,0,0,0,0,LECTURE,,GENERAL,1.0
808035,T/BI TRONG NM THUY DIEN,CI,,2,45,30,15,0,0,0,0,LECTURE,,GENERAL,1.0
808036,HO CHUA & MOI TRUONG,CI,,2,45,30,15,0,0,0,0,LECTURE,,GENERAL,1.0
808037,PP SO CANG-C/TRINH BIEN,CI,,2,45,30,15,0,0,0,0,LECTURE,,GENERAL,1.0
808038,THUY NONG & CAI TAO DAT,CI,,2,45,30,15,0,0,0,0,LECTURE,,GENERAL,1.0
808040,MAY THUY LUC,CI,,3,45,45,0,0,0,0,0,LECTURE,,GENERAL,1.0
808041,THUY CONG,CI,,5,75,75,0,0,0,0,0,LECTURE,,GENERAL,1.0
808042,THUY VAN NGANH,CI,,2,30,30,0,0,0,0,0,LECTURE,,GENERAL,1.0
808043,THUY CONG 2,CI,,3,45,45,0,0,0,0,0,LECTURE,,GENERAL,1.0
808044,THUY NANG - TRAM N.LUONG,CI,,3,45,45,0,0,0,0,0,LECTURE,,GENERAL,1.0
808046,THUY DIEN,CI,,4,60,60,0,0,0,0,0,LECTURE,,GENERAL,1.0
808047,THUY NONG 1,CI,,3,45,45,0,0,0,0,0,LECTURE,,GENERAL,1.0
808048,TRAM BOM,CI,,3,45,45,0,0,0,0,0,LECTURE,,GENERAL,1.0
808049,THUY NONG 2,CI,,3,45,45,0,0,0,0,0,LECTURE,,GENERAL,1.0
808051,THUY VAN CONG TRINH,CI,,4,30,30,0,0,0,0,0,LECTURE,,GENERAL,1.0
808052,THI CONG THUY LOI,CI,,3,45,45,0,0,0,0,0,LECTURE,,GENERAL,1.0
808053,THUY VAN CONG TRINH,CI,,4,60,45,15,0,0,0,0,LECTURE,,GENERAL,1.0
808055,MAY THUY LUC,CI,,2,30,30,0,0,0,0,0,LECTURE,,GENERAL,1.0
808056,CONG TRINH THUY,CI,,3,75,45,30,0,0,0,0,LECTURE,,GENERAL,1.0
808057,TRAM NANG LUONG NHO,CI,,3,45,45,0,0,0,0,0,LECTURE,,GENERAL,1.0
808058,THUY CONG 1,CI,,3,60,45,15,0,0,0,0,LECTURE,,GENERAL,1.0
808059,NHA MAY THUY DIEN,CI,,2,30,30,0,0,0,0,0,LECTURE,,GENERAL,1.0
808060,QUI HOACH NGUON NUOC,CI,,2,45,30,15,0,0,0,0,LECTURE,,GENERAL,1.0
808061,NHA MAY THUY DIEN,CI,,4,60,60,0,0,0,0,0,LECTURE,,GENERAL,1.0
808062,THUY VAN NGANH (HAI VAN),CI,,2,45,30,15,0,0,0,0,LECTURE,,GENERAL,1.0
808063,THUY DIEN TRAM BOM,CI,,3,60,45,15,0,0,0,0,LECTURE,,GENERAL,1.0
808064,THUY VAN,CI,,2,45,30,0,0,0,0,0,LECTURE,,GENERAL,1.0
808065,THUY VAN CONG TRINH,CI,,4,30,30,0,0,0,0,0,LECTURE,,GENERAL,1.0
808066,TRAM NANG LUONG NHO,CI,,3,45,45,0,0,0,0,0,LECTURE,,GENERAL,1.0
808067,KT & TO CHUC THI CONG,CI,,6,90,90,0,0,0,0,0,LECTURE,,GENERAL,1.0
808069,AN TOAN LAO DONG,CI,,2,30,30,0,0,0,0,0,LECTURE,,GENERAL,1.0
808073,CHINH TRI SONG,CI,,2,45,30,15,0,0,0,0,LECTURE,,GENERAL,1.0
808074,CAP THOAT NUOC,CI,,4,30,30,0,0,0,0,0,LECTURE,,GENERAL,1.0
808075,CONG TRINH THUY LOI,CI,,4,45,45,0,0,0,0,0,LECTURE,,GENERAL,1.0
808078,CONG TRINH CAP THOATNUOC,CI,,2,45,30,15,0,0,0,0,LECTURE,,GENERAL,1.0
808079,KY THUAT XU LY NUOC,CI,,2,45,30,15,0,0,0,0,LECTURE,,GENERAL,1.0
808101,PP SO UNG DUNG (TNN),CI,,3,60,45,15,0,0,0,0,LECTURE,,GENERAL,1.0
808102,THUY NANG - THUY DIEN,CI,,2,45,30,15,0,0,0,0,LECTURE,,GENERAL,1.0
808103,THUY CONG 2,CI,,3,60,40,16,4,0,0,0,LECTURE,,GENERAL,1.0
808104,CONG TRINH THU &TRAM BOM,CI,,2,45,30,15,0,0,0,0,LECTURE,,GENERAL,1.0
808105,THUY NONG,CI,,3,60,45,15,0,0,0,0,LECTURE,,GENERAL,1.0
808107,THUY VAN (CAU DUONG),CI,,2,45,30,15,0,0,0,0,LECTURE,,GENERAL,1.0
808108,THI NGHIEM CONG TRINH,CI,,1,15,0,0,15,0,0,0,LAB,,GENERAL,1.0
808151,THUY VAN CONG TRINH,CI,,0,45,45,0,0,0,0,0,LECTURE,,GENERAL,1.0
808152,CAP THOAT NUOC,CI,,0,45,45,0,0,0,0,0,LECTURE,,GENERAL,1.0
808153,CONG TRINH THUY,CI,,4,45,45,0,0,0,0,0,LECTURE,,GENERAL,1.0
808701,THUY VAN DAI CUONG,CI,,2,42,24,0,0,0,18,0,LECTURE,,GENERAL,1.0
809001,SUC BEN VAT LIEU 2C,CI,,2,45,30,6,9,0,0,0,LECTURE,,GENERAL,1.0
809002,SUC BEN VAT LIEU B,CI,,2,45,30,15,0,0,0,0,LECTURE,,GENERAL,1.0
809003,SUC BEN VAT LIEU 1B,CI,,5,75,45,20,10,0,1,0,LECTURE,,GENERAL,1.0
809004,SUC BEN VAT LIEU 2B,CI,,5,75,45,20,10,0,1,0,LECTURE,,GENERAL,1.0
809005,SUC BEN VAT LIEU,CI,,3,60,45,15,0,0,0,0,LECTURE,,GENERAL,1.0
809006,CO KET CAU,CI,,2,45,30,15,0,0,0,0,LECTURE,,GENERAL,1.0
809007,CO HOC KET CAU 2A,CI,,5,60,55,5,0,0,1,0,LECTURE,,GENERAL,1.0
809008,CO HOC KET CAU 1B,CI,,4,60,40,20,0,0,1,0,LECTURE,,GENERAL,1.0
809009,CO HOC KET CAU 2B,CI,,4,60,45,15,0,0,1,0,LECTURE,,GENERAL,1.0
809010,LY THUYET VO MONG,CI,,2,30,30,0,0,0,0,0,LECTURE,,GENERAL,1.0
809011,DONG LUC HOC CONG TRINH,CI,,2,30,30,0,0,0,0,0,LECTURE,,GENERAL,1.0
809012,DAN HOI UNG DUNG,CI,,4,60,60,0,0,0,0,0,LECTURE,,GENERAL,1.0
809013,LY THUYET DAN HOI & PTHH,CI,,4,60,60,0,0,0,0,0,LECTURE,,GENERAL,1.0
809014,SUC BEN VAT LIEU 1,CI,,3,60,45,15,0,0,0,0,LECTURE,,GENERAL,1.0
809015,SUC BEN VAT LIEU 2,CI,,2,45,30,15,0,0,0,0,LECTURE,,GENERAL,1.0
809016,CO KET CAU 1,CI,,2,45,30,15,0,0,0,0,LECTURE,,GENERAL,1.0
809017,CO KET CAU 2,CI,,3,60,45,15,0,0,0,0,LECTURE,,GENERAL,1.0
809018,DAN HOI UNG DUNG,CI,,2,45,30,15,0,0,0,0,LECTURE,,GENERAL,1.0
809019,DONG LUC HOC CONG TRINH,CI,,2,45,30,15,0,0,0,0,LECTURE,,GENERAL,1.0
809020,CO KET CAU 2,CI,,2,45,30,15,0,0,0,0,LECTURE,,GENERAL,1.0
809021,SUC BEN VAT LIEU 1A,CI,,3,75,45,15,15,0,0,0,LECTURE,,GENERAL,1.0
809022,TNGHIEM SUC BEN VAT LIEU,CI,,1,30,0,0,30,0,0,0,LAB,,GENERAL,1.0
809023,LY THUYET DAN HOI PTHH,CI,,4,60,60,0,0,0,0,0,LECTURE,,GENERAL,1.0
809024,SUC BEN VAT LIEU 1,CI,,3,60,45,15,0,0,0,0,LECTURE,,GENERAL,1.0
809025,SUC BEN VAT LIEU,CI,,3,45,45,0,0,0,0,0,LECTURE,,GENERAL,1.0
809026,SUC BEN VAT LIEU 1,CI,,2,45,30,15,0,0,0,0,LECTURE,,GENERAL,1.0
809027,SUC BEN VAT LIEU 2 (CK),CI,,2,45,30,15,0,0,0,0,LECTURE,,GENERAL,1.0
809028,DAN HOI UNG DUNG & PTHH,CI,,3,60,45,15,0,0,0,0,LECTURE,,GENERAL,1.0
809029,CO KY THUAT 1 (CDT),CI,,2,45,30,15,0,0,1,0,LECTURE,,GENERAL,1.0
809030,CO KY THUAT 3 (CDT),CI,,3,60,45,15,0,0,1,0,LECTURE,,GENERAL,1.0
809031,SUC BEN VAT LIEU,80,,4,60,30,30,0,0,0,0,LECTURE,,GENERAL,1.0
809032,CO KET CAU (QT),CI,,3,60,45,15,0,0,0,0,LECTURE,,GENERAL,1.0
809033,SUC BEN VAT LIEU,CI,,2,45,30,15,0,0,1,0,LECTURE,,GENERAL,1.0
809051,SUC BEN VAT LIEU 1,CI,,6,45,45,0,0,0,0,0,LECTURE,,GENERAL,1.0
809052,SUC BEN VAT LIEU 2,CI,,6,60,45,0,0,0,0,0,LECTURE,,GENERAL,1.0
809053,TN SUC BEN VAT LIEU,CI,,3,15,0,0,15,0,0,0,LAB,,GENERAL,1.0
809054,CO KET CAU 1,CI,,6,45,45,0,0,0,0,0,LECTURE,,GENERAL,1.0
809055,CO KET CAU 2,CI,,4,30,30,0,0,0,0,0,LECTURE,,GENERAL,1.0
809056,CO KET CAU 2,CI,,4,45,45,0,0,0,0,0,LECTURE,,GENERAL,1.0
809057,SUC BEN 1,CI,,4,30,30,0,0,0,0,0,LECTURE,,GENERAL,1.0
809058,SUC BEN 2,CI,,4,30,30,0,0,0,0,0,LECTURE,,GENERAL,1.0
809059,DAN HOI UNG DUNG,CI,,3,30,30,0,0,0,0,0,LECTURE,,GENERAL,1.0
809060,TN SUC BEN VAT LIEU,CI,,6,30,0,0,30,0,0,0,LAB,,GENERAL,1.0
809402,SUC BEN VAT LIEU 2,CI,,2,45,30,15,0,0,0,0,LECTURE,,GENERAL,1.0
809701,TN SBVL 1 (TUAN 10 - 14),CI,,0,15,0,0,15,0,0,0,LAB,,GENERAL,1.0
809702,CO HOC CAC CAU TRUC,CI,,3,69,30,12,0,0,27,0,LECTURE,,GENERAL,1.0
809703,SUC BEN VAT LIEU,CI,,4,87,40,15,5,0,27,0,LECTURE,,GENERAL,1.0
809704,"SUC BEN V/LIEU, T/NGHIEM",CI,,5,120,45,0,30,0,45,0,LECTURE,,GENERAL,1.0
809705,CO HOC MOI TRUONG RAN,CI,,3,69,30,12,0,0,27,0,LECTURE,,GENERAL,1.0
809706,PP PHAN TICH K/C(T/PHAP),CI,,5,120,45,30,0,0,45,0,LECTURE,,GENERAL,1.0
809708,CO KET CAU NANG CAO,CI,,4,78,45,24,0,0,9,0,LECTURE,,GENERAL,1.0
809709,MO HINH HOA KET CAU NHA,CI,,2,48,21,0,0,0,27,0,LECTURE,,GENERAL,1.0
809710,DONG LUC HOC CONG TRINH,CI,,3,69,30,12,0,0,27,0,LECTURE,,GENERAL,1.0
809711,CO HOC CAC CAU TRUC (BT),CI,,0,12,0,12,0,0,0,0,PRACTICAL,,GENERAL,1.0
809712,CO KET CAU NANG CAO (BT),CI,,0,24,0,24,0,0,0,0,PRACTICAL,,GENERAL,1.0
809713,DONG LUC HOC C/TRINH (BT,CI,,0,12,0,12,0,0,0,0,PRACTICAL,,GENERAL,1.0
809714,CO HOC MOI TRUONG RAN(TH,CI,,0,12,0,12,0,0,0,0,PRACTICAL,,GENERAL,1.0
809801,SUC BEN VAT LIEU 1,CI,,2,45,45,0,0,0,0,0,LECTURE,,GENERAL,1.0
809802,SUC BEN VAT LIEU 2,CI,,2,45,30,15,0,0,0,0,LECTURE,,GENERAL,1.0
809816,CO KET CAU 1,CI,,2,45,30,15,0,0,0,0,LECTURE,,GENERAL,1.0
809828,DAN HOI UNG DUNG & PTHH,CI,,3,60,45,15,0,0,0,0,LECTURE,,GENERAL,1.0
810001,L/TRINH UD TRG TRAC DIA,CI,,2,45,30,0,15,0,0,0,LECTURE,,GENERAL,1.0
810002,BAN DO HOC DAI CUONG,CI,,3,60,45,15,0,0,0,0,LECTURE,,GENERAL,1.0
810003,VE BAN DO,CI,,2,45,30,15,0,0,0,0,LECTURE,,GENERAL,1.0
810004,ANH VAN CHUYEN NGANH,CI,,2,45,30,15,0,0,0,0,LECTURE,,GENERAL,1.0
810005,THUC TAP TRAC DIA,CI,,1,15,0,0,15,0,0,0,LAB,,GENERAL,1.0
810006,TRAC LUONG ANH CAN BAN,CI,,3,60,45,15,0,0,0,0,LECTURE,,GENERAL,1.0
810007,THUC TAP TRAC LUONG ANH,CI,,1,30,0,0,30,0,0,0,LAB,,GENERAL,1.0
810008,DIA CHINH CAN BAN,CI,,2,45,30,15,0,0,0,0,LECTURE,,GENERAL,1.0
810009,DIA HINH,CI,,2,45,30,15,0,0,0,0,LECTURE,,GENERAL,1.0
810010,HE THONG TIN DIA LY,CI,,3,60,45,15,0,0,0,0,LECTURE,,GENERAL,1.0
810011,LUONG ANH 1,CI,,2,45,30,15,0,0,0,0,LECTURE,,GENERAL,1.0
810012,DIA CHINH DAI CUONG,CI,,3,60,45,15,0,0,0,0,LECTURE,,GENERAL,1.0
810013,DINH VI VE TINH GPS,CI,,2,45,30,15,0,0,0,0,LECTURE,,GENERAL,1.0
810014,KY THUAT BAN DO SO,CI,,3,60,30,0,30,0,0,0,LECTURE,,GENERAL,1.0
810015,BIEN TAP THANHLAP BAN DO,CI,,2,45,30,15,0,0,0,0,LECTURE,,GENERAL,1.0
810016,TRAC DIA CONG TRINH,CI,,2,45,30,15,0,0,0,0,LECTURE,,GENERAL,1.0
810017,TIN HOC TRONG TRAC DIA,CI,,3,60,45,15,0,0,0,0,LECTURE,,GENERAL,1.0
810018,SU DUNG DAT,CI,,2,45,30,15,0,0,0,0,LECTURE,,GENERAL,1.0
810019,BAN DO CHUYEN DE,CI,,2,45,30,15,0,0,0,0,LECTURE,,GENERAL,1.0
810020,TRAC DIA DAI CUONG,CI,,2,45,30,15,0,0,0,0,LECTURE,,GENERAL,1.0
810022,TRAC DIA CAO CAP 2,CI,,2,45,30,15,0,0,0,0,LECTURE,,GENERAL,1.0
810023,XAY DUNG LUOI TRAC DIA,CI,,3,60,45,15,0,0,1,0,LECTURE,,GENERAL,1.0
810024,TT X/DUNG LUOI TRAC DIA,CI,,1,30,0,0,30,0,0,0,LAB,,GENERAL,1.0
810026,TRAC LUONG ANH NANG CAO,CI,,3,60,30,15,15,0,0,0,LECTURE,,GENERAL,1.0
810027,PHAN TICH KHONG GIAN,CI,,2,45,30,15,0,0,0,0,LECTURE,,GENERAL,1.0
810028,AN TOAN LAO DONG,CI,,2,45,30,15,0,0,0,0,LECTURE,,GENERAL,1.0
810029,DO VE DIA CHINH,CI,,2,45,30,15,0,0,0,0,LECTURE,,GENERAL,1.0
810030,THUY DAC,CI,,2,45,30,15,0,0,1,0,LECTURE,,GENERAL,1.0
810031,THONG KE KHONG GIAN,CI,,2,45,30,15,0,0,0,0,LECTURE,,GENERAL,1.0
810032,TRAC DIA UNG DUNG,CI,,2,45,30,15,0,0,0,0,LECTURE,,GENERAL,1.0
810033,PHEP CHIEU BAN DO,CI,,2,45,30,15,0,0,0,0,LECTURE,,GENERAL,1.0
810034,TAI NGUYEN DAT& M/TRUONG,CI,,2,45,30,15,0,0,1,0,LECTURE,,GENERAL,1.0
810035,CAC HE THONG TOA DO,CI,,2,30,30,0,0,0,0,0,LECTURE,,GENERAL,1.0
810036,TT PHAN TICH KHONG GIAN,CI,,1,30,0,0,30,0,0,0,LAB,,GENERAL,1.0
810037,LAP TRINH GIS,CI,,3,60,45,15,0,0,0,0,LECTURE,,GENERAL,1.0
810039,LUOI TRAC DIA,CI,,2,45,30,15,0,0,0,0,LECTURE,,GENERAL,1.0
810041,BINH SAI LUOI TRAC DIA,CI,,3,60,45,15,0,0,0,0,LECTURE,,GENERAL,1.0
810042,LT SAISO&XL SOLIEU DODAC,CI,,3,60,45,15,0,0,0,0,LECTURE,,GENERAL,1.0
810043,TRAC DIA CAO CAP,CI,,3,60,45,15,0,0,0,0,LECTURE,,GENERAL,1.0
810044,TT TRAC DIA CONG TRINH,CI,,1,15,0,0,15,0,0,0,LAB,,GENERAL,1.0
810045,THUC TAP LUOI TRAC DIA,CI,,1,15,0,0,15,0,0,0,LAB,,GENERAL,1.0
810047,TRAC DIA C/TRINH UNGDUNG,CI,,2,45,30,15,0,0,0,0,LECTURE,,GENERAL,1.0
810048,THUY DAC,CI,,2,45,30,15,0,0,0,0,LECTURE,,GENERAL,1.0
810049,VIEN THAM,CI,,2,45,30,15,0,0,0,0,LECTURE,,GENERAL,1.0
810050,LUAT DAT DAI,CI,,2,45,30,15,0,0,0,0,LECTURE,,GENERAL,1.0
810051,TRAC DIA DAI CUONG,CI,,4,30,30,0,0,0,0,0,LECTURE,,GENERAL,1.0
810052,THUC TAP TRAC DIA,CI,,3,15,0,0,15,0,0,0,LAB,,GENERAL,1.0
810053,CONG NGHE IN BAN DO,CI,,2,45,30,15,0,0,0,0,LECTURE,,GENERAL,1.0
810054,HE THONG TIN GIS & LIS,CI,,3,60,45,15,0,0,0,0,LECTURE,,GENERAL,1.0
810055,THUC TAP HE TT DIALY GIS,CI,,1,15,0,0,15,0,0,0,LAB,,GENERAL,1.0
810056,BIEN TAP BAN DO,CI,,3,60,45,15,0,0,0,0,LECTURE,,GENERAL,1.0
810059,VIEN THAM,CI,,4,45,45,0,0,0,0,0,LECTURE,,GENERAL,1.0
810060,TT VIEN THAM,CI,,2,30,0,0,30,0,0,0,LAB,,GENERAL,1.0
810061,TRAC DIA BIEN,CI,,4,45,45,0,0,0,0,0,LECTURE,,GENERAL,1.0
810062,TIN HOC TRONG TRAC DIA,CI,,4,45,45,0,0,0,0,0,LECTURE,,GENERAL,1.0
810063,TT TIN HOC TRONG TRACDIA,CI,,2,30,0,0,30,0,0,0,LAB,,GENERAL,1.0
810064,AN TOAN LD TRONG TRACDIA,CI,,3,30,30,0,0,0,0,0,LECTURE,,GENERAL,1.0
810065,LUONG ANH 1,CI,,4,45,45,0,0,0,0,0,LECTURE,,GENERAL,1.0
810067,THUC TAP THUY DAC,CI,,2,30,0,0,30,0,0,0,LAB,,GENERAL,1.0
810068,GIS 1,CI,,4,45,45,0,0,0,0,0,LECTURE,,GENERAL,1.0
810069,TT TRAC DIA CONG TRINH,CI,,2,30,0,0,30,0,0,0,LAB,,GENERAL,1.0
810070,TRAC DIA CONG TRINH 2,CI,,3,30,30,0,0,0,0,0,LECTURE,,GENERAL,1.0
810071,GIS 2,CI,,4,45,45,0,0,0,0,0,LECTURE,,GENERAL,1.0
810072,CONG NGHE DIA CHINH,CI,,4,45,45,0,0,0,0,0,LECTURE,,GENERAL,1.0
810073,THUC TAP GIS,CI,,2,30,0,0,30,0,0,0,LAB,,GENERAL,1.0
8100B0,TRAC DIA DAI CUONG,CI,,2,45,30,15,0,0,0,0,LECTURE,,GENERAL,1.0
810101,AN TOAN LD TRONG TR/DIA,CI,,2,45,30,15,0,0,0,0,LECTURE,,GENERAL,1.0
810102,VIEN THAM,CI,,3,60,45,15,0,0,0,0,LECTURE,,GENERAL,1.0
810103,THUC TAP VIEN THAM,CI,,1,30,0,0,30,0,0,0,LAB,,GENERAL,1.0
810104,TRAC DIA CONG TRINH,CI,,3,60,45,15,0,0,0,0,LECTURE,,GENERAL,1.0
810105,LUONG ANH 2,CI,,2,45,30,15,0,0,0,0,LECTURE,,GENERAL,1.0
810106,TOAN BAN DO,CI,,2,45,30,15,0,0,0,0,LECTURE,,GENERAL,1.0
810107,BAN DO SO,CI,,2,45,30,15,0,0,0,0,LECTURE,,GENERAL,1.0
810108,TTAP DINH VI VE TINH GPS,CI,,1,30,0,0,30,0,0,0,LAB,,GENERAL,1.0
810109,LUOI TRAC DIA,CI,,3,60,45,15,0,0,0,0,LECTURE,,GENERAL,1.0
810110,HE THONG TIN DIA LY GIS1,CI,,2,45,30,15,0,0,0,0,LECTURE,,GENERAL,1.0
810111,QUY HOACH SU DUNG DAT,CI,,3,60,45,15,0,0,0,0,LECTURE,,GENERAL,1.0
810112,CONG NGHE DIA CHINH,CI,,2,45,30,15,0,0,0,0,LECTURE,,GENERAL,1.0
810113,HE THONG TIN DIA LY(GIS2,CI,,2,45,30,15,0,0,0,0,LECTURE,,GENERAL,1.0
810114,TIN HOC TRONG TRAC DIA,CI,,2,45,30,15,0,0,0,0,LECTURE,,GENERAL,1.0
810115,TT TRAC DIA DAI CUONG,CI,,1,30,0,0,30,0,0,0,LAB,,GENERAL,1.0
810116,DIA MAO,CI,,2,45,30,15,0,0,0,0,LECTURE,,GENERAL,1.0
810117,THO NHUONG,CI,,2,45,30,15,0,0,0,0,LECTURE,,GENERAL,1.0
810118,DINH GIA DAT,CI,,2,45,30,15,0,0,0,0,LECTURE,,GENERAL,1.0
810119,LUOI DIA CHINH,CI,,2,45,30,15,0,0,0,0,LECTURE,,GENERAL,1.0
810120,THUC TAP LUOI DIA CHINH,CI,,1,30,0,0,30,0,0,0,LAB,,GENERAL,1.0
810122,HE THONGTIN DAT DAI (LIS,CI,,2,45,30,15,0,0,0,0,LECTURE,,GENERAL,1.0
810123,TIN HOC TRONG DIA CHINH,CI,,2,45,30,15,0,0,0,0,LECTURE,,GENERAL,1.0
810124,THONG KE TRONG DIA LY,CI,,2,45,30,15,0,0,0,0,LECTURE,,GENERAL,1.0
810125,QUAN LY DAT DAI,CI,,2,45,30,15,0,0,1,0,LECTURE,,GENERAL,1.0
810126,TT TRAC DIA CONG TRINH,CI,,1,30,0,0,30,0,0,0,LAB,,GENERAL,1.0
810127,THUC TAP LUOI TRAC DIA,CI,,1,30,0,0,30,0,0,0,LAB,,GENERAL,1.0
810128,THUC TAP HE TT DIA LYGIS,CI,,1,30,0,0,30,0,0,0,LAB,,GENERAL,1.0
810130,CO SO DU LIEU KHONG GIAN,CI,,2,45,30,15,0,0,0,0,LECTURE,,GENERAL,1.0
810131,INTERNET GIS,CI,,2,45,30,15,0,0,0,0,LECTURE,,GENERAL,1.0
810132,UD GIS-VIENTHAM TRG QLDT,CI,,2,45,30,15,0,0,0,0,LECTURE,,GENERAL,1.0
810133,UD GIS-VT TRG QL TNGUYEN,CI,,2,45,30,15,0,0,0,0,LECTURE,,GENERAL,1.0
810134,QUY HOACH SU DUNG DAT,CI,,2,45,30,15,0,0,0,0,LECTURE,,GENERAL,1.0
810136,XU LY ANH SO,CI,,3,60,45,15,0,0,0,0,LECTURE,,GENERAL,1.0
810137,TRAC DIA CAO CAP 1,CI,,3,60,45,15,0,0,0,0,LECTURE,,GENERAL,1.0
810138,TRAC DIA DAI CUONG (KT),CI,,2,30,30,0,0,0,0,0,LECTURE,,GENERAL,1.0
810151,LUONG ANH CAN BAN,CI,,4,30,30,0,0,0,0,0,LECTURE,,GENERAL,1.0
810152,LY THUYET SAI SO TR/DIA,CI,,4,30,30,0,0,0,0,0,LECTURE,,GENERAL,1.0
810153,DIA HINH,CI,,4,30,30,0,0,0,0,0,LECTURE,,GENERAL,1.0
810154,TRAC DIA DAI CUONG,CI,,4,45,45,0,0,0,0,0,LECTURE,,GENERAL,1.0
810155,THUC TAP TRAC DIA,CI,,2,30,0,0,30,0,0,0,LAB,,GENERAL,1.0
810156,THUC TAP DIA HINH,CI,,3,15,0,0,15,0,0,0,LAB,,GENERAL,1.0
810157,LUOI TRAC DIA,CI,,4,30,30,0,0,0,0,0,LECTURE,,GENERAL,1.0
810159,THUC TAP LUOI TRAC DIA,CI,,3,15,0,0,15,0,0,0,LAB,,GENERAL,1.0
810160,THUC TAP LUONG ANH C/BAN,CI,,3,15,0,0,15,0,0,0,LAB,,GENERAL,1.0
810161,DIA CHINH CAN BAN,CI,,3,30,30,0,0,0,0,0,LECTURE,,GENERAL,1.0
810162,BIEN TAP BAN DO,CI,,4,30,30,0,0,0,0,0,LECTURE,,GENERAL,1.0
810163,LUAT DAT DAI,CI,,0,60,45,0,0,0,0,0,LECTURE,,GENERAL,1.0
810164,DIA CHINH CAN BAN,CI,,0,60,45,0,0,0,0,0,LECTURE,,GENERAL,1.0
810166,VE BAN DO,CI,,0,60,45,0,0,0,0,0,LECTURE,,GENERAL,1.0
810167,TRAC DIA CONG TRINH 1,CI,,4,45,45,0,0,0,0,0,LECTURE,,GENERAL,1.0
810168,TT TRAC DIA CONG TRINH 1,CI,,4,30,0,0,30,0,0,0,LAB,,GENERAL,1.0
810169,TRAC DIA CAO CAP,CI,,4,45,45,0,0,0,0,0,LECTURE,,GENERAL,1.0
810170,LUOI TRAC DIA,CI,,4,45,45,0,0,0,0,0,LECTURE,,GENERAL,1.0
810171,CONG NGHE CHE IN BAN DO,CI,,0,30,30,0,0,0,0,0,LECTURE,,GENERAL,1.0
810172,HE THONG TIN GIS,CI,,0,45,45,0,0,0,0,0,LECTURE,,GENERAL,1.0
810173,VE BAN DO,CI,,0,30,30,0,0,0,0,0,LECTURE,,GENERAL,1.0
810174,QUY HOACH SU DUNG DAT,CI,,0,45,45,0,0,0,0,0,LECTURE,,GENERAL,1.0
810175,THONG KE TRONG DIA LY,CI,,0,45,45,0,0,0,0,0,LECTURE,,GENERAL,1.0
810176,THUC TAP GIS,CI,,0,30,30,0,0,0,0,0,LECTURE,,GENERAL,1.0
810177,TOAN BAN DO,CI,,4,45,45,0,0,0,0,0,LECTURE,,GENERAL,1.0
810178,TRAC DIA CONG TRINH 2,CI,,0,30,30,0,0,0,0,0,LECTURE,,GENERAL,1.0
810179,DIA MAO,CI,,3,30,30,0,0,0,0,0,LECTURE,,GENERAL,1.0
810180,LY THUYET SAI SO TR/DIA,CI,,5,60,60,0,0,0,0,0,LECTURE,,GENERAL,1.0
810181,DIA HINH,CI,,4,45,45,0,0,0,0,0,LECTURE,,GENERAL,1.0
810182,LAP TRINH UDUNG TRONG TD,CI,,4,45,45,0,0,0,0,0,LECTURE,,GENERAL,1.0
810183,BAN DO SO,CI,,4,45,45,0,0,0,0,0,LECTURE,,GENERAL,1.0
810184,LUONG ANH 2,CI,,4,45,45,0,0,0,0,0,LECTURE,,GENERAL,1.0
810185,THUC TAP LUONG ANH 2,CI,,1,15,0,0,15,0,0,0,LAB,,GENERAL,1.0
810186,BIEN TAP &THANH LAP B/DO,CI,,4,45,45,0,0,0,0,0,LECTURE,,GENERAL,1.0
810188,THUC TAP LUOI TRAC DIA,CI,,2,30,0,0,30,0,0,0,LAB,,GENERAL,1.0
810189,DINH VI VE TINH GPS,CI,,4,45,45,0,0,0,0,0,LECTURE,,GENERAL,1.0
810191,LAP & PHAN TICH DU AN,CI,,4,45,45,0,0,0,0,0,LECTURE,,GENERAL,1.0
810193,TRAC DIA CONG TRINH 1,CI,,4,45,45,0,0,0,0,0,LECTURE,,GENERAL,1.0
810194,QUY HOACH SU DUNG DAT,CI,,4,45,45,0,0,0,0,0,LECTURE,,GENERAL,1.0
810195,THUY DAC,CI,,4,45,45,0,0,0,0,0,LECTURE,,GENERAL,1.0
810196,TRAC DIA NANG CAO,CI,,2,45,30,0,15,0,0,0,LECTURE,,GENERAL,1.0
810701,T/DIA &TT B/DO &H/TRO MT,CI,,3,45,15,30,0,0,0,0,LECTURE,,GENERAL,1.0
810820,TRAC DIA DAI CUONG,CI,,2,45,30,15,0,0,0,0,LECTURE,,GENERAL,1.0
811001,XU LY CHAT THAI C/NGHIEP,CI,,2,30,30,0,0,0,0,0,LECTURE,,GENERAL,1.0
811002,CAP THOAT NUOC MOI SINH,CI,,4,60,60,0,0,0,0,0,LECTURE,,GENERAL,1.0
811003,HOA HOC KT MOI TRUONG,CI,,5,75,45,0,30,0,0,0,LECTURE,,GENERAL,1.0
811004,CAP NUOC DO THI-C/NGHIEM,CI,,6,90,90,0,0,0,0,0,LECTURE,,GENERAL,1.0
811005,MANG LUOI THOAT NUOC,CI,,3,45,40,5,0,0,0,0,LECTURE,,GENERAL,1.0
811006,KT VE SINH TRONG NHA,CI,,2,30,30,0,0,0,0,0,LECTURE,,GENERAL,1.0
811007,XU LY O NHIEM TIENG ON,CI,,3,45,35,0,10,0,0,0,LECTURE,,GENERAL,1.0
811010,VI SINH VAT KT M/TRUONG,CI,,5,75,45,0,30,0,0,0,LECTURE,,GENERAL,1.0
811011,XU LY NUOC THAI SH-CN,CI,,6,90,90,0,0,0,0,0,LECTURE,,GENERAL,1.0
811012,XU LY CHAT THAI RAN,CI,,3,45,45,0,0,0,0,0,LECTURE,,GENERAL,1.0
811013,DANH GIA TAC DONG DEN MT,CI,,3,45,45,0,0,0,0,0,LECTURE,,GENERAL,1.0
811014,QUAN LY CAC NGUON NUOC,CI,,3,45,45,0,0,0,0,0,LECTURE,,GENERAL,1.0
811017,KT NUOC & KT MOI SINH,CI,,3,45,45,0,0,0,0,0,LECTURE,,GENERAL,1.0
811032,VI SINH VAT & H/HOC KTMT,CI,,2,45,30,15,0,0,0,0,LECTURE,,GENERAL,1.0
811033,HE THONG CAP NUOC,CI,,2,45,30,15,0,0,0,0,LECTURE,,GENERAL,1.0
811034,KT VSMT TRONG NHA,CI,,2,45,30,15,0,0,0,0,LECTURE,,GENERAL,1.0
811035,C/NUOC XL NUOC TN,CI,,2,45,30,15,0,0,0,0,LECTURE,,GENERAL,1.0
811036,THUY LUC MOI TRUONG,CI,,2,45,30,15,0,0,0,0,LECTURE,,GENERAL,1.0
811037,THOAT NUOC & XLN SHCN,CI,,2,45,30,15,0,0,0,0,LECTURE,,GENERAL,1.0
811038,DANH GIA TAC DONG MT,CI,,2,45,30,15,0,0,0,0,LECTURE,,GENERAL,1.0
811039,Q/LY CHAT LUONG M/TRUONG,CI,,2,45,30,15,0,0,0,0,LECTURE,,GENERAL,1.0
811040,QUAN LY CHAT THAI DOCHAI,CI,,2,45,30,15,0,0,0,0,LECTURE,,GENERAL,1.0
811041,MO HINH HOA MOI TRUONG,CI,,2,45,30,15,0,0,0,0,LECTURE,,GENERAL,1.0
811042,O NHIEM KHONG KHI- XU LY,CI,,2,45,30,15,0,0,0,0,LECTURE,,GENERAL,1.0
811043,XU LY NUOC THAI,CI,,2,45,30,15,0,0,0,0,LECTURE,,GENERAL,1.0
811044,XU LY CHAT THAI C/NGHIEP,CI,,2,45,30,15,0,0,0,0,LECTURE,,GENERAL,1.0
811046,O NHIEM KHONG KHI & ON,CI,,2,45,30,15,0,0,0,0,LECTURE,,GENERAL,1.0
811047,HOA HOC KY THUAT MTRUONG,CI,,2,45,30,15,0,0,0,0,LECTURE,,GENERAL,1.0
811051,CAP THOAT NUOC,CI,,4,30,30,0,0,0,0,0,LECTURE,,GENERAL,1.0
811052,MOI TRUONG,CI,,3,30,30,0,0,0,0,0,LECTURE,,GENERAL,1.0
812001,HOA LY KY THUAT,CI,,2,45,35,10,0,0,0,0,LECTURE,,GENERAL,1.0
812002,VAT LIEU HOC,CI,,2,45,35,10,0,0,0,0,LECTURE,,GENERAL,1.0
812003,VAT LIEU XAY DUNG,CI,,2,45,30,15,0,0,0,0,LECTURE,,GENERAL,1.0
812004,VAT LIEU MOI,CI,,2,45,30,15,0,0,0,0,LECTURE,,GENERAL,1.0
812005,MAY & THIET BI SX VLXD,CI,,2,45,30,15,0,0,0,0,LECTURE,,GENERAL,1.0
812006,NGUYEN LY LO CN VLXD,CI,,2,45,30,15,0,0,0,0,LECTURE,,GENERAL,1.0
812007,C/NGHE CHE TAO BE TONG,CI,,2,45,30,15,0,0,0,0,LECTURE,,GENERAL,1.0
812008,KTSX CHAT KET DINH VO CO,CI,,2,45,30,15,0,0,0,0,LECTURE,,GENERAL,1.0
812009,CONG NGHE GOM XAY DUNG,CI,,2,45,30,15,0,0,0,0,LECTURE,,GENERAL,1.0
812010,TINH THE KHOANG VAT HOC,CI,,2,45,30,15,0,0,0,0,LECTURE,,GENERAL,1.0
812011,V/LIEU C/LUA- VL C/NHIET,CI,,2,45,30,15,0,0,0,0,LECTURE,,GENERAL,1.0
812012,CHONG XAM THUC BE TONG,CI,,2,45,30,15,0,0,0,0,LECTURE,,GENERAL,1.0
812013,QL KINH TE CN VLXD,CI,,3,45,45,0,0,0,0,0,LECTURE,,GENERAL,1.0
812014,TN VAT LIEU XAY DUNG,CI,,2,45,0,0,45,0,0,0,LAB,,GENERAL,1.0
812015,VAT LIEU POLYMER,CI,,2,45,30,15,0,0,0,0,LECTURE,,GENERAL,1.0
812016,KT SAN XUAT T.TINH XDUNG,CI,,2,45,30,15,0,0,0,0,LECTURE,,GENERAL,1.0
812017,LY THUYET BE TONG,CI,,2,45,30,15,0,0,0,0,LECTURE,,GENERAL,1.0
812020,VAT LIEU XAY DUNG,CI,,2,45,30,15,0,0,0,0,LECTURE,,GENERAL,1.0
812021,TN VAT LIEU XAY DUNG,CI,,1,30,0,0,30,0,0,0,LAB,,GENERAL,1.0
812022,MAY & THIET BI SX VLXD,CI,,3,45,45,0,0,0,0,0,LECTURE,,GENERAL,1.0
812024,LY THUYET BE TONG,CI,,2,30,30,0,0,0,0,0,LECTURE,,GENERAL,1.0
812025,CONG NGHE CHE TAO BETONG,CI,,3,45,45,0,0,0,0,0,LECTURE,,GENERAL,1.0
812027,KY THUAT SAN XUAT GOM XD,CI,,3,45,45,0,0,0,0,0,LECTURE,,GENERAL,1.0
812028,KT SXVL CLUA & VLCNHIET,CI,,3,45,45,0,0,0,0,0,LECTURE,,GENERAL,1.0
812029,KT SX CHAT KET DINH VOCO,CI,,3,45,45,0,0,0,0,0,LECTURE,,GENERAL,1.0
812030,CHONG XAM THUC BE TONG,CI,,2,30,30,0,0,0,0,0,LECTURE,,GENERAL,1.0
812031,TN CNGANH VAT LIEU XDUNG,CI,,1,30,0,0,30,0,0,0,LAB,,GENERAL,1.0
812035,VAT LIEU XAY DUNG,CI,,3,60,45,15,0,0,0,0,LECTURE,,GENERAL,1.0
812038,VAT LIEU COMPOSITE,CI,,2,45,30,15,0,0,0,0,LECTURE,,GENERAL,1.0
812039,VL CNHIET- VL HOAN THIEN,CI,,2,45,30,15,0,0,0,0,LECTURE,,GENERAL,1.0
812040,CN BT SILICAT & BT RONG,CI,,2,45,30,15,0,0,0,0,LECTURE,,GENERAL,1.0
812051,VAT LIEU XAY DUNG,CI,,6,60,45,0,0,0,0,0,LECTURE,,GENERAL,1.0
812052,VAT LIEU XAY DUNG,CI,,4,30,30,0,0,0,0,0,LECTURE,,GENERAL,1.0
812053,TN VAT LIEU XAY DUNG,CI,,2,15,0,0,15,0,0,0,LAB,,GENERAL,1.0
812055,VAT LIEU XAY DUNG,CI,,4,45,45,0,0,0,0,0,LECTURE,,GENERAL,1.0
812701,VAT LIEU XAY DUNG (VP),CI,,25,38,30,0,8,0,0,0,LECTURE,,GENERAL,1.0
813001,LSKT PHUONG DONG&VIETNAM,CI,,2,45,30,15,0,0,0,0,LECTURE,,GENERAL,1.0
813002,NHAP MON KIEN TRUC,CI,,2,45,30,15,0,0,0,0,LECTURE,,GENERAL,1.0
813003,HOI HOA PHONG CANH,CI,,2,45,15,30,0,0,0,0,LECTURE,,GENERAL,1.0
813007,NG/LY TK KIEN TRUC DDUNG,CI,,3,60,45,15,0,0,0,0,LECTURE,,GENERAL,1.0
813008,CO DIEN CONG TRINH,CI,,3,60,45,15,0,0,0,0,LECTURE,,GENERAL,1.0
813009,UD THIET KE BANG MO HINH,CI,,2,45,30,15,0,0,0,0,LECTURE,,GENERAL,1.0
813010,BO CUC TAO HINH,CI,,2,45,30,15,0,0,0,0,LECTURE,,GENERAL,1.0
813012,LICH SU KIEN TRUC PH/TAY,CI,,2,45,30,15,0,0,0,0,LECTURE,,GENERAL,1.0
813013,TIN HOC CHUYEN NGANH 3D,CI,,2,45,30,15,0,0,0,0,LECTURE,,GENERAL,1.0
813014,MY HOC,CI,,2,45,30,15,0,0,0,0,LECTURE,,GENERAL,1.0
813015,NG/LY T/KE KIEN TRUC CN,CI,,3,60,45,15,0,0,0,0,LECTURE,,GENERAL,1.0
813016,CAU TAO KIEN TRUC DANDUG,CI,,3,60,45,15,0,0,0,0,LECTURE,,GENERAL,1.0
813020,QUY HOACH DO THI,CI,,3,60,45,15,0,0,0,0,LECTURE,,GENERAL,1.0
813021,CAU TAO KIEN TRUC CN,CI,,2,45,30,15,0,0,0,0,LECTURE,,GENERAL,1.0
813025,NGUYEN LY THIET KE NHA O,CI,,3,60,45,15,0,0,0,0,LECTURE,,GENERAL,1.0
813026,THIET KE NOI THAT,CI,,2,45,30,15,0,0,0,0,LECTURE,,GENERAL,1.0
813027,QUANG HOC & AM HOC,CI,,3,60,45,15,0,0,0,0,LECTURE,,GENERAL,1.0
813028,BO CUC T/HINH KIEN TRUC2,CI,,1,15,15,0,0,0,0,0,LECTURE,,GENERAL,1.0
813029,DA KIEN TRUC CONGCONG3,CI,,6,240,15,0,0,225,0,0,LECTURE,,GENERAL,1.0
813030,KY THUAT HA TANG DO THI,CI,,2,45,30,15,0,0,0,0,LECTURE,,GENERAL,1.0
813031,M/TRUONG&K/TRUC BEN VUNG,CI,,2,45,30,15,0,0,0,0,LECTURE,,GENERAL,1.0
813032,NHIET K/HAU & THONG GIO,CI,,3,60,45,15,0,0,0,0,LECTURE,,GENERAL,1.0
813033,TAP TAI LIEU NHA CONGCOG,CI,,1,15,0,15,0,0,0,0,PRACTICAL,,GENERAL,1.0
813034,DAMH KIEN TRUC C/NGHIEP,CI,,6,240,15,0,0,225,0,0,LECTURE,,GENERAL,1.0
813035,KIEN TRUC CANH QUAN,CI,,2,45,30,15,0,0,0,0,LECTURE,,GENERAL,1.0
813037,DA KIEN TRUC NHA O,CI,,6,240,15,0,0,225,0,0,LECTURE,,GENERAL,1.0
813038,DA QUY HOACH DO THI,CI,,6,240,15,0,0,225,0,0,LECTURE,,GENERAL,1.0
813040,DA KIEN TRUC CONG CONG 4,CI,,6,240,15,0,0,225,0,0,LECTURE,,GENERAL,1.0
813041,BAO TON VA TRUNG TU,CI,,2,45,30,15,0,0,0,0,LECTURE,,GENERAL,1.0
813042,KET CAU MOI,CI,,2,45,30,15,0,0,0,0,LECTURE,,GENERAL,1.0
813043,UD THIET KE BANG MO HINH,CI,,2,45,30,15,0,0,0,0,LECTURE,,GENERAL,1.0
813044,XH HOC KIEN TRUC DO THI,CI,,2,45,30,15,0,0,0,0,LECTURE,,GENERAL,1.0
813045,DU DOAN KHOA HOC,CI,,2,45,30,15,0,0,0,0,LECTURE,,GENERAL,1.0
813046,T/KE NOI THAT HIEN DAI,CI,,2,45,30,15,0,0,0,0,LECTURE,,GENERAL,1.0
813047,PHONG SINH HOC KIEN TRUC,CI,,2,45,30,15,0,0,0,0,LECTURE,,GENERAL,1.0
813048,CHUYEN DE TU CHON 1,CI,,2,45,30,15,0,0,0,0,LECTURE,,GENERAL,1.0
813049,TRIET HOC PHUONG DONG,CI,,2,45,30,15,0,0,0,0,LECTURE,,GENERAL,1.0
813050,CHUYEN DE TU CHON 2,CI,,2,45,30,15,0,0,0,0,LECTURE,,GENERAL,1.0
813051,CHUYEN DE TU CHON 3,CI,,2,45,30,15,0,0,0,0,LECTURE,,GENERAL,1.0
813052,CHUYEN DE TU CHON 4,CI,,2,45,30,15,0,0,0,0,LECTURE,,GENERAL,1.0
813053,BO CUC KIEN TRUC 1,CI,,3,60,45,15,0,0,0,0,LECTURE,,GENERAL,1.0
813054,BO CUC KIEN TRUC 2,CI,,1,15,15,0,0,0,0,0,LECTURE,,GENERAL,1.0
813701,N/C DO THI VA THUC HANH,CI,,4,90,45,0,0,0,45,0,LECTURE,,GENERAL,1.0
813702,K/G AM THANH VA ANH SANG,CI,,2,48,21,0,0,0,27,0,LECTURE,,GENERAL,1.0
813703,T/KE M/TRUONG CHAT L/CAO,CI,,2,48,21,0,0,0,27,0,LECTURE,,GENERAL,1.0
813704,PHAN TICH DO THI,CI,,2,48,21,0,0,0,27,0,LECTURE,,GENERAL,1.0
813706,KIEN TRUC (VP),CI,,3,75,30,0,0,0,45,0,LECTURE,,GENERAL,1.0
AS1001,NHAP MON VE KY THUAT,AS,,3,150,30,24,0,0,9,0,LECTURE,AS1002,GENERAL,1.0
AS1002,NHAP MON VE KY THUAT(BT),AS,,0,24,0,24,0,0,0,0,PRACTICAL,,GENERAL,1.0
AS1003,Cơ lý thuyết,AS,,3,150,30,30,0,0,0,0,LECTURE,AS1004,GENERAL,1.0
AS1004,CO LY THUYET(BT),AS,,0,30,0,30,0,0,0,0,PRACTICAL,,GENERAL,1.0
AS1005,NHAP MON VE KYTHUAT(VLKT,AS,,3,63,30,24,0,0,9,0,LECTURE,AS1006,GENERAL,1.0
AS1006,NHAP MON VE KY THUAT(BT),AS,,0,24,0,24,0,0,0,0,PRACTICAL,,GENERAL,1.0
AS1007,PHUONG PHAP SO TRONG CKT,AS,,3,150,30,24,0,0,9,0,LECTURE,,GENERAL,1.0
AS2001,Cơ học ?ng dụng,AS,,3,150,30,24,0,0,9,0,LECTURE,AS2002,GENERAL,1.0
AS2002,CO HOC UNG DUNG(BT),AS,,0,24,0,24,0,0,0,0,PRACTICAL,,GENERAL,1.0
AS2003,Kỹ thuật Lập trình Cơ Kỹ,AS,,3,150,30,24,0,0,9,0,LECTURE,AS2004,GENERAL,1.0
AS2004,KYTHUAT LAPTRINH CKT (BT,AS,,0,24,0,24,0,0,0,0,PRACTICAL,,GENERAL,1.0
AS2005,CO LY THUYET NANG CAO,AS,,3,150,30,12,0,0,27,0,LECTURE,AS2006,GENERAL,1.0
AS2006,CO LY THUYET NANG CAO(BT,AS,,0,12,0,12,0,0,0,0,PRACTICAL,,GENERAL,1.0
AS2007,CO HOC UNG DUNG,AS,,2,42,24,0,0,0,18,0,LECTURE,,GENERAL,1.0
AS2009,Cơ sở Cơ học Lượng tử -,AS,,3,150,30,0,0,0,45,0,LECTURE,,GENERAL,1.0
AS2010,CSO COHOC L/TU - VLCR(BT,AS,,0,24,0,24,0,0,0,0,PRACTICAL,,GENERAL,1.0
AS2011,Lý Thuyết Đàn hồi,AS,,3,150,30,30,0,0,0,0,LECTURE,AS2012,GENERAL,1.0
AS2012,LY THUYET DAN HOI(BT),AS,,0,30,0,30,0,0,0,0,PRACTICAL,,GENERAL,1.0
AS2013,CAD ?ng dụng,AS,,3,150,30,0,0,0,45,0,LECTURE,,GENERAL,1.0
AS2014,CAD UNG DUNG(BT),AS,,0,12,0,12,0,0,0,0,PRACTICAL,,GENERAL,1.0
AS2015,THUC TAP CO KY THUAT 1,AS,,1,50,0,0,30,0,0,0,LAB,,GENERAL,1.0
AS2019,CO SO Y KHOA,AS,,5,120,45,30,0,0,45,0,LECTURE,AS2020,GENERAL,1.0
AS2020,CO SO Y KHOA(BT),AS,,0,30,0,30,0,0,0,0,PRACTICAL,,GENERAL,1.0
AS2021,THIET KE KY THUAT,AS,,3,150,30,12,0,0,27,0,LECTURE,AS2022,GENERAL,1.0
AS2022,THIET KE KY THUAT(BT),AS,,0,12,0,12,0,0,0,0,PRACTICAL,,GENERAL,1.0
AS2033,Cảm biến và Kỹ thuật Đo,AS,,3,150,30,0,0,0,45,0,LECTURE,,GENERAL,1.0
AS2034,CAM BIEN &KYTHUAT DL (BT,AS,,0,24,0,24,0,0,0,0,PRACTICAL,,GENERAL,1.0
AS2035,GT NGON NGU LT FORTRAN,AS,,3,150,30,0,0,0,45,0,LECTURE,,GENERAL,1.0
AS2036,GT NG/NGU LT FORTRAN(BT),AS,,0,24,0,24,0,0,0,0,PRACTICAL,,GENERAL,1.0
AS2039,Cơ sở vật lý Hạt nhân và,AS,,3,150,30,12,0,0,27,0,LECTURE,AS2040,GENERAL,1.0
AS2040,C/SO VL HAT NHAN & UD(BT,AS,,0,12,0,12,0,0,0,0,PRACTICAL,,GENERAL,1.0
AS2045,DO AN THIET KE CO SO,AS,,1,50,0,24,0,0,9,0,PRACTICAL,,GENERAL,1.0
AS2047,Vật lý sóng,AS,,3,150,30,24,0,0,9,0,LECTURE,AS2048,GENERAL,1.0
AS2048,VAT LY SONG (THL),AS,,0,24,0,24,0,0,0,0,PRACTICAL,,GENERAL,1.0
AS2049,Cơ học Vật rắn và Sóng c,AS,,3,150,30,24,0,0,9,0,LECTURE,AS2050,GENERAL,1.0
AS2050,CO HOC VAT RAN & S/CO(BT,AS,,0,14,0,14,0,0,0,0,PRACTICAL,,GENERAL,1.0
AS2051,TINH TOAN KHOA HOC,AS,,3,150,30,0,0,0,45,0,LECTURE,,GENERAL,1.0
AS2052,TINH TOAN KHOA HOC(BT),AS,,0,24,0,24,0,0,0,0,PRACTICAL,,GENERAL,1.0
AS2053,T/BI CHAN DOAN H/ANH YH,AS,,3,150,30,0,0,0,45,0,LECTURE,,GENERAL,1.0
AS2054,T/BI CH/DOAN H/ANH YH(TN,AS,,0,15,0,0,15,0,0,0,LAB,,GENERAL,1.0
AS2055,Cơ kỹ thuật đại cương,AS,,3,150,30,0,30,0,0,0,LECTURE,AS2056,GENERAL,1.0
AS2056,CO KY THUAT DAI CUONG,AS,,0,30,0,0,30,0,0,0,LAB,,GENERAL,1.0
AS2057,P/PHAP PHANTU HUUHAN CKT,AS,,3,69,30,12,0,0,27,0,LECTURE,,GENERAL,1.0
AS2059,QUANGHOC K/THUAT &U/DUNG,AS,,3,150,30,0,0,0,45,0,LECTURE,,GENERAL,1.0
AS2060,QUANGHOC KT &U/DUNG (BT),AS,,0,24,0,24,0,0,0,0,PRACTICAL,,GENERAL,1.0
AS2061,DAO DONG CO SO,AS,,3,69,30,12,0,0,27,0,LECTURE,,GENERAL,1.0
AS2063,Lập trình tính toán cơ k,AS,,3,150,30,30,0,0,0,0,LECTURE,AS2064,GENERAL,1.0
AS2064,LAP TRINH T/TOAN CKT(BT),AS,,0,30,0,30,0,0,0,0,PRACTICAL,,GENERAL,1.0
AS2065,Cơ sở tối ưu,AS,,3,150,30,0,0,0,45,0,LECTURE,,GENERAL,1.0
AS2067,Giải tích ma trận và top,AS,,3,150,30,0,0,0,45,0,LECTURE,,GENERAL,1.0
AS2069,Phương pháp số cho khoa,AS,,4,200,45,0,0,0,45,0,LECTURE,,GENERAL,1.0
AS2071,Cơ học kỹ thuật,AS,,3,150,30,24,0,0,9,0,LECTURE,AS2072,GENERAL,1.0
AS2072,CO HOC KY THUAT (BT),AS,,0,12,0,24,0,0,0,0,PRACTICAL,,GENERAL,1.0
AS2073,Phương pháp tính và mô p,AS,,3,150,30,0,0,0,45,0,LECTURE,,GENERAL,1.0
AS2075,"Cơ học lượng tử, Vật lý",AS,,4,200,45,0,0,0,45,0,LECTURE,,GENERAL,1.0
AS2077,Đo lường và an toàn bức,AS,,3,150,30,24,0,0,9,0,LECTURE,,GENERAL,1.0
AS2081,"Điện tử hạt nhân, cảm bi",AS,,3,150,30,0,30,0,0,0,LECTURE,,GENERAL,1.0
AS2083,Vật lý Bán dẫn và ?ng dụ,AS,,3,150,30,0,0,0,45,0,LECTURE,,GENERAL,1.0
AS3001,Động học Robot,AS,,3,150,30,12,0,0,27,0,LECTURE,AS3002,GENERAL,1.0
AS3002,DONG HOC ROBOT(BT),AS,,0,12,0,12,0,0,0,0,PRACTICAL,,GENERAL,1.0
AS3003,Cơ học Môi trường liên t,AS,,3,150,30,12,0,0,27,0,LECTURE,AS3004,GENERAL,1.0
AS3004,COHOC MOITRUONG L/TUC(BT,AS,,0,12,0,12,0,0,0,0,PRACTICAL,,GENERAL,1.0
AS3011,THUC TAP CO KY THUAT 2,AS,,1,50,0,0,30,0,0,0,LAB,,GENERAL,1.0
AS3013,Tính toán Kết cấu,AS,,3,150,30,30,0,0,0,0,LECTURE,AS3014,GENERAL,1.0
AS3014,TINH TOAN KET CAU(BT),AS,,0,30,0,30,0,0,0,0,PRACTICAL,,GENERAL,1.0
AS3015,Phương pháp Phần tử hữu,AS,,3,150,30,24,0,0,9,0,LECTURE,AS3016,GENERAL,1.0
AS3016,P/PHAP P/T HUUHAN CKT(BT,AS,,0,24,0,24,0,0,0,0,PRACTICAL,,GENERAL,1.0
AS3017,KYTHUAT THIETBI Y HOC-TN,AS,,3,60,30,18,12,0,0,0,LECTURE,AS3018,GENERAL,1.0
AS3018,KYTHUAT THIETBI Y HOC-TN,AS,,0,30,0,0,12,0,0,0,LAB,,GENERAL,1.0
AS3019,Phân tích Số liệu thực n,AS,,3,150,30,12,0,0,27,0,LECTURE,AS3020,GENERAL,1.0
AS3020,PT SL THUC NGHIEM C/H(BT,AS,,0,12,0,12,0,0,0,0,PRACTICAL,,GENERAL,1.0
AS3021,Động lực học Hệ nhiều vậ,AS,,3,150,30,12,0,0,27,0,LECTURE,AS3022,GENERAL,1.0
AS3022,D/L/HOC HE NHIEU VAT (BT,AS,,0,12,0,12,0,0,0,0,PRACTICAL,,GENERAL,1.0
AS3023,LY THUYET ON DINH,AS,,3,69,30,12,0,0,27,0,LECTURE,AS3024,GENERAL,1.0
AS3024,LY THUYET ON DINH(BT),AS,,0,12,0,12,0,0,0,0,PRACTICAL,,GENERAL,1.0
AS3025,Quang học Kỹ thuật và ?n,AS,,3,150,30,0,0,0,45,0,LECTURE,,GENERAL,1.0
AS3026,QUANGHOC K/THUAT &U/D(BT,AS,,0,24,0,24,0,0,0,0,PRACTICAL,,GENERAL,1.0
AS3027,Dao động kỹ thuật,AS,,3,150,30,12,0,0,27,0,LECTURE,AS3028,GENERAL,1.0
AS3028,DAO DONG KY THUAT(BT),AS,,0,12,0,12,0,0,0,0,PRACTICAL,,GENERAL,1.0
AS3029,Lý thuyết dẻo Kỹ thuật,AS,,3,150,30,24,0,0,9,0,LECTURE,AS3030,GENERAL,1.0
AS3030,LY THUYET DEO K/THUAT(BT,AS,,0,24,0,24,0,0,0,0,PRACTICAL,,GENERAL,1.0
AS3031,Đo lường các Đại lượng p,AS,,3,150,30,12,0,0,27,0,LECTURE,AS3032,GENERAL,1.0
AS3032,D/L CAC DAI LUONG PD (BT,AS,,0,12,0,12,0,0,0,0,PRACTICAL,,GENERAL,1.0
AS3035,Tính toán Động lực học l,AS,,3,150,30,12,0,0,27,0,LECTURE,AS3036,GENERAL,1.0
AS3036,T/T D/LUC HOC LUUCHAT(BT,AS,,0,12,0,12,0,0,0,0,PRACTICAL,,GENERAL,1.0
AS3039,Mô hình Hóa động lực học,AS,,3,150,30,12,0,0,27,0,LECTURE,AS3040,GENERAL,1.0
AS3040,M/H HOA DL HOC CO HE(BT),AS,,0,12,0,12,0,0,0,0,PRACTICAL,,GENERAL,1.0
AS3041,Xử lý Tín hiệu số,AS,,3,150,30,0,0,0,45,0,LECTURE,,GENERAL,1.0
AS3042,XU LY TIN HIEU SO(BT),AS,,0,24,0,24,0,0,0,0,PRACTICAL,,GENERAL,1.0
AS3045,?ng dụng Laser trong Y h,AS,,3,150,30,12,0,0,27,0,LECTURE,AS3046,GENERAL,1.0
AS3046,U/DUNG LASER TRONG YH(TN,AS,,0,24,0,24,0,0,0,0,PRACTICAL,,GENERAL,1.0
AS3047,Cơ sở Vật liệu Sinh học,AS,,3,150,30,24,0,0,9,0,LECTURE,AS3048,GENERAL,1.0
AS3048,CO SO VAT LIEU S/HOC(BT),AS,,0,24,0,24,0,0,0,0,PRACTICAL,,GENERAL,1.0
AS3049,Cơ sinh học,AS,,3,150,30,18,0,0,18,0,LECTURE,AS3050,GENERAL,1.0
AS3050,CO SINH HOC(BT),AS,,0,24,0,24,0,0,0,0,PRACTICAL,,GENERAL,1.0
AS3051,Cơ sở Tin học Y sinh,AS,,3,150,30,0,0,0,45,0,LECTURE,,GENERAL,1.0
AS3055,Xử lý hình ảnh Y sinh bằ,AS,,3,150,30,24,0,0,9,0,LECTURE,AS3056,GENERAL,1.0
AS3056,XL H/ANH Y/S BANGKTS (BT,AS,,0,24,0,24,0,0,0,0,PRACTICAL,,GENERAL,1.0
AS3057,TRUC QUAN HOA DU LIEU,AS,,3,150,30,0,0,0,45,0,LECTURE,,GENERAL,1.0
AS3059,KY THUAT LAP TRINH (VLTT,AS,,3,75,30,0,0,0,45,0,LECTURE,,GENERAL,1.0
AS3061,Dao động Cơ sở,AS,,3,150,30,24,0,0,9,0,LECTURE,AS3062,GENERAL,1.0
AS3062,DAO DONG CO SO(BT),AS,,0,12,0,24,0,0,0,0,PRACTICAL,,GENERAL,1.0
AS3063,U/DUNG MATLAB TRONG VLTT,AS,,3,63,30,24,0,0,9,0,LECTURE,AS3064,GENERAL,1.0
AS3064,U/D MATLAB TRONG VLTT(BT,AS,,0,24,0,24,0,0,0,0,PRACTICAL,,GENERAL,1.0
AS3065,CS VATLY TINHTOAN & MPVL,AS,,3,75,30,0,0,0,45,0,LECTURE,,GENERAL,1.0
AS3069,Thiết bị Chẩn đoán hình,AS,,3,150,30,10,20,0,0,0,LECTURE,AS3070,GENERAL,1.0
AS3069.P,Thiết bị Chẩn đoán hình,AS,,3,150,30,10,20,0,0,0,PRACTICAL,AS3070,GENERAL,1.0
AS3070,T/BI CHAN DOAN HA YH(BT),AS,,0,20,0,0,20,0,0,0,LAB,,GENERAL,1.0
AS3071,Trường điện từ,AS,,3,150,30,0,0,0,45,0,LECTURE,,GENERAL,1.0
AS3072,TRUONG DIEN TU (BT),AS,,0,24,0,24,0,0,0,0,PRACTICAL,,GENERAL,1.0
AS3073,Vật lý thống kê,AS,,3,150,30,0,0,0,45,0,LECTURE,,GENERAL,1.0
AS3075,Cơ sở về Laser và ?ng dụ,AS,,3,150,30,12,0,0,27,0,LECTURE,AS3076,GENERAL,1.0
AS3076,CO SO VE LASER &U/D (TN),AS,,0,24,0,24,0,0,0,0,PRACTICAL,,GENERAL,1.0
AS3077,C/SO VL SOI QUANG HOC&UD,AS,,3,75,30,0,0,0,45,0,LECTURE,,GENERAL,1.0
AS3081,TINH TOAN KHOA HOC,AS,,3,60,30,30,0,0,0,0,LECTURE,,GENERAL,1.0
AS3083,CO HOC VAT RAN BIEN DANG,AS,,4,78,45,24,0,0,9,0,LECTURE,AS3084,GENERAL,1.0
AS3084,CO HOC VAT RAN B/DANG(TH,AS,,0,24,0,24,0,0,0,0,PRACTICAL,,GENERAL,1.0
AS3085,Lập trình tính toán Cơ k,AS,,3,150,30,30,0,0,0,0,LECTURE,AS3086,GENERAL,1.0
AS3086,LAP TRINH T/TOAN CKT(BT),AS,,0,30,0,30,0,0,0,0,PRACTICAL,,GENERAL,1.0
AS3087,CO SO VAT LY Y SINH,AS,,3,75,30,0,0,0,45,0,LECTURE,,GENERAL,1.0
AS3091,PHAN TICH SO LIEU TNNC,AS,,3,69,30,12,0,0,27,0,LECTURE,AS3092,GENERAL,1.0
AS3092,P/TICH SO LIEU TNNC(BT),AS,,0,12,0,12,0,0,0,0,PRACTICAL,,GENERAL,1.0
AS3093,Phương pháp Phần tử hữu,AS,,3,150,30,0,0,0,45,0,LECTURE,,GENERAL,1.0
AS3094,P/PHAP PHAN TU HHUD (BT),AS,,0,12,0,12,0,0,0,0,PRACTICAL,,GENERAL,1.0
AS3097,?ng xử Cơ học vật liệu,AS,,3,150,30,12,0,0,27,0,LECTURE,AS3098,GENERAL,1.0
AS3098,UNG XU C/H CUA V/LIEU(BT,AS,,0,12,0,12,0,0,0,0,PRACTICAL,,GENERAL,1.0
AS3099,Các phần mềm Tính toán M,AS,,3,150,30,0,0,0,45,0,LECTURE,,GENERAL,1.0
AS3101,LAPTRINH TT HIEUNANG CAO,AS,,3,150,30,12,0,0,27,0,LECTURE,,GENERAL,1.0
AS3103,Kỹ thuật Thiết bị Y học,AS,,4,200,45,0,20,0,15,0,LECTURE,AS3104,GENERAL,1.0
AS3104,KYTHUAT T/BI Y HOC-TN(TN,AS,,0,20,0,0,20,0,0,0,LAB,,GENERAL,1.0
AS3105,Cơ sở Y khoa,AS,,4,200,45,0,0,0,45,0,LECTURE,,GENERAL,1.0
AS3106,CO SO Y KHOA(BT),AS,,0,24,0,24,0,0,0,0,PRACTICAL,,GENERAL,1.0
AS3107,KY THUAT LAP TRINH (VLTT,AS,,4,200,45,0,0,0,45,0,LECTURE,,GENERAL,1.0
AS3108,K/THUAT L/TRINH(VLTT)(BT,AS,,0,24,0,24,0,0,0,0,PRACTICAL,,GENERAL,1.0
AS3109,CS VATLY TINHTOAN & MPVL,AS,,4,200,45,0,0,0,45,0,LECTURE,,GENERAL,1.0
AS3110,CS VATLY T/TOAN &MPVL(BT,AS,,0,24,0,24,0,0,0,0,PRACTICAL,,GENERAL,1.0
AS3111,CO SO THIET KE KY THUAT,AS,,3,63,30,24,0,0,9,0,LECTURE,AS3112,GENERAL,1.0
AS3112,CO SO T/KE KY THUAT(BT),AS,,0,24,0,24,0,0,0,0,PRACTICAL,,GENERAL,1.0
AS3113,"Phân loại, Kiểm định và",AS,,3,150,30,0,0,0,45,0,LECTURE,,GENERAL,1.0
AS3115,?ng dụng Vi xử lý trong,AS,,3,150,30,0,0,0,45,0,LECTURE,,GENERAL,1.0
AS3117,MANG MAY TINH & A/N MANG,AS,,3,75,30,0,0,0,45,0,LECTURE,,GENERAL,1.0
AS3119,Cơ học tính toán,AS,,3,150,30,0,0,0,45,0,LECTURE,,GENERAL,1.0
AS3121,Y-SINH HOC TINH TOAN,AS,,3,75,30,0,0,0,45,0,LECTURE,,GENERAL,1.0
AS3123,CO HOC LUONG TU NANG CAO,AS,,3,75,30,0,0,0,45,0,LECTURE,,GENERAL,1.0
AS3125,CO SO MO HINH HOA PHANTU,AS,,3,75,30,0,0,0,45,0,LECTURE,,GENERAL,1.0
AS3127,CONG NGHE VAT LIEU DC,AS,,3,75,30,0,0,0,45,0,LECTURE,,GENERAL,1.0
AS3129,CAC PP T/TRUNG CHO VLYS,AS,,3,75,30,0,0,0,45,0,LECTURE,,GENERAL,1.0
AS3131,CO SO HOA HOC & VL NANO,AS,,3,75,30,0,0,0,45,0,LECTURE,,GENERAL,1.0
AS3133,HE THONG MANG &NHA THUOC,AS,,3,75,30,0,0,0,45,0,LECTURE,,GENERAL,1.0
AS3135,VAT LIEU SINH HOC TO HOP,AS,,3,75,30,0,0,0,45,0,LECTURE,,GENERAL,1.0
AS3137,Tĩnh học và động lực học,AS,,3,150,30,12,0,0,27,0,LECTURE,AS3138,GENERAL,1.0
AS3138,TINH HOC& DLH CO SINH BT,AS,,0,24,0,24,0,0,0,0,PRACTICAL,,GENERAL,1.0
AS3139,CAC PP P/TICH TRONG CSH,AS,,3,75,30,0,0,0,45,0,LECTURE,,GENERAL,1.0
AS3141,MO HINH VA MO PHONG,AS,,3,75,30,0,0,0,45,0,LECTURE,,GENERAL,1.0
AS3143,Cơ sinh học xương và khớ,AS,,3,150,30,12,0,0,27,0,LECTURE,AS3144,GENERAL,1.0
AS3144,CO SINH HOC XUONG&KHOPBT,AS,,0,12,0,12,0,0,0,0,PRACTICAL,,GENERAL,1.0
AS3145,CAC CD CL CO SINH HOC,AS,,3,75,30,0,0,0,45,0,LECTURE,,GENERAL,1.0
AS3147,Cơ học Vật rắn Biến dạng,AS,,3,150,30,30,0,0,0,0,LECTURE,AS3148,GENERAL,1.0
AS3148,CO HOC VAT RAN B/D (THL),AS,,0,30,0,30,0,0,0,0,PRACTICAL,,GENERAL,1.0
AS3149,ứng dụng các phần mềm tr,AS,,3,150,30,18,0,0,18,0,LECTURE,,GENERAL,1.0
AS3150,UD CAC PM TRONG TTCH(THL,AS,,0,12,0,12,0,0,0,0,PRACTICAL,,GENERAL,1.0
AS3153,Thực tập cơ kỹ thuật,AS,,2,100,0,0,60,0,0,0,LAB,,GENERAL,1.0
AS3155,Động lực học vật rắn,AS,,3,150,30,12,0,0,27,0,LECTURE,,GENERAL,1.0
AS3157,Động lực học máy,AS,,3,150,30,12,0,0,27,0,LECTURE,,GENERAL,1.0
AS3159,Tối ưu hóa kỹ thuật,AS,,3,150,30,0,0,0,45,0,LECTURE,,GENERAL,1.0
AS3161,Kỹ thuật đo và xử lý số,AS,,3,150,30,12,0,0,27,0,LECTURE,,GENERAL,1.0
AS3165,Cơ lý thuyết nâng cao,AS,,3,150,30,12,0,0,27,0,LECTURE,,GENERAL,1.0
AS3167,THUC TAP CO KY THUAT 1,AS,,1,30,0,0,30,0,0,0,LAB,,GENERAL,1.0
AS3169,Thiết kế kỹ thuật,AS,,3,150,30,12,0,0,27,0,LECTURE,AS3170,GENERAL,1.0
AS3170,THIET KE KY THUAT,AS,,0,12,0,12,0,0,0,0,PRACTICAL,,GENERAL,1.0
AS3175,"VAT LY - NHIET, LUONG TU",AS,,3,75,30,0,0,0,45,0,LECTURE,,GENERAL,1.0
AS3177,GT NGON NGU LT FORTRAN,AS,,3,150,30,12,0,0,27,0,LECTURE,,GENERAL,1.0
AS3178,GT NG/NGU LT FORTRAN(BT),AS,,0,24,0,24,0,0,0,0,PRACTICAL,,GENERAL,1.0
AS3179,Mô hình thống kê,AS,,3,150,30,0,0,0,45,0,LECTURE,,GENERAL,1.0
AS3181,Thống kê nhiều chiều,AS,,3,150,30,0,0,0,45,0,LECTURE,,GENERAL,1.0
AS3187,Mô hình nhân quả,AS,,3,150,30,0,0,0,45,0,LECTURE,,GENERAL,1.0
AS3189,Nguyên lý khai phá dữ li,AS,,3,150,30,0,0,0,45,0,LECTURE,,GENERAL,1.0
AS3191,Cơ sở học máy,AS,,3,150,30,0,0,0,45,0,LECTURE,,GENERAL,1.0
AS3201,Vật lý neutron và cơ sở,AS,,3,150,30,0,0,0,45,0,LECTURE,,GENERAL,1.0
AS3203,?ng dụng kỹ thuật hạt nh,AS,,3,150,30,0,15,0,23,0,LECTURE,,GENERAL,1.0
AS3205,Phân tích an toàn lò phả,AS,,3,150,30,0,0,0,45,0,LECTURE,,GENERAL,1.0
AS3207,Máy gia tốc,AS,,3,150,30,0,0,0,45,0,LECTURE,,GENERAL,1.0
AS3209,Thu hồi và Lưu trữ Nguồn,AS,,3,150,30,0,0,0,45,0,LECTURE,,GENERAL,1.0
AS3211,Kỹ thuật phân tích hạt n,AS,,3,150,30,0,20,0,15,0,LECTURE,,GENERAL,1.0
AS4003,Cơ học rạn nứt,AS,,3,150,30,12,0,0,27,0,LECTURE,AS4004,GENERAL,1.0
AS4004,CO HOC RAN NUT (THL),AS,,0,12,0,12,0,0,0,0,PRACTICAL,,GENERAL,1.0
AS4009,Cơ sở học sâu,AS,,3,150,30,0,0,0,45,0,LECTURE,,GENERAL,1.0
AS4017,Cơ sở phân tích hình ảnh,AS,,3,150,30,0,0,0,45,0,LECTURE,,GENERAL,1.0
AS4019,Tin sinh học,AS,,3,150,30,0,0,0,45,0,LECTURE,,GENERAL,1.0
AS4021,Phân tích dữ liệu lớn,AS,,3,150,30,0,0,0,45,0,LECTURE,,GENERAL,1.0
AS4023,Vật liệu và nhiên liệu h,AS,,3,150,30,0,0,0,45,0,LECTURE,,GENERAL,1.0
AS4055,GIAI TICH 2,AS,,4,90,45,0,0,0,45,0,LECTURE,,GENERAL,1.0
AS4057,TOI UU HOA,AS,,2,30,30,0,0,0,0,0,LECTURE,,GENERAL,1.0
AS4059,CO LY THUYET,AS,,3,63,30,24,0,0,9,0,LECTURE,,GENERAL,1.0
AS4061,TINH TOAN KHOA HOC,AS,,3,66,33,0,6,0,27,0,LECTURE,,GENERAL,1.0
AS4063,TRUC QUAN HOA DU LIEU,AS,,3,66,33,0,6,0,27,0,LECTURE,,GENERAL,1.0
AS4065,KY THUAT LAP TRINH,AS,,4,1125,30,0,15,0,675,0,LECTURE,,GENERAL,1.0
AS4067,GIOI THIEU NGON NGU LAP,AS,,2,45,15,15,15,0,0,0,LECTURE,,GENERAL,1.0
AS4069,DAO DONG CO SO,AS,,3,69,30,12,0,0,27,0,LECTURE,,GENERAL,1.0
AS4071,CO HOC VAT RAN BIEN DANG,AS,,3,63,30,24,0,0,9,0,LECTURE,,GENERAL,1.0
AS5001,TINH TOAN CAU TRUC DIEN,AS,,3,66,33,0,6,0,27,0,LECTURE,,GENERAL,1.0
AS5003,CO HOC PHI TUYEN TINH TO,AS,,3,66,33,0,6,0,27,0,LECTURE,,GENERAL,1.0
AS5005,CAC PHAN MEM TINH TOAN M,AS,,3,66,33,0,6,0,27,0,LECTURE,,GENERAL,1.0
AS5007,CO HOC TINH TOAN TRONG D,AS,,3,66,33,0,6,0,27,0,LECTURE,,GENERAL,1.0
AS5009,CHUYEN DE VAT LY NANG CA,AS,,3,66,33,6,0,0,27,0,LECTURE,,GENERAL,1.0
AS5011,UNG DUNG KY THUAT QUANG,AS,,3,66,33,6,0,0,27,0,LECTURE,,GENERAL,1.0
AS5013,MO HINH HOA TOAN HOC TRO,AS,,2,525,15,15,0,0,225,0,LECTURE,,GENERAL,1.0
AS5015,THONG KE VA KHOA HOC DU,AS,,3,75,30,0,0,0,45,0,LECTURE,,GENERAL,1.0
AS5017,GIAI TICH NGAU NHIEN,AS,,3,75,30,0,0,0,45,0,LECTURE,,GENERAL,1.0
AS5019,MA TRAN NGAU NHIEN,AS,,3,75,30,0,0,0,45,0,LECTURE,,GENERAL,1.0
AS5021,CHUYEN DE DAI SO VA TO P,AS,,3,75,30,0,0,0,45,0,LECTURE,,GENERAL,1.0
AS5023,CHUYEN DE NHUNG VAN DE T,AS,,3,75,30,0,0,0,45,0,LECTURE,,GENERAL,1.0
AS5025,DAO DONG KY THUAT,AS,,3,69,33,0,0,0,36,0,LECTURE,,GENERAL,1.0
AS5027,UNG XU CO HOC CUA VAT LI,AS,,3,69,30,12,0,0,27,0,LECTURE,,GENERAL,1.0
AS5029,MO HINH HOA DONG LUC HOC,AS,,3,69,33,0,0,0,36,0,LECTURE,,GENERAL,1.0
AS5031,PHUONG PHAP PTHH UNG DUN,AS,,3,69,30,12,0,0,27,0,LECTURE,,GENERAL,1.0
AS5033,LY THUYET DEO KY THUAT,AS,,3,69,30,12,0,0,27,0,LECTURE,,GENERAL,1.0
AS5035,HE THONG DIEU KHIEN SO,AS,,3,69,30,12,0,0,27,0,LECTURE,,GENERAL,1.0
AS5037,DO LUONG CAC DAI LUONG P,AS,,3,69,30,12,0,0,27,0,LECTURE,,GENERAL,1.0
AS5039,DONG HOC ROBOT,AS,,3,69,30,12,0,0,27,0,LECTURE,,GENERAL,1.0
AS5041,DONG LUC HOC MAY,AS,,3,69,30,12,0,0,27,0,LECTURE,,GENERAL,1.0
AS5043,MANG THAN KINH NHAN TAO,AS,,3,69,30,12,0,0,27,0,LECTURE,,GENERAL,1.0
AS5045,TOI UU HOA KY THUAT,AS,,3,69,30,12,0,0,27,0,LECTURE,,GENERAL,1.0
AS5047,TINH TOAN DONG LUC HOC L,AS,,3,69,30,12,0,0,27,0,LECTURE,,GENERAL,1.0
AS5049,PHAN TICH SO LIEU THUC N,AS,,3,69,30,12,0,0,27,0,LECTURE,,GENERAL,1.0
AS5079,TINH TOAN KHOA HOC,AS,,4,90,45,0,0,0,45,0,LECTURE,,GENERAL,1.0
AS5101,KY THUAT THIET BI Y HOC,AS,,3,69,30,0,12,0,27,0,LECTURE,,GENERAL,1.0
AS5103,TIN HOC VAT LY KY THUAT,AS,,3,69,30,0,12,0,27,0,LECTURE,,GENERAL,1.0
AS5105,THIET BI CHAN DOAN HINH,AS,,3,66,33,6,0,0,27,0,LECTURE,,GENERAL,1.0
AS5107,DAO DONG KY THUAT,AS,,3,69,30,12,0,0,27,0,LECTURE,,GENERAL,1.0
AS5109,DAN HOI UNG DUNG,AS,,3,69,30,12,0,0,27,0,LECTURE,,GENERAL,1.0
AS5111,DAI SO TUYEN TINH,AS,,3,68,30,14,0,0,24,0,LECTURE,,GENERAL,1.0
AS5113,TRIET HOC,AS,,3,75,30,0,0,0,45,0,LECTURE,,GENERAL,1.0
AS5115,GIAI TICH HAM NANG CAO,AS,,3,75,30,0,0,0,45,0,LECTURE,,GENERAL,1.0
AS5117,PHUONG TRINH DAO HAM RIE,AS,,3,75,30,0,0,0,45,0,LECTURE,,GENERAL,1.0
AS5119,MO HINH TOAN VA MO PHONG,AS,,3,75,30,0,0,0,45,0,LECTURE,,GENERAL,1.0
AS5121,DAI SO TUYEN TINH NANG C,AS,,3,75,30,0,0,0,45,0,LECTURE,,GENERAL,1.0
AS5123,XAC SUAT VA UNG DUNG,AS,,3,75,30,0,0,0,45,0,LECTURE,,GENERAL,1.0
AS5125,BIEN PHAN VA PHAN TU HUU,AS,,3,75,30,0,0,0,45,0,LECTURE,,GENERAL,1.0
AS5127,MO HINH HOA TOAN HOC TRO,AS,,3,75,30,0,0,0,45,0,LECTURE,,GENERAL,1.0
AS5129,GIAI TICH PHUC UNG DUNG,AS,,3,75,30,0,0,0,45,0,LECTURE,,GENERAL,1.0
AS5131,PHUONG TRINH VI PHAN VA,AS,,2,525,15,15,0,0,225,0,LECTURE,,GENERAL,1.0
AS5133,GIAI TICH DA TRI,AS,,2,39,24,6,0,0,9,0,LECTURE,,GENERAL,1.0
AS5135,TOI UU PHI TUYEN,AS,,3,66,33,6,0,0,27,0,LECTURE,,GENERAL,1.0
AS5137,PHUONG PHAP SAI PHAN HUU,AS,,2,525,15,15,0,0,225,0,LECTURE,,GENERAL,1.0
AS5139,XAC SUAT NANG CAO,AS,,3,75,30,0,0,0,45,0,LECTURE,,GENERAL,1.0
AS5141,TOAN TAI CHINH,AS,,3,75,30,0,0,0,45,0,LECTURE,,GENERAL,1.0
AS5143,PHUONG PHAP SO NANG CAO,AS,,3,69,30,12,0,0,27,0,LECTURE,,GENERAL,1.0
AS5151,LY THUYET ON DINH DAN HO,AS,,3,60,30,15,0,0,15,0,LECTURE,,GENERAL,1.0
AS5153,PHUONG PHAP PTHH NANG CA,AS,,3,69,30,12,0,0,27,0,LECTURE,,GENERAL,1.0
AS5155,PHUONG PHAP TINH TUOI TH,AS,,3,69,30,12,0,0,27,0,LECTURE,,GENERAL,1.0
AS5157,DAO DONG KY THUAT NANG C,AS,,3,60,30,15,0,0,15,0,LECTURE,,GENERAL,1.0
AS5159,CO SO LASER VA UNG DUNG,AS,,3,69,30,0,12,0,27,0,LECTURE,,GENERAL,1.0
AS5161,CAM BIEN TRONG UNG DUNG,AS,,3,66,33,6,0,0,27,0,LECTURE,,GENERAL,1.0
AS5163,TIN HOC VAT LY KY THUAT,AS,,3,69,30,0,12,0,27,0,LECTURE,,GENERAL,1.0
AS5165,TIN HOC Y SINH HOC,AS,,3,66,33,6,0,0,27,0,LECTURE,,GENERAL,1.0
AS5167,Y HOC HAT NHAN VA KY THU,AS,,3,66,33,6,0,0,27,0,LECTURE,,GENERAL,1.0
AS5169,UNG DUNG LASER CONG SUAT,AS,,3,66,33,6,0,0,27,0,LECTURE,,GENERAL,1.0
AS5171,UNG DUNG LASER CONG SUAT,AS,,3,69,30,0,12,0,27,0,LECTURE,,GENERAL,1.0
AS5173,QUANG HOC MO – CONG NGHE,AS,,3,66,33,6,0,0,27,0,LECTURE,,GENERAL,1.0
AS5175,CHUYEN DE NANG CAO VE TH,AS,,3,69,30,0,12,0,27,0,LECTURE,,GENERAL,1.0
AS5177,CO SO VAT LY TINH TOAN,AS,,3,69,30,0,12,0,27,0,LECTURE,,GENERAL,1.0
AS5179,CO SO MO PHONG TRONG VAT,AS,,3,69,30,0,12,0,27,0,LECTURE,,GENERAL,1.0
AS5181,UNG DUNG KY THUAT HAT NH,AS,,3,66,33,6,0,0,27,0,LECTURE,,GENERAL,1.0
AS5183,CO SO VAT LY KY THUAT CU,AS,,3,66,33,6,0,0,27,0,LECTURE,,GENERAL,1.0
AS5185,HE THONG THIET BI CHAN D,AS,,3,69,30,0,12,0,27,0,LECTURE,,GENERAL,1.0
AS5187,HE THONG THIET BI VAT LY,AS,,3,69,30,0,12,0,27,0,LECTURE,,GENERAL,1.0
AS5189,"PHAN LOAI, KIEM DINH VA",AS,,3,66,33,6,0,0,27,0,LECTURE,,GENERAL,1.0
AS5191,CO SO KHOA HOC TINH TOAN,AS,,4,1125,30,0,15,0,675,0,LECTURE,,GENERAL,1.0
AS5193,LAP TRINH TINH TOAN HIEU,AS,,3,66,33,0,6,0,27,0,LECTURE,,GENERAL,1.0
AS5195,DO AN KHOA HOC,AS,,1,30,0,0,30,0,0,0,LAB,,GENERAL,1.0
AS5197,CO SO KHOA HOC TINH TOAN,AS,,2,525,15,0,15,0,225,0,LECTURE,,GENERAL,1.0
AS5199,TOI UU HOA UNG DUNG,AS,,3,66,33,0,6,0,27,0,LECTURE,,GENERAL,1.0
AS5201,CAC PHAN MEM TINH TOAN M,AS,,3,66,33,0,6,0,27,0,LECTURE,,GENERAL,1.0
AS5203,CO HOC THONG KE,AS,,3,66,33,0,6,0,27,0,LECTURE,,GENERAL,1.0
AS5205,VAT LY CHAT RAN NANG CAO,AS,,3,75,30,0,0,0,45,0,LECTURE,,GENERAL,1.0
AS5207,THUC TAP CHUYEN DE,AS,,1,30,0,0,30,0,0,0,LAB,,GENERAL,1.0
AS5209,VAT LY SINH HOC TINH TOA,AS,,3,66,33,0,6,0,27,0,LECTURE,,GENERAL,1.0
AS5211,CO SO VAT LY PROTEIN,AS,,3,75,30,0,0,0,45,0,LECTURE,,GENERAL,1.0
AS5213,MO HINH HOA CAU TRUC PRO,AS,,3,675,30,0,15,0,225,0,LECTURE,,GENERAL,1.0
AS5215,VAT LY HAT NHAN TINH TOA,AS,,3,66,33,0,6,0,27,0,LECTURE,,GENERAL,1.0
AS5217,VAT LY PHAN TU TINH TOAN,AS,,3,75,30,0,0,0,45,0,LECTURE,,GENERAL,1.0
AS5219,CO MOI TRUONG LIEN TUC,AS,,3,66,33,0,6,0,27,0,LECTURE,,GENERAL,1.0
AS5221,DONG HOC CHAT LUU TINH T,AS,,3,66,33,0,6,0,27,0,LECTURE,,GENERAL,1.0
AS5223,DANH GIA DO TIN CAY TRON,AS,,3,66,33,0,6,0,27,0,LECTURE,,GENERAL,1.0
AS5225,TOI UU HOA KET CAU DUA T,AS,,3,66,33,0,6,0,27,0,LECTURE,,GENERAL,1.0
AS5227,CO HOC TINH TOAN NANG CA,AS,,3,66,33,0,6,0,27,0,LECTURE,,GENERAL,1.0
AS5229,CO HOC RAN NUT TINH TOAN,AS,,3,66,33,0,6,0,27,0,LECTURE,,GENERAL,1.0
AS5231,DAO DONG KY THUAT NANG C,AS,,3,675,30,0,15,0,225,0,LECTURE,,GENERAL,1.0
AS5233,TINH CHAT CO HOC CUA VAT,AS,,3,66,33,6,0,0,27,0,LECTURE,,GENERAL,1.0
AS5235,DONG LUC HOC KET CAU,AS,,3,66,33,6,0,0,27,0,LECTURE,,GENERAL,1.0
AS5237,KY THUAT DO VA XU LY SO,AS,,3,69,30,12,0,0,27,0,LECTURE,,GENERAL,1.0
AS5239,DONG LUC HOC VAT RAN,AS,,3,69,30,12,0,0,27,0,LECTURE,,GENERAL,1.0
AS5241,GIAI TICH THUC,AS,,3,45,45,0,0,0,0,0,LECTURE,,GENERAL,1.0
AS5243,TOI UU UNG DUNG,AS,,3,45,45,0,0,0,0,0,LECTURE,,GENERAL,1.0
AS5245,THONG KE CO SO,AS,,3,45,45,0,0,0,0,0,LECTURE,,GENERAL,1.0
AS5247,THONG KE NANG CAO,AS,,3,45,45,0,0,0,0,0,LECTURE,,GENERAL,1.0
AS5249,MO HINH NHAN QUA NANG CA,AS,,3,45,45,0,0,0,0,0,LECTURE,,GENERAL,1.0
AS5251,MO HINH HOA HE CO DIEN T,AS,,3,69,33,0,0,0,36,0,LECTURE,,GENERAL,1.0
AS5253,DONG LUC HOC VAT RAN,AS,,3,69,33,0,0,0,36,0,LECTURE,,GENERAL,1.0
AS5255,CO HOC PHA HUY,AS,,3,69,30,0,12,0,27,0,LECTURE,,GENERAL,1.0
AS5257,TINH TOAN KET CAU,AS,,3,69,30,12,0,0,27,0,LECTURE,,GENERAL,1.0
AS5259,HE THONG THIET BI Y TE D,AS,,3,69,30,0,12,0,27,0,LECTURE,,GENERAL,1.0
AS5263,HOC MAY,AS,,4,90,45,0,0,0,45,0,LECTURE,,GENERAL,1.0
AS5265,MO PHONG DONG LUC HOC PH,AS,,2,30,30,0,0,0,0,0,LECTURE,,GENERAL,1.0
AS5267,THIET KE CAU TRUC VAT LI,AS,,3,75,30,0,0,0,45,0,LECTURE,,GENERAL,1.0
AS5269,TINH TOAN CAU TRUC DIEN,AS,,3,75,30,0,0,0,45,0,LECTURE,,GENERAL,1.0
AS5271,CAC PHAN MEM TINH TOAN M,AS,,3,75,30,0,0,0,45,0,LECTURE,,GENERAL,1.0
AS5281,TRUC QUAN HOA DU LIEU,AS,,4,90,45,0,0,0,45,0,LECTURE,,GENERAL,1.0
AS5283,LY THUYET PHIEM HAM MAT,AS,,4,90,45,0,0,0,45,0,LECTURE,,GENERAL,1.0
AS5285,CO SO KHOA HOC TINH TOAN,AS,,3,75,30,0,0,0,45,0,LECTURE,,GENERAL,1.0
AS5287,CO SO CO HOC LUONG TU -,AS,,3,45,45,0,0,0,0,0,LECTURE,,GENERAL,1.0
AS5293,PHUONG TRINH TOAN LY VA,AS,,3,75,30,0,0,0,45,0,LECTURE,,GENERAL,1.0
AS5295,PHUONG PHAP TINH,AS,,3,75,30,0,0,0,45,0,LECTURE,,GENERAL,1.0
AS5297,XAC SUAT THONG KE,AS,,3,75,30,0,0,0,45,0,LECTURE,,GENERAL,1.0
AS5299,CO SO CO HOC LUONG TU -,AS,,3,66,33,6,0,0,27,0,LECTURE,,GENERAL,1.0
AS5311,LY THUYET ON DINH DAN HO,AS,,3,69,30,12,0,0,27,0,LECTURE,,GENERAL,1.0
AS5900,TRIET HOC,AS,,3,75,30,0,0,0,45,0,LECTURE,,GENERAL,1.0
AS7001,UNG DUNG LASER CONG SUAT,AS,,3,60,30,0,0,0,30,0,LECTURE,,GENERAL,1.0
AS7003,UNG DUNG LASER CONG SUAT,AS,,3,60,30,0,0,0,30,0,LECTURE,,GENERAL,1.0
AS7005,CHUYEN DE NANG CAO VE TH,AS,,3,60,30,0,0,0,30,0,LECTURE,,GENERAL,1.0
AS7007,QUANG HOC MO - CONG NGHE,AS,,3,60,30,0,0,0,30,0,LECTURE,,GENERAL,1.0
AS7009,TIN HOC Y SINH HOC,AS,,3,60,30,0,0,0,30,0,LECTURE,,GENERAL,1.0
AS7011,MOT SO VAN DE XU LY ANH,AS,,3,60,30,0,0,0,30,0,LECTURE,,GENERAL,1.0
AS7013,CO SO MO PHONG TRONG VAT,AS,,3,60,30,0,0,0,30,0,LECTURE,,GENERAL,1.0
AS7015,CO SO VAT LY KY THUAT CU,AS,,3,60,30,0,0,0,30,0,LECTURE,,GENERAL,1.0
AS7017,LAP TRINH TINH TOAN HIEU,AS,,3,60,30,0,0,0,30,0,LECTURE,,GENERAL,1.0
AS7019,CO SO KHOA HOC TINH TOAN,AS,,3,60,30,0,0,0,30,0,LECTURE,,GENERAL,1.0
AS7021,TINH TOAN CAU TRUC DIEN,AS,,3,60,30,0,0,0,30,0,LECTURE,,GENERAL,1.0
AS7023,CAC PHAN MEM TINH TOAN -,AS,,3,60,30,0,0,0,30,0,LECTURE,,GENERAL,1.0
AS7025,CO HOC THONG KE,AS,,3,60,30,0,0,0,30,0,LECTURE,,GENERAL,1.0
AS7027,VAT LY CHAT RAN NANG CAO,AS,,3,60,30,0,0,0,30,0,LECTURE,,GENERAL,1.0
AS7029,VAT LY SINH HOC TINH TOA,AS,,3,60,30,0,0,0,30,0,LECTURE,,GENERAL,1.0
AS7031,PHUONG PHAP SO NANG CAO,AS,,3,60,30,0,15,0,15,0,LECTURE,,GENERAL,1.0
AS7033,CO HOC PHA HUY,AS,,3,60,30,0,15,0,15,0,LECTURE,,GENERAL,1.0
AS7035,DAO DONG KY THUAT NANG C,AS,,3,60,30,0,0,0,30,0,LECTURE,,GENERAL,1.0
AS7037,TINH CHAT CO HOC CUA VAT,AS,,3,60,30,0,0,0,30,0,LECTURE,,GENERAL,1.0
AS7039,PHUONG PHAP PHAN TU HUU,AS,,3,60,30,0,15,0,15,0,LECTURE,,GENERAL,1.0
AS7041,PHUONG PHAP TINH TUOI TH,AS,,3,60,30,0,0,0,30,0,LECTURE,,GENERAL,1.0
AS7043,KY THUAT DO VA XU LY SO,AS,,3,60,30,0,15,0,15,0,LECTURE,,GENERAL,1.0
AS7045,LOGIC MO VA UNG DUNG TRO,AS,,2,45,15,0,0,0,30,0,LECTURE,,GENERAL,1.0
AS7047,MO HINH HOA VA PHAN TICH,AS,,3,60,30,0,0,0,30,0,LECTURE,,GENERAL,1.0
AS7049,DONG LUC HOC PHI TUYEN,AS,,3,60,30,0,0,0,30,0,LECTURE,,GENERAL,1.0
AS7051,CO HOC VAT LIEU COMPOSIT,AS,,3,60,30,0,0,0,30,0,LECTURE,,GENERAL,1.0
AS7053,LY THUYET ON DINH DAN HO,AS,,3,60,30,0,0,0,30,0,LECTURE,,GENERAL,1.0
AS7055,PHAN TICH KET CAU,AS,,3,60,30,0,0,0,30,0,LECTURE,,GENERAL,1.0
AS7057,PHAN TICH UNG SUAT BANG,AS,,3,60,30,0,0,0,30,0,LECTURE,,GENERAL,1.0
AS7059,MO HINH HOA HE CO - DIEN,AS,,3,60,30,0,15,0,15,0,LECTURE,,GENERAL,1.0
AS7061,DONG LUC HOC VAT RAN,AS,,3,60,30,0,15,0,15,0,LECTURE,,GENERAL,1.0
AS7063,DONG LUC HOC MAY,AS,,3,60,30,0,15,0,15,0,LECTURE,,GENERAL,1.0
AS7065,PHAN TICH SONG SOT,AS,,3,75,30,0,0,0,45,0,LECTURE,,GENERAL,1.0
AS7067,TOI UU SO,AS,,3,75,30,0,0,0,45,0,LECTURE,,GENERAL,1.0
AS7069,GIAI TICH BIEN PHAN VA U,AS,,3,75,30,0,0,0,45,0,LECTURE,,GENERAL,1.0
AS7071,TOI UU KHONG TRON,AS,,3,75,30,0,0,0,45,0,LECTURE,,GENERAL,1.0
AS7073,HINH HOC TINH TOAN VA UN,AS,,3,75,30,0,0,0,45,0,LECTURE,,GENERAL,1.0
AS7075,KHONG GIAN SO HOA: CAC P,AS,,3,75,30,0,0,0,45,0,LECTURE,,GENERAL,1.0
AS7077,LY THUYET NUA NHOM VA UN,AS,,3,75,30,0,0,0,45,0,LECTURE,,GENERAL,1.0
AS7079,MO HINH TOAN VA MO PHONG,AS,,3,75,30,0,0,0,45,0,LECTURE,,GENERAL,1.0
AS7081,GIAI TICH NGAU NHIEN VA,AS,,3,75,30,0,0,0,45,0,LECTURE,,GENERAL,1.0
AS7083,HE HYPERBOLIC CAC DINH L,AS,,3,75,30,0,0,0,45,0,LECTURE,,GENERAL,1.0
AS7085,PHUONG TRINH MONGE-AMPER,AS,,3,75,30,0,0,0,45,0,LECTURE,,GENERAL,1.0
AS7087,CAC GIAI PHAP RIEMANN VA,AS,,3,75,30,0,0,0,45,0,LECTURE,,GENERAL,1.0
AS7089,CAC MO HINH DO THI XAC S,AS,,3,75,30,0,0,0,45,0,LECTURE,,GENERAL,1.0
AS7091,THONG KE NHIEU CHIEU,AS,,3,75,30,0,0,0,45,0,LECTURE,,GENERAL,1.0
AS7093,PHAN TICH NHAN QUA,AS,,3,75,30,0,0,0,45,0,LECTURE,,GENERAL,1.0
AS7095,CO SO VAT LY TINH TOAN,AS,,3,69,30,0,12,0,27,0,LECTURE,,GENERAL,1.0
AS7097,CO SO CO HOC LUONG TU -,AS,,3,66,33,6,0,0,27,0,LECTURE,,GENERAL,1.0
AS7099,CO SO LASER VA UNG DUNG,AS,,3,69,30,0,12,0,27,0,LECTURE,,GENERAL,1.0
AS7101,CHUYEN DE NANG CAO VE TH,AS,,3,69,30,0,12,0,27,0,LECTURE,,GENERAL,1.0
AS7103,CHUYEN DE VAT LY NANG CA,AS,,3,66,33,6,0,0,27,0,LECTURE,,GENERAL,1.0
AS7105,UNG DUNG KY THUAT QUANG,AS,,3,66,33,6,0,0,27,0,LECTURE,,GENERAL,1.0
AS7107,CAM BIEN TRONG UNG DUNG,AS,,3,66,33,6,0,0,27,0,LECTURE,,GENERAL,1.0
AS7109,TIN HOC VAT LY KY THUAT,AS,,3,69,30,0,12,0,27,0,LECTURE,,GENERAL,1.0
AS7111,KY THUAT THIET BI Y HOC,AS,,3,69,30,0,12,0,27,0,LECTURE,,GENERAL,1.0
AS7113,THIET BI CHAN DOAN HINH,AS,,3,66,33,6,0,0,27,0,LECTURE,,GENERAL,1.0
AS7115,Y HOC HAT NHAN VA KY THU,AS,,3,66,33,6,0,0,27,0,LECTURE,,GENERAL,1.0
AS7117,QUANG HOC MO – CONG NGHE,AS,,3,66,33,6,0,0,27,0,LECTURE,,GENERAL,1.0
AS7119,HE THONG THIET BI Y TE D,AS,,3,69,30,0,12,0,27,0,LECTURE,,GENERAL,1.0
AS7121,PHUONG TRINH VI PHAN VA,AS,,3,525,15,15,0,0,225,0,LECTURE,,GENERAL,1.0
AS7123,MA TRAN NGAU NHIEN,AS,,3,75,30,0,0,0,45,0,LECTURE,,GENERAL,1.0
AS7125,CHUYEN DE NHUNG VAN DE T,AS,,3,75,30,0,0,0,45,0,LECTURE,,GENERAL,1.0
AS7127,MANG THAN KINH NHAN TAO,AS,,3,60,30,0,0,0,30,0,LECTURE,,GENERAL,1.0
AV250,ANH VAN 250,AV,,0,60,0,60,0,0,0,0,PRACTICAL,,GENERAL,1.0
AV300,ANH VAN 300,AV,,0,60,0,60,0,0,0,0,PRACTICAL,,GENERAL,1.0
AV350,ANH VAN 350,AV,,0,60,0,60,0,0,0,0,PRACTICAL,,GENERAL,1.0
AV400,ANH VAN 400,AV,,0,60,0,60,0,0,0,0,PRACTICAL,,GENERAL,1.0
AV450,ANH VAN 450,AV,,0,60,0,60,0,0,0,0,PRACTICAL,,GENERAL,1.0
AV500,ANH VAN 500,AV,,0,60,0,60,0,0,0,0,PRACTICAL,,GENERAL,1.0
AV550,ANH VAN 550,AV,,0,60,0,60,0,0,0,0,PRACTICAL,,GENERAL,1.0
AV600,ANH VAN 600,AV,,0,60,0,60,0,0,0,0,PRACTICAL,,GENERAL,1.0
CH0001,HOA HOC CAN BAN,CH,,0,30,30,0,0,0,0,0,LECTURE,,GENERAL,1.0
CH1001,NHAP MON VE KY THUAT,CH,,3,150,30,10,0,0,30,0,LECTURE,CH1002,GENERAL,1.0
CH1002,NHAP MON VE KY THUAT(BT),CH,,0,10,0,10,0,0,0,0,PRACTICAL,,GENERAL,1.0
CH1003,HOA DAI CUONG,CH,,3,150,30,0,20,0,15,0,LECTURE,CH1004,GENERAL,1.0
CH1004,HOA DAI CUONG (TN),CH,,0,20,0,0,20,0,0,0,LAB,,GENERAL,1.0
CH1005,HOA LY HOA KEO,CH,,3,150,30,0,0,0,45,0,LECTURE,,GENERAL,1.0
CH1006,HOA LY HOA KEO (THL),CH,,0,12,0,12,0,0,0,0,PRACTICAL,,GENERAL,1.0
CH1007,PHAT TRIEN BEN VUNG,CH,,2,42,24,0,0,0,18,0,LECTURE,,GENERAL,1.0
CH1009,HOA PHAN TICH,CH,,3,60,30,18,12,0,0,0,LECTURE,CH1010,GENERAL,1.0
CH1010,HOA PHAN TICH (TN),CH,,0,30,0,0,12,0,0,0,LAB,,GENERAL,1.0
CH1011,SINH HOC,CH,,3,65,30,0,20,0,15,0,LECTURE,CH1012,GENERAL,1.0
CH1012,SINH HOC (TN),CH,,0,20,0,0,20,0,0,0,LAB,,GENERAL,1.0
CH1013,NHIENLIEU SINHHOC &SKHOI,CH,,4,60,60,0,0,0,0,0,LECTURE,,GENERAL,1.0
CH1015,HOA DAI CUONG,CH,,3,150,30,0,30,0,0,0,LECTURE,CH1016,GENERAL,1.0
CH1016,HOA DAI CUONG (TN),CH,,0,30,0,0,30,0,0,0,LAB,,GENERAL,1.0
CH1017,SINH HOC DAI CUONG,CH,,3,150,30,0,30,0,0,0,LECTURE,CH1018,GENERAL,1.0
CH1018,SINH HOC DAI CUONG (TN),CH,,0,30,0,0,30,0,0,0,LAB,,GENERAL,1.0
CH1019,DINH DUONG,CH,,3,150,30,0,30,0,0,0,LECTURE,CH1020,GENERAL,1.0
CH1020,DINH DUONG (BT),CH,,0,30,0,0,30,0,0,0,LAB,,GENERAL,1.0
CH2001,HOA LY,CH,,3,60,30,0,30,0,0,0,LECTURE,CH2002,GENERAL,1.0
CH2002,HOA LY (TN),CH,,0,30,0,0,30,0,0,0,LAB,,GENERAL,1.0
CH2003,HOA LY 1,CH,,3,150,30,0,0,0,45,0,LECTURE,,GENERAL,1.0
CH2004,HOA LY 1 (THL),CH,,0,12,0,12,0,0,0,0,PRACTICAL,,GENERAL,1.0
CH2005,HOA PHAN TICH,CH,,4,75,45,0,30,0,0,0,LECTURE,CH2006,GENERAL,1.0
CH2006,HOA PHAN TICH (TN),CH,,0,30,0,0,30,0,0,0,LAB,,GENERAL,1.0
CH2007,HOA HOC-HOASINH THUCPHAM,CH,,4,200,45,0,0,0,45,0,LECTURE,,GENERAL,1.0
CH2008,HOA HOC-HOASINH T/P (THL,CH,,0,24,0,24,0,0,0,0,PRACTICAL,,GENERAL,1.0
CH2009,HOA PHAN TICH,CH,,3,150,30,0,20,0,15,0,LECTURE,CH2010,GENERAL,1.0
CH2010,HOA PHAN TICH (TN),CH,,0,20,0,0,20,0,0,0,LAB,,GENERAL,1.0
CH2011,HOA VO CO,CH,,3,60,30,10,20,0,0,0,LECTURE,CH2012,GENERAL,1.0
CH2012,HOA VO CO (THL-TN),CH,,0,30,0,0,20,0,0,0,LAB,,GENERAL,1.0
CH2013,HOA VO CO,CH,,4,200,45,0,30,0,0,0,LECTURE,CH2014,GENERAL,1.0
CH2014,HOA VO CO (TN),CH,,0,30,0,0,30,0,0,0,LAB,,GENERAL,1.0
CH2015,CAC QTRINH KTHUAT SHOC 1,CH,,3,150,30,0,0,0,45,0,LECTURE,,GENERAL,1.0
CH2017,KY THUAT THUC PHAM 1,CH,,3,150,30,0,0,0,45,0,LECTURE,,GENERAL,1.0
CH2019,QUATRINH &THIET BI COHOC,CH,,3,150,30,0,0,0,45,0,LECTURE,,GENERAL,1.0
CH2021,HOA HUU CO,CH,,3,150,30,18,0,0,18,0,LECTURE,CH2022,GENERAL,1.0
CH2022,HOA HUU CO (THL),CH,,0,18,0,18,0,0,0,0,PRACTICAL,,GENERAL,1.0
CH2023,HOA HUU CO,CH,,3,60,30,0,30,0,0,0,LECTURE,CH2024,GENERAL,1.0
CH2024,HOA HUU CO (TN),CH,,0,30,0,0,30,0,0,0,LAB,,GENERAL,1.0
CH2025,CO SO SINH HOC,CH,,4,90,30,30,30,0,0,0,LECTURE,CH2026,GENERAL,1.0
CH2026,CO SO SINH HOC (TN),CH,,0,60,0,0,30,0,0,0,LAB,,GENERAL,1.0
CH2027,SINH HOC DAI CUONG,CH,,3,150,30,0,30,0,0,0,LECTURE,CH2028,GENERAL,1.0
CH2028,SINH HOC DAI CUONG (TN),CH,,0,30,0,0,30,0,0,0,LAB,,GENERAL,1.0
CH2029,SINH HOC TE BAO,CH,,3,75,30,0,0,0,45,0,LECTURE,,GENERAL,1.0
CH2031,HOA LY 2,CH,,2,42,24,0,0,0,18,0,LECTURE,,GENERAL,1.0
CH2033,HOA SINH,CH,,4,200,45,0,30,0,0,0,LECTURE,CH2034,GENERAL,1.0
CH2034,HOA SINH (TN),CH,,0,30,0,0,30,0,0,0,LAB,,GENERAL,1.0
CH2035,KY THUAT THUC PHAM 2,CH,,3,150,30,0,0,0,45,0,LECTURE,,GENERAL,1.0
CH2037,HOA SINH CONG NGHIEP,CH,,4,90,30,30,30,0,0,0,LECTURE,CH2038,GENERAL,1.0
CH2038,HOA SINH CONG NGHIEP(TN),CH,,0,60,0,0,30,0,0,0,LAB,,GENERAL,1.0
CH2039,KY THUAT THUC PHAM 3,CH,,3,150,30,0,0,0,45,0,LECTURE,,GENERAL,1.0
CH2041,THI NGHIEM HOA LY,CH,,2,100,0,0,60,0,0,0,LAB,,GENERAL,1.0
CH2043,Q/TR & TH/BI TRUYENNHIET,CH,,3,150,30,0,0,0,45,0,LECTURE,,GENERAL,1.0
CH2045,VI SINH THUC PHAM,CH,,3,150,30,0,0,0,45,0,LECTURE,,GENERAL,1.0
CH2047,QUATRINH KTHUAT SINHHOC2,CH,,3,150,30,0,0,0,45,0,LECTURE,,GENERAL,1.0
CH2049,TN HOA HOC & HOA SINH TP,CH,,2,100,0,0,60,0,0,0,LAB,,GENERAL,1.0
CH2051,Q/TRINH &TBI TRUYEN KHOI,CH,,3,150,30,0,0,0,45,0,LECTURE,,GENERAL,1.0
CH2053,THI NGHIEM HOA HUU CO,CH,,2,100,0,0,60,0,0,0,LAB,,GENERAL,1.0
CH2055,VAT LY THUC PHAM,CH,,2,42,24,0,0,0,18,0,LECTURE,,GENERAL,1.0
CH2057,CO SO VAT LIEU VA AN MON,CH,,2,42,24,0,0,0,18,0,LECTURE,,GENERAL,1.0
CH2059,KY THUAT PHAN UNG,CH,,2,42,24,0,0,0,18,0,LECTURE,,GENERAL,1.0
CH2061,CS T/TOAN &TKE TBI HCHAT,CH,,2,42,24,0,0,0,18,0,LECTURE,,GENERAL,1.0
CH2065,HOA KEO,CH,,2,42,24,0,0,0,18,0,LECTURE,,GENERAL,1.0
CH2071,HOA HOC XANH,CH,,2,42,24,0,0,0,18,0,LECTURE,,GENERAL,1.0
CH2077,C/NGHE SAN XUAT THEO ME,CH,,2,42,24,0,0,0,18,0,LECTURE,,GENERAL,1.0
CH2079,KY THUAT DUONGONG BECHUA,CH,,2,42,24,0,0,0,18,0,LECTURE,,GENERAL,1.0
CH2081,THIET KE P&ID,CH,,2,42,24,0,0,0,18,0,LECTURE,,GENERAL,1.0
CH2089,QUA TRINH &THIET BI CN 1,CH,,3,150,30,0,0,0,45,0,LECTURE,,GENERAL,1.0
CH2091,SINH HOC DAI CUONG,CH,,2,30,30,0,0,0,1,0,LECTURE,,GENERAL,1.0
CH2093,QUA TRINH SINH HOC 3,CH,,3,150,30,0,0,0,45,0,LECTURE,,GENERAL,1.0
CH2095,TK HETHONG QUYTRINH CNHH,CH,,2,30,30,0,0,0,0,0,LECTURE,,GENERAL,1.0
CH2097,HOA SINH HOC,CH,,2,42,24,0,0,0,18,0,LECTURE,,GENERAL,1.0
CH2099,PHANTICH HOALY THUC PHAM,CH,,3,75,30,0,0,0,45,0,LECTURE,,GENERAL,1.0
CH2101,THI NGHIEM PT HOA LY TP,CH,,2,60,0,0,60,0,0,0,LAB,,GENERAL,1.0
CH2103,LUAT THUC PHAM,CH,,2,42,24,0,0,0,18,0,LECTURE,,GENERAL,1.0
CH2105,QUAN LY CHUOI CUNGUNG TP,CH,,2,42,24,0,0,0,18,0,LECTURE,,GENERAL,1.0
CH2107,"THUC PHAM,VAN HOA,MT &XH",CH,,2,42,24,0,0,0,18,0,LECTURE,,GENERAL,1.0
CH2109,HOA LY 2,CH,,3,150,30,0,0,0,45,0,LECTURE,,GENERAL,1.0
CH2111,THI NGHIEM HOA HUU CO CB,CH,,1,50,0,0,30,0,0,0,LAB,,GENERAL,1.0
CH2113,HOA PHAN TICH,CH,,3,150,30,0,0,0,45,0,LECTURE,,GENERAL,1.0
CH2114,HOA PHAN TICH (THL),CH,,0,12,0,12,0,0,0,0,PRACTICAL,,GENERAL,1.0
CH2115,THI NGHIEM HOA PHAN TICH,CH,,1,50,0,0,30,0,0,0,LAB,,GENERAL,1.0
CH2117,THI NGHIEM VISINH T/PHAM,CH,,2,60,0,0,60,0,0,0,LAB,,GENERAL,1.0
CH2119,VI SINH VAT,CH,,4,75,45,0,30,0,0,0,LECTURE,,GENERAL,1.0
CH2121,T/N QUA TRINH THIET BI,CH,,2,60,0,0,60,0,0,0,LAB,,GENERAL,1.0
CH2123,HOA KEO,CH,,3,75,30,0,0,0,45,0,LECTURE,,GENERAL,1.0
CH2125,CAC P/PHAP PHAN TICH HD,CH,,3,75,30,0,0,0,45,0,LECTURE,,GENERAL,1.0
CH2127,CS VATLIEU &BAO VE ANMON,CH,,3,75,30,0,0,0,45,0,LECTURE,,GENERAL,1.0
CH2129,TONG HOP HUU CO HOA DAU,CH,,3,75,30,0,0,0,45,0,LECTURE,,GENERAL,1.0
CH2131,CO SO HOA SINH & VI SINH,CH,,3,63,30,24,0,0,9,0,LECTURE,,GENERAL,1.0
CH2133,COSO DIEU KHIEN QUATRINH,CH,,3,65,30,0,20,0,15,0,LECTURE,,GENERAL,1.0
CH2135,KY THUAT PHAN UNG,CH,,3,75,30,0,0,0,45,0,LECTURE,,GENERAL,1.0
CH2137,SINH HOC TE BAO,CH,,4,80,45,0,20,0,15,0,LECTURE,,GENERAL,1.0
CH2139,TE BAO HOC,CH,,4,80,45,0,20,0,15,0,LECTURE,,GENERAL,1.0
CH2141,S/HOC PHAN TU &DI TRUYEN,CH,,4,80,45,0,20,0,15,0,LECTURE,,GENERAL,1.0
CH2143,DI TRUYEN HOC,CH,,4,80,45,0,20,0,15,0,LECTURE,,GENERAL,1.0
CH2145,DINH DUONG,CH,,3,75,30,0,0,0,45,0,LECTURE,,GENERAL,1.0
CH2147,PHAN TICH THUC PHAM,CH,,3,75,30,0,0,0,45,0,LECTURE,,GENERAL,1.0
CH2149,T/H P/TICH T/PHAM A,CH,,2,60,0,0,60,0,0,0,LAB,,GENERAL,1.0
CH2151,T/H P/TICH T/PHAM B,CH,,2,60,0,0,60,0,0,0,LAB,,GENERAL,1.0
CH2155,THI NGHIEM HOA PHAN TICH,CH,,2,100,0,0,60,0,0,0,LAB,,GENERAL,1.0
CH2159,THI NGHIEM VISINH T/PHAM,CH,,2,100,0,0,60,0,0,0,LAB,,GENERAL,1.0
CH3001,THI NGHIEM VISINH T/PHAM,CH,,2,100,0,0,60,0,0,0,LAB,,GENERAL,1.0
CH3003,VI SINH VAT,CH,,4,200,45,0,30,0,0,0,LECTURE,CH3004,GENERAL,1.0
CH3004,VI SINH VAT (TN),CH,,0,30,0,0,30,0,0,0,LAB,,GENERAL,1.0
CH3005,CAC PP PHAN TICH HIENDAI,CH,,2,42,24,0,0,0,18,0,LECTURE,,GENERAL,1.0
CH3007,TONG HOP HUU CO HOA DAU,CH,,2,42,24,0,0,0,18,0,LECTURE,,GENERAL,1.0
CH3009,VI SINH CONG NGHIEP,CH,,4,90,30,30,30,0,0,0,LECTURE,CH3010,GENERAL,1.0
CH3010,VI SINH CONG NGHIEP (TN),CH,,0,60,0,0,30,0,0,0,LAB,,GENERAL,1.0
CH3011,CONG NGHE SAU THU HOACH,CH,,2,42,24,0,0,0,18,0,LECTURE,,GENERAL,1.0
CH3013,S/HOC PHAN TU &DI TRUYEN,CH,,3,75,30,0,0,0,45,0,LECTURE,,GENERAL,1.0
CH3015,T/N QUA TRINH THIET BI,CH,,2,100,0,0,60,0,0,0,LAB,,GENERAL,1.0
CH3017,CONGNGHE CHEBIEN TH/PHAM,CH,,3,150,30,0,0,0,45,0,LECTURE,,GENERAL,1.0
CH3018,C/NGHE CHEBIEN T/PHAM(BT,CH,,0,24,0,24,0,0,0,0,PRACTICAL,,GENERAL,1.0
CH3019,CONG NGHE TE BAO,CH,,4,200,30,0,30,0,45,0,LECTURE,CH3020,GENERAL,1.0
CH3020,CONG NGHE TE BAO (TN),CH,,0,30,0,0,30,0,0,0,LAB,,GENERAL,1.0
CH3021,CONGNGHE PROTEIN -ENZYME,CH,,4,200,30,0,30,0,45,0,LECTURE,CH3022,GENERAL,1.0
CH3022,CONGNGHE PROTEIN/EZY(TN),CH,,0,30,0,0,30,0,0,0,LAB,,GENERAL,1.0
CH3023,T/K HETHONGQUYTRINH CNHH,CH,,2,42,24,0,0,0,18,0,LECTURE,,GENERAL,1.0
CH3027,DINH DUONG VA AN TOAN TP,CH,,4,90,45,0,0,0,45,0,LECTURE,,GENERAL,1.0
CH3029,CO SO KY THUAT HOA DUOC,CH,,3,75,30,0,0,0,45,0,LECTURE,,GENERAL,1.0
CH3031,COSO DIEU KHIEN QUATRINH,CH,,2,42,24,0,0,0,18,0,LECTURE,,GENERAL,1.0
CH3033,KY THUAT MOI TRUONG,CH,,2,42,24,0,0,0,18,0,LECTURE,,GENERAL,1.0
CH3037,COSO THIETKE NHA MAY HOA,CH,,2,42,24,0,0,0,18,0,LECTURE,,GENERAL,1.0
CH3039,COSO THIETKE MAY &TBI TP,CH,,4,78,45,24,0,0,9,0,LECTURE,CH3040,GENERAL,1.0
CH3040,COSO T/KE MAY &TBI TP(BT,CH,,0,24,0,24,0,0,0,0,PRACTICAL,,GENERAL,1.0
CH3041,SINH HOA DUOC,CH,,3,75,30,0,0,0,45,0,LECTURE,,GENERAL,1.0
CH3047,MO H/H &M/PHONG TRG CNTP,CH,,4,78,45,24,0,0,9,0,LECTURE,CH3048,GENERAL,1.0
CH3048,MO H/H &M/P TRG CNTP(BT),CH,,0,24,0,24,0,0,0,0,PRACTICAL,,GENERAL,1.0
CH3049,P/TICH CAM QUAN THUCPHAM,CH,,3,150,30,0,30,0,0,0,LECTURE,CH3050,GENERAL,1.0
CH3050,P/TICH CAM QUAN TP (TN),CH,,0,30,0,0,30,0,0,0,LAB,,GENERAL,1.0
CH3051,CONG NGHE LEN MEN,CH,,3,60,30,0,30,0,0,0,LECTURE,CH3052,GENERAL,1.0
CH3052,CONG NGHE LEN MEN (TN),CH,,0,30,0,0,30,0,0,0,LAB,,GENERAL,1.0
CH3053,THIET KE NHAMAY THUCPHAM,CH,,3,150,30,0,0,0,45,0,LECTURE,,GENERAL,1.0
CH3054,T/KE NHAMAY THUCPHAM(BT),CH,,0,24,0,24,0,0,0,0,PRACTICAL,,GENERAL,1.0
CH3055,C/NGHE CHE BIEN RAU QUA,CH,,2,42,24,0,0,0,18,0,LECTURE,,GENERAL,1.0
CH3057,C/NGHE SH NGUYEN LIEU TP,CH,,2,42,24,0,0,0,18,0,LECTURE,,GENERAL,1.0
CH3059,C/NGHE SINH HOC XU LY NT,CH,,2,42,24,0,0,0,18,0,LECTURE,,GENERAL,1.0
CH3061,C/NGHE SHOC UD TRONGBVTV,CH,,2,42,24,0,0,0,18,0,LECTURE,,GENERAL,1.0
CH3063,CONG NGHE TE BAO GOC,CH,,2,42,24,0,0,0,18,0,LECTURE,,GENERAL,1.0
CH3065,CONGNGHE PROTEIN DON BAO,CH,,2,42,24,0,0,0,18,0,LECTURE,,GENERAL,1.0
CH3067,C/NGHE SH TRONG SXNLXANH,CH,,2,42,24,0,0,0,18,0,LECTURE,,GENERAL,1.0
CH3069,C/NGHE SXKS &VACCINE TCN,CH,,2,42,24,0,0,0,18,0,LECTURE,,GENERAL,1.0
CH3071,C/NGHE SX DUONG& BANHKEO,CH,,2,42,24,0,0,0,18,0,LECTURE,,GENERAL,1.0
CH3073,C/NGHE TINH CHE NL DUOC,CH,,2,42,24,0,0,0,18,0,LECTURE,,GENERAL,1.0
CH3075,KY THUAT LANH &LD T/PHAM,CH,,4,78,45,24,0,0,9,0,LECTURE,CH3076,GENERAL,1.0
CH3076,KY THUAT LANH &LD T/P(BT,CH,,0,24,0,24,0,0,0,0,PRACTICAL,,GENERAL,1.0
CH3077,LIEU PHAP GEN,CH,,2,42,24,0,0,0,18,0,LECTURE,,GENERAL,1.0
CH3079,PHUONG PHAP SO TROG CNHH,CH,,2,42,24,0,0,0,18,0,LECTURE,,GENERAL,1.0
CH3081,"C/NGHE CB TRA,CPHE,CACAO",CH,,2,42,24,0,0,0,18,0,LECTURE,,GENERAL,1.0
CH3083,CONG NGHE HAT VA BOT,CH,,2,42,24,0,0,0,18,0,LECTURE,,GENERAL,1.0
CH3085,HE THONG VC TRONG NMTP,CH,,2,42,24,0,0,0,18,0,LECTURE,,GENERAL,1.0
CH3087,DIEU KHIEN TU DONG 1,CH,,2,42,24,0,0,0,18,0,LECTURE,,GENERAL,1.0
CH3089,C/NGHE CB CHAT BEO TPHAM,CH,,2,42,24,0,0,0,18,0,LECTURE,,GENERAL,1.0
CH3091,KY THUAT SX D/PHAM & DG,CH,,2,42,24,0,0,0,18,0,LECTURE,,GENERAL,1.0
CH3093,CONG NGHE CHE BIEN THIT,CH,,2,42,24,0,0,0,18,0,LECTURE,,GENERAL,1.0
CH3095,THI NGHIEM SAN XUAT DP,CH,,2,60,0,0,60,0,0,0,LAB,,GENERAL,1.0
CH3097,C/NGHE CHE BIEN THUY SAN,CH,,2,42,24,0,0,0,18,0,LECTURE,,GENERAL,1.0
CH3099,H/HOC CAYTHUOC &CAC NNLD,CH,,2,42,24,0,0,0,18,0,LECTURE,,GENERAL,1.0
CH3101,H/HOC &C/NGHE CHAT HDBM,CH,,2,42,24,0,0,0,18,0,LECTURE,,GENERAL,1.0
CH3103,C/NGHE SX SP TU SUA&TUPC,CH,,2,42,24,0,0,0,18,0,LECTURE,,GENERAL,1.0
CH3105,CO SO TONG HOP THUOC,CH,,2,42,24,0,0,0,18,0,LECTURE,,GENERAL,1.0
CH3107,KY THUAT VL VOCO SILICAT,CH,,2,42,24,0,0,0,18,0,LECTURE,,GENERAL,1.0
CH3111,CO SO KY THUAT POLYMER,CH,,2,42,24,0,0,0,18,0,LECTURE,,GENERAL,1.0
CH3113,CAC PP XD HT CUA THUOC,CH,,2,42,24,0,0,0,18,0,LECTURE,,GENERAL,1.0
CH3117,C/NGHE SX KHANG SINH,CH,,2,42,24,0,0,0,18,0,LECTURE,,GENERAL,1.0
CH3119,CAC PP VATLY NC CHAT RAN,CH,,2,42,24,0,0,0,18,0,LECTURE,,GENERAL,1.0
CH3121,THI NGHIEM THIET BI TDH,CH,,2,60,0,0,60,0,0,0,LAB,,GENERAL,1.0
CH3123,C/NGHE SAN XUAT VACCINE,CH,,2,42,24,0,0,0,18,0,LECTURE,,GENERAL,1.0
CH3127,DOC CHAT HOC C/NGHIEP UD,CH,,2,42,24,0,0,0,18,0,LECTURE,,GENERAL,1.0
CH3129,C/NGHE BAO GOI THUC PHAM,CH,,2,42,24,0,0,0,18,0,LECTURE,,GENERAL,1.0
CH3131,CONG NGHE GEN,CH,,4,200,30,0,30,0,45,0,LECTURE,CH3132,GENERAL,1.0
CH3132,CONG NGHE GEN (TN),CH,,0,30,0,0,30,0,0,0,LAB,,GENERAL,1.0
CH3133,"MO HINH HOA,MP &TƯH CNHH",CH,,3,150,30,0,0,0,45,0,LECTURE,,GENERAL,1.0
CH3135,CONG NGHE VI SINH,CH,,2,42,24,0,0,0,18,0,LECTURE,,GENERAL,1.0
CH3137,NHIET DONG &DONG HOC THS,CH,,2,42,24,0,0,0,18,0,LECTURE,,GENERAL,1.0
CH3141,NHIEN LIEU S/HOC & NLTT,CH,,2,42,24,0,0,0,18,0,LECTURE,,GENERAL,1.0
CH3145,CONG NGHE LOC DAU,CH,,2,42,24,0,0,0,18,0,LECTURE,,GENERAL,1.0
CH3147,CONGNGHE SANPHAM MY PHAM,CH,,2,42,24,0,0,0,18,0,LECTURE,,GENERAL,1.0
CH3149,CONGNGHE SANXUAT PHANBON,CH,,2,42,24,0,0,0,18,0,LECTURE,,GENERAL,1.0
CH3151,KY THUAT XUC TAC VA UD,CH,,2,42,24,0,0,0,18,0,LECTURE,,GENERAL,1.0
CH3153,PT CAC CHAT ONHIEM TMTKK,CH,,2,42,24,0,0,0,18,0,LECTURE,,GENERAL,1.0
CH3155,CONG NGHE CHE BIEN KHI,CH,,2,42,24,0,0,0,18,0,LECTURE,,GENERAL,1.0
CH3157,CONG NGHE HOA HUONG LIEU,CH,,2,42,24,0,0,0,18,0,LECTURE,,GENERAL,1.0
CH3159,CAC PP CB MAU TROG PTICH,CH,,2,42,24,0,0,0,18,0,LECTURE,,GENERAL,1.0
CH3161,GIAN DO PHA,CH,,2,42,24,0,0,0,18,0,LECTURE,,GENERAL,1.0
CH3169,C/NGHE CAC SPHAM TAY RUA,CH,,2,42,24,0,0,0,18,0,LECTURE,,GENERAL,1.0
CH3171,CAC SAN PHAM DAU KHI,CH,,2,42,24,0,0,0,18,0,LECTURE,,GENERAL,1.0
CH3173,KY THUAT CHAN KHONG,CH,,2,42,24,0,0,0,18,0,LECTURE,,GENERAL,1.0
CH3175,KY THUAT DIEN HOA,CH,,2,42,24,0,0,0,18,0,LECTURE,,GENERAL,1.0
CH3177,P/PHAP PHAN TICH T/PHAM,CH,,2,42,24,0,0,0,18,0,LECTURE,,GENERAL,1.0
CH3179,THI NGHIEM CHUYENNGANHVC,CH,,2,60,0,0,60,0,0,0,LAB,,GENERAL,1.0
CH3180,THI NGHIEM CHUYENNGANHVC,CH,,0,30,0,0,30,0,0,0,LAB,,GENERAL,1.0
CH3183,C/NGHE CAC SP CO N/GOCTN,CH,,2,42,24,0,0,0,18,0,LECTURE,,GENERAL,1.0
CH3185,C/NGHE SX CHAT MAU VO CO,CH,,2,42,24,0,0,0,18,0,LECTURE,,GENERAL,1.0
CH3187,KY THUAT PT KS &CC VO CO,CH,,2,42,24,0,0,0,18,0,LECTURE,,GENERAL,1.0
CH3188,KY THUAT PT KS &CCVC (TN,CH,,0,15,0,0,15,0,0,0,LAB,,GENERAL,1.0
CH3191,THI NGHIEM KY THUAT DH,CH,,2,60,0,0,60,0,0,0,LAB,,GENERAL,1.0
CH3193,XUC TAC TRONG CN LOC -HD,CH,,2,42,24,0,0,0,18,0,LECTURE,,GENERAL,1.0
CH3195,HOA HOC CHAT RAN VA UD,CH,,2,42,24,0,0,0,18,0,LECTURE,,GENERAL,1.0
CH3197,KY THUAT CHE BIEN K/SAN,CH,,2,42,24,0,0,0,18,0,LECTURE,,GENERAL,1.0
CH3201,KY THUAT NHUOM IN,CH,,2,42,24,0,0,0,18,0,LECTURE,,GENERAL,1.0
CH3203,KY THUAT P/TICH NUOC &NT,CH,,2,42,24,0,0,0,18,0,LECTURE,,GENERAL,1.0
CH3204,KY THUAT P/TICH NUOC (TN,CH,,0,15,0,0,15,0,0,0,LAB,,GENERAL,1.0
CH3205,THI NGHIEM CHUYEN DE DK,CH,,2,60,0,0,60,0,0,0,LAB,,GENERAL,1.0
CH3207,C/NGHE SX BOT GIAY &GIAY,CH,,2,42,24,0,0,0,18,0,LECTURE,,GENERAL,1.0
CH3209,HOA HOC NANO,CH,,2,42,24,0,0,0,18,0,LECTURE,,GENERAL,1.0
CH3211,PHAN TICH DOC TO & PGTP,CH,,2,42,24,0,0,0,18,0,LECTURE,,GENERAL,1.0
CH3212,PHAN TICH DOC TO & (TN),CH,,0,15,0,0,15,0,0,0,LAB,,GENERAL,1.0
CH3215,VAT LIEU NANO VO CO & UD,CH,,2,42,24,0,0,0,18,0,LECTURE,,GENERAL,1.0
CH3219,C/NGHE SX OXYT&MSHCCKLCT,CH,,2,42,24,0,0,0,18,0,LECTURE,,GENERAL,1.0
CH3221,CAC PP XD CT HOP CHAT HC,CH,,2,42,24,0,0,0,18,0,LECTURE,,GENERAL,1.0
CH3223,KY THUAT PHAN TAN PHA,CH,,2,42,24,0,0,0,18,0,LECTURE,,GENERAL,1.0
CH3225,PHANTICH MAU SILICATE&PB,CH,,2,42,24,0,0,0,18,0,LECTURE,,GENERAL,1.0
CH3227,QUA TRINH HOALY TRG XLMT,CH,,2,42,24,0,0,0,18,0,LECTURE,,GENERAL,1.0
CH3229,THIET BI HOAHOC TRONG DK,CH,,2,42,24,0,0,0,18,0,LECTURE,,GENERAL,1.0
CH3231,CAC PP P/LAP TC HC HUUCO,CH,,2,42,24,0,0,0,18,0,LECTURE,,GENERAL,1.0
CH3233,KY THUAT HAP PHU VA UD,CH,,2,42,24,0,0,0,18,0,LECTURE,,GENERAL,1.0
CH3235,KY THUAT PT CAC SP NGTN,CH,,2,42,24,0,0,0,18,0,LECTURE,,GENERAL,1.0
CH3237,MANG VO CO-TONG HOP & UD,CH,,2,42,24,0,0,0,18,0,LECTURE,,GENERAL,1.0
CH3241,TOIUU HOA TRONG N/MAY LD,CH,,2,42,24,0,0,0,18,0,LECTURE,,GENERAL,1.0
CH3243,C/NGHE LEN MEN THUC PHAM,CH,,3,63,30,24,0,0,9,0,LECTURE,CH3244,GENERAL,1.0
CH3244,C/NGHE LEN MEN T/PHAM(TH,CH,,0,24,0,24,0,0,0,0,PRACTICAL,,GENERAL,1.0
CH3245,CO SO CONG NGHIEP CN SH,CH,,2,42,24,0,0,0,18,0,LECTURE,,GENERAL,1.0
CH3247,C/NGHE SX HOA CHAT VCCB,CH,,2,42,24,0,0,0,18,0,LECTURE,,GENERAL,1.0
CH3249,HOA DI VONG,CH,,2,42,24,0,0,0,18,0,LECTURE,,GENERAL,1.0
CH3251,LY THUYET TRUYEN VAN,CH,,2,42,24,0,0,0,18,0,LECTURE,,GENERAL,1.0
CH3253,PHUONG PHAP P/TICH SACKY,CH,,2,42,24,0,0,0,18,0,LECTURE,,GENERAL,1.0
CH3255,DIEN HOA CHATRAN &PIN NL,CH,,2,42,24,0,0,0,18,0,LECTURE,,GENERAL,1.0
CH3259,THI NGHIEM CO SO KT HD,CH,,2,60,0,0,60,0,0,0,LAB,,GENERAL,1.0
CH3261,ANTOAN TRONG CONGNGHE SH,CH,,2,42,24,0,0,0,18,0,LECTURE,,GENERAL,1.0
CH3263,SINH LY MIEN DICH,CH,,2,42,24,0,0,0,18,0,LECTURE,,GENERAL,1.0
CH3265,TIN HOC U/DUNG TRONGCNHH,CH,,2,42,24,0,0,0,18,0,LECTURE,,GENERAL,1.0
CH3267,CAC SANPHAM CONG NGHE SH,CH,,2,42,24,0,0,0,18,0,LECTURE,,GENERAL,1.0
CH3269,CONG NGHE VI SINH T/PHAM,CH,,2,42,24,0,0,0,18,0,LECTURE,,GENERAL,1.0
CH3271,SH PT THUCVAT &UD TCTCTG,CH,,2,42,24,0,0,0,18,0,LECTURE,,GENERAL,1.0
CH3273,VISINH VAT HOC MOITRUONG,CH,,2,42,24,0,0,0,18,0,LECTURE,,GENERAL,1.0
CH3275,C/NGHE SH DONGVAT UD TCN,CH,,2,42,24,0,0,0,18,0,LECTURE,,GENERAL,1.0
CH3277,C/NGHE SAN XUAT VITAMIN,CH,,2,42,24,0,0,0,18,0,LECTURE,,GENERAL,1.0
CH3279,KY THUAT HOA SINH,CH,,2,42,24,0,0,0,18,0,LECTURE,,GENERAL,1.0
CH3281,PHAT TRIEN SP THUC PHAM,CH,,2,42,24,0,0,0,18,0,LECTURE,,GENERAL,1.0
CH3282,PH/TRIEN SP THUC PHAM(TN,CH,,0,30,0,0,30,0,0,0,LAB,,GENERAL,1.0
CH3283,THUNHAN &UD ENZYME TCNTP,CH,,2,42,24,0,0,0,18,0,LECTURE,,GENERAL,1.0
CH3285,VANHANH HT QUYTRINH CNHH,CH,,2,42,24,0,0,0,18,0,LECTURE,,GENERAL,1.0
CH3287,C/NGHE CHEBIEN LUONGTHUC,CH,,2,42,24,0,0,0,18,0,LECTURE,,GENERAL,1.0
CH3289,C/NGHE SINH HOC XU LY CT,CH,,2,42,24,0,0,0,18,0,LECTURE,,GENERAL,1.0
CH3291,C/NGHE SX PHAN BON S/HOC,CH,,2,42,24,0,0,0,18,0,LECTURE,,GENERAL,1.0
CH3293,KY THUAT SAY,CH,,2,42,24,0,0,0,18,0,LECTURE,,GENERAL,1.0
CH3295,THUC PHAM BIEN DOI GEN,CH,,2,42,24,0,0,0,18,0,LECTURE,,GENERAL,1.0
CH3297,AN TOAN QUA TRINH,CH,,2,42,24,0,0,0,18,0,LECTURE,,GENERAL,1.0
CH3299,THIET KE MAY VA NHA MAY,CH,,3,150,30,0,0,0,45,0,LECTURE,,GENERAL,1.0
CH3303,GIAOTIEP KYTHUAT BANG TA,CH,,2,42,24,0,0,0,18,0,LECTURE,,GENERAL,1.0
CH3305,THIET KE CONG NGHE VA P&,CH,,3,150,30,0,0,0,45,0,LECTURE,,GENERAL,1.0
CH3307,AN TOAN VA VAN HANH QUA,CH,,3,150,30,0,30,0,0,0,LECTURE,,GENERAL,1.0
CH3309,T/KE TNGHIEM &XLY SOLIEU,CH,,3,150,30,0,0,0,45,0,LECTURE,,GENERAL,1.0
CH3311,X/DUNG MOHINH TRONG DKQT,CH,,2,42,24,0,0,0,18,0,LECTURE,,GENERAL,1.0
CH3315,CO SO KYTHUAT HOA BUC XA,CH,,2,42,24,0,0,0,18,0,LECTURE,,GENERAL,1.0
CH3317,KY THUAT XL NUOC CAP -NT,CH,,2,42,24,0,0,0,18,0,LECTURE,,GENERAL,1.0
CH3319,CNSX KHANGSINH CHO HDUOC,CH,,2,42,24,0,0,0,18,0,LECTURE,,GENERAL,1.0
CH3321,THIET KE HE THONG QTCNHH,CH,,3,150,30,0,0,0,45,0,LECTURE,,GENERAL,1.0
CH3327,HOA KEO,CH,,3,150,30,0,0,0,45,0,LECTURE,,GENERAL,1.0
CH3329,CAC P/PHAP PHAN TICH HD,CH,,3,150,30,0,0,0,45,0,LECTURE,,GENERAL,1.0
CH3331,CS VATLIEU &BAO VE ANMON,CH,,3,150,30,0,0,0,45,0,LECTURE,,GENERAL,1.0
CH3337,TONG HOP HUU CO HOA DAU,CH,,3,150,30,0,0,0,45,0,LECTURE,,GENERAL,1.0
CH3339,CO SO HOA SINH & VI SINH,CH,,3,150,30,24,0,0,9,0,LECTURE,CH3340,GENERAL,1.0
CH3340,CO SO H/SINH &VI SINH(BT,CH,,0,24,0,24,0,0,0,0,PRACTICAL,,GENERAL,1.0
CH3341,COSO DIEU KHIEN QUATRINH,CH,,3,150,30,0,0,0,45,0,LECTURE,,GENERAL,1.0
CH3342,COSO DIEU KHIEN QT (TN),CH,,0,20,0,0,20,0,0,0,LAB,,GENERAL,1.0
CH3347,KY THUAT PHAN UNG,CH,,3,150,30,0,0,0,45,0,LECTURE,,GENERAL,1.0
CH3348,KY THUAT PHAN UNG(BT),CH,,0,12,0,12,0,0,0,0,PRACTICAL,,GENERAL,1.0
CH3349,CO SO TINH TOAN TK TB HH,CH,,3,150,30,0,0,0,45,0,LECTURE,,GENERAL,1.0
CH3351,SINH HOC TE BAO,CH,,4,200,45,0,20,0,15,0,LECTURE,CH3352,GENERAL,1.0
CH3352,SINH HOC TE BAO (TN),CH,,0,20,0,0,20,0,0,0,LAB,,GENERAL,1.0
CH3357,TE BAO HOC,CH,,4,200,45,0,20,0,15,0,LECTURE,CH3358,GENERAL,1.0
CH3358,TE BAO HOC (TN),CH,,0,20,0,0,20,0,0,0,LAB,,GENERAL,1.0
CH3359,CONG NGHE LEN MEN VS VAT,CH,,4,200,45,0,30,0,0,0,LECTURE,CH3360,GENERAL,1.0
CH3360,C/NGHE LEN MEN VS VAT(TN,CH,,0,30,0,0,30,0,0,0,LAB,,GENERAL,1.0
CH3361,S/HOC PHAN TU &DI TRUYEN,CH,,4,200,45,0,20,0,15,0,LECTURE,CH3362,GENERAL,1.0
CH3362,S/HOC P/TU &DI TRUYEN(TN,CH,,0,20,0,0,20,0,0,0,LAB,,GENERAL,1.0
CH3367,DI TRUYEN HOC,CH,,4,200,45,0,20,0,15,0,LECTURE,CH3368,GENERAL,1.0
CH3368,DI TRUYEN HOC (TN),CH,,0,20,0,0,20,0,0,0,LAB,,GENERAL,1.0
CH3369,DINH DUONG,CH,,3,150,30,0,0,0,45,0,LECTURE,,GENERAL,1.0
CH3370,DINH DUONG(BT),CH,,0,24,0,24,0,0,0,0,PRACTICAL,,GENERAL,1.0
CH3371,PHAN TICH THUC PHAM,CH,,3,150,30,0,0,0,45,0,LECTURE,,GENERAL,1.0
CH3372,PHAN TICH THUC PHAM(BT),CH,,0,24,0,24,0,0,0,0,PRACTICAL,,GENERAL,1.0
CH3379,T/H P/TICH T/PHAM A,CH,,2,100,0,0,60,0,0,0,LAB,,GENERAL,1.0
CH3381,T/H P/TICH T/PHAM B,CH,,2,100,0,0,60,0,0,0,LAB,,GENERAL,1.0
CH3389,P/TRIEN BEN VUNG &CNXLMT,CH,,4,200,45,0,0,0,45,0,LECTURE,,GENERAL,1.0
CH3391,KT THU NHAN ENZYME &UD,CH,,3,150,30,0,30,0,0,0,LECTURE,,GENERAL,1.0
CH3392,KT THUNHAN ENZYME &UD(TN,CH,,0,20,0,0,20,0,0,0,LAB,,GENERAL,1.0
CH3399,CONG NGHE S/XUAT VACCINE,CH,,3,150,30,0,30,0,0,0,LECTURE,CH3400,GENERAL,1.0
CH3400,C/NGHE S/XUAT VACCINE(TN,CH,,0,30,0,0,30,0,0,0,LAB,,GENERAL,1.0
CH3401,C/NGHE S/XUAT KHANG SINH,CH,,3,150,30,18,0,0,18,0,LECTURE,,GENERAL,1.0
CH3402,C/NGHE S/XUAT K/SINH(THL,CH,,0,12,0,12,0,0,0,0,PRACTICAL,,GENERAL,1.0
CH3403,PPDG HOAT TINH SHCCHCTN,CH,,3,150,30,0,30,0,0,0,LECTURE,CH3404,GENERAL,1.0
CH3404,PPDG H/TINH SHCCHCTN(TN),CH,,0,30,0,0,30,0,0,0,LAB,,GENERAL,1.0
CH3405,CONG NGHE NUOI TRONG NAM,CH,,3,150,30,0,0,0,45,0,LECTURE,,GENERAL,1.0
CH3406,C/NGHE NUOI TRONG NAM(TN,CH,,0,30,0,0,30,0,0,0,LAB,,GENERAL,1.0
CH3407,K/T NUOI CAY TE BAO TV,CH,,3,150,30,0,20,0,15,0,LECTURE,,GENERAL,1.0
CH3408,K/T NUOI CAY TEBAO TV(TN,CH,,0,20,0,0,20,0,0,0,LAB,,GENERAL,1.0
CH3409,C/NGHE SAN XUAT VITAMIN,CH,,3,150,30,0,30,0,0,0,LECTURE,CH3410,GENERAL,1.0
CH3410,C/NGHE S/XUAT VITAMIN(TN,CH,,0,30,0,0,30,0,0,0,LAB,,GENERAL,1.0
CH3421,CO SO KY THUAT MY PHAM,CH,,3,150,30,0,0,0,45,0,LECTURE,,GENERAL,1.0
CH3423,PHAT TRIEN BEN VUNG VA X,CH,,3,150,30,0,0,0,45,0,LECTURE,,GENERAL,1.0
CH3425,SINH HOA DUOC,CH,,3,150,30,0,0,0,45,0,LECTURE,,GENERAL,1.0
CH3426,SINH HOA DUOC(BT),CH,,0,2,0,0,20,0,0,0,LAB,,GENERAL,1.0
CH3427,"SINH LY, MIEN DICH HOC",CH,,3,150,30,0,0,0,45,0,LECTURE,,GENERAL,1.0
CH3429,CONG NGHE SX MY PHAM,CH,,3,150,30,0,30,0,0,0,LECTURE,CH3430,GENERAL,1.0
CH3430,CONG NGHE SX MY PHAM(TN),CH,,0,30,0,0,30,0,0,0,LAB,,GENERAL,1.0
CH3433,THUC HANH PHAN TICH THUC,CH,,2,100,0,0,60,0,0,0,LAB,,GENERAL,1.0
CH3435,CONG NGHE LEN MEN THUC P,CH,,3,150,30,0,10,0,30,0,LECTURE,,GENERAL,1.0
CH3437,SINH HOC TE BAO,CH,,3,150,30,10,20,0,0,0,LECTURE,CH3438,GENERAL,1.0
CH3437.P,SINH HOC TE BAO,CH,,3,150,30,10,20,0,0,0,PRACTICAL,CH3438,GENERAL,1.0
CH3438,SINH HOC TE BAO,CH,,0,20,0,0,20,0,0,0,LAB,,GENERAL,1.0
CH3439,SINH HOC PHAN TU VA DI T,CH,,3,150,30,0,20,0,15,0,LECTURE,CH3440,GENERAL,1.0
CH3440,SINH HOC PHAN TU VA DI T,CH,,0,20,0,0,20,0,0,0,LAB,,GENERAL,1.0
CH3441,SINH LY MIEN DICH,CH,,3,150,30,0,20,0,15,0,LECTURE,,GENERAL,1.0
CH3443,DI TRUYEN HOC,CH,,3,150,30,0,15,0,23,0,LECTURE,,GENERAL,1.0
CH3445,QUAN LY CHAT LUONG THUC,CH,,3,150,30,0,0,0,45,0,LECTURE,,GENERAL,1.0
CH4001,THI NGHIEM C/NGHE CBTP,CH,,2,100,0,0,60,0,0,0,LAB,,GENERAL,1.0
CH4015,NHAN DANG HE THONG,CH,,2,42,24,0,0,0,18,0,LECTURE,,GENERAL,1.0
CH4017,THI NGHIEM KY THUAT XT,CH,,2,60,0,0,60,0,0,0,LAB,,GENERAL,1.0
CH4019,DIEU KHIEN TU DONG 2,CH,,2,42,24,0,0,0,18,0,LECTURE,,GENERAL,1.0
CH4021,CAC QUA TRINH KG ON DINH,CH,,2,42,24,0,0,0,18,0,LECTURE,,GENERAL,1.0
CH4023,KY THUAT PHANTACH HE NCT,CH,,2,42,24,0,0,0,18,0,LECTURE,,GENERAL,1.0
CH4025,LUU BIEN TRONG HOA HOC,CH,,2,42,24,0,0,0,18,0,LECTURE,,GENERAL,1.0
CH4027,SAN XUAT SACH HON,CH,,2,42,24,0,0,0,18,0,LECTURE,,GENERAL,1.0
CH4029,XL TIN HIEU TRONG DKQT,CH,,2,42,24,0,0,0,18,0,LECTURE,,GENERAL,1.0
CH4031,THI NGHIEM DIEU KHIEN QT,CH,,2,60,0,0,60,0,0,0,LAB,,GENERAL,1.0
CH4033,P/PHAP KIEM TOAN & TKNL,CH,,2,42,24,0,0,0,18,0,LECTURE,,GENERAL,1.0
CH4035,TU DONG HOA Q/TRINH CNHH,CH,,2,42,24,0,0,0,18,0,LECTURE,,GENERAL,1.0
CH4041,QUAN LY CHAT LUONG TP,CH,,2,42,24,0,0,0,18,0,LECTURE,,GENERAL,1.0
CH4047,KY THUAT LANH,CH,,2,42,24,0,0,0,18,0,LECTURE,,GENERAL,1.0
CH4049,THIET BI PHAN UNG ND CAO,CH,,2,42,24,0,0,0,18,0,LECTURE,,GENERAL,1.0
CH4051,AN TOAN QUA TRINH,CH,,3,150,30,0,30,0,0,0,LECTURE,CH4052,GENERAL,1.0
CH4052,AN TOAN QUA TRINH (TN),CH,,0,30,0,0,30,0,0,0,LAB,,GENERAL,1.0
CH4059,KIEM TOAN NANG LUONG,CH,,3,150,30,0,0,0,45,0,LECTURE,,GENERAL,1.0
CH4061,K/THUAT DUONG ONG BECHUA,CH,,3,150,30,0,0,0,45,0,LECTURE,,GENERAL,1.0
CH4063,THIET KE P&ID,CH,,3,150,30,0,0,0,45,0,LECTURE,,GENERAL,1.0
CH4065,VANHANH HT QUYTRINH CNHH,CH,,3,150,30,0,0,0,45,0,LECTURE,,GENERAL,1.0
CH4066,V/H HT QUYTRINH CNHH(BT),CH,,0,24,0,24,0,0,0,0,PRACTICAL,,GENERAL,1.0
CH4067,CO SO THIET KE NHA MAY,CH,,3,150,30,12,0,0,27,0,LECTURE,CH4068,GENERAL,1.0
CH4068,CO SO TH/KE NHA MAY(BT),CH,,0,12,0,12,0,0,0,0,PRACTICAL,,GENERAL,1.0
CH4069,SAN XUAT SACH HON,CH,,3,150,30,0,0,0,45,0,LECTURE,,GENERAL,1.0
CH4071,DIEU KHIEN TU DONG QTCN,CH,,3,150,30,0,20,0,15,0,LECTURE,CH4072,GENERAL,1.0
CH4072,D/KHIEN TU DONG QTCN (TN,CH,,0,20,0,0,20,0,0,0,LAB,,GENERAL,1.0
CH4073,KY THUAT PHA PHAN TAN,CH,,3,150,30,0,0,0,45,0,LECTURE,,GENERAL,1.0
CH4075,CONG NGHE XL &TAI CHE CT,CH,,3,150,30,12,0,0,27,0,LECTURE,CH4076,GENERAL,1.0
CH4076,C/NGHE XL &TAI CHE CT(TH,CH,,0,12,0,12,0,0,0,0,PRACTICAL,,GENERAL,1.0
CH4077,NHIEN LIEU S/HOC & NLTT,CH,,3,150,30,0,0,0,45,0,LECTURE,,GENERAL,1.0
CH4079,HOA HOC XANH,CH,,3,150,30,0,0,0,45,0,LECTURE,,GENERAL,1.0
CH4081,C/NGHE SX PB&CAC HC VOCO,CH,,3,150,30,0,0,0,45,0,LECTURE,,GENERAL,1.0
CH4083,CO SO KY THUAT POLYMER,CH,,3,150,30,0,0,0,45,0,LECTURE,,GENERAL,1.0
CH4085,H/HOC &C/NGHE CHAT HDBM,CH,,3,150,30,0,0,0,45,0,LECTURE,,GENERAL,1.0
CH4087,CAC PP VATLY NC CHAT RAN,CH,,3,150,30,0,0,0,45,0,LECTURE,,GENERAL,1.0
CH4089,CO SO KT BUC XA &UNGDUNG,CH,,3,150,30,0,0,0,45,0,LECTURE,,GENERAL,1.0
CH4091,HOA HOC NANO & UNG DUNG,CH,,3,150,30,0,0,0,45,0,LECTURE,,GENERAL,1.0
CH4093,DOC CHAT HOC CN UNG DUNG,CH,,3,75,30,0,0,0,45,0,LECTURE,,GENERAL,1.0
CH4097,AN TOAN SH &AT THUC PHAM,CH,,3,150,30,0,0,0,45,0,LECTURE,,GENERAL,1.0
CH4098,AN TOAN SH &AT T/PHAM(BT,CH,,0,24,0,24,0,0,0,0,PRACTICAL,,GENERAL,1.0
CH4101,QUAN TRI C/LUONG T/PHAM,CH,,3,150,30,0,0,0,45,0,LECTURE,,GENERAL,1.0
CH4102,QUAN TRI C/L T/PHAM(BT),CH,,0,24,0,24,0,0,0,0,PRACTICAL,,GENERAL,1.0
CH4105,CONG NGHE CB SUA &DOUONG,CH,,3,65,30,0,20,0,15,0,LECTURE,,GENERAL,1.0
CH4106,C/NGHE CB SUA &DOUONG(TN,CH,,0,12,0,0,12,0,0,0,LAB,,GENERAL,1.0
CH4107,PT SAN PHAM THUCPHAM MOI,CH,,3,150,30,0,15,0,23,0,LECTURE,CH4108,GENERAL,1.0
CH4109,"CN SANXUAT DUONG,BANHKEO",CH,,3,65,30,0,20,0,15,0,LECTURE,,GENERAL,1.0
CH4110,"CN SX DUONG,BANHKEO (TN)",CH,,0,12,0,0,12,0,0,0,LAB,,GENERAL,1.0
CH4111,VAT LY THUC PHAM,CH,,3,150,30,0,0,0,45,0,LECTURE,,GENERAL,1.0
CH4112,VAT LY THUC PHAM(BT),CH,,0,24,0,24,0,0,0,0,PRACTICAL,,GENERAL,1.0
CH4113,KY THUAT BAO GOI T/PHAM,CH,,3,150,30,0,0,0,45,0,LECTURE,,GENERAL,1.0
CH4114,K/T BAO GOI T/PHAM(BT),CH,,0,24,0,24,0,0,0,0,PRACTICAL,,GENERAL,1.0
CH4115,CONG NGHE SAU THU HOACH,CH,,3,150,30,0,0,0,45,0,LECTURE,,GENERAL,1.0
CH4116,C/NGHE SAU THU HOACH(BT),CH,,0,24,0,24,0,0,0,0,PRACTICAL,,GENERAL,1.0
CH4117,C/S C/N C/HOA SINH KHOI,CH,,3,150,30,0,0,0,45,0,LECTURE,,GENERAL,1.0
CH4119,CO SO PHAT TRIEN SP HH,CH,,3,75,30,0,0,0,45,0,LECTURE,,GENERAL,1.0
CH4121,C/N SAN XUAT HOA CHAT CN,CH,,3,150,30,24,0,0,9,0,LECTURE,,GENERAL,1.0
CH4123,HOAHOC SILICATE &UNGDUNG,CH,,3,150,30,0,0,0,45,0,LECTURE,,GENERAL,1.0
CH4125,DOC CHAT HOC,CH,,3,150,30,0,0,0,45,0,LECTURE,,GENERAL,1.0
CH4127,CNCB KHI THIEN NHIEN,CH,,3,150,30,0,0,0,45,0,LECTURE,,GENERAL,1.0
CH4129,CONG NGHE LOC VA CB DAU,CH,,3,150,30,0,0,0,45,0,LECTURE,,GENERAL,1.0
CH4131,THIET BI DO LUONG & ĐK,CH,,3,150,30,0,0,0,45,0,LECTURE,,GENERAL,1.0
CH4132,THIET BI DO LUONG &ĐK(BT,CH,,0,0,20,0,20,0,0,0,LECTURE,,GENERAL,1.0
CH4133,PIN&CAC HE CHUYEN HOA NL,CH,,3,150,30,0,0,0,45,0,LECTURE,,GENERAL,1.0
CH4135,CO SO VAT LIEU BAN DAN,CH,,3,150,30,0,0,0,45,0,LECTURE,,GENERAL,1.0
CH4137,CN DAN TRUYEN THUOC DPMP,CH,,3,150,30,0,0,0,45,0,LECTURE,,GENERAL,1.0
CH4139,CONG NGHE BAO CHE VA SAN,CH,,3,150,30,0,30,0,0,0,LECTURE,CH4140,GENERAL,1.0
CH4140,CONG NGHE BAO CHE&SAN(BT,CH,,0,30,0,0,30,0,0,0,LAB,,GENERAL,1.0
CH4141,CO SO TONG HOP HOA DUOC,CH,,3,150,30,0,0,0,45,0,LECTURE,,GENERAL,1.0
CH4143,CN UNG DUNG HOP CHAT TN,CH,,3,150,30,0,0,0,45,0,LECTURE,,GENERAL,1.0
CH4145,KIEM NGHIEM DUOC PHAM,CH,,3,150,30,0,0,0,45,0,LECTURE,,GENERAL,1.0
CH4147,CS VAT LIEU&CHONG AN MON,CH,,3,150,30,0,0,0,45,0,LECTURE,,GENERAL,1.0
CH4149,QL CHAT LUONG MY PHAM,CH,,3,150,30,0,0,0,45,0,LECTURE,,GENERAL,1.0
CH4151,MY PHAM CHUC NANG,CH,,3,150,30,0,0,0,45,0,LECTURE,,GENERAL,1.0
CH4153,TK&PHAT TRIEN SP MY PHAM,CH,,3,150,30,0,0,0,45,0,LECTURE,,GENERAL,1.0
CH4155,THUC PHAM TU THUC VAT,CH,,3,150,30,0,10,0,30,0,LECTURE,CH4156,GENERAL,1.0
CH4156,THUC PHAM TU THUC VAT(BT,CH,,0,10,0,0,10,0,0,0,LAB,,GENERAL,1.0
CH4157,THUC PHAM TU DONG VAT,CH,,3,150,30,0,10,0,30,0,LECTURE,,GENERAL,1.0
CH4159,AN TOAN THUC PHAM,CH,,3,150,30,0,0,0,45,0,LECTURE,,GENERAL,1.0
CH4161,CONG NGHE GEN,CH,,3,150,30,0,30,0,0,0,LECTURE,,GENERAL,1.0
CH4163,AN TOAN SINH HOC,CH,,3,150,30,0,0,0,45,0,LECTURE,,GENERAL,1.0
CH4201,THIET KE NHA MAY THUC PH,CH,,3,75,30,0,0,0,45,0,LECTURE,,GENERAL,1.0
CH4203,THI NGHIEM CONG NGHE CHE,CH,,2,60,0,0,60,0,0,0,LAB,,GENERAL,1.0
CH4205,DO AN CONG NGHE THUC PHA,CH,,2,60,0,0,60,0,0,0,LAB,,GENERAL,1.0
CH4207,QUA TRINH VA THIET BI CO,CH,,3,69,33,0,0,0,36,0,LECTURE,,GENERAL,1.0
CH4209,QUA TRINH VA THIET BI TR,CH,,3,69,33,0,0,0,36,0,LECTURE,,GENERAL,1.0
CH4211,HOA HUU CO,CH,,3,69,33,0,0,0,36,0,LECTURE,,GENERAL,1.0
CH4213,HOA PHAN TICH,CH,,4,75,45,0,30,0,0,0,LECTURE,,GENERAL,1.0
CH4215,KY THUAT PHAN UNG SINH H,CH,,2,48,21,0,0,0,27,0,LECTURE,,GENERAL,1.0
CH4217,SINH HOC TE BAO,CH,,4,80,45,0,20,0,15,0,LECTURE,,GENERAL,1.0
CH4219,HOA SINH,CH,,4,75,45,0,30,0,0,0,LECTURE,,GENERAL,1.0
CH4221,SINH HOC PHAN TU VA DI T,CH,,4,80,45,0,20,0,15,0,LECTURE,,GENERAL,1.0
CH4223,VI SINH VAT,CH,,4,75,45,0,30,0,0,0,LECTURE,,GENERAL,1.0
CH4225,CONG NGHE? CHE? BIE?N KH,CH,,3,63,36,0,0,0,27,0,LECTURE,,GENERAL,1.0
CH4227,CONG NGHE LEN MEN VI SIN,CH,,4,75,45,0,30,0,0,0,LECTURE,,GENERAL,1.0
CH4229,CONG NGHE? LO?C VA? CHE?,CH,,3,63,36,0,0,0,27,0,LECTURE,,GENERAL,1.0
CH4231,CONG NGHE? HO?A DA?U NAN,CH,,3,75,30,0,0,0,45,0,LECTURE,,GENERAL,1.0
CH4233,CO SO CAC QUA TRINH TRUY,CH,,3,69,33,0,0,0,36,0,LECTURE,,GENERAL,1.0
CH4235,CONG NGHE CHE BIEN THUC,CH,,3,75,30,0,0,0,45,0,LECTURE,,GENERAL,1.0
CH4237,CONG NGHE SAU THU HOACH,CH,,2,48,21,0,0,0,27,0,LECTURE,,GENERAL,1.0
CH4239,QUA TRINH VA THIET BI TR,CH,,3,69,33,0,0,0,36,0,LECTURE,,GENERAL,1.0
CH5013,CAC PP P/TICH TRG CNSH,CH,,3,75,30,0,0,0,45,0,LECTURE,,GENERAL,1.0
CH5015,THIET KE P&ID TRONG CN,CH,,3,75,30,0,0,0,45,0,LECTURE,,GENERAL,1.0
CH5017,XUC TAC & QT XUC TAC CN,CH,,3,75,30,0,0,0,45,0,LECTURE,,GENERAL,1.0
CH5019,TDH CAC QT&THIET BI CNHH,CH,,3,65,30,0,20,0,15,0,LECTURE,CH5020,GENERAL,1.0
CH5020,TDH CAC QT& TB CNHH (TN),CH,,0,20,0,0,20,0,0,0,LAB,,GENERAL,1.0
CH5021,CN CHAT HOAT DONG BMTCN,CH,,3,75,30,0,0,0,45,0,LECTURE,,GENERAL,1.0
CH5023,SINH HOA DUOC,CH,,3,75,30,0,0,0,45,0,LECTURE,,GENERAL,1.0
CH5025,CS KY THUAT HOA DUOC&TN,CH,,3,60,30,0,30,0,0,0,LECTURE,CH5026,GENERAL,1.0
CH5026,CS KTHUAT HOA DUOC&TN(TN,CH,,0,30,0,0,30,0,0,0,LAB,,GENERAL,1.0
CH5027,SINH LY MIEN DICH CN&VS,CH,,3,75,30,0,0,0,45,0,LECTURE,,GENERAL,1.0
CH5029,T/K THI NGHIEM &XLSLTNKH,CH,,3,75,30,0,0,0,45,0,LECTURE,,GENERAL,1.0
CH5031,CS THIET KE NHA MAY TCN,CH,,3,75,30,0,0,0,45,0,LECTURE,,GENERAL,1.0
CH5033,KIEM TOAN NANG LUONG TCN,CH,,3,69,30,12,0,0,27,0,LECTURE,,GENERAL,1.0
CH5034,KIEM TOAN N/LUONG TCN(TH,CH,,0,12,0,12,0,0,0,0,PRACTICAL,,GENERAL,1.0
CH5035,SAN XUAT SACH HON TCN,CH,,3,75,30,0,0,0,45,0,LECTURE,,GENERAL,1.0
CH5037,NHIEN LIEU SH &NLTTTCN,CH,,3,75,30,0,0,0,45,0,LECTURE,,GENERAL,1.0
CH5039,CO SO KY THUAT BX&UDTCN,CH,,3,75,30,0,0,0,45,0,LECTURE,,GENERAL,1.0
CH5041,K/H &TTUD CC HE CT NANO,CH,,3,75,30,0,0,0,45,0,LECTURE,,GENERAL,1.0
CH5043,DOC CHAT HOC VA UD TCN,CH,,3,75,30,0,0,0,45,0,LECTURE,,GENERAL,1.0
CH5045,CONG NGHE XU LY &TCCTTCN,CH,,3,75,30,0,0,0,45,0,LECTURE,,GENERAL,1.0
CH5047,CAC PPNC CAU TRUC CUA VL,CH,,3,75,30,0,0,0,45,0,LECTURE,,GENERAL,1.0
CH5049,HOA HOC XANH TRONG CNHH,CH,,3,75,30,0,0,0,45,0,LECTURE,,GENERAL,1.0
CH5051,TOIUUHOA &V/H CAC QTCNHH,CH,,3,75,30,0,0,0,45,0,LECTURE,,GENERAL,1.0
CH5053,CN VC&TON TRU TRONG CNHH,CH,,3,75,30,0,0,0,45,0,LECTURE,,GENERAL,1.0
CH5055,CS KY THUAT POLYMER &UD,CH,,3,75,30,0,0,0,45,0,LECTURE,,GENERAL,1.0
CH5057,K/T PHAN TAN PHA & UD,CH,,3,75,30,0,0,0,45,0,LECTURE,,GENERAL,1.0
CH5059,HOA KEO UNG DUNG,CH,,3,75,30,0,0,0,45,0,LECTURE,,GENERAL,1.0
CH5061,CAC CLTT TRONG PT DT&DL,CH,,3,75,30,0,0,0,45,0,LECTURE,,GENERAL,1.0
CH5063,CO SO VL &BAO VE AMTCN,CH,,3,75,30,0,0,0,45,0,LECTURE,,GENERAL,1.0
CH5065,CAC C/NGHE TONG HOP HCHD,CH,,3,75,30,0,0,0,45,0,LECTURE,,GENERAL,1.0
CH5067,HOA SINH VA VI SINH,CH,,3,70,30,10,0,0,30,0,LECTURE,,GENERAL,1.0
CH5068,HOA SINH VA VI SINH (THL,CH,,0,10,0,10,0,0,0,0,PRACTICAL,,GENERAL,1.0
CH5069,VH & D/KHIEN QT BANG MT,CH,,3,75,30,0,0,0,45,0,LECTURE,,GENERAL,1.0
CH5071,C/N CHE BIEN KHI &CHKTL,CH,,3,75,30,0,0,0,45,0,LECTURE,,GENERAL,1.0
CH5073,C/N LOC DAU &CAC QTXT,CH,,3,75,30,0,0,0,45,0,LECTURE,,GENERAL,1.0
CH5075,THIET KE NHA MAY LOC DAU,CH,,3,75,30,0,0,0,45,0,LECTURE,,GENERAL,1.0
CH5077,CAC S/PHAM DAU KHI &TNCD,CH,,3,60,30,0,30,0,0,0,LECTURE,,GENERAL,1.0
CH5078,CAC S/P DAU KHI &TNCD(TN,CH,,0,30,0,0,30,0,0,0,LAB,,GENERAL,1.0
CH5079,NANG LUONG TAI TAO,CH,,3,75,30,0,0,0,45,0,LECTURE,,GENERAL,1.0
CH5081,TU DONG HOA TRONG NMLD,CH,,3,75,30,0,0,0,45,0,LECTURE,,GENERAL,1.0
CH5083,C/N DIEN HOA &CHCHNL,CH,,3,75,30,0,0,0,45,0,LECTURE,,GENERAL,1.0
CH5085,C/N K/SOAT ONMTBPPHL&XT,CH,,3,75,30,0,0,0,45,0,LECTURE,,GENERAL,1.0
CH5087,C/N CAC VAT LIEU CN&VLTT,CH,,3,75,30,0,0,0,45,0,LECTURE,,GENERAL,1.0
CH5089,HOA HOC CHAT RAN &CCNBM,CH,,3,75,30,0,0,0,45,0,LECTURE,,GENERAL,1.0
CH5091,K/T XU LY MAU &PTONMT,CH,,3,75,30,0,0,0,45,0,LECTURE,,GENERAL,1.0
CH5093,THI NGHIEM CD& CNKTHL&PT,CH,,3,90,0,0,90,0,0,0,LAB,,GENERAL,1.0
CH5095,CONG NGHE SX PB&HC PVNN,CH,,3,75,30,0,0,0,45,0,LECTURE,,GENERAL,1.0
CH5097,GIAN DO PHA,CH,,3,75,30,0,0,0,45,0,LECTURE,,GENERAL,1.0
CH5099,THI NGHIEM &TLCNKTHVC,CH,,3,90,0,0,90,0,0,0,LAB,,GENERAL,1.0
CH5101,C/N SXBM NANO &XTTCOKLCT,CH,,3,75,30,0,0,0,45,0,LECTURE,,GENERAL,1.0
CH5103,KY THUAT CHE BIEN K/SAN,CH,,3,75,30,0,0,0,45,0,LECTURE,,GENERAL,1.0
CH5105,C/N V/LIEU NANO TLVNL&MT,CH,,3,75,30,0,0,0,45,0,LECTURE,,GENERAL,1.0
CH5107,C/N S/PHAM MY PHAM &CSCN,CH,,3,60,30,0,30,0,0,0,LECTURE,CH5108,GENERAL,1.0
CH5108,C/N S/P MY PHAM &CSCN(TN,CH,,0,30,0,0,30,0,0,0,LAB,,GENERAL,1.0
CH5109,C/NGHE SAN PHAM TRDD&CN,CH,,3,60,30,0,30,0,0,0,LECTURE,CH5110,GENERAL,1.0
CH5110,C/NGHE S/P TRDD&CN (TN),CH,,0,30,0,0,30,0,0,0,LAB,,GENERAL,1.0
CH5111,C/N HUONG LIEU &SPNGTN,CH,,3,75,30,0,0,0,45,0,LECTURE,,GENERAL,1.0
CH5113,HOA MAU &CONG NGHE N/IN,CH,,3,75,30,0,0,0,45,0,LECTURE,,GENERAL,1.0
CH5115,C/NGHE PHANLAP &XDCTHCHC,CH,,3,75,30,0,0,0,45,0,LECTURE,,GENERAL,1.0
CH5117,C/N NANO CAC HCHC&UD,CH,,3,75,30,0,0,0,45,0,LECTURE,,GENERAL,1.0
CH5119,THIET KE MO PHONG QTCNHH,CH,,3,75,30,0,0,0,45,0,LECTURE,,GENERAL,1.0
CH5121,"TICH HOP,DONG BO &DGHTCN",CH,,3,75,30,0,0,0,45,0,LECTURE,,GENERAL,1.0
CH5123,THIET BI VA CONG NGHE CB,CH,,3,75,30,0,0,0,45,0,LECTURE,,GENERAL,1.0
CH5125,K/THUAT QUATRINH BENVUNG,CH,,3,75,30,0,0,0,45,0,LECTURE,,GENERAL,1.0
CH5127,CONG NGHE MOI TRONG CNHH,CH,,3,75,30,0,0,0,45,0,LECTURE,,GENERAL,1.0
CH5129,LO HOI - LO CONG NGHIEP,CH,,3,75,30,0,0,0,45,0,LECTURE,,GENERAL,1.0
CH5131,THI NGHIEM DIEU KHIEN QT,CH,,3,90,0,0,90,0,0,0,LAB,,GENERAL,1.0
CH5133,DONG HOC QUA TRINH VA DK,CH,,3,75,30,0,0,0,45,0,LECTURE,,GENERAL,1.0
CH5135,HETHONG DIEU KHIEN &ATNM,CH,,3,75,30,0,0,0,45,0,LECTURE,,GENERAL,1.0
CH5137,CAC PP PHAN TICH SK&UD,CH,,3,75,30,0,0,0,45,0,LECTURE,,GENERAL,1.0
CH5139,THAM DINH PP&QLCLTPT,CH,,3,75,30,0,0,0,45,0,LECTURE,,GENERAL,1.0
CH5141,KY THUAT PHAN TICH TP&DP,CH,,3,75,30,0,0,0,45,0,LECTURE,,GENERAL,1.0
CH5143,C/N D/T/THUOC TROG DP&MP,CH,,3,75,30,0,0,0,45,0,LECTURE,,GENERAL,1.0
CH5145,CAC PP XDHT CUA THUOC,CH,,3,75,30,0,0,0,45,0,LECTURE,,GENERAL,1.0
CH5147,CO SO TONG HOP HC&HD,CH,,3,75,30,0,0,0,45,0,LECTURE,,GENERAL,1.0
CH5149,HH CAY THUOC &CNNL DUOC,CH,,3,75,30,0,0,0,45,0,LECTURE,,GENERAL,1.0
CH5151,CONG NGHE BAO CHE &SXDP,CH,,3,60,30,0,30,0,0,0,LECTURE,,GENERAL,1.0
CH5152,C/NGHE BAO CHE &SXDP(TN),CH,,0,30,0,0,30,0,0,0,LAB,,GENERAL,1.0
CH5153,CONG NGHE SAN PHAM TPCN,CH,,3,75,30,0,0,0,45,0,LECTURE,,GENERAL,1.0
CH5157,KY THUAT THUC PHAM 4,CH,,3,75,30,0,0,0,45,0,LECTURE,,GENERAL,1.0
CH5158,KY THUAT THUC PHAM 4(THL,CH,,0,24,0,24,0,0,0,0,PRACTICAL,,GENERAL,1.0
CH5159,CAC TINH CHAT KT CUA TP,CH,,3,75,30,0,0,0,45,0,LECTURE,,GENERAL,1.0
CH5160,CACTINHCHAT KT CUA TP(TH,CH,,0,24,0,24,0,0,0,0,PRACTICAL,,GENERAL,1.0
CH5161,HE THONG SAU THUHOACH NS,CH,,3,75,30,0,0,0,45,0,LECTURE,,GENERAL,1.0
CH5162,H/T SAU THUHOACH NS (THL,CH,,0,24,0,24,0,0,0,0,PRACTICAL,,GENERAL,1.0
CH5163,HE THONG BAO GOI T/PHAM,CH,,3,75,30,0,0,0,45,0,LECTURE,,GENERAL,1.0
CH5164,HE THONG BAO GOI T/P(THL,CH,,0,24,0,24,0,0,0,0,PRACTICAL,,GENERAL,1.0
CH5165,DOI MOI &PHAT TRIEN SPTP,CH,,3,60,30,0,30,0,0,0,LECTURE,CH5166,GENERAL,1.0
CH5166,DOI MOI &P/TRIEN SPTP(TN,CH,,0,30,0,0,30,0,0,0,LAB,,GENERAL,1.0
CH5167,CONG NGHE LEN MEN,CH,,3,70,30,0,10,0,30,0,LECTURE,CH5168,GENERAL,1.0
CH5168,CONG NGHE LEN MEN (TN),CH,,0,10,0,0,10,0,0,0,LAB,,GENERAL,1.0
CH5169,"C/NGHE CHE BIEN TRA,CPCC",CH,,3,70,30,0,10,0,30,0,LECTURE,CH5170,GENERAL,1.0
CH5170,"C/N CHE BIEN TRA,CPCC(TN",CH,,0,10,0,0,10,0,0,0,LAB,,GENERAL,1.0
CH5171,CONG NGHE CHE BIEN THIT,CH,,3,70,30,0,10,0,30,0,LECTURE,CH5172,GENERAL,1.0
CH5172,C/N CHE BIEN THIT (TN),CH,,0,10,0,0,10,0,0,0,LAB,,GENERAL,1.0
CH5173,C/NGHE CHE BIEN THUY SAN,CH,,3,70,30,0,10,0,30,0,LECTURE,CH5174,GENERAL,1.0
CH5174,C/N CHE BIEN THUY SAN(TN,CH,,0,10,0,0,10,0,0,0,LAB,,GENERAL,1.0
CH5175,C/NGHE CHE BIEN CHAT BTP,CH,,3,70,30,0,10,0,30,0,LECTURE,CH5176,GENERAL,1.0
CH5176,C/N CHE BIEN CHAT BTP(TN,CH,,0,10,0,0,10,0,0,0,LAB,,GENERAL,1.0
CH5177,CONG NGHE CHEBIEN L/THUC,CH,,3,70,30,0,10,0,30,0,LECTURE,CH5178,GENERAL,1.0
CH5178,C/N CHEBIEN L/THUC (TN),CH,,0,10,0,0,10,0,0,0,LAB,,GENERAL,1.0
CH5179,C/NGHE CHE BIEN RAU QUA,CH,,3,70,30,0,10,0,30,0,LECTURE,CH5180,GENERAL,1.0
CH5180,C/N CHE BIEN RAU QUA(TN),CH,,0,10,0,0,10,0,0,0,LAB,,GENERAL,1.0
CH5183,CS C/NGHIEP CONG NGHE SH,CH,,3,75,30,0,0,0,45,0,LECTURE,,GENERAL,1.0
CH5185,TIN SINH HOC,CH,,3,60,30,30,0,0,0,0,LECTURE,CH5186,GENERAL,1.0
CH5186,TIN SINH HOC (THL),CH,,0,30,0,30,0,0,0,0,PRACTICAL,,GENERAL,1.0
CH5187,CONG NGHE LEN MEN H/DAI,CH,,3,70,30,10,0,0,30,0,LECTURE,,GENERAL,1.0
CH5188,CONG NGHE LEN MEN H/D(TH,CH,,0,10,0,10,0,0,0,0,PRACTICAL,,GENERAL,1.0
CH5189,Q/L CHAT LUONG SP CNSH,CH,,3,70,30,10,0,0,30,0,LECTURE,CH5190,GENERAL,1.0
CH5190,Q/L CHATLUONG SP CNSH(TH,CH,,0,10,0,10,0,0,0,0,PRACTICAL,,GENERAL,1.0
CH5191,KY THUAT HOA SINH,CH,,3,675,30,0,15,0,225,0,LECTURE,CH5192,GENERAL,1.0
CH5192,KY THUAT HOA SINH (TN),CH,,0,15,0,0,15,0,0,0,LAB,,GENERAL,1.0
CH5193,K/T CO DINH ENZYME &TB,CH,,3,675,30,0,15,0,225,0,LECTURE,,GENERAL,1.0
CH5194,K/T CO DINH ENZYME&TB(TN,CH,,0,15,0,0,15,0,0,0,LAB,,GENERAL,1.0
CH5195,KY THUAT DI TRUYEN VSV,CH,,3,63,30,24,0,0,9,0,LECTURE,CH5196,GENERAL,1.0
CH5196,K/THUAT DI TRUYEN VSV(TH,CH,,0,24,0,24,0,0,0,0,PRACTICAL,,GENERAL,1.0
CH5197,K/T SAN XUAT SKVSV&UD,CH,,3,63,30,24,0,0,9,0,LECTURE,CH5198,GENERAL,1.0
CH5198,K/T SAN XUAT SKVSV&UD(TH,CH,,0,24,0,24,0,0,0,0,PRACTICAL,,GENERAL,1.0
CH5199,KY THUAT NUOI CAY TBDV,CH,,3,70,30,10,0,0,30,0,LECTURE,,GENERAL,1.0
CH5200,KYTHUAT NUOI CAY TBDV(TH,CH,,0,10,0,10,0,0,0,0,PRACTICAL,,GENERAL,1.0
CH5201,KYTHUAT NCTBTV DE TNHCTC,CH,,3,70,30,10,0,0,30,0,LECTURE,CH5202,GENERAL,1.0
CH5202,KT NCTBTV DE TNHCTC (THL,CH,,0,10,0,10,0,0,0,0,PRACTICAL,,GENERAL,1.0
CH5203,ENZYME TRONG CONG NGHIEP,CH,,3,675,30,0,15,0,225,0,LECTURE,,GENERAL,1.0
CH5204,ENZYME TRONG C/NGHIEP(TN,CH,,0,15,0,0,15,0,0,0,LAB,,GENERAL,1.0
CH5205,CONG NGHE SX PROTEIN TTH,CH,,3,75,30,0,0,0,45,0,LECTURE,,GENERAL,1.0
CH5207,CONG NGHE SAN XUAT NLSH,CH,,3,70,30,10,0,0,30,0,LECTURE,,GENERAL,1.0
CH5208,CONGNGHE SANXUAT NLSH(TH,CH,,0,10,0,10,0,0,0,0,PRACTICAL,,GENERAL,1.0
CH5209,CONG NGHE XULY NUOC THAI,CH,,3,75,30,0,0,0,45,0,LECTURE,,GENERAL,1.0
CH5211,CONG NGHE XU LY CHAT T/R,CH,,3,75,30,0,0,0,45,0,LECTURE,,GENERAL,1.0
CH5213,CONG NGHE SINHHOC Y DUOC,CH,,3,70,30,10,0,0,30,0,LECTURE,,GENERAL,1.0
CH5214,C/NGHE SINHHOC Y DUOC(TH,CH,,0,10,0,10,0,0,0,0,PRACTICAL,,GENERAL,1.0
CH5215,CONG NGHE SINH HOC NN,CH,,3,70,30,10,0,0,30,0,LECTURE,,GENERAL,1.0
CH5216,CONG NGHE SINH HOC NN(TH,CH,,0,10,0,10,0,0,0,0,PRACTICAL,,GENERAL,1.0
CH5217,CONG NGHE SINHHOC T/PHAM,CH,,3,75,30,0,0,0,45,0,LECTURE,,GENERAL,1.0
CH5221,CNSX SP TU SUA & TUPC,CH,,3,70,30,0,10,0,30,0,LECTURE,CH5222,GENERAL,1.0
CH5222,CNSX SP TU SUA & TUPC(TN,CH,,0,10,0,0,10,0,0,0,LAB,,GENERAL,1.0
CH5223,"CN SANXUAT DUONG,BANHKEO",CH,,3,70,30,0,10,0,30,0,LECTURE,CH5224,GENERAL,1.0
CH5224,"CN SX DUONG,BANHKEO (TN)",CH,,0,10,0,0,10,0,0,0,LAB,,GENERAL,1.0
CH5225,V/L MAO QUAN - TU TNDCN,CH,,3,75,30,0,0,0,45,0,LECTURE,,GENERAL,1.0
CH5227,KT PHANUNG DUOI TDCBXNLL,CH,,3,75,30,0,0,0,45,0,LECTURE,,GENERAL,1.0
CH5229,HOAHOC BEMAT TX &CPPPTBM,CH,,3,75,30,0,0,0,45,0,LECTURE,,GENERAL,1.0
CH5231,CHE TAO &UD VAT LIEU TCN,CH,,3,75,30,0,0,0,45,0,LECTURE,,GENERAL,1.0
CH5233,VAT LIEU CARBON TIENTIEN,CH,,3,75,30,0,0,0,45,0,LECTURE,,GENERAL,1.0
CH5235,TINH TOAN MEM TRONG CNHH,CH,,3,75,30,0,0,0,45,0,LECTURE,,GENERAL,1.0
CH5237,C/NGHE HOA HOC CHO NNBV,CH,,3,75,30,0,0,0,45,0,LECTURE,,GENERAL,1.0
CH5239,QUAN LY DUOC PHAM,CH,,3,75,30,0,0,0,45,0,LECTURE,,GENERAL,1.0
CH5241,C/N SX GOM SU & VLXDKN,CH,,3,75,30,0,0,0,45,0,LECTURE,,GENERAL,1.0
CH5243,LY THUYET TRUYEN VAN,CH,,3,75,30,0,0,0,45,0,LECTURE,,GENERAL,1.0
CH5245,C/NGHE CHAT H/DONG BMTMP,CH,,3,75,30,0,0,0,45,0,LECTURE,,GENERAL,1.0
CH5247,NHAP MON VE KY THUAT MP,CH,,3,75,30,0,0,0,45,0,LECTURE,,GENERAL,1.0
CH5249,THI NGHIEM MY PHAM,CH,,3,90,0,0,90,0,0,0,LAB,,GENERAL,1.0
CH5251,MY PHAM CHUC NANG,CH,,3,75,30,0,0,0,45,0,LECTURE,,GENERAL,1.0
CH5253,NGUYEN LIEU TRONG KTMP,CH,,3,75,30,0,0,0,45,0,LECTURE,,GENERAL,1.0
CH5255,HOPCHAT TUNHIEN TRONG MP,CH,,3,75,30,0,0,0,45,0,LECTURE,,GENERAL,1.0
CH5257,KIEM SOAT CHAT LUONG MP,CH,,3,75,30,0,0,0,45,0,LECTURE,,GENERAL,1.0
CH5259,QUAN LY MY PHAM,CH,,3,75,30,0,0,0,45,0,LECTURE,,GENERAL,1.0
CH5261,C/NGHE HUONG LIEU CHO MP,CH,,3,75,30,0,0,0,45,0,LECTURE,,GENERAL,1.0
CH5263,CONG NGHE SINH HOC MT,CH,,3,75,30,0,0,0,45,0,LECTURE,,GENERAL,1.0
CH5271,DINH DUONG VA SUC KHOE,CH,,3,75,30,0,0,0,45,0,LECTURE,,GENERAL,1.0
CH5273,THUC PHAM CHUC NANG,CH,,3,75,30,0,0,0,45,0,LECTURE,,GENERAL,1.0
CH5275,CONGNGHE ENZYME &PROTEIN,CH,,3,75,30,0,0,0,45,0,LECTURE,,GENERAL,1.0
CH5277,DOC TO HOC THUC PHAM,CH,,3,75,30,0,0,0,45,0,LECTURE,,GENERAL,1.0
CH5279,CAC P/PHAP LEN MEN CN,CH,,3,75,30,0,0,0,45,0,LECTURE,,GENERAL,1.0
CH5281,KHOA HOC CAM QUAN,CH,,3,75,30,0,0,0,45,0,LECTURE,,GENERAL,1.0
CH5283,P/P SO & MO PHONG TCNTP,CH,,3,75,30,0,0,0,45,0,LECTURE,,GENERAL,1.0
CH5285,LUAT &QUAN TRI ANNINH TP,CH,,3,75,30,0,0,0,45,0,LECTURE,,GENERAL,1.0
CH5287,TRUY XUAT NGUON GOC TP,CH,,3,75,30,0,0,0,45,0,LECTURE,,GENERAL,1.0
CH5289,NHUNG CHE PHAM BS VAO TP,CH,,3,75,30,0,0,0,45,0,LECTURE,,GENERAL,1.0
CH5291,NHUNG THANH TUU VE KHTP,CH,,3,75,30,0,0,0,45,0,LECTURE,,GENERAL,1.0
CH5293,NHUNG THANH TUU VE CNTP,CH,,3,75,30,0,0,0,45,0,LECTURE,,GENERAL,1.0
CH5295,VI SINH VAT MOI TRUONG,CH,,3,75,30,0,0,0,45,0,LECTURE,,GENERAL,1.0
CH5297,LIEU PHAP GEN,CH,,3,75,30,0,0,0,45,0,LECTURE,,GENERAL,1.0
CH5299,CONG NGHE TE BAO GOC,CH,,3,75,30,0,0,0,45,0,LECTURE,,GENERAL,1.0
CH5301,SH PHAN TU TV&UD TCTCTG,CH,,3,75,30,0,0,0,45,0,LECTURE,,GENERAL,1.0
CH5303,CONG NGHE SX PHAN BON SH,CH,,3,75,30,0,0,0,45,0,LECTURE,,GENERAL,1.0
CH5309,CAC TINH CHAT KY THUAT C,CH,,3,60,30,0,30,0,0,0,LECTURE,,GENERAL,1.0
CH5311,LY THUYET TRUYEN VAN,CH,,3,75,30,0,0,0,45,0,LECTURE,,GENERAL,1.0
CH5313,HE THONG BAO GOI THUC PH,CH,,3,60,30,0,30,0,0,0,LECTURE,,GENERAL,1.0
CH5315,MO PHONG VA TOI UU HOA C,CH,,3,75,30,0,0,0,45,0,LECTURE,,GENERAL,1.0
CH5317,CO SO VAN HANH NHA MAY L,CH,,3,69,33,0,0,0,36,0,LECTURE,,GENERAL,1.0
CH5319,HE THONG NONG SAN SAU TH,CH,,3,60,30,0,30,0,0,0,LECTURE,,GENERAL,1.0
CH5321,CONG NGHE? LO?C VA? CHE?,CH,,3,75,30,0,0,0,45,0,LECTURE,,GENERAL,1.0
CH5323,THIET KE P&ID TRONG CONG,CH,,3,75,30,0,0,0,45,0,LECTURE,,GENERAL,1.0
CH5325,TU DONG HOA CAC QUA TRIN,CH,,3,75,30,0,0,0,45,0,LECTURE,,GENERAL,1.0
CH5327,SINH HOA DUOC,CH,,3,75,30,0,0,0,45,0,LECTURE,,GENERAL,1.0
CH5329,SINH LY MIEN DICH CON NG,CH,,3,75,30,0,0,0,45,0,LECTURE,,GENERAL,1.0
CH5331,HOA HOC XANH TRONG CONG,CH,,3,75,30,0,0,0,45,0,LECTURE,,GENERAL,1.0
CH5333,TOI UU HOA VA VAN HANH C,CH,,3,75,30,0,0,0,45,0,LECTURE,,GENERAL,1.0
CH5335,CONG NGHE VAN CHUYEN VA,CH,,3,75,30,0,0,0,45,0,LECTURE,,GENERAL,1.0
CH5337,CAC CONG NGHE TONG HOP H,CH,,3,75,30,0,0,0,45,0,LECTURE,,GENERAL,1.0
CH5339,CONG NGHE LOC DAU VA CAC,CH,,3,75,30,0,0,0,45,0,LECTURE,,GENERAL,1.0
CH5341,CONG NGHE KIEM SOAT O NH,CH,,3,75,30,0,0,0,45,0,LECTURE,,GENERAL,1.0
CH5343,CONG NGHE SAN XUAT PHAN,CH,,3,75,30,0,0,0,45,0,LECTURE,,GENERAL,1.0
CH5345,CONG NGHE SAN PHAM MY PH,CH,,3,75,30,0,0,0,45,0,LECTURE,,GENERAL,1.0
CH5347,CONG NGHE SAN PHAM TAY R,CH,,3,75,30,0,0,0,45,0,LECTURE,,GENERAL,1.0
CH5349,CONG NGHE HUONG LIEU VA,CH,,3,75,30,0,0,0,45,0,LECTURE,,GENERAL,1.0
CH5351,HOA MAU VA CONG NGHE NHU,CH,,3,75,30,0,0,0,45,0,LECTURE,,GENERAL,1.0
CH5353,CONG NGHE NANO CAC HOAT,CH,,3,75,30,0,0,0,45,0,LECTURE,,GENERAL,1.0
CH5355,KY THUAT QUA TRINH BEN V,CH,,3,75,30,0,0,0,45,0,LECTURE,,GENERAL,1.0
CH5357,CONG NGHE DAN TRUYEN THU,CH,,3,75,30,0,0,0,45,0,LECTURE,,GENERAL,1.0
CH5359,HOA HOC CAY THUOC VA CAC,CH,,3,75,30,0,0,0,45,0,LECTURE,,GENERAL,1.0
CH5361,DO AN CONG NGHE HOA HOC,CH,,3,75,30,0,0,0,45,0,LECTURE,,GENERAL,1.0
CH5363,THUC TAP CHUYEN NGANH KY,CH,,6,0,90,0,0,0,0,0,LECTURE,,GENERAL,1.0
CH5365,CAC TINH CHAT KY THUAT C,CH,,3,75,30,0,0,0,45,0,LECTURE,,GENERAL,1.0
CH5367,HE  THONG BAO GOI THUC P,CH,,3,75,30,0,0,0,45,0,LECTURE,,GENERAL,1.0
CH5369,HE THONG SAU THU HOACH N,CH,,3,75,30,0,0,0,45,0,LECTURE,,GENERAL,1.0
CH5371,KY THUAT THUC PHAM 4,CH,,3,75,30,0,0,0,45,0,LECTURE,,GENERAL,1.0
CH5373,CONG NGHE PHAN LAP VA TI,CH,,3,75,30,0,0,0,45,0,LECTURE,,GENERAL,1.0
CH5375,CONG NGHE CHUYEN HOA NGU,CH,,3,75,30,0,0,0,45,0,LECTURE,,GENERAL,1.0
CH5405,HE THONG DIEU KHIEN VA A,CH,,3,75,30,0,0,0,45,0,LECTURE,,GENERAL,1.0
CH5407,LUAT VA QUAN TRI AN NINH,CH,,3,75,30,0,0,0,45,0,LECTURE,,GENERAL,1.0
CH5409,THUC PHAM CHUC NANG,CH,,3,75,30,0,0,0,45,0,LECTURE,,GENERAL,1.0
CH5411,KY THUAT DI TRUYEN VI SI,CH,,3,69,33,0,0,0,36,0,LECTURE,,GENERAL,1.0
CH5413,TIN SINH HOC,CH,,3,66,33,0,6,0,27,0,LECTURE,,GENERAL,1.0
CH5415,CONG NGHE LEN MEN HIEN D,CH,,3,69,33,0,0,0,36,0,LECTURE,,GENERAL,1.0
CH5417,CONG NGHIEP CONG NGHE SI,CH,,3,69,33,0,0,0,36,0,LECTURE,,GENERAL,1.0
CH5419,CAC PHUONG PHAP PHAN TIC,CH,,3,69,33,0,0,0,36,0,LECTURE,,GENERAL,1.0
CH5421,NHIET DONG KY THUAT HOA,CH,,3,69,33,0,0,0,36,0,LECTURE,,GENERAL,1.0
CH5423,LY THUYET TRUYEN VAN,CH,,3,69,33,0,0,0,36,0,LECTURE,,GENERAL,1.0
CH5425,HOA HUU CO NANG CAO,CH,,3,69,33,0,0,0,36,0,LECTURE,,GENERAL,1.0
CH5427,CONG NGHE DIEN HOA VA CA,CH,,3,75,30,0,0,0,45,0,LECTURE,,GENERAL,1.0
CH5429,DONG HOC PHAN UNG XUC TA,CH,,3,69,33,0,0,0,36,0,LECTURE,,GENERAL,1.0
CH5431,VI SINH THUC PHAM,CH,,3,69,33,0,0,0,36,0,LECTURE,,GENERAL,1.0
CH5433,HOA SINH THUC PHAM,CH,,3,69,33,0,0,0,36,0,LECTURE,,GENERAL,1.0
CH5435,CAC CONG NGHE TIEN TIEN,CH,,3,75,30,0,0,0,45,0,LECTURE,,GENERAL,1.0
CH5437,THUC HANH CAC CONG NGHE,CH,,3,150,30,0,0,0,45,0,LECTURE,,GENERAL,1.0
CH5439,XU LY SO LIEU DA CHIEU,CH,,3,60,30,15,15,0,0,0,LECTURE,,GENERAL,1.0
CH5441,CO SO VAN HANH NHA MAY L,CH,,3,69,33,0,0,0,36,0,LECTURE,,GENERAL,1.0
CH5443,MO PHONG VA TOI UU HOA C,CH,,3,69,33,0,0,0,36,0,LECTURE,,GENERAL,1.0
CH5445,CAC PHUONG PHAP PHAN TIC,CH,,3,75,30,0,0,0,45,0,LECTURE,,GENERAL,1.0
CH5447,VAT LIEU MAO QUAN TIEN T,CH,,3,69,33,0,0,0,36,0,LECTURE,,GENERAL,1.0
CH5449,CONG NGHE CAC HOP CHAT N,CH,,3,69,33,0,0,0,36,0,LECTURE,,GENERAL,1.0
CH5451,HOA HOC CAC HE DAN TRUYE,CH,,3,69,33,0,0,0,36,0,LECTURE,,GENERAL,1.0
CH5453,HOA HOC CAC HOP CHAT TU,CH,,3,69,33,0,0,0,36,0,LECTURE,,GENERAL,1.0
CH5455,NHUNG TIEN BO TRONG HOA,CH,,3,69,33,0,0,0,36,0,LECTURE,,GENERAL,1.0
CH5457,HOA HOC VAT LIEU NANO,CH,,3,69,33,0,0,0,36,0,LECTURE,,GENERAL,1.0
CH5459,XUC TAC NANO,CH,,3,69,33,0,0,0,36,0,LECTURE,,GENERAL,1.0
CH5461,DIEN HOA CHAT RAN VA PIN,CH,,3,69,33,0,0,0,36,0,LECTURE,,GENERAL,1.0
CH5463,KY THUAT SAC KY TRONG PH,CH,,3,69,33,0,0,0,36,0,LECTURE,,GENERAL,1.0
CH5465,KY THUAT PHAN TICH CAC C,CH,,3,69,33,0,0,0,36,0,LECTURE,,GENERAL,1.0
CH5467,CAC VAN DE KY THUAT - KI,CH,,3,69,33,0,0,0,36,0,LECTURE,,GENERAL,1.0
CH5469,AN TOAN VA KY THUAT XU L,CH,,3,69,33,0,0,0,36,0,LECTURE,,GENERAL,1.0
CH5471,TIET KIEM NANG LUONG TRO,CH,,3,69,33,0,0,0,36,0,LECTURE,,GENERAL,1.0
CH5473,PHU GIA CHO CAC SAN PHAM,CH,,3,69,33,0,0,0,36,0,LECTURE,,GENERAL,1.0
CH5475,THIET KE VA TU DONG HOA,CH,,3,69,33,0,0,0,36,0,LECTURE,,GENERAL,1.0
CH5477,MOT SO PHUONG PHAP PHAN,CH,,3,75,30,0,0,0,45,0,LECTURE,,GENERAL,1.0
CH5479,CAC PHUONG PHAP LEN MEN,CH,,3,75,30,0,0,0,45,0,LECTURE,,GENERAL,1.0
CH5481,CONG NGHE PROTEIN VA ENZ,CH,,3,75,30,0,0,0,45,0,LECTURE,,GENERAL,1.0
CH5483,TRUY XUAT NGUON GOC THUC,CH,,3,75,30,0,0,0,45,0,LECTURE,,GENERAL,1.0
CH5485,DOC TO HOC THUC PHAM,CH,,3,75,30,0,0,0,45,0,LECTURE,,GENERAL,1.0
CH5487,PHUONG PHAP XAY DUNG VA,CH,,3,69,33,0,0,0,36,0,LECTURE,,GENERAL,1.0
CH5489,CONG NGHE VAT LIEU NANO,CH,,3,69,33,0,0,0,36,0,LECTURE,,GENERAL,1.0
CH5491,"TINH TOAN, MO PHONG CAC",CH,,3,69,33,0,0,0,36,0,LECTURE,,GENERAL,1.0
CH5493,CONG NGHE VAT LIEU CACBO,CH,,3,69,33,0,0,0,36,0,LECTURE,,GENERAL,1.0
CH5495,OXYT KIM LOAI CHUYEN TIE,CH,,3,69,33,0,0,0,36,0,LECTURE,,GENERAL,1.0
CH5497,CONG NGHE BOT VA HAT,CH,,3,69,33,0,0,0,36,0,LECTURE,,GENERAL,1.0
CH5499,CONG NGHE TAI TAO NGUYEN,CH,,3,69,33,0,0,0,36,0,LECTURE,,GENERAL,1.0
CH5501,KY THUAT PHAN UNG NANG C,CH,,3,69,33,0,0,0,36,0,LECTURE,,GENERAL,1.0
CH5503,CAC QUA TRINH TRUYEN VAN,CH,,3,69,33,0,0,0,36,0,LECTURE,,GENERAL,1.0
CH5505,DINH DUONG VA SUC KHOE,CH,,3,75,30,0,0,0,45,0,LECTURE,,GENERAL,1.0
CH5507,PHUONG PHAP SO VA MO PHO,CH,,3,75,30,0,0,0,45,0,LECTURE,,GENERAL,1.0
CH5509,KHOA HOC CAM QUAN,CH,,3,150,30,0,0,0,45,0,LECTURE,,GENERAL,1.0
CH5511,CONG NGHE MANG,CH,,3,45,45,0,0,0,0,0,LECTURE,,GENERAL,1.0
CH5513,CONG NGHE CHE BIEN KHI,CH,,3,63,36,0,0,0,27,0,LECTURE,,GENERAL,1.0
CH5515,NANG LUO?NG TA?I TA?O,CH,,3,75,30,0,0,0,45,0,LECTURE,,GENERAL,1.0
CH5517,AN MON TRONG CONG NGHIE,CH,,3,75,30,0,0,0,45,0,LECTURE,,GENERAL,1.0
CH5519,THIE?T KE? CA?C THIE?T B,CH,,3,69,33,0,0,0,36,0,LECTURE,,GENERAL,1.0
CH5521,KY THUAT VI NHAN GIONG T,CH,,3,69,33,0,0,0,36,0,LECTURE,,GENERAL,1.0
CH5523,ENZYME TRONG CONG NGHIEP,CH,,3,69,33,0,0,0,36,0,LECTURE,,GENERAL,1.0
CH5525,QUAN LY CHAT LUONG SAN P,CH,,3,69,33,0,0,0,36,0,LECTURE,,GENERAL,1.0
CH5527,CONG NGHE SINH HOC THUC,CH,,3,69,33,0,0,0,36,0,LECTURE,,GENERAL,1.0
CH5529,NANG LUONG SINH KHOI,CH,,3,69,33,0,0,0,36,0,LECTURE,,GENERAL,1.0
CH5531,CONG NGHE SINH HOC Y DUO,CH,,3,69,33,0,0,0,36,0,LECTURE,,GENERAL,1.0
CH5533,CONG NGHE SINH HOC MOI T,CH,,3,69,33,0,0,0,36,0,LECTURE,,GENERAL,1.0
CH5535,CONG NGHE SINH HOC NONG,CH,,3,69,33,0,0,0,36,0,LECTURE,,GENERAL,1.0
CH5537,KY THUAT NUOI CAY TE BAO,CH,,3,69,33,0,0,0,36,0,LECTURE,,GENERAL,1.0
CH5595,CONG NGHE ENZYME VA PROT,CH,,3,75,30,0,0,0,45,0,LECTURE,,GENERAL,1.0
CH5601,THIET KE P&ID TRONG CONG,CH,,3,75,30,0,0,0,45,0,LECTURE,,GENERAL,1.0
CH5603,CONG NGHE CHAT HOAT DONG,CH,,3,75,30,0,0,0,45,0,LECTURE,,GENERAL,1.0
CH5605,TU DONG HOA QUA TRINH HO,CH,,3,75,30,0,0,0,45,0,LECTURE,,GENERAL,1.0
CH5607,XUC TAC VA QUA TRINH XUC,CH,,3,75,30,0,0,0,45,0,LECTURE,,GENERAL,1.0
CH5609,CONG NGHE TONG HOP HUU C,CH,,3,75,30,0,0,0,45,0,LECTURE,,GENERAL,1.0
CH5611,NHIEN LIEU SINH HOC VA N,CH,,3,75,30,0,0,0,45,0,LECTURE,,GENERAL,1.0
CH5613,CO SO KY THUAT POLYMER V,CH,,3,75,30,0,0,0,45,0,LECTURE,,GENERAL,1.0
CH5615,TOI UU HOA VA VAN HANH,CH,,3,75,30,0,0,0,45,0,LECTURE,,GENERAL,1.0
CH5617,CONG NGHE? VA?N CHUYE?N,CH,,3,75,30,0,0,0,45,0,LECTURE,,GENERAL,1.0
CH5619,HOA SINH VA VI SINH,CH,,3,70,30,0,10,0,30,0,LECTURE,,GENERAL,1.0
CH5621,THIET KE THI NGHIEM VA X,CH,,3,75,30,0,0,0,45,0,LECTURE,,GENERAL,1.0
CH5623,VAT LIEU MAO QUAN - TU T,CH,,3,75,30,0,0,0,45,0,LECTURE,,GENERAL,1.0
CH5625,DOC CHAT HOC VA UNG DUNG,CH,,3,75,30,0,0,0,45,0,LECTURE,,GENERAL,1.0
CH5627,HOA HOC XANH TRONG CONG,CH,,3,75,30,0,0,0,45,0,LECTURE,,GENERAL,1.0
CH5629,CONG NGHE PHAN LAP VA XA,CH,,3,75,30,0,0,0,45,0,LECTURE,,GENERAL,1.0
CH5631,CO SO TONG HOP HUU CO VA,CH,,3,75,30,0,0,0,45,0,LECTURE,,GENERAL,1.0
CH5633,KHOA HOC VA THUC TIEN UN,CH,,3,75,30,0,0,0,45,0,LECTURE,,GENERAL,1.0
CH5635,CAC CHIEN LUOC THUC TIEN,CH,,3,75,30,0,0,0,45,0,LECTURE,,GENERAL,1.0
CH5637,KY THUAT PHAN UNG DUOI T,CH,,3,75,30,0,0,0,45,0,LECTURE,,GENERAL,1.0
CH5639,HOA HOC BE MAT TIEP XUC,CH,,3,75,30,0,0,0,45,0,LECTURE,,GENERAL,1.0
CH5641,CHE TAO VA UNG DUNG VAT,CH,,3,75,30,0,0,0,45,0,LECTURE,,GENERAL,1.0
CH5643,VAT LIEU CARBON TIEN TIE,CH,,3,75,30,0,0,0,45,0,LECTURE,,GENERAL,1.0
CH5645,TINH TOAN MEM TRONG CONG,CH,,3,75,30,0,0,0,45,0,LECTURE,,GENERAL,1.0
CH5647,CAC PHUONG PHAP NGHIEN C,CH,,3,75,30,0,0,0,45,0,LECTURE,,GENERAL,1.0
CH5649,CONG NGHE VAT LIEU NANO,CH,,3,75,30,0,0,0,45,0,LECTURE,,GENERAL,1.0
CH5651,KIEM TOAN NANG LUONG TRO,CH,,3,75,30,0,0,0,45,0,LECTURE,,GENERAL,1.0
CH5653,SAN XUAT SACH HON TRONG,CH,,3,75,30,0,0,0,45,0,LECTURE,,GENERAL,1.0
CH5655,CONG NGHE XU LY VA TAI C,CH,,3,75,30,0,0,0,45,0,LECTURE,,GENERAL,1.0
CH5657,KY THUAT PHAN TAN PHA VA,CH,,3,75,30,0,0,0,45,0,LECTURE,,GENERAL,1.0
CH5659,VAN HANH VA DIEU KHIEN Q,CH,,3,75,30,0,0,0,45,0,LECTURE,,GENERAL,1.0
CH5661,CAC PHUONG PHAP PHAN TIC,CH,,3,75,30,0,0,0,45,0,LECTURE,,GENERAL,1.0
CH5663,CO SO CONG NGHIEP CONG N,CH,,3,75,30,0,0,0,45,0,LECTURE,,GENERAL,1.0
CH5665,THIET KE THI NGHIEM VA X,CH,,3,60,30,30,0,0,0,0,LECTURE,,GENERAL,1.0
CH5667,TIN SINH HOC,CH,,3,60,30,0,30,0,0,0,LECTURE,,GENERAL,1.0
CH5669,KY THUAT NUOI CAY TE BAO,CH,,3,69,33,0,0,0,36,0,LECTURE,,GENERAL,1.0
CH5671,SAN XUAT CONG NGHIEP CAC,CH,,3,66,30,0,18,0,18,0,LECTURE,,GENERAL,1.0
CH5681,CONG NGHE CAC VAT LIEU C,CH,,3,75,30,0,0,0,45,0,LECTURE,,GENERAL,1.0
CH5683,HOA HOC VA HOA SINH THUC,CH,,3,75,30,0,0,0,45,0,LECTURE,,GENERAL,1.0
CH5685,VI SINH THUC PHAM NANG C,CH,,3,75,30,0,0,0,45,0,LECTURE,,GENERAL,1.0
CH5687,CAC CONG NGHE TIEN TIEN,CH,,3,75,30,0,0,0,45,0,LECTURE,,GENERAL,1.0
CH5689,DONG HOC QUA TRINH VA DI,CH,,3,75,30,0,0,0,45,0,LECTURE,,GENERAL,1.0
CH5691,THUC HANH CAC CONG NGHE,CH,,3,105,0,0,60,0,45,0,LAB,,GENERAL,1.0
CH5693,THUC HANH CAC CONG NGHE,CH,,3,105,0,0,60,0,45,0,LAB,,GENERAL,1.0
CH5695,DONG HOC QUA TRINH VA DI,CH,,3,75,30,0,0,0,45,0,LECTURE,,GENERAL,1.0
CH5697,THIET BI VA CONG NGHE CH,CH,,3,75,30,0,0,0,45,0,LECTURE,,GENERAL,1.0
CH5699,HOA HUU CO NANG CAO,CH,,3,75,30,0,0,0,45,0,LECTURE,,GENERAL,1.0
CH5701,"TICH HOP, DONG BO VA DAN",CH,,3,75,30,0,0,0,45,0,LECTURE,,GENERAL,1.0
CH5703,NHIET DONG KY THUAT HOA,CH,,3,75,30,0,0,0,45,0,LECTURE,,GENERAL,1.0
CH5705,CO SO KY THUAT HOA DUOC,CH,,3,60,30,0,30,0,0,0,LECTURE,,GENERAL,1.0
CH5707,CAC PHUONG PHAP PHAN TIC,CH,,3,75,30,0,0,0,45,0,LECTURE,,GENERAL,1.0
CH5709,CO SO KY THUAT HOA DUOC,CH,,3,60,30,0,30,0,0,0,LECTURE,,GENERAL,1.0
CH5711,CAC PHUONG PHAP PHAN TIC,CH,,3,75,30,0,0,0,45,0,LECTURE,,GENERAL,1.0
CH5713,KY THUAT CO DINH ENZYME,CH,,3,69,33,0,0,0,36,0,LECTURE,,GENERAL,1.0
CH5715,KY THUAT SAN XUAT SINH K,CH,,3,69,33,0,0,0,36,0,LECTURE,,GENERAL,1.0
CH5717,CONG NGHE SAN XUAT PROTE,CH,,3,69,33,0,0,0,36,0,LECTURE,,GENERAL,1.0
CH5719,CONG NGHE LEN MEN HIEN D,CH,,3,69,33,0,0,0,36,0,LECTURE,,GENERAL,1.0
CH5721,CONG NGHIEP CONG NGHE SI,CH,,3,69,33,0,0,0,36,0,LECTURE,,GENERAL,1.0
CH5723,KY THUAT DI TRUYEN VI SI,CH,,3,69,33,0,0,0,36,0,LECTURE,,GENERAL,1.0
CH5725,CONG NGHE SAN XUAT PROTE,CH,,3,69,33,0,0,0,36,0,LECTURE,,GENERAL,1.0
CH5727,KY THUAT SAN XUAT SINH K,CH,,3,69,33,0,0,0,36,0,LECTURE,,GENERAL,1.0
CH5729,KY THUAT CO DINH ENZYME,CH,,3,69,33,0,0,0,36,0,LECTURE,,GENERAL,1.0
CH5731,CONG NGHE SINH HOC NONG,CH,,3,69,33,0,0,0,36,0,LECTURE,,GENERAL,1.0
CH5733,CONG NGHE SINH HOC MOI T,CH,,3,69,33,0,0,0,36,0,LECTURE,,GENERAL,1.0
CH5735,CONG NGHE SINH HOC Y DUO,CH,,3,69,33,0,0,0,36,0,LECTURE,,GENERAL,1.0
CH5737,NANG LUONG SINH KHOI,CH,,3,69,33,0,0,0,36,0,LECTURE,,GENERAL,1.0
CH5739,CONG NGHE SINH HOC THUC,CH,,3,69,33,0,0,0,36,0,LECTURE,,GENERAL,1.0
CH5741,QUAN LY CHAT LUONG SAN P,CH,,3,69,33,0,0,0,36,0,LECTURE,,GENERAL,1.0
CH5743,ENZYME TRONG CONG NGHIEP,CH,,3,69,33,0,0,0,36,0,LECTURE,,GENERAL,1.0
CH5745,NHUNG TIEN BO VE CHE PHA,CH,,3,75,30,0,0,0,45,0,LECTURE,,GENERAL,1.0
CH5747,DOI MOI VA PHAT TRIEN SA,CH,,3,60,30,0,30,0,0,0,LECTURE,,GENERAL,1.0
CH5749,CONG NGHE SAN XUAT SAN P,CH,,3,150,30,0,0,0,45,0,LECTURE,,GENERAL,1.0
CH5751,CONG NGHE LEN MEN,CH,,3,70,30,0,10,0,30,0,LECTURE,,GENERAL,1.0
CH5753,CONG NGHE SAN XUAT DUONG,CH,,3,70,30,0,10,0,30,0,LECTURE,,GENERAL,1.0
CH5755,"CONG NGHE CHE BIEN TRA,",CH,,3,70,30,0,10,0,30,0,LECTURE,,GENERAL,1.0
CH5757,CONG NGHE CHE BIEN THIT,CH,,3,70,30,0,10,0,30,0,LECTURE,,GENERAL,1.0
CH5759,CONG NGHE CHE BIEN THUY,CH,,3,70,30,0,10,0,30,0,LECTURE,,GENERAL,1.0
CH5761,CONG NGHE CHE BIEN CHAT,CH,,3,70,30,0,10,0,30,0,LECTURE,,GENERAL,1.0
CH5763,CONG NGHE CHE BIEN LUONG,CH,,3,70,30,0,10,0,30,0,LECTURE,,GENERAL,1.0
CH5765,CONG NGHE CHE BIEN RAU Q,CH,,3,70,30,0,10,0,30,0,LECTURE,,GENERAL,1.0
CH5767,TRUY XUAT NGUON GOC THUC,CH,,3,75,30,0,0,0,45,0,LECTURE,,GENERAL,1.0
CH5803,CONG NGHE CHE BIEN KHI,CH,,3,63,36,0,0,0,27,0,LECTURE,,GENERAL,1.0
CH5805,AN MON TRONG CONG NGHIE,CH,,3,75,30,0,0,0,45,0,LECTURE,,GENERAL,1.0
CH7001,NHIET DONG HOC KY THUAT,CH,,3,60,45,0,0,0,15,0,LECTURE,,GENERAL,1.0
CH7003,LY THUYET CAC QUA TRINH,CH,,3,60,45,0,0,0,15,0,LECTURE,,GENERAL,1.0
CH7005,HOA HUU CO NANG CAO,CH,,3,60,45,0,0,0,15,0,LECTURE,,GENERAL,1.0
CH7007,MO HINH HOA VA MO PHONG,CH,,3,60,45,0,0,0,15,0,LECTURE,,GENERAL,1.0
CH7009,VAT LIEU NANO VO CO VA C,CH,,2,45,30,0,0,0,15,0,LECTURE,,GENERAL,1.0
CH7011,CONG NGHE XU LY CHAT THA,CH,,2,45,30,0,0,0,15,0,LECTURE,,GENERAL,1.0
CH7013,GIAN DO PHA,CH,,2,45,30,0,0,0,15,0,LECTURE,,GENERAL,1.0
CH7015,HOA HOC CAC HOP CHAT THI,CH,,2,45,30,0,0,0,15,0,LECTURE,,GENERAL,1.0
CH7017,NHUNG TIEN BO TRONG HOA,CH,,2,45,30,0,0,0,15,0,LECTURE,,GENERAL,1.0
CH7019,TONG HOP HUU CO HOA DUOC,CH,,2,45,30,0,0,0,15,0,LECTURE,,GENERAL,1.0
CH7021,HOP CHAT CO KIM LOAI,CH,,2,45,30,0,0,0,15,0,LECTURE,,GENERAL,1.0
CH7023,CAC PHUONG PHAP XAC DINH,CH,,2,45,30,0,0,0,15,0,LECTURE,,GENERAL,1.0
CH7025,HOA BUC XA,CH,,2,45,30,0,0,0,15,0,LECTURE,,GENERAL,1.0
CH7027,CONG NGHE XUC TAC AXIT-B,CH,,2,45,30,0,0,0,15,0,LECTURE,,GENERAL,1.0
CH7029,TONG HOP CAC CHAT BANG P,CH,,2,45,30,0,0,0,15,0,LECTURE,,GENERAL,1.0
CH7031,KY THUAT XU LY MOI TRUON,CH,,2,45,30,0,0,0,15,0,LECTURE,,GENERAL,1.0
CH7033,PHAN TICH CAC CHAT O NHI,CH,,2,45,30,0,0,0,15,0,LECTURE,,GENERAL,1.0
CH7035,UNG DUNG SAC KY TRONG PH,CH,,2,45,30,0,0,0,15,0,LECTURE,,GENERAL,1.0
CH7037,KY THUAT PHAN UNG NANG C,CH,,2,45,30,0,0,0,15,0,LECTURE,,GENERAL,1.0
CH7039,CONG NGHE MANG,CH,,2,45,30,0,0,0,15,0,LECTURE,,GENERAL,1.0
CH7041,CONG NGHE TAI TAO NGUYEN,CH,,2,45,30,0,0,0,15,0,LECTURE,,GENERAL,1.0
CH7043,CAC NGUON NANG LUONG THA,CH,,2,45,30,0,0,0,15,0,LECTURE,,GENERAL,1.0
CH7045,CAC QUA TRINH CHUYEN HOA,CH,,2,45,30,0,0,0,15,0,LECTURE,,GENERAL,1.0
CH7047,CAC KY THUAT HIEN DAI TR,CH,,2,45,15,0,0,0,30,0,LECTURE,,GENERAL,1.0
CH7049,QUAN TRI CHAT LUONG & LU,CH,,3,60,30,0,0,0,30,0,LECTURE,,GENERAL,1.0
CH7051,KY THUAT LEN MEN,CH,,2,45,15,0,0,0,30,0,LECTURE,,GENERAL,1.0
CH7053,THANH TUU CONG NGHE LEN,CH,,2,45,15,0,0,0,30,0,LECTURE,,GENERAL,1.0
CH7055,CONG NGHE PROTEIN VA ENZ,CH,,2,45,15,0,0,0,30,0,LECTURE,,GENERAL,1.0
CH7057,THUC PHAM CHUC NANG,CH,,2,45,15,0,0,0,30,0,LECTURE,,GENERAL,1.0
CH7059,DINH DUONG NANG CAO,CH,,2,45,15,0,0,0,30,0,LECTURE,,GENERAL,1.0
CH7061,CO SO PHAN TU CUA CAM GI,CH,,2,45,15,0,0,0,30,0,LECTURE,,GENERAL,1.0
CH7063,NGUOI TIEU DUNG VA THI H,CH,,2,45,15,0,0,0,30,0,LECTURE,,GENERAL,1.0
CH7065,PHAT TRIEN SAN PHAM THUC,CH,,2,45,15,0,0,0,30,0,LECTURE,,GENERAL,1.0
CH7067,MOT SO PHUONG PHAP PHAN,CH,,2,45,15,0,0,0,30,0,LECTURE,,GENERAL,1.0
CH7069,PHUONG PHAP SO VA MO PHO,CH,,3,60,30,0,0,0,30,0,LECTURE,,GENERAL,1.0
CH7071,TINH CHAT KY THUAT CUA T,CH,,2,45,15,0,0,0,30,0,LECTURE,,GENERAL,1.0
CH7073,SINH HOC PHAN TU VA DI T,CH,,2,45,15,0,0,0,30,0,LECTURE,,GENERAL,1.0
CH7075,CONG NGHE LEN MEN,CH,,2,45,15,0,0,0,30,0,LECTURE,,GENERAL,1.0
CH7077,CONG NGHE TE BAO,CH,,2,45,15,0,0,0,30,0,LECTURE,,GENERAL,1.0
CH7079,KY THUAT PHAN UNG SINH H,CH,,3,60,30,0,0,0,30,0,LECTURE,,GENERAL,1.0
CH7081,CONG NGHE LEN MEN HIEN D,CH,,3,60,30,0,0,0,30,0,LECTURE,,GENERAL,1.0
CH7083,CONG NGHIEP CONG NGHE SI,CH,,3,60,30,0,0,0,30,0,LECTURE,,GENERAL,1.0
CH7085,KY THUAT DI TRUYEN VI SI,CH,,3,60,30,0,0,0,30,0,LECTURE,,GENERAL,1.0
CH7087,TIN SINH HOC,CH,,3,60,30,0,0,0,30,0,LECTURE,,GENERAL,1.0
CH7089,CONG NGHE PROTEIN TAI TO,CH,,3,60,30,0,0,0,30,0,LECTURE,,GENERAL,1.0
CH7091,KY THUAT NUOI CAY TE BAO,CH,,3,60,30,0,0,0,30,0,LECTURE,,GENERAL,1.0
CH7093,KY THUAT CO DINH ENZYME,CH,,3,60,30,0,0,0,30,0,LECTURE,,GENERAL,1.0
CH7095,CAC PHUONG PHAP PHAN TIC,CH,,3,60,45,0,0,0,15,0,LECTURE,,GENERAL,1.0
CH7097,CHIEN LUOC TONG HOP HUU,CH,,2,45,30,0,0,0,15,0,LECTURE,,GENERAL,1.0
CH7099,CONG NGHE HOP CHAT NANO,CH,,2,45,30,0,0,0,15,0,LECTURE,,GENERAL,1.0
CH7101,HOA HOC CAC HE DAN TRUYE,CH,,2,45,30,0,0,0,15,0,LECTURE,,GENERAL,1.0
CH7103,HOA HOC NANO,CH,,2,45,30,0,0,0,15,0,LECTURE,,GENERAL,1.0
CH7105,DIEN HOA CHAT RAN,CH,,2,45,30,0,0,0,15,0,LECTURE,,GENERAL,1.0
CH7107,XUC TAC DI THE,CH,,2,45,30,0,0,0,15,0,LECTURE,,GENERAL,1.0
CH7109,HOA HOC VA HOA SINH THUC,CH,,3,75,30,0,0,0,45,0,LECTURE,,GENERAL,1.0
CH7111,VI SINH THUC PHAM NANG C,CH,,3,30,30,0,0,0,0,0,LECTURE,,GENERAL,1.0
CH7113,CAC CONG NGHE TIEN TIEN,CH,,3,75,30,0,0,0,45,0,LECTURE,,GENERAL,1.0
CH7115,DONG HOC PHAN UNG XUC TA,CH,,3,69,33,0,0,0,36,0,LECTURE,,GENERAL,1.0
CH7117,LUAT VA QUAN TRI AN NINH,CH,,3,75,30,0,0,0,45,0,LECTURE,,GENERAL,1.0
CH7119,AN TOAN VA KY THUAT XU L,CH,,3,69,33,0,0,0,36,0,LECTURE,,GENERAL,1.0
CH7121,PHU GIA CHO CAC SAN PHAM,CH,,3,69,33,0,0,0,36,0,LECTURE,,GENERAL,1.0
CH7123,THUC PHAM CHUC NANG,CH,,3,75,30,0,0,0,45,0,LECTURE,,GENERAL,1.0
CH7125,MOT SO PHUONG PHAP PHAN,CH,,3,75,30,0,0,0,45,0,LECTURE,,GENERAL,1.0
CH7127,CAC PHUONG PHAP LEN MEN,CH,,3,75,30,0,0,0,45,0,LECTURE,,GENERAL,1.0
CH7129,DOC TO HOC THUC PHAM,CH,,3,75,30,0,0,0,45,0,LECTURE,,GENERAL,1.0
CH7131,DINH DUONG VA SUC KHOE,CH,,3,30,30,0,0,0,0,0,LECTURE,,GENERAL,1.0
CH7133,KHOA HOC CAM QUAN,CH,,3,60,30,0,30,0,0,0,LECTURE,,GENERAL,1.0
CH7135,CONG NGHE? CHE? BIE?N KH,CH,,3,63,36,0,0,0,27,0,LECTURE,,GENERAL,1.0
CH7137,AN MO?N TRONG CONG NGHIE,CH,,3,75,30,0,0,0,45,0,LECTURE,,GENERAL,1.0
CH7139,CONG NGHIEP CONG NGHE SI,CH,,3,69,33,0,0,0,36,0,LECTURE,,GENERAL,1.0
CH7141,KY THUAT DI TRUYEN VI SI,CH,,3,69,33,0,0,0,36,0,LECTURE,,GENERAL,1.0
CH7143,NHUNG TIEN BO VE CHE PHA,CH,,3,75,30,0,0,0,45,0,LECTURE,,GENERAL,1.0
CH7145,DOI MOI VA PHAT TRIEN SA,CH,,3,60,30,0,30,0,0,0,LECTURE,,GENERAL,1.0
CH7147,TRUY XUAT NGUON GOC THUC,CH,,3,75,30,0,0,0,45,0,LECTURE,,GENERAL,1.0
CH7149,CONG NGHE ENZYME VA PROT,CH,,3,75,30,0,0,0,45,0,LECTURE,,GENERAL,1.0
CH7151,THIET KE P&ID TRONG CONG,CH,,3,75,30,0,0,0,45,0,LECTURE,,GENERAL,1.0
CH7153,XUC TAC VA QUA TRINH XUC,CH,,3,75,30,0,0,0,45,0,LECTURE,,GENERAL,1.0
CH7155,CONG NGHE TONG HOP HUU C,CH,,3,75,30,0,0,0,45,0,LECTURE,,GENERAL,1.0
CH7157,NHIEN LIEU SINH HOC VA N,CH,,3,75,30,0,0,0,45,0,LECTURE,,GENERAL,1.0
CH7159,CO SO KY THUAT POLYMER V,CH,,3,75,30,0,0,0,45,0,LECTURE,,GENERAL,1.0
CH7161,TO?I UU HO?A VA? VA?N HA,CH,,3,75,30,0,0,0,45,0,LECTURE,,GENERAL,1.0
CH7163,CONG NGHE? VA?N CHUYE?N,CH,,3,75,30,0,0,0,45,0,LECTURE,,GENERAL,1.0
CH7165,CAC PHUONG PHAP PHAN TIC,CH,,3,75,30,0,0,0,45,0,LECTURE,,GENERAL,1.0
CH7167,CO SO CONG NGHIEP CONG N,CH,,3,75,30,0,0,0,45,0,LECTURE,,GENERAL,1.0
CH7169,THIET KE THI NGHIEM VA X,CH,,3,60,30,30,0,0,0,0,LECTURE,,GENERAL,1.0
CH7171,TIN SINH HOC,CH,,3,60,30,0,30,0,0,0,LECTURE,,GENERAL,1.0
CH7173,SAN XUAT CONG NGHIEP CAC,CH,,3,66,30,0,18,0,18,0,LECTURE,,GENERAL,1.0
CI0001,BO TUC KIEN THUC KHOI XD,CI,,4,60,60,0,0,0,0,0,LECTURE,,GENERAL,1.0
CI1001,NHAP MON VE KY THUAT,CI,,3,150,30,0,0,0,45,0,LECTURE,,GENERAL,1.0
CI1003,VE KY THUAT,CI,,3,150,30,10,20,0,0,0,LECTURE,CI1004,GENERAL,1.0
CI1004,"VE KY THUAT (THL,TN)",CI,,0,30,0,0,20,0,0,0,LAB,,GENERAL,1.0
CI1007,TRAC DIA DAI CUONG,CI,,3,150,30,0,30,0,0,0,LECTURE,CI1008,GENERAL,1.0
CI1008,TRAC DIA DAI CUONG (TT),CI,,0,30,0,0,30,0,0,0,LAB,,GENERAL,1.0
CI1009,NHAP MON KIEN TRUC,CI,,2,42,24,0,0,0,18,0,LECTURE,,GENERAL,1.0
CI1011,HINH HOC HOA HINH,CI,,2,42,24,0,0,0,18,0,LECTURE,,GENERAL,1.0
CI1013,THIET KE COSO KIENTRUC 1,CI,,3,75,30,0,0,0,45,0,LECTURE,,GENERAL,1.0
CI1015,THIET KE COSO KIENTRUC 2,CI,,2,42,24,0,0,0,18,0,LECTURE,,GENERAL,1.0
CI1017,KY THUAT KIEN TRUC 1,CI,,3,60,30,30,0,0,0,0,LECTURE,,GENERAL,1.0
CI1019,VE BONG & PHOI CANH,CI,,2,42,24,0,0,0,18,0,LECTURE,,GENERAL,1.0
CI1021,NGUYEN LY THIET KE KTDD,CI,,3,75,30,0,0,0,45,0,LECTURE,,GENERAL,1.0
CI1023,NGHE THUAT TAO HINH,CI,,2,42,24,0,0,0,18,0,LECTURE,,GENERAL,1.0
CI1025,TIN HOC CHUYEN NGANH 3D,CI,,2,42,24,0,0,0,18,0,LECTURE,,GENERAL,1.0
CI1027,NHAP MON VE KY THUAT,CI,,3,60,30,30,0,0,0,0,LECTURE,,GENERAL,1.0
CI1029,BOCUC TAOHINH KIENTRUC 1,CI,,3,60,30,30,0,0,0,0,LECTURE,,GENERAL,1.0
CI1033,VE KY THUAT XAY DUNG,CI,,3,150,30,10,20,0,0,0,LECTURE,CI1034,GENERAL,1.0
CI1034,"VE KY THUAT X/D(THL,TN)",CI,,0,20,0,0,20,0,0,0,LAB,,GENERAL,1.0
CI1035,LAP TRINH UD TRONG TRDIA,CI,,3,60,30,0,30,0,0,0,LECTURE,,GENERAL,1.0
CI1036,LAP TRINH UD TRONG TD(TN,CI,,0,30,0,0,30,0,0,0,LAB,,GENERAL,1.0
CI1037,NHAP MON VE KY THUAT,CI,,3,60,30,30,0,0,0,0,LECTURE,,GENERAL,1.0
CI1039,KY HOA KIEN TRUC,CI,,2,42,24,0,0,0,18,0,LECTURE,,GENERAL,1.0
CI1041,LICH SU KTRUC PHUONG TAY,CI,,2,42,24,0,0,0,18,0,LECTURE,,GENERAL,1.0
CI1043,DIA CHAT CONG TRINH,CI,,2,42,24,0,0,0,18,0,LECTURE,,GENERAL,1.0
CI1045,NG/LY KINHTE &QUAN LY XD,CI,,3,75,30,0,0,0,45,0,LECTURE,,GENERAL,1.0
CI1047,LUAT VA KINH TE XAY DUNG,CI,,3,75,30,0,0,0,45,0,LECTURE,,GENERAL,1.0
CI1049,KIEN TRUC,CI,,3,75,30,0,0,0,45,0,LECTURE,,GENERAL,1.0
CI1051,HUHONG SUACHUA CONGTRINH,CI,,3,75,30,0,0,0,45,0,LECTURE,,GENERAL,1.0
CI1053,QUAN LY DU AN XAY DUNG,CI,,3,75,30,0,0,0,45,0,LECTURE,,GENERAL,1.0
CI1055,T/KE KIENTRUC CONGNGHIEP,CI,,6,165,45,0,30,0,90,0,LECTURE,CI1056,GENERAL,1.0
CI1056,T/KE KIENTRUCC/NGHIEP(BT,CI,,0,30,0,0,30,0,0,0,LAB,,GENERAL,1.0
CI1061,L/SU KTR PHUONG DONG &VN,CI,,2,42,24,0,0,0,18,0,LECTURE,,GENERAL,1.0
CI1063,MY HOC,CI,,2,42,24,0,0,0,18,0,LECTURE,,GENERAL,1.0
CI1065,NHAP MON KIEN TRUC,CI,,3,150,30,0,0,0,45,0,LECTURE,,GENERAL,1.0
CI1067,VE KY THUAT KIEN TRUC,CI,,3,150,30,0,0,0,45,0,LECTURE,,GENERAL,1.0
CI1068,VE KY THUAT KIEN TRUC(BT,CI,,0,24,0,24,0,0,0,0,PRACTICAL,,GENERAL,1.0
CI1069,KHOA HOC TRAI DAT,CI,,4,200,45,0,0,0,45,0,LECTURE,,GENERAL,1.0
CI1070,KHOA HOC TRAI DAT (BT),CI,,0,24,0,24,0,0,0,0,PRACTICAL,,GENERAL,1.0
CI1073,KY HOA KIEN TRUC CO BAN,CI,,3,45,45,0,0,0,0,0,LECTURE,,GENERAL,1.0
CI1075,KY HOA KIEN TRUC NANGCAO,CI,,3,45,45,0,0,0,0,0,LECTURE,,GENERAL,1.0
CI1077,NGUYEN LY KINH TE HOC,CI,,3,150,30,12,0,0,27,0,LECTURE,CI1078,GENERAL,1.0
CI1078,NGUYEN LY KINH TE HOC(BT,CI,,0,12,0,12,0,0,0,0,PRACTICAL,,GENERAL,1.0
CI2001,SUC BEN VAT LIEU,CI,,3,150,30,0,20,0,15,0,LECTURE,CI2002,GENERAL,1.0
CI2002,SUC BEN VAT LIEU (TN),CI,,0,20,0,0,20,0,0,0,LAB,,GENERAL,1.0
CI2003,CO LUU CHAT,CI,,3,150,30,0,20,0,15,0,LECTURE,CI2004,GENERAL,1.0
CI2004,CO LUU CHAT (TN),CI,,0,20,0,0,20,0,0,0,LAB,,GENERAL,1.0
CI2005,CO LUU CHAT,CI,,2,42,24,0,0,0,18,0,LECTURE,,GENERAL,1.0
CI2007,SUC BEN VAT LIEU,CI,,4,200,45,0,20,0,15,0,LECTURE,CI2008,GENERAL,1.0
CI2008,SUC BEN VAT LIEU (TN),CI,,0,20,0,0,20,0,0,0,LAB,,GENERAL,1.0
CI2009,SUC BEN VAT LIEU,CI,,2,42,24,0,0,0,18,0,LECTURE,,GENERAL,1.0
CI2011,BAN DO HOC 1,CI,,3,60,30,30,0,0,0,0,LECTURE,,GENERAL,1.0
CI2013,BO CUC TAO HINH KTRUC 2,CI,,1,21,12,0,0,0,9,0,LECTURE,,GENERAL,1.0
CI2019,LYTHUYET SSO & XLY SL DO,CI,,3,60,30,30,0,0,0,0,LECTURE,CI2020,GENERAL,1.0
CI2020,LYTHUYET SSO &XLSL DO(TH,CI,,0,30,0,30,0,0,0,0,PRACTICAL,,GENERAL,1.0
CI2021,NGLY KIENTRUC CONGNGHIEP,CI,,3,75,30,0,0,0,45,0,LECTURE,,GENERAL,1.0
CI2023,THIET KE KTRUC CONGCONG1,CI,,2,42,24,0,0,0,18,0,LECTURE,,GENERAL,1.0
CI2025,THIET KE KTRUC CONGCONG2,CI,,2,42,24,0,0,0,18,0,LECTURE,,GENERAL,1.0
CI2027,THIETKE KYTHUAT KIENTRUC,CI,,2,42,24,0,0,0,18,0,LECTURE,,GENERAL,1.0
CI2029,CO HOC KET CAU,CI,,4,90,45,0,0,0,45,0,LECTURE,,GENERAL,1.0
CI2031,VE BAN DO,CI,,3,60,30,30,0,0,0,0,LECTURE,,GENERAL,1.0
CI2033,THIETBI & ANTOAN LAODONG,CI,,3,75,30,0,0,0,45,0,LECTURE,,GENERAL,1.0
CI2035,TIN HOC TRONG TRAC DIA,CI,,3,60,30,30,0,0,0,0,LECTURE,,GENERAL,1.0
CI2037,VAT LIEU XAY DUNG,CI,,3,150,30,0,15,0,23,0,LECTURE,CI2038,GENERAL,1.0
CI2038,VAT LIEU XAY DUNG (TN),CI,,0,15,0,0,15,0,0,0,LAB,,GENERAL,1.0
CI2039,KET CAU BETONG COT THEP1,CI,,3,75,30,0,0,0,45,0,LECTURE,,GENERAL,1.0
CI2041,QUYHOACH &Q/LY KT HATANG,CI,,3,60,30,30,0,0,0,0,LECTURE,,GENERAL,1.0
CI2043,DO VE DIA HINH,CI,,3,60,30,0,30,0,0,0,LECTURE,CI2044,GENERAL,1.0
CI2044,DO VE DIA HINH (TN),CI,,0,30,0,0,30,0,0,0,LAB,,GENERAL,1.0
CI2045,HE THONG THONGTIN DIA LY,CI,,3,150,30,0,30,0,0,0,LECTURE,CI2046,GENERAL,1.0
CI2046,HE THONG T/TIN DIALY(TN),CI,,0,30,0,0,30,0,0,0,LAB,,GENERAL,1.0
CI2047,UNG DUNG GIS,CI,,3,60,30,0,30,0,0,0,LECTURE,CI2048,GENERAL,1.0
CI2048,UNG DUNG GIS (TN),CI,,0,30,0,0,30,0,0,0,LAB,,GENERAL,1.0
CI2049,THONG KE KHONG GIAN,CI,,3,60,30,0,30,0,0,0,LECTURE,CI2050,GENERAL,1.0
CI2050,THONG KE KHONG GIAN (TN),CI,,0,30,0,0,30,0,0,0,LAB,,GENERAL,1.0
CI2069,THIETKE K/TRUC CONGCONG3,CI,,6,210,30,0,0,0,180,0,LECTURE,,GENERAL,1.0
CI2071,KY THUAT KIEN TRUC 2,CI,,3,75,30,0,0,0,45,0,LECTURE,,GENERAL,1.0
CI2073,CO DIEN CONG TRINH,CI,,3,60,30,30,0,0,0,0,LECTURE,,GENERAL,1.0
CI2075,CHUYEN DE 1,CI,,2,42,24,0,0,0,18,0,LECTURE,,GENERAL,1.0
CI2077,KIEN TRUC SINH KHI HAU,CI,,3,75,30,0,0,0,45,0,LECTURE,,GENERAL,1.0
CI2079,CO HOC KET CAU,CI,,2,42,24,0,0,0,18,0,LECTURE,,GENERAL,1.0
CI2085,CHUYEN DE TU CHON 2,CI,,2,42,24,0,0,0,18,0,LECTURE,,GENERAL,1.0
CI2087,DAICUONG TH/KE MOITRUONG,CI,,2,42,24,0,0,0,18,0,LECTURE,,GENERAL,1.0
CI2089,DAICUONG KTHUAT M/TRUONG,CI,,2,42,24,0,0,0,18,0,LECTURE,,GENERAL,1.0
CI2091,KET CAU BETONG COT THEP1,CI,,2,42,24,0,0,0,18,0,LECTURE,,GENERAL,1.0
CI2095,DIA CHAT CONG TRINH,CI,,3,150,30,0,30,0,0,0,LECTURE,CI2096,GENERAL,1.0
CI2096,DIA CHAT CONG TRINH (TN),CI,,0,30,0,0,30,0,0,0,LAB,,GENERAL,1.0
CI2097,N/LY THIETKE K/TRUC CTDD,CI,,4,200,45,0,0,45,45,0,LECTURE,,GENERAL,1.0
CI2098,N/LY THIETKE K/TRUC CTDD,CI,,0,24,0,24,0,0,0,0,PRACTICAL,,GENERAL,1.0
CI2099,L/SU KIEN TRUC VA DINHCU,CI,,3,150,30,0,0,0,45,0,LECTURE,,GENERAL,1.0
CI2100,L/SU KIEN TRUC VA DINHCU,CI,,0,24,0,24,0,0,0,0,PRACTICAL,,GENERAL,1.0
CI2103,N/L T/KE K/TRUC CT NHA O,CI,,3,150,30,0,0,0,45,0,LECTURE,,GENERAL,1.0
CI2104,N/L T/KE K/TRUC CT NHA O,CI,,0,24,0,24,0,0,0,0,PRACTICAL,,GENERAL,1.0
CI2105,T/KE KT KIEN TRUC CTDD,CI,,3,150,30,0,0,0,45,0,LECTURE,,GENERAL,1.0
CI2106,T/KE KT KIEN TRUC CTDDBT,CI,,0,12,0,12,0,0,0,0,PRACTICAL,,GENERAL,1.0
CI2107,T/KE K/TRUC 1- CT C/CONG,CI,,3,150,30,0,0,0,45,0,LECTURE,,GENERAL,1.0
CI2111,BO CUC TAO HINH TRONG KT,CI,,3,150,30,0,0,0,45,0,LECTURE,,GENERAL,1.0
CI2113,KYTHUAT CONGTRINH D/DUNG,CI,,3,150,30,0,0,0,45,0,LECTURE,,GENERAL,1.0
CI2115,N/LY QUY HOACH &TK DOTHI,CI,,3,150,30,24,0,0,9,0,LECTURE,CI2116,GENERAL,1.0
CI2116,NL QUY HOACH&TK DOTHI(BT,CI,,0,24,0,24,0,0,0,0,PRACTICAL,,GENERAL,1.0
CI2117,DO AN KIENTRUC CANH QUAN,CI,,2,42,24,0,0,0,18,0,LECTURE,,GENERAL,1.0
CI2121,KETCAU C/TRINH XD - MTRG,CI,,3,150,30,0,0,0,45,0,LECTURE,,GENERAL,1.0
CI2123,PT DIA DIEM& KIEN TAO NC,CI,,3,150,30,0,0,0,45,0,LECTURE,,GENERAL,1.0
CI2125,T/KE I- CT CONG CONG,CI,,3,75,30,0,0,0,45,0,LECTURE,,GENERAL,1.0
CI2127,HOA HOC NUOC TRONG KTMT,CI,,3,150,30,0,20,0,15,0,LECTURE,CI2128,GENERAL,1.0
CI2128,HOA HOC NUOC TRONG KTMT,CI,,0,20,0,0,20,0,0,0,LAB,,GENERAL,1.0
CI2129,CAC QT XU LY TRONG KTMT,CI,,3,150,30,0,0,0,45,0,LECTURE,,GENERAL,1.0
CI2131,TN MOI TRUONG NUOC DOTHI,CI,,1,50,0,0,30,0,0,0,LAB,,GENERAL,1.0
CI2133,KET CAU THEP,CI,,3,150,30,0,0,0,45,0,LECTURE,,GENERAL,1.0
CI2135,CO KET CAU,CI,,3,150,30,12,0,0,27,0,LECTURE,CI2136,GENERAL,1.0
CI2136,CO KET CAU (THL),CI,,0,12,0,12,0,0,0,0,PRACTICAL,,GENERAL,1.0
CI2137,CO HOC DAT,CI,,3,150,30,14,0,0,24,0,LECTURE,CI2138,GENERAL,1.0
CI2138,CO HOC DAT (THL),CI,,0,14,0,14,0,0,0,0,PRACTICAL,,GENERAL,1.0
CI2139,KET CAU BE TONG COT THEP,CI,,3,150,30,0,0,0,45,0,LECTURE,,GENERAL,1.0
CI2141,BAN DO HOC,CI,,3,150,30,0,0,0,45,0,LECTURE,,GENERAL,1.0
CI2143,VIEN THAM,CI,,3,150,30,0,30,0,0,0,LECTURE,CI2144,GENERAL,1.0
CI2144,VIEN THAM (TN),CI,,0,30,0,0,30,0,0,0,LAB,,GENERAL,1.0
CI2145,NEN MONG,CI,,4,200,45,0,0,0,45,0,LECTURE,,GENERAL,1.0
CI2147,THI NGHIEM CONG TRINH,CI,,1,50,0,0,30,0,0,0,LAB,,GENERAL,1.0
CI2149,THI NGHIEM VAT LIEU CTGT,CI,,1,50,0,0,30,0,0,0,LAB,,GENERAL,1.0
CI2151,KINH TE XAY DUNG,CI,,3,150,30,0,0,45,0,0,LECTURE,,GENERAL,1.0
CI2153,THUY LUC &THUY VAN DOTHI,CI,,4,200,45,0,20,0,15,0,LECTURE,CI2154,GENERAL,1.0
CI2154,THUY LUC &THUY VAN DT(TN,CI,,0,20,0,0,20,0,0,0,LAB,,GENERAL,1.0
CI2155,THINGHIEM VATLY KIENTRUC,CI,,1,50,0,0,30,0,0,0,LAB,,GENERAL,1.0
CI2157,NHAP MON BIM TRONG XD,CI,,3,150,30,0,0,0,45,0,LECTURE,,GENERAL,1.0
CI2158,NHAP MON BIM TRG XD (TH),CI,,0,30,0,0,20,0,0,0,LAB,,GENERAL,1.0
CI2159,BAN VE XAY DUNG VA DO HO,CI,,3,150,30,0,0,0,45,0,LECTURE,,GENERAL,1.0
CI2161,KINH TE KY THUAT,CI,,3,150,30,12,0,0,27,0,LECTURE,CI2162,GENERAL,1.0
CI2163,PHAN TICH SU LAM VIEC CO,CI,,3,150,30,12,0,0,27,0,LECTURE,CI2164,GENERAL,1.0
CI2164,PHAN TICH SU LAM VIEC,CI,,0,12,0,12,0,0,0,0,PRACTICAL,,GENERAL,1.0
CI3001,CO HOC DAT,CI,,4,75,45,0,30,0,0,0,LECTURE,CI3002,GENERAL,1.0
CI3002,CO HOC DAT (TN),CI,,0,30,0,0,30,0,0,0,LAB,,GENERAL,1.0
CI3003,TRAC LUONG ANH,CI,,3,150,30,0,20,0,15,0,LECTURE,CI3004,GENERAL,1.0
CI3004,TRAC LUONG ANH (TN),CI,,0,20,0,0,20,0,0,0,LAB,,GENERAL,1.0
CI3005,VIEN THAM,CI,,3,60,30,0,30,0,0,0,LECTURE,CI3006,GENERAL,1.0
CI3006,VIEN THAM (TN),CI,,0,30,0,0,30,0,0,0,LAB,,GENERAL,1.0
CI3007,KETCAU BETONG COT THEP 2,CI,,3,75,30,0,0,0,45,0,LECTURE,,GENERAL,1.0
CI3009,KET CAU THEP 1,CI,,2,42,24,0,0,0,18,0,LECTURE,,GENERAL,1.0
CI3011,THUY LUC VA THUY VAN CD,CI,,3,60,30,30,0,0,0,0,LECTURE,CI3012,GENERAL,1.0
CI3012,THUY LUC &THUY VAN CD(TH,CI,,0,30,0,30,0,0,0,0,PRACTICAL,,GENERAL,1.0
CI3013,THUY VAN DO THI,CI,,3,150,30,0,20,0,15,0,LECTURE,CI3014,GENERAL,1.0
CI3014,THUY VAN DO THI (TN),CI,,0,20,0,0,20,0,0,0,LAB,,GENERAL,1.0
CI3015,DIA CHINH DAI CUONG,CI,,3,75,30,0,0,0,45,0,LECTURE,,GENERAL,1.0
CI3017,CAP THOAT NUOC DO THI,CI,,3,75,30,0,0,0,45,0,LECTURE,,GENERAL,1.0
CI3019,G/THIEU KHOA HOC G/THONG,CI,,3,60,30,30,0,0,0,0,LECTURE,,GENERAL,1.0
CI3021,QUY HOACH CANG,CI,,3,150,30,12,0,0,27,0,LECTURE,CI3022,GENERAL,1.0
CI3022,QUY HOACH CANG(BT),CI,,0,12,0,12,0,0,0,0,PRACTICAL,,GENERAL,1.0
CI3023,T/KE COSO HATANG KYTHUAT,CI,,3,75,30,0,0,0,45,0,LECTURE,,GENERAL,1.0
CI3025,THUY VAN CONG TRINH,CI,,3,150,30,0,20,0,15,0,LECTURE,CI3026,GENERAL,1.0
CI3026,THUY VAN CONG TRINH (TN),CI,,0,20,0,0,20,0,0,0,LAB,,GENERAL,1.0
CI3027,TRAC DIA CAO CAP 1,CI,,3,75,30,0,0,0,45,0,LECTURE,,GENERAL,1.0
CI3029,VAT LIEU HOC,CI,,3,60,30,30,0,0,0,0,LECTURE,,GENERAL,1.0
CI3031,CONG NGHE GOM XAY DUNG,CI,,3,75,30,0,0,0,45,0,LECTURE,,GENERAL,1.0
CI3033,GIAO THONG DO THI,CI,,3,69,30,12,0,0,27,0,LECTURE,CI3034,GENERAL,1.0
CI3034,GIAO THONG DO THI(BT),CI,,0,12,0,12,0,0,0,0,PRACTICAL,,GENERAL,1.0
CI3035,GIAOTIEP KYTHUAT TRONGTD,CI,,3,75,30,0,0,0,45,0,LECTURE,,GENERAL,1.0
CI3037,NEN MONG,CI,,3,75,30,0,0,0,45,0,LECTURE,,GENERAL,1.0
CI3039,THIET KE CAU 1,CI,,4,78,45,24,0,0,9,0,LECTURE,CI3040,GENERAL,1.0
CI3040,THIET KE CAU 1 (THL),CI,,0,24,0,24,0,0,0,0,PRACTICAL,,GENERAL,1.0
CI3041,BAN DO HOC 2,CI,,3,60,30,30,0,0,0,0,LECTURE,,GENERAL,1.0
CI3043,KY THUAT THI CONG,CI,,3,150,30,0,0,0,45,0,LECTURE,,GENERAL,1.0
CI3044,KY THUAT THI CONG(BT),CI,,0,12,0,12,0,0,0,0,PRACTICAL,,GENERAL,1.0
CI3045,KY THUAT XU LY NUOC CAP,CI,,2,42,24,0,0,0,18,0,LECTURE,,GENERAL,1.0
CI3047,THUY CONG 1,CI,,3,75,30,0,0,0,45,0,LECTURE,,GENERAL,1.0
CI3049,THUY LUC - HAI VAN,CI,,3,69,30,12,0,0,27,0,LECTURE,,GENERAL,1.0
CI3050,THUY LUC - HAI VAN (THL),CI,,0,12,0,12,0,0,0,0,PRACTICAL,,GENERAL,1.0
CI3051,TOAN TRONG GIAO THONG VT,CI,,3,60,30,30,0,0,0,0,LECTURE,,GENERAL,1.0
CI3053,CONG TRINH CANG,CI,,3,75,30,0,0,0,45,0,LECTURE,,GENERAL,1.0
CI3055,CAP THOAT NUOC TRONG CT,CI,,3,75,30,0,0,0,45,0,LECTURE,,GENERAL,1.0
CI3057,KY THUAT BE TONG,CI,,3,150,30,0,20,0,15,0,LECTURE,CI3058,GENERAL,1.0
CI3058,KY THUAT BE TONG (TN),CI,,0,20,0,0,20,0,0,0,LAB,,GENERAL,1.0
CI3059,MAY BOM VA TRAM BOM,CI,,3,75,30,0,0,0,45,0,LECTURE,,GENERAL,1.0
CI3061,PHUONG PHAP PHAN TU HH,CI,,3,150,30,12,0,0,27,0,LECTURE,CI3062,GENERAL,1.0
CI3062,P/PHAP PHAN TU HH (THL),CI,,0,12,0,12,0,0,0,0,PRACTICAL,,GENERAL,1.0
CI3063,THIET KE DUONG 1,CI,,4,78,45,24,0,0,9,0,LECTURE,CI3064,GENERAL,1.0
CI3064,THIET KE DUONG 1 (THL),CI,,0,24,0,24,0,0,0,0,PRACTICAL,,GENERAL,1.0
CI3065,DO VE DIA CHINH,CI,,3,60,30,0,30,0,0,0,LECTURE,CI3066,GENERAL,1.0
CI3066,DO VE DIA CHINH (TN),CI,,0,30,0,0,30,0,0,0,LAB,,GENERAL,1.0
CI3067,HE THONG DINHVI TOAN CAU,CI,,3,150,30,0,30,0,0,0,LECTURE,CI3068,GENERAL,1.0
CI3068,HT DINHVI TOAN CAU (TN),CI,,0,30,0,0,30,0,0,0,LAB,,GENERAL,1.0
CI3069,KET CAU THEP 2,CI,,3,75,30,0,0,0,45,0,LECTURE,,GENERAL,1.0
CI3071,"PHUONG PHAP SO,THUD &GIS",CI,,4,78,45,24,0,0,9,0,LECTURE,,GENERAL,1.0
CI3073,THI CONG CONG TRINH CANG,CI,,3,75,30,0,0,0,45,0,LECTURE,,GENERAL,1.0
CI3075,XAY DUNG &KHAI THAC DUOG,CI,,3,75,30,0,0,0,45,0,LECTURE,,GENERAL,1.0
CI3077,MOHINHHOA CHATLUONG NUOC,CI,,2,42,24,0,0,0,18,0,LECTURE,,GENERAL,1.0
CI3079,T/NGHIEM CHUYENNGANHVLXD,CI,,1,30,0,0,30,0,0,0,LAB,,GENERAL,1.0
CI3081,THUY LUC,CI,,2,42,24,0,0,0,18,0,LECTURE,,GENERAL,1.0
CI3083,MANG LUOI DIEN VA TTLL,CI,,2,42,24,0,0,0,18,0,LECTURE,,GENERAL,1.0
CI3085,GIS,CI,,2,42,24,0,0,0,18,0,LECTURE,,GENERAL,1.0
CI3086,GIS (TN),CI,,0,30,0,0,30,0,0,0,LAB,,GENERAL,1.0
CI3087,HA TANG NGAM,CI,,2,42,24,0,0,0,18,0,LECTURE,,GENERAL,1.0
CI3089,LUOI TRAC DIA,CI,,3,63,30,24,0,0,9,0,LECTURE,CI3090,GENERAL,1.0
CI3090,LUOI TRAC DIA(BT),CI,,0,24,0,24,0,0,0,0,PRACTICAL,,GENERAL,1.0
CI3093,C/NGHE SX CAUKIEN BTCTDS,CI,,3,75,30,0,0,0,45,0,LECTURE,,GENERAL,1.0
CI3095,CAP THOAT NUOC,CI,,2,42,24,0,0,0,18,0,LECTURE,,GENERAL,1.0
CI3097,THUC TAP LUOI TRAC DIA,CI,,1,30,0,0,30,0,0,0,LAB,,GENERAL,1.0
CI3099,KY THUAT SX CHAT KD VOCO,CI,,3,69,30,12,0,0,27,0,LECTURE,CI3100,GENERAL,1.0
CI3100,K/T SX CHAT KD VOCO(THL),CI,,0,12,0,12,0,0,0,0,PRACTICAL,,GENERAL,1.0
CI3101,THUY NANG - THUY DIEN,CI,,3,75,30,0,0,0,45,0,LECTURE,,GENERAL,1.0
CI3105,THUC TAP TRACDIA C/TRINH,CI,,1,30,0,0,30,0,0,0,LAB,,GENERAL,1.0
CI3107,VIEN THAM UNG DUNG,CI,,3,75,30,0,0,0,45,0,LECTURE,,GENERAL,1.0
CI3109,AN MON &CHONG ANMON BTCT,CI,,3,69,30,12,0,0,27,0,LECTURE,CI3110,GENERAL,1.0
CI3110,ANMON &CHONG A/M BTCT(BT,CI,,0,12,0,12,0,0,0,0,PRACTICAL,,GENERAL,1.0
CI3111,DANH GIA TACDONG M/TRUOG,CI,,3,75,30,0,0,0,45,0,LECTURE,,GENERAL,1.0
CI3113,CHINH TRI SONG,CI,,3,75,30,0,0,0,45,0,LECTURE,,GENERAL,1.0
CI3115,KET CAU BETONG COT THEP3,CI,,3,75,30,0,0,0,45,0,LECTURE,,GENERAL,1.0
CI3116,K/C BETONG COT THEP3(THL,CI,,0,12,0,12,0,0,0,0,PRACTICAL,,GENERAL,1.0
CI3119,CAP THOAT NUOC A,CI,,3,75,30,0,0,0,45,0,LECTURE,,GENERAL,1.0
CI3121,NHA NHIEU TANG,CI,,3,75,30,0,0,0,45,0,LECTURE,,GENERAL,1.0
CI3122,NHA NHIEU TANG (THL),CI,,0,12,0,12,0,0,0,0,PRACTICAL,,GENERAL,1.0
CI3123,K/CAU BETONG U/SUATTRUOC,CI,,3,75,30,0,0,0,45,0,LECTURE,,GENERAL,1.0
CI3124,K/CAU B/T U/SUATTRUOC(BT,CI,,0,12,0,12,0,0,0,0,PRACTICAL,,GENERAL,1.0
CI3125,KY THUAT XL CHAT THAIRAN,CI,,2,42,24,0,0,0,18,0,LECTURE,,GENERAL,1.0
CI3127,TAC DONG CUA CT DEN MT,CI,,3,75,30,0,0,0,45,0,LECTURE,,GENERAL,1.0
CI3129,TIEP CAN TAI LIEU KTCN,CI,,2,42,24,0,0,0,18,0,LECTURE,,GENERAL,1.0
CI3131,THONG GIO,CI,,3,65,30,0,20,0,15,0,LECTURE,CI3132,GENERAL,1.0
CI3132,THONG GIO (tn),CI,,0,20,0,0,20,0,0,0,LAB,,GENERAL,1.0
CI3135,KETCAU C/TRINH XD - MTRG,CI,,4,90,45,0,0,0,45,0,LECTURE,,GENERAL,1.0
CI3137,Q/LY HE THONG CAP & TNDT,CI,,2,42,24,0,0,0,18,0,LECTURE,,GENERAL,1.0
CI3141,NG/LY T/KE K/TRUC NHA O,CI,,3,75,30,0,0,0,45,0,LECTURE,,GENERAL,1.0
CI3143,QUANG HOC - AM HOC,CI,,3,75,30,0,0,0,45,0,LECTURE,,GENERAL,1.0
CI3145,THIET KE KIEN TRUC NHA O,CI,,6,165,45,0,30,0,90,0,LECTURE,CI3146,GENERAL,1.0
CI3146,TH/KE KIEN TRUC NHA O(BT,CI,,0,0,30,0,30,0,0,0,LECTURE,,GENERAL,1.0
CI3147,QUY HOACH DOTHI BEN VUNG,CI,,3,75,30,0,0,0,45,0,LECTURE,,GENERAL,1.0
CI3148,Q/HOACH DOTHI B/VUNG (BT,CI,,0,24,0,24,0,0,0,0,PRACTICAL,,GENERAL,1.0
CI3149,THIET KE CANH QUAN,CI,,2,42,24,0,0,0,18,0,LECTURE,,GENERAL,1.0
CI3151,THINGHIEM VATLY KIENTRUC,CI,,1,30,0,0,30,0,0,0,LAB,,GENERAL,1.0
CI3155,CH/DE 3:BAO TON DISAN DT,CI,,2,42,24,0,0,0,18,0,LECTURE,,GENERAL,1.0
CI3157,THIET KE NOI THAT,CI,,2,42,24,0,0,0,18,0,LECTURE,,GENERAL,1.0
CI3159,P/A TOIUU HOA TRONG QHGT,CI,,3,45,45,0,0,0,0,0,LECTURE,,GENERAL,1.0
CI3161,MAY THUY LUC - MAY NEN,CI,,2,42,24,0,0,0,18,0,LECTURE,,GENERAL,1.0
CI3163,PHANTICH THIETKE KET CAU,CI,,3,150,30,0,0,0,45,0,LECTURE,,GENERAL,1.0
CI3164,P/T THIETKE KET CAU(THL),CI,,0,12,0,12,0,0,0,0,PRACTICAL,,GENERAL,1.0
CI3165,PHUONG PHAP SO VA TH UD,CI,,4,78,45,24,0,0,9,0,LECTURE,,GENERAL,1.0
CI3167,CONGTRINH CAP THOAT NUOC,CI,,3,75,30,0,0,0,45,0,LECTURE,,GENERAL,1.0
CI3168,C/TR CAP THOAT NUOC (BT),CI,,0,24,0,24,0,0,0,0,PRACTICAL,,GENERAL,1.0
CI3169,TIN HOC TRONG QUAN LY XD,CI,,3,75,30,0,0,0,45,0,LECTURE,,GENERAL,1.0
CI3171,CO HOC MOI TRUONG ROI,CI,,3,150,30,14,0,0,24,0,LECTURE,CI3172,GENERAL,1.0
CI3172,CO HOC MOI TRUONG ROI(TH,CI,,0,14,0,14,0,0,0,0,PRACTICAL,,GENERAL,1.0
CI3173,MOI TRUONG &KIEN TRUC BV,CI,,2,42,24,0,0,0,18,0,LECTURE,,GENERAL,1.0
CI3175,KET CAU BETONG COT THEP2,CI,,2,42,24,0,0,0,18,0,LECTURE,,GENERAL,1.0
CI3179,CAP THOAT NUOC DO THI,CI,,2,42,24,0,0,0,18,0,LECTURE,,GENERAL,1.0
CI3183,QUY HOACH CANG,CI,,2,42,24,0,0,0,18,0,LECTURE,,GENERAL,1.0
CI3187,THIET KE COSO HA TANG KT,CI,,2,42,24,0,0,0,18,0,LECTURE,,GENERAL,1.0
CI3191,CONG NGHE GOM XAY DUNG,CI,,2,42,24,0,0,0,18,0,LECTURE,,GENERAL,1.0
CI3195,NEN MONG,CI,,2,42,24,0,0,0,18,0,LECTURE,,GENERAL,1.0
CI3199,THUY CONG 1,CI,,2,42,24,0,0,0,18,0,LECTURE,,GENERAL,1.0
CI3203,CONG TRINH CANG,CI,,2,42,24,0,0,0,18,0,LECTURE,,GENERAL,1.0
CI3207,CAP THOAT NUOC TRONG CT,CI,,2,42,24,0,0,0,18,0,LECTURE,,GENERAL,1.0
CI3211,KET CAU THEP 2,CI,,2,42,24,0,0,0,18,0,LECTURE,,GENERAL,1.0
CI3215,THI CONG CONG TRINH CANG,CI,,2,42,24,0,0,0,18,0,LECTURE,,GENERAL,1.0
CI3219,XAYDUNG &KHAI THAC DUONG,CI,,2,42,24,0,0,0,18,0,LECTURE,,GENERAL,1.0
CI3223,C/NGHE SX CK BTCT DUCSAN,CI,,2,42,24,0,0,0,18,0,LECTURE,,GENERAL,1.0
CI3227,THUY NANG - THUY DIEN,CI,,2,42,24,0,0,0,18,0,LECTURE,,GENERAL,1.0
CI3231,KET CAU THEP,CI,,3,150,30,0,0,0,45,0,LECTURE,,GENERAL,1.0
CI3232,KET CAU THEP(BT),CI,,0,12,0,12,0,0,0,0,PRACTICAL,,GENERAL,1.0
CI3233,CO KET CAU,CI,,3,150,30,12,0,0,27,0,LECTURE,CI3234,GENERAL,1.0
CI3234,CO KET CAU (THL),CI,,0,24,0,12,0,0,0,0,PRACTICAL,,GENERAL,1.0
CI3235,CO HOC DAT,CI,,3,68,30,14,0,0,24,0,LECTURE,CI3236,GENERAL,1.0
CI3236,CO HOC DAT (THL),CI,,0,14,0,14,0,0,0,0,PRACTICAL,,GENERAL,1.0
CI3237,KET CAU BE TONG COT THEP,CI,,3,150,30,0,0,0,45,0,LECTURE,,GENERAL,1.0
CI3238,KET CAU B/T COT THEP (BT,CI,,0,12,0,12,0,0,0,0,PRACTICAL,,GENERAL,1.0
CI3239,NEN MONG,CI,,4,90,45,0,0,0,45,0,LECTURE,,GENERAL,1.0
CI3241,CAP THOAT NUOC,CI,,3,150,30,0,0,0,45,0,LECTURE,,GENERAL,1.0
CI3242,CAP THOAT NUOC (THL),CI,,0,12,0,12,0,0,0,0,PRACTICAL,,GENERAL,1.0
CI3243,KET CAU CONG TRINH BTCT,CI,,3,150,30,0,0,0,45,0,LECTURE,,GENERAL,1.0
CI3244,KET CAU C/TRINH BTCT(BT),CI,,0,12,0,12,0,0,0,0,PRACTICAL,,GENERAL,1.0
CI3245,KY THUAT CHAT KET DINH,CI,,3,150,30,12,0,0,27,0,LECTURE,CI3246,GENERAL,1.0
CI3246,K/THUAT CHAT KET DINH(BT,CI,,0,12,0,12,0,0,0,0,PRACTICAL,,GENERAL,1.0
CI3247,DONG LUC HOC SONG - BIEN,CI,,3,150,30,12,0,0,27,0,LECTURE,CI3248,GENERAL,1.0
CI3248,DONGLUC HOC SONG-BIEN(BT,CI,,0,12,0,12,0,0,0,0,PRACTICAL,,GENERAL,1.0
CI3251,LY THUYET S/SO &XU LY SL,CI,,4,200,45,0,0,0,45,0,LECTURE,,GENERAL,1.0
CI3252,LY THUYET S/SO &XULY(TN),CI,,0,30,0,0,30,0,0,0,LAB,,GENERAL,1.0
CI3253,BAN DO HOC,CI,,3,75,30,0,0,0,45,0,LECTURE,,GENERAL,1.0
CI3254,BAN DO HOC(BT),CI,,0,12,0,12,0,0,0,0,PRACTICAL,,GENERAL,1.0
CI3255,THUC TAP DOVE &LAP BD DH,CI,,2,100,0,0,60,0,0,0,LAB,,GENERAL,1.0
CI3257,TRAC DIA CAO CAP,CI,,3,150,30,0,0,0,45,0,LECTURE,,GENERAL,1.0
CI3259,KY THUAT DIA CHINH,CI,,4,200,45,24,0,0,9,0,LECTURE,CI3260,GENERAL,1.0
CI3260,KY THUAT DIA CHINH(BT),CI,,0,24,0,24,0,0,0,0,PRACTICAL,,GENERAL,1.0
CI3261,C/SO T/KE CONG TRINH CAU,CI,,3,150,30,12,0,0,27,0,LECTURE,CI3262,GENERAL,1.0
CI3262,C/SO T/K C/TRINH CAU(THL,CI,,0,12,0,12,0,0,0,0,PRACTICAL,,GENERAL,1.0
CI3263,CO SO THIET KE DUONG,CI,,3,150,30,12,0,0,27,0,LECTURE,CI3264,GENERAL,1.0
CI3264,CO SO T/KE DUONG (THL),CI,,0,12,0,12,0,0,0,0,PRACTICAL,,GENERAL,1.0
CI3265,KY THUAT HA TANG DO THI,CI,,3,150,30,14,0,0,24,0,LECTURE,CI3266,GENERAL,1.0
CI3267,THUY CONG,CI,,3,150,30,0,0,0,45,0,LECTURE,,GENERAL,1.0
CI3268,THUY CONG (THL),CI,,0,12,0,12,0,0,0,0,PRACTICAL,,GENERAL,1.0
CI3269,SUC BEN VAT LIEU,CI,,3,150,30,12,0,0,27,0,LECTURE,CI3270,GENERAL,1.0
CI3270,SUC BEN VAT LIEU (THL),CI,,0,12,0,12,0,0,0,0,PRACTICAL,,GENERAL,1.0
CI3271,N/LY T/KE K/TRUC &KTCTCN,CI,,4,90,45,0,0,0,45,0,LECTURE,,GENERAL,1.0
CI3273,T/KE KIEN TRUC II - CTCC,CI,,3,150,30,0,0,135,45,0,LECTURE,,GENERAL,1.0
CI3279,T/KE KIEN TRUC III -CTCN,CI,,3,150,30,0,0,0,45,0,LECTURE,,GENERAL,1.0
CI3281,KETCAU C/TRINH XD - MTRG,CI,,3,150,30,0,0,0,45,0,LECTURE,,GENERAL,1.0
CI3282,K/C C/TRINH XD -MTRG(THL,CI,,0,12,0,12,0,0,0,0,PRACTICAL,,GENERAL,1.0
CI3283,QL HT CAP &THOAT NUOC DT,CI,,3,150,30,24,0,0,9,0,LECTURE,,GENERAL,1.0
CI3284,QL HT CAP &T/NUOC DT(THL,CI,,0,12,0,12,0,0,0,0,PRACTICAL,,GENERAL,1.0
CI3285,N/LY T/KE K/TRUC &KTCTCN,CI,,3,150,30,0,0,0,45,0,LECTURE,,GENERAL,1.0
CI3287,M/LY T/K K/TRUC CANHQUAN,CI,,3,150,30,24,0,0,9,0,LECTURE,CI3288,GENERAL,1.0
CI3288,NLT/K K/TRUC CQ (BT),CI,,0,24,0,24,0,0,0,0,PRACTICAL,,GENERAL,1.0
CI3289,LANH DAO VA KHOI NGHIEP,CI,,3,150,30,0,0,0,45,0,LECTURE,,GENERAL,1.0
CI3291,LANH DAO &QUAN LY DU AN,CI,,3,150,30,0,0,0,45,0,LECTURE,,GENERAL,1.0
CI3293,K/THUAT C/TRINH DAN DUNG,CI,,4,200,45,24,0,0,9,0,LECTURE,CI3294,GENERAL,1.0
CI3295,THIET KE III - TCQ DOTHI,CI,,3,150,30,0,0,0,45,0,LECTURE,,GENERAL,1.0
CI3297,T/KE II - CHUNG CU,CI,,3,75,30,0,0,0,45,0,LECTURE,,GENERAL,1.0
CI3299,T/KE III -CT CONG NGHIEP,CI,,3,75,30,0,0,0,45,0,LECTURE,,GENERAL,1.0
CI3301,DO VE DIA HINH,CI,,3,150,30,0,30,0,0,0,LECTURE,CI3302,GENERAL,1.0
CI3302,DO VE DIA HINH (TN),CI,,0,30,0,0,30,0,0,0,LAB,,GENERAL,1.0
CI3303,MO HINH HOA TTIN C/TRINH,CI,,3,150,30,0,0,0,45,0,LECTURE,,GENERAL,1.0
CI3304,MO HINH HOA TTIN C/TR(TN,CI,,0,30,0,0,30,0,0,0,LAB,,GENERAL,1.0
CI3305,TIN HOC TRG QL DU AN XD,CI,,3,150,30,0,0,0,45,0,LECTURE,,GENERAL,1.0
CI3307,DU TOAN VA DINH GIA,CI,,3,150,15,0,0,90,0,0,LECTURE,,GENERAL,1.0
CI3309,Q/LY QUA TRINH DU AN XD,CI,,3,150,15,0,0,90,0,0,LECTURE,,GENERAL,1.0
CI3411,LANH DAO & QL NANG LUONG,CI,,3,150,30,0,0,0,45,0,LECTURE,,GENERAL,1.0
CI3488,NGUYEN TAC THIET KE CONG,CI,,3,150,0,10,0,0,45,0,PRACTICAL,,GENERAL,1.0
CI3487,NGUYEN TAC THIET KE CONG,CI,,3,150,30,10,0,0,45,0,LECTURE,,GENERAL,1.0
CI3489,HE THONG QUY PHAM VA TIE,CI,,3,150,30,0,0,0,45,0,LECTURE,,GENERAL,1.0
CI3491,LUAT VA MOI TRUONG PHAP,CI,,3,150,30,0,0,0,45,0,LECTURE,,GENERAL,1.0
CI3493,NGUYEN LY QUAN LY DU AN,CI,,3,150,30,0,0,0,45,0,LECTURE,,GENERAL,1.0
CI3497,DU TOAN VA DINH GIA TRON,CI,,3,150,15,0,0,90,0,0,LECTURE,,GENERAL,1.0
CI3501,BOC TACH KHOI LUONG,CI,,3,150,15,0,0,90,0,0,LECTURE,,GENERAL,1.0
CI3507,THIET KE MAT DUNG,CI,,3,150,30,12,0,0,27,0,LECTURE,CI3508,GENERAL,1.0
CI3508,THIET KE MAT DUNG(BT),CI,,0,150,30,12,0,0,0,0,LECTURE,,GENERAL,1.0
CI4003,CONG TRINH GIAO THONG,CI,,3,69,30,12,0,0,27,0,LECTURE,CI4004,GENERAL,1.0
CI4004,C/TRINH GIAO THONG(BT),CI,,0,12,0,12,0,0,0,0,PRACTICAL,,GENERAL,1.0
CI4005,CONG TRINH VEN BIEN,CI,,3,75,30,0,0,0,45,0,LECTURE,,GENERAL,1.0
CI4007,CO SO DU LIEU DIA CHINH,CI,,3,75,30,0,0,0,45,0,LECTURE,,GENERAL,1.0
CI4009,KY THUAT GIAO THONG,CI,,4,90,45,0,0,0,45,0,LECTURE,,GENERAL,1.0
CI4011,THI NGHIEM CONG TRINH,CI,,1,50,0,0,30,0,0,0,LAB,,GENERAL,1.0
CI4013,THUY CONG 2,CI,,2,42,24,0,0,0,18,0,LECTURE,,GENERAL,1.0
CI4017,CONG TRINH DUONG THUY,CI,,3,75,30,0,0,0,45,0,LECTURE,,GENERAL,1.0
CI4019,HA TANG CONG TRINH GT,CI,,4,78,45,24,0,0,9,0,LECTURE,CI4020,GENERAL,1.0
CI4020,HA TANG CONG TRINH GT(BT,CI,,0,24,0,24,0,0,0,0,PRACTICAL,,GENERAL,1.0
CI4021,ITS UNG DUNG,CI,,3,69,30,12,0,0,27,0,LECTURE,CI4022,GENERAL,1.0
CI4022,ITS UNG DUNG(BT),CI,,0,12,0,12,0,0,0,0,PRACTICAL,,GENERAL,1.0
CI4023,THI CONG CONG TRINH CSHT,CI,,3,150,30,0,0,0,45,0,LECTURE,,GENERAL,1.0
CI4025,THI CONG CONG TRINH THUY,CI,,3,150,30,0,0,0,45,0,LECTURE,,GENERAL,1.0
CI4029,PHUONG PHAP SO CT BIEN,CI,,3,69,30,12,0,0,27,0,LECTURE,CI4030,GENERAL,1.0
CI4030,PH/PHAP SO CT BIEN(BT),CI,,0,12,0,12,0,0,0,0,PRACTICAL,,GENERAL,1.0
CI4031,QUY HOACH MANG LUOI GT,CI,,4,78,45,24,0,0,9,0,LECTURE,CI4032,GENERAL,1.0
CI4032,QUYHOACH MANG LUOI GT(BT,CI,,0,24,0,24,0,0,0,0,PRACTICAL,,GENERAL,1.0
CI4033,XAY DUNG CAU,CI,,3,75,30,0,0,0,45,0,LECTURE,,GENERAL,1.0
CI4035,AN TOAN GIAO THONG,CI,,3,69,30,12,0,0,27,0,LECTURE,CI4036,GENERAL,1.0
CI4036,AN TOAN GIAO THONG(BT),CI,,0,12,0,12,0,0,0,0,PRACTICAL,,GENERAL,1.0
CI4037,CONG TRINH TREN DAT YEU,CI,,3,68,30,14,0,0,24,0,LECTURE,CI4038,GENERAL,1.0
CI4038,C/TRINH TREN DAT YEU (TH,CI,,0,14,0,14,0,0,0,0,PRACTICAL,,GENERAL,1.0
CI4039,THIET KE CAU 2,CI,,3,69,30,12,0,0,27,0,LECTURE,CI4040,GENERAL,1.0
CI4040,THIET KE CAU 2(BT),CI,,0,12,0,12,0,0,0,0,PRACTICAL,,GENERAL,1.0
CI4041,CONG TRINH NGOAI KHOI,CI,,3,75,30,0,0,0,45,0,LECTURE,,GENERAL,1.0
CI4043,QUY HOACH DO THI,CI,,3,75,30,0,0,0,45,0,LECTURE,,GENERAL,1.0
CI4044,QUY HOACH DO THI(BT),CI,,0,24,0,24,0,0,0,0,PRACTICAL,,GENERAL,1.0
CI4047,TIN HOC U/DUNG CAU DUONG,CI,,3,69,30,12,0,0,27,0,LECTURE,CI4048,GENERAL,1.0
CI4048,TIN HOC U/D CAU DUONG(BT,CI,,0,12,0,12,0,0,0,0,PRACTICAL,,GENERAL,1.0
CI4049,TO CHUC THI CONG,CI,,4,90,45,0,0,0,45,0,LECTURE,,GENERAL,1.0
CI4051,BE TONG CONG TRINH BIEN,CI,,3,75,30,0,0,0,45,0,LECTURE,,GENERAL,1.0
CI4053,CAC CHUYEN DE VE CTGT,CI,,3,69,30,12,0,0,27,0,LECTURE,CI4054,GENERAL,1.0
CI4054,CAC CHUYEN DE VE CTGT(BT,CI,,0,12,0,12,0,0,0,0,PRACTICAL,,GENERAL,1.0
CI4055,THIET KE DUONG 2,CI,,3,69,30,12,0,0,27,0,LECTURE,CI4056,GENERAL,1.0
CI4056,THIET KE DUONG 2(BT),CI,,0,12,0,12,0,0,0,0,PRACTICAL,,GENERAL,1.0
CI4059,QUANLY XD CONGTRINH CANG,CI,,3,75,30,0,0,0,45,0,LECTURE,,GENERAL,1.0
CI4061,T/NGHIEM &VL XD DUONGOTO,CI,,3,60,30,0,30,0,0,0,LECTURE,CI4062,GENERAL,1.0
CI4062,T/N &VL XD DUONGOTO (TN),CI,,0,30,0,0,30,0,0,0,LAB,,GENERAL,1.0
CI4063,TRAC DIA CAO CAP 2,CI,,3,75,30,0,0,0,45,0,LECTURE,,GENERAL,1.0
CI4065,DINH GIA DAT,CI,,3,75,30,0,0,0,45,0,LECTURE,,GENERAL,1.0
CI4067,DONG LUC HOC KET CAU,CI,,3,69,30,12,0,0,27,0,LECTURE,CI4068,GENERAL,1.0
CI4068,DONG LUC HOC KET CAU(THL,CI,,0,12,0,12,0,0,0,0,PRACTICAL,,GENERAL,1.0
CI4069,TAI NGUYEN DAT &MOITRUOG,CI,,3,69,30,12,0,0,27,0,LECTURE,CI4070,GENERAL,1.0
CI4070,TAI NGUYEN DAT &M/TR(BT),CI,,0,12,0,12,0,0,0,0,PRACTICAL,,GENERAL,1.0
CI4071,LOGISTICS,CI,,3,69,30,12,0,0,27,0,LECTURE,CI4072,GENERAL,1.0
CI4072,LOGISTICS(BT),CI,,0,12,0,12,0,0,0,0,PRACTICAL,,GENERAL,1.0
CI4073,DUONG SAT,CI,,3,69,30,12,0,0,27,0,LECTURE,CI4074,GENERAL,1.0
CI4074,DUONG SAT(BT),CI,,0,12,0,12,0,0,0,0,PRACTICAL,,GENERAL,1.0
CI4075,DONGLUC HOC HINHTHAI VVB,CI,,3,75,30,0,0,0,45,0,LECTURE,,GENERAL,1.0
CI4079,DUONG HAM,CI,,3,69,30,12,0,0,27,0,LECTURE,CI4080,GENERAL,1.0
CI4080,DUONG HAM(BT),CI,,0,12,0,12,0,0,0,0,PRACTICAL,,GENERAL,1.0
CI4081,KETCAU THEP CONGTRINHCAO,CI,,3,75,30,0,0,0,45,0,LECTURE,,GENERAL,1.0
CI4082,K/CAU THEP C/TRINHCAO(BT,CI,,0,12,0,12,0,0,0,0,PRACTICAL,,GENERAL,1.0
CI4083,PHONG CHONG THIEN TAI VB,CI,,3,75,30,0,0,0,45,0,LECTURE,,GENERAL,1.0
CI4085,QUAN LY VUNG VEN BIEN,CI,,3,75,30,0,0,0,45,0,LECTURE,,GENERAL,1.0
CI4087,QUAN LY DU AN XAY DUNG,CI,,3,60,45,15,0,0,0,0,LECTURE,,GENERAL,1.0
CI4089,THIET KE QUYHOACH DO THI,CI,,6,210,30,0,0,0,180,0,LECTURE,,GENERAL,1.0
CI4091,KY THUAT HA TANG DO THI,CI,,2,42,24,0,0,0,18,0,LECTURE,,GENERAL,1.0
CI4093,THIET KE KIEN TRUC CC4,CI,,6,210,30,0,0,0,180,0,LECTURE,,GENERAL,1.0
CI4095,CHUYEN DE 4:NC & TK KGCC,CI,,2,42,24,0,0,0,18,0,LECTURE,,GENERAL,1.0
CI4097,THAM QUAN DISAN KIENTRUC,CI,,2,42,24,0,0,0,18,0,LECTURE,,GENERAL,1.0
CI4099,TRIET HOC PHUONG DONG,CI,,2,42,24,0,0,0,18,0,LECTURE,,GENERAL,1.0
CI4101,KIEN TRUC CANH QUAN,CI,,3,75,30,0,0,0,45,0,LECTURE,,GENERAL,1.0
CI4105,VAT LIEU CACH NHIET & HT,CI,,2,42,24,0,0,0,18,0,LECTURE,,GENERAL,1.0
CI4107,TRAC DIA CONG TRINH,CI,,3,75,30,0,0,0,45,0,LECTURE,,GENERAL,1.0
CI4109,TRAC DIA CONG TRINH UD,CI,,3,75,30,0,0,0,45,0,LECTURE,,GENERAL,1.0
CI4111,HETHONG THONGTIN DAT DAI,CI,,3,63,30,24,0,0,9,0,LECTURE,CI4112,GENERAL,1.0
CI4112,HETHONG TH/TIN DATDAI(BT,CI,,0,24,0,24,0,0,0,0,PRACTICAL,,GENERAL,1.0
CI4113,CONG TRINH VEN BIEN,CI,,2,42,24,0,0,0,18,0,LECTURE,,GENERAL,1.0
CI4117,CONG TRINH DUONG THUY,CI,,2,42,24,0,0,0,18,0,LECTURE,,GENERAL,1.0
CI4121,XAY DUNG CAU,CI,,2,42,24,0,0,0,18,0,LECTURE,,GENERAL,1.0
CI4125,TO CHUC THI CONG,CI,,3,75,30,0,0,0,45,0,LECTURE,,GENERAL,1.0
CI4129,KINH TE XAY DUNG,CI,,3,150,30,0,0,45,0,0,LECTURE,,GENERAL,1.0
CI4130,KINH TE XAY DUNG(BT),CI,,0,24,0,24,0,0,0,0,PRACTICAL,,GENERAL,1.0
CI4131,KET CAU CONG TRINH THEP,CI,,3,150,30,0,0,0,45,0,LECTURE,,GENERAL,1.0
CI4132,KET CAU C/TRINH THEP(BT),CI,,0,12,0,12,0,0,0,0,PRACTICAL,,GENERAL,1.0
CI4139,TKE CNSX& LDCKBT DUC SAN,CI,,3,150,30,12,0,0,27,0,LECTURE,CI4140,GENERAL,1.0
CI4140,TKE CNSX& LDCKBT D/S(BT),CI,,0,12,0,12,0,0,0,0,PRACTICAL,,GENERAL,1.0
CI4141,C/TRINH CAPTHOATNUOC &TB,CI,,3,150,30,0,0,0,45,0,LECTURE,,GENERAL,1.0
CI4142,C/T CAPTHOATNUOC &TB(THL,CI,,0,12,0,12,0,0,0,0,PRACTICAL,,GENERAL,1.0
CI4143,QUAN LY DU AN & KT CANG,CI,,3,150,30,12,0,0,27,0,LECTURE,CI4144,GENERAL,1.0
CI4144,QUANLY DUAN & KT CANG(BT,CI,,0,12,0,12,0,0,0,0,PRACTICAL,,GENERAL,1.0
CI4145,CS THICONG &KHAI THAC CD,CI,,3,150,30,12,0,0,27,0,LECTURE,CI4146,GENERAL,1.0
CI4146,CS THICONG &K/THAC CD(TH,CI,,0,12,0,12,0,0,0,0,PRACTICAL,,GENERAL,1.0
CI4147,KY THUAT T/CONG DUOINUOC,CI,,3,150,30,12,0,0,27,0,LECTURE,CI4148,GENERAL,1.0
CI4148,K/T T/CONG DUOINUOC(BT),CI,,0,12,0,12,0,0,0,0,PRACTICAL,,GENERAL,1.0
CI4150,N/L Q/HOACH &TK DOTHI(BT,CI,,0,24,0,24,0,0,0,0,PRACTICAL,,GENERAL,1.0
CI4151,THI NGHIEM VAT LIEU CTGT,CI,,1,50,0,0,30,0,0,0,LAB,,GENERAL,1.0
CI4153,BE TONG DAC BIET CHO CT,CI,,3,150,30,0,20,0,15,0,LECTURE,CI4154,GENERAL,1.0
CI4154,BE TONG D/BIET CHO CT(TN,CI,,0,20,0,0,20,0,0,0,LAB,,GENERAL,1.0
CI4155,THUY DIEN VA TRAM BOM,CI,,3,150,30,0,0,0,45,0,LECTURE,,GENERAL,1.0
CI4156,THUY DIEN &TRAM BOM (THL,CI,,0,12,0,12,0,0,0,0,PRACTICAL,,GENERAL,1.0
CI4159,TRAC DIA CONG TRINH,CI,,4,200,30,0,30,0,45,0,LECTURE,CI4160,GENERAL,1.0
CI4160,TRAC DIA CONG TRINH (TN),CI,,0,30,0,0,30,0,0,0,LAB,,GENERAL,1.0
CI4161,QUY HOACH HA TANG DO THI,CI,,3,150,30,0,0,0,45,0,LECTURE,,GENERAL,1.0
CI4163,AN MON BE TONG VA BTCT,CI,,3,150,30,12,0,0,27,0,LECTURE,CI4164,GENERAL,1.0
CI4164,AN MON BETONG VA BTCT(BT,CI,,0,12,0,12,0,0,0,0,PRACTICAL,,GENERAL,1.0
CI4165,HA TANG C/TR GIAO THONG,CI,,3,150,30,12,0,0,27,0,LECTURE,CI4166,GENERAL,1.0
CI4166,KY THUAT GIAO THONG (THL,CI,,0,12,0,12,0,0,0,0,PRACTICAL,,GENERAL,1.0
CI4177,T/KE IV - CT PHUC HOP,CI,,4,200,30,0,0,0,90,0,LECTURE,,GENERAL,1.0
CI4181,LANH DAO VA KHOI NGHIEP,CI,,3,150,30,0,0,0,45,0,LECTURE,,GENERAL,1.0
CI4183,LANH DAO & QUAN LY DU AN,CI,,3,150,30,0,0,0,45,0,LECTURE,,GENERAL,1.0
CI4187,THIEN TAI &B/DOI KHI HAU,CI,,3,150,30,12,0,0,27,0,LECTURE,CI4188,GENERAL,1.0
CI4188,THIEN TAI &B/DOI KHI HAU,CI,,0,150,12,12,0,0,0,0,LECTURE,,GENERAL,1.0
CI4189,Q/HOACH TO CHUC THI CONG,CI,,3,150,30,0,0,0,45,0,LECTURE,,GENERAL,1.0
CI4190,Q/H TO CHUC THI CONG(BT),CI,,0,24,0,24,0,0,0,0,PRACTICAL,,GENERAL,1.0
CI4191,THUY LUC &THUY VAN DOTHI,CI,,4,200,45,0,20,0,15,0,LECTURE,,GENERAL,1.0
CI4192,THUY LUC &THUY VAN DT(TN,CI,,0,20,0,0,20,0,0,0,LAB,,GENERAL,1.0
CI4193,UD THOGKE TRG QL&CN NUOC,CI,,3,150,30,0,0,0,45,0,LECTURE,,GENERAL,1.0
CI4195,THUY LUC NUOC NGAM,CI,,3,150,30,0,0,0,45,0,LECTURE,,GENERAL,1.0
CI4197,QUY HOACH HATANG G/THONG,CI,,3,150,30,12,0,0,27,0,LECTURE,CI4198,GENERAL,1.0
CI4198,QUY HOACH HATANG G/T(THL,CI,,0,12,0,12,0,0,0,0,PRACTICAL,,GENERAL,1.0
CI4201,HE THONG C/D TRG TOA NHA,CI,,3,150,30,0,0,0,45,0,LECTURE,,GENERAL,1.0
CI4205,CAM THU CANH QUAN,CI,,3,150,30,0,0,0,0,0,LECTURE,CI4206,GENERAL,1.0
CI4207,THIET KE IV - C/QUAN DT,CI,,4,200,45,0,0,0,45,0,LECTURE,,GENERAL,1.0
CI4209,XU HUONG K/TRUC CQ D/DAI,CI,,3,150,30,0,0,0,45,0,LECTURE,,GENERAL,1.0
CI4211,KY THUAT XU LY NUOC CAP,CI,,3,150,15,0,0,90,0,0,LECTURE,,GENERAL,1.0
CI4213,KY THUAT XU LY NUOC,CI,,3,150,30,0,0,0,45,0,LECTURE,,GENERAL,1.0
CI4215,Q/LY CHAT LUONG XAY DUNG,CI,,3,150,30,0,0,0,45,0,LECTURE,,GENERAL,1.0
CI4217,HOP DONG TRONG XAY DUNG,CI,,3,150,30,10,0,0,30,0,LECTURE,,GENERAL,1.0
CI4219,DAU THAU VA TO CHUC DAU,CI,,3,150,30,0,0,0,45,0,LECTURE,,GENERAL,1.0
CI4223,QUAN LY KINH DOANH TRONG,CI,,3,150,30,0,0,0,45,0,LECTURE,,GENERAL,1.0
CI4225,QUAN LY XAY DUNG UNG DUN,CI,,3,150,30,0,0,0,45,0,LECTURE,,GENERAL,1.0
CI4227,MUA HANG VA CHUOI CUNG U,CI,,3,150,30,10,0,0,30,0,LECTURE,,GENERAL,1.0
CI4229,NGUYEN TAC KE TOAN TRONG,CI,,3,150,30,12,0,0,27,0,LECTURE,,GENERAL,1.0
CI4231,TAI CHINH VA PHAN TICH K,CI,,3,150,30,12,0,0,27,0,LECTURE,,GENERAL,1.0
CI4233,TO CHUC THI CONG,CI,,3,150,30,0,0,0,45,0,LECTURE,,GENERAL,1.0
CI4709,CO LUU CHAT,CI,,3,69,30,12,0,0,27,0,LECTURE,,GENERAL,1.0
CI4711,KINH TE XAY DUNG,CI,,3,60,45,0,15,0,0,0,LECTURE,,GENERAL,1.0
CI4713,TO CHUC THI CONG,CI,,3,69,33,0,0,0,36,0,LECTURE,,GENERAL,1.0
CI4715,VIEN THAM,CI,,3,60,30,0,30,0,0,0,LECTURE,,GENERAL,1.0
CI4717,HE THONG DINH VI TOAN CA,CI,,3,60,30,0,30,0,0,0,LECTURE,,GENERAL,1.0
CI4719,HE THONG THONG TIN DIA L,CI,,3,60,30,0,30,0,0,0,LECTURE,,GENERAL,1.0
CI4721,BAN DO HOC,CI,,3,75,30,0,0,0,45,0,LECTURE,,GENERAL,1.0
CI4723,CO HOC KET CAU,CI,,4,60,60,0,0,0,0,0,LECTURE,,GENERAL,1.0
CI4725,PHAN TICH KHONG GIAN,CI,,3,69,30,0,12,0,27,0,LECTURE,,GENERAL,1.0
CI4727,CO SO DU LIEU KHONG GIAN,CI,,3,69,30,0,12,0,27,0,LECTURE,,GENERAL,1.0
CI4729,TRAC LUONG ANH,CI,,3,60,30,0,30,0,0,0,LECTURE,,GENERAL,1.0
CI4731,TRAC DIA CAO CAP,CI,,3,75,30,0,0,0,45,0,LECTURE,,GENERAL,1.0
CI4733,THUY NANG - THUY DIEN,CI,,2,36,24,12,0,0,0,0,LECTURE,,GENERAL,1.0
CI4735,PHUONG PHAP SO & TIN HOC,CI,,4,75,45,30,0,0,0,0,LECTURE,,GENERAL,1.0
CI4737,CAP THOAT NUOC,CI,,2,30,30,0,0,0,0,0,LECTURE,,GENERAL,1.0
CI4739,THUY CONG 1,CI,,2,30,30,0,0,0,0,0,LECTURE,,GENERAL,1.0
CI4741,THUY CONG 2,CI,,2,36,24,12,0,0,0,0,LECTURE,,GENERAL,1.0
CI4743,THUY VAN DO THI,CI,,2,30,30,0,0,0,0,0,LECTURE,,GENERAL,1.0
CI4745,QUY HOACH TO CHUC THI CO,CI,,3,75,30,0,0,0,45,0,LECTURE,,GENERAL,1.0
CI4747,KY THUAT THI CONG,CI,,3,75,30,0,0,0,45,0,LECTURE,,GENERAL,1.0
CI4749,KINH TE XAY DUNG,CI,,3,75,30,0,0,0,45,0,LECTURE,,GENERAL,1.0
CI4751,LANH DAO VA QUAN LY DU A,CI,,3,75,30,0,0,0,45,0,LECTURE,,GENERAL,1.0
CI4753,CO KET CAU,CI,,3,45,45,0,0,0,0,0,LECTURE,,GENERAL,1.0
CI4755,KY THUAT THI CONG DUOI N,CI,,3,75,30,0,0,0,45,0,LECTURE,,GENERAL,1.0
CI4757,DONG LUC HOC SONG - BIEN,CI,,3,75,30,0,0,0,45,0,LECTURE,,GENERAL,1.0
CI4759,CO LUU CHAT,CI,,3,45,45,0,0,0,0,0,LECTURE,,GENERAL,1.0
CI4761,QUY HOACH CANG,CI,,3,75,30,0,0,0,45,0,LECTURE,,GENERAL,1.0
CI5003,KS NUOC MUA CHAY TRAN DT,CI,,3,150,30,0,0,0,45,0,LECTURE,,GENERAL,1.0
CI5007,MO HINH HOA NUOC NGAM,CI,,3,150,30,0,0,0,45,0,LECTURE,,GENERAL,1.0
CI5011,C/TRINH CAPTHOATNUOC &TB,CI,,3,150,15,0,0,90,0,0,LECTURE,,GENERAL,1.0
CI5013,KY THUAT HA TANG DO THI,CI,,3,150,15,0,0,90,0,0,LECTURE,,GENERAL,1.0
CI5031,T/N &D/H K/K TRG TOA NHA,CI,,3,150,30,0,0,0,45,0,LECTURE,,GENERAL,1.0
CI5033,DIA CHAT THUY VAN,CI,,3,150,30,0,0,0,45,0,LECTURE,,GENERAL,1.0
CI5035,KY THUAT XU LY NUOC THAI,CI,,3,150,15,0,0,90,0,0,LECTURE,,GENERAL,1.0
CI5037,D/G T/DONG & RUI RO M/T,CI,,3,150,30,0,0,0,45,0,LECTURE,,GENERAL,1.0
CI5039,T/KE HQ NANG LUONG TCT,CI,,3,150,30,0,0,0,45,0,LECTURE,,GENERAL,1.0
CI5043,CHUYEN TAI BUN CAT,CI,,3,150,30,0,0,0,45,0,LECTURE,,GENERAL,1.0
CI5045,TRAC DIA VAT LY,CI,,3,70,30,0,10,0,30,0,LECTURE,,GENERAL,1.0
CI5047,BAN DO TRONG MOI TRUONG,CI,,3,69,30,12,0,0,27,0,LECTURE,,GENERAL,1.0
CI5049,HE THONG DINH VI TOAN CA,CI,,3,70,30,0,10,0,30,0,LECTURE,,GENERAL,1.0
CI5051,TRAC DIA CONG TRINH NANG,CI,,3,70,30,0,10,0,30,0,LECTURE,,GENERAL,1.0
CI5053,VIEN THAM NANG CAO,CI,,3,69,30,0,12,0,27,0,LECTURE,,GENERAL,1.0
CI5055,UNG DUNG GIS TRONG TAI N,CI,,3,75,30,0,0,0,45,0,LECTURE,,GENERAL,1.0
CI5057,VIEN THAM TRONG MOI TRUO,CI,,3,75,30,0,0,0,45,0,LECTURE,,GENERAL,1.0
CI5059,VIEN THAM SIEU CAO TAN,CI,,3,69,30,0,12,0,27,0,LECTURE,,GENERAL,1.0
CI5061,KY THUAT XU LY NUOC CAP,CI,,2,48,21,0,0,0,27,0,LECTURE,,GENERAL,1.0
CI5063,TIN HOC UNG DUNG TRONG Q,CI,,2,48,21,0,0,0,27,0,LECTURE,,GENERAL,1.0
CI5065,THUY LUC BUN CAT VA BIEN,CI,,2,48,21,0,0,0,27,0,LECTURE,,GENERAL,1.0
CI5067,PHUONG PHAP PHAN TU HUU,CI,,3,69,33,0,0,0,36,0,LECTURE,,GENERAL,1.0
CI5069,DIA CHAT CONG TRINH NANG,CI,,3,69,33,0,0,0,36,0,LECTURE,,GENERAL,1.0
CI5071,KY THUAT NEN MONG NANG C,CI,,3,69,33,0,0,0,36,0,LECTURE,,GENERAL,1.0
CI5073,QUAN LY VA HOACH DINH TA,CI,,3,60,45,0,15,0,0,0,LECTURE,,GENERAL,1.0
CI5075,QUAN LY DU AN NANG CAO,CI,,3,69,33,0,0,0,36,0,LECTURE,,GENERAL,1.0
CI5077,QUAN LY RUI RO DU AN,CI,,3,69,30,12,0,0,27,0,LECTURE,,GENERAL,1.0
CI5079,THUYET TRINH TRONG QUAN,CI,,3,60,45,0,15,0,0,0,LECTURE,,GENERAL,1.0
CI5081,CO HOC DAT NANG CAO 2,CI,,2,48,21,0,0,0,27,0,LECTURE,,GENERAL,1.0
CI5083,CAC PHUONG PHAP KHAO SAT,CI,,2,45,21,0,6,0,18,0,LECTURE,,GENERAL,1.0
CI5085,CO HOC DA,CI,,2,48,21,0,0,0,27,0,LECTURE,,GENERAL,1.0
CI5087,DAO SAU TRONG DAT,CI,,2,48,21,0,0,0,27,0,LECTURE,,GENERAL,1.0
CI5089,TUONG CHAN DAT,CI,,2,48,21,0,0,0,27,0,LECTURE,,GENERAL,1.0
CI5091,UNG XU CUA DAT DA TRONG,CI,,2,48,21,0,0,0,27,0,LECTURE,,GENERAL,1.0
CI5093,DONG HOC DAT,CI,,2,48,21,0,0,0,27,0,LECTURE,,GENERAL,1.0
CI5095,TINH TOAN CONG TRINH NGA,CI,,2,48,21,0,0,0,27,0,LECTURE,,GENERAL,1.0
CI5097,KY THUAT XU LY NEN DAT Y,CI,,2,48,21,0,0,0,27,0,LECTURE,,GENERAL,1.0
CI5099,ON DINH MAI DOC,CI,,2,48,21,0,0,0,27,0,LECTURE,,GENERAL,1.0
CI5101,LY THUYET DEO TRONG DAT,CI,,2,48,21,0,0,0,27,0,LECTURE,,GENERAL,1.0
CI5103,LUAT XAY DUNG,CI,,3,63,36,0,0,0,27,0,LECTURE,,GENERAL,1.0
CI5105,QUAN LY VA PHAN TICH NAN,CI,,3,69,33,0,0,0,36,0,LECTURE,,GENERAL,1.0
CI5107,KE TOAN CHI PHI XAY DUNG,CI,,3,60,45,15,0,0,0,0,LECTURE,,GENERAL,1.0
CI5109,QUAN TRI DU AN XAY DUNG,CI,,3,60,45,15,0,0,0,0,LECTURE,,GENERAL,1.0
CI5111,CONG NGHE TIEN TIEN XAY,CI,,3,33,33,0,0,0,0,0,LECTURE,,GENERAL,1.0
CI5113,UNG DUNG THONG KE TRONG,CI,,3,69,30,12,0,0,27,0,LECTURE,,GENERAL,1.0
CI5115,UNG DUNG TINH TOAN MEM T,CI,,3,69,33,0,0,0,36,0,LECTURE,,GENERAL,1.0
CI5117,BIM VA TIN HOC UNG DUNG,CI,,3,69,30,0,12,0,27,0,LECTURE,,GENERAL,1.0
CI5119,PHUONG PHAP DINH LUONG T,CI,,3,60,45,15,0,0,0,0,LECTURE,,GENERAL,1.0
CI5121,NHUNG CHU DE NANG CAO TR,CI,,3,60,45,15,0,0,0,0,LECTURE,,GENERAL,1.0
CI5123,THUC TAP,CI,,3,60,45,15,0,0,0,0,LECTURE,,GENERAL,1.0
CI5125,DAU TU XAY DUNG VA RA QU,CI,,3,60,45,15,0,0,0,0,LECTURE,,GENERAL,1.0
CI5127,QUAN LY XAY DUNG,CI,,3,60,45,15,0,0,0,0,LECTURE,,GENERAL,1.0
CI5129,CO HOC DAT NANG CAO 1,CI,,3,69,33,0,0,0,36,0,LECTURE,,GENERAL,1.0
CI5131,LAP VA THAM DINH DU AN,CI,,2,48,21,0,0,0,27,0,LECTURE,,GENERAL,1.0
CI5133,PHUONG PHAP PHAN TU HUU,CI,,3,75,30,0,0,0,45,0,LECTURE,,GENERAL,1.0
CI5135,PHUONG PHAP SO TINH TOAN,CI,,2,48,21,0,0,0,27,0,LECTURE,,GENERAL,1.0
CI5137,QUAN LY DU AN XAY DUNG N,CI,,3,69,33,0,0,0,36,0,LECTURE,,GENERAL,1.0
CI5139,QUAN LY RUI RO TRONG XAY,CI,,3,81,24,0,12,0,45,0,LECTURE,,GENERAL,1.0
CI5141,THONG KE UNG DUNG TRONG,CI,,3,69,30,0,12,0,27,0,LECTURE,,GENERAL,1.0
CI5143,HE THONG VAN BAN QUI PHA,CI,,3,69,33,0,0,0,36,0,LECTURE,,GENERAL,1.0
CI5145,UNG DUNG TINH TOAN MEM T,CI,,3,69,33,0,0,0,36,0,LECTURE,,GENERAL,1.0
CI5147,QUAN LY XAY DUNG,CI,,3,69,33,0,0,0,36,0,LECTURE,,GENERAL,1.0
CI5149,CAC CHU DE VA PHUONG PHA,CI,,3,69,33,0,0,0,36,0,LECTURE,,GENERAL,1.0
CI5151,PHAN TICH DINH LUONG TRO,CI,,2,48,21,0,0,0,27,0,LECTURE,,GENERAL,1.0
CI5153,QUAN LY KINH DOANH XAY D,CI,,2,48,21,0,0,0,27,0,LECTURE,,GENERAL,1.0
CI5155,TO CHUC LAO DONG VA NANG,CI,,2,43,21,0,10,0,12,0,LECTURE,,GENERAL,1.0
CI5157,PHUONG PHAP TIEN DO DU A,CI,,2,48,21,0,0,0,27,0,LECTURE,,GENERAL,1.0
CI5159,QUAN LY TAI CHINH TRONG,CI,,2,48,21,0,0,0,27,0,LECTURE,,GENERAL,1.0
CI5161,QUAN LY THIET BI XAY DUN,CI,,2,48,21,0,0,0,27,0,LECTURE,,GENERAL,1.0
CI5163,DINH GIA TRONG XAY DUNG,CI,,2,48,21,0,0,0,27,0,LECTURE,,GENERAL,1.0
CI5165,VAT LIEU VA CONG NGHE XA,CI,,3,69,33,0,0,0,36,0,LECTURE,,GENERAL,1.0
CI5167,KET CAU CAU NANG CAO,CI,,3,69,33,0,0,0,36,0,LECTURE,,GENERAL,1.0
CI5169,QUY HOACH MANG LUOI DUON,CI,,3,69,33,0,0,0,36,0,LECTURE,,GENERAL,1.0
CI5171,PHAN TICH KET CAU CONG T,CI,,3,69,33,0,0,0,36,0,LECTURE,,GENERAL,1.0
CI5173,CAC CHUYEN DE NANG CAO V,CI,,3,69,33,0,0,0,36,0,LECTURE,,GENERAL,1.0
CI5175,"KIEM DINH, KHAI THAC CON",CI,,3,69,33,0,0,0,36,0,LECTURE,,GENERAL,1.0
CI5177,DUONG HAM NANG CAO,CI,,3,69,33,0,0,0,36,0,LECTURE,,GENERAL,1.0
CI5179,LY THUYET DO TIN CAY VA,CI,,3,69,33,0,0,0,36,0,LECTURE,,GENERAL,1.0
CI5181,LY THUYET TINH TOAN NEN,CI,,3,69,33,0,0,0,36,0,LECTURE,,GENERAL,1.0
CI5183,DANH GIA CHAT LUONG VA K,CI,,3,69,33,0,0,0,36,0,LECTURE,,GENERAL,1.0
CI5185,DUONG O TO TREN NEN DAT,CI,,3,69,33,0,0,0,36,0,LECTURE,,GENERAL,1.0
CI5187,CHONG SAT LO DUONG O TO,CI,,3,69,33,0,0,0,36,0,LECTURE,,GENERAL,1.0
CI5189,LY THUYET DONG XE VA TO,CI,,3,69,33,0,0,0,36,0,LECTURE,,GENERAL,1.0
CI5191,CAC CHUYEN DE NANG CAO V,CI,,3,69,33,0,0,0,36,0,LECTURE,,GENERAL,1.0
CI5193,CAC CHUYEN DE NANG CAO V,CI,,3,69,33,0,0,0,36,0,LECTURE,,GENERAL,1.0
CI5195,HE THONG GIAO THONG CONG,CI,,3,66,33,6,0,0,27,0,LECTURE,,GENERAL,1.0
CI5197,LOGISTICS,CI,,3,66,33,6,0,0,27,0,LECTURE,,GENERAL,1.0
CI5199,QUY HOACH VA QUAN LY NGU,CI,,2,48,21,0,0,0,27,0,LECTURE,,GENERAL,1.0
CI5201,AP DUNG GIS TRONG KY THU,CI,,2,48,21,0,0,0,27,0,LECTURE,,GENERAL,1.0
CI5203,PHUONG PHAP SO TINH TOAN,CI,,2,48,21,0,0,0,27,0,LECTURE,,GENERAL,1.0
CI5205,CONG NGHE CHE TAO VAT LI,CI,,3,69,33,0,0,0,36,0,LECTURE,,GENERAL,1.0
CI5207,MANG LUOI CAP VA THOAT N,CI,,3,69,33,0,0,0,36,0,LECTURE,,GENERAL,1.0
CI5209,UNG DUNG VAT LIEU MOI TR,CI,,2,48,21,0,0,0,27,0,LECTURE,,GENERAL,1.0
CI5211,CONG TRINH THUY NANG CAO,CI,,3,75,30,0,0,0,45,0,LECTURE,,GENERAL,1.0
CI5213,QUAN LY VA KIEM TRA CHAT,CI,,2,48,21,0,0,0,27,0,LECTURE,,GENERAL,1.0
CI5215,TINH TOAN HIEU CHINH DU,CI,,3,70,30,0,10,0,30,0,LECTURE,,GENERAL,1.0
CI5217,CAU TRUC DU LIEU KHONG G,CI,,3,70,30,0,10,0,30,0,LECTURE,,GENERAL,1.0
CI5219,UNG DUNG GIS TRONG KINH,CI,,3,70,30,0,10,0,30,0,LECTURE,,GENERAL,1.0
CI5221,GIS TRONG QUY HOACH KHON,CI,,3,70,30,0,10,0,30,0,LECTURE,,GENERAL,1.0
CI5223,DO CAO TU VE TINH VA UNG,CI,,3,75,30,0,0,0,45,0,LECTURE,,GENERAL,1.0
CI5225,TRAC LUONG ANH NANG CAO,CI,,3,70,30,0,10,0,30,0,LECTURE,,GENERAL,1.0
CI5227,KY THUAT XU LY TUAN TU V,CI,,3,70,30,0,10,0,30,0,LECTURE,,GENERAL,1.0
CI5229,KY THUAT QUAN TRAC BIEN,CI,,3,70,30,0,10,0,30,0,LECTURE,,GENERAL,1.0
CI5231,DO DAC XA BO,CI,,3,70,30,0,10,0,30,0,LECTURE,,GENERAL,1.0
CI5233,DINH VI TRONG NHA,CI,,3,70,30,0,10,0,30,0,LECTURE,,GENERAL,1.0
CI5235,QUAN LY VUNG VEN BIEN,CI,,3,75,30,0,0,0,45,0,LECTURE,,GENERAL,1.0
CI5237,QUAN LY KINH DOANH XAY D,CI,,3,69,33,0,0,0,36,0,LECTURE,,GENERAL,1.0
CI5239,PHAT TRIEN BEN VUNG TRON,CI,,3,75,30,0,0,0,45,0,LECTURE,,GENERAL,1.0
CI5241,BIM VA TIN HOC UNG DUNG,CI,,3,81,24,0,12,0,45,0,LECTURE,,GENERAL,1.0
CI5243,QUAN LY XAY DUNG,CI,,2,48,21,0,0,0,27,0,LECTURE,,GENERAL,1.0
CI5245,CO KET CAU NANG CAO,CI,,3,69,33,0,0,0,36,0,LECTURE,,GENERAL,1.0
CI5247,KET CAU BE TONG COT THEP,CI,,3,63,33,12,0,0,18,0,LECTURE,,GENERAL,1.0
CI5249,PHUONG PHAP PHAN TU HUU,CI,,3,69,33,0,0,0,36,0,LECTURE,,GENERAL,1.0
CI5251,DONG LUC HOC KET CAU NAN,CI,,3,69,33,0,0,0,36,0,LECTURE,,GENERAL,1.0
CI5253,KET CAU TAM VO,CI,,3,69,33,0,0,0,36,0,LECTURE,,GENERAL,1.0
CI5255,TOI UU HOA KET CAU,CI,,3,69,33,0,0,0,36,0,LECTURE,,GENERAL,1.0
CI5257,ON DINH KET CAU,CI,,3,69,33,0,0,0,36,0,LECTURE,,GENERAL,1.0
CI5259,CO HOC VAT RAN BIEN DANG,CI,,3,69,33,0,0,0,36,0,LECTURE,,GENERAL,1.0
CI5261,DO TIN CAY KET CAU,CI,,3,69,33,0,0,0,36,0,LECTURE,,GENERAL,1.0
CI5263,PHUONG PHAP SO,CI,,3,69,33,0,0,0,36,0,LECTURE,,GENERAL,1.0
CI5265,KHAO SAT VA NGHIEN CUU T,CI,,3,63,33,12,0,0,18,0,LECTURE,,GENERAL,1.0
CI5267,KIEM DINH CHAT LUONG CON,CI,,3,63,33,12,0,0,18,0,LECTURE,,GENERAL,1.0
CI5269,TAC DONG CUA GIO LEN CON,CI,,3,63,33,12,0,0,18,0,LECTURE,,GENERAL,1.0
CI5271,PHUONG PHAP PHAN TICH CA,CI,,3,69,33,0,0,0,36,0,LECTURE,,GENERAL,1.0
CI5273,AN MON VA CHONG AN MON B,CI,,3,69,33,0,0,0,36,0,LECTURE,,GENERAL,1.0
CI5275,CONG NGHE CHE TAO BE TON,CI,,3,69,33,0,0,0,36,0,LECTURE,,GENERAL,1.0
CI5277,VAT LIEU CACH NHIET VA H,CI,,3,69,33,0,0,0,36,0,LECTURE,,GENERAL,1.0
CI5279,THIET KE KHANG CHAN CHO,CI,,3,63,33,12,0,0,18,0,LECTURE,,GENERAL,1.0
CI5281,CONG TRINH BEN CANG,CI,,3,75,30,0,0,0,45,0,LECTURE,,GENERAL,1.0
CI5283,CONG TRINH BIEN - VEN BI,CI,,3,75,30,0,0,0,45,0,LECTURE,,GENERAL,1.0
CI5285,CONG TRINH DUONG THUY,CI,,3,75,30,0,0,0,45,0,LECTURE,,GENERAL,1.0
CI5287,THI CONG CONG TRINH CANG,CI,,3,75,30,0,0,0,45,0,LECTURE,,GENERAL,1.0
CI5289,CAC CONG NGHE TIEN TIEN,CI,,3,75,30,0,0,0,45,0,LECTURE,,GENERAL,1.0
CI5291,"PHAN TICH, DANH GIA RUI",CI,,3,75,30,0,0,0,45,0,LECTURE,,GENERAL,1.0
CI5293,THI CONG CONG TRINH BIEN,CI,,3,75,30,0,0,0,45,0,LECTURE,,GENERAL,1.0
CI5295,PHUONG PHAP SO CONG TRIN,CI,,3,75,30,0,0,0,45,0,LECTURE,,GENERAL,1.0
CI5297,LY THUYET TUONG TU VA MO,CI,,3,75,30,0,0,0,45,0,LECTURE,,GENERAL,1.0
CI5299,UNG DUNG GIS TRONG DANH,CI,,3,70,30,10,0,0,30,0,LECTURE,,GENERAL,1.0
CI5301,LAP BAN DO VOI UAV,CI,,3,70,30,0,10,0,30,0,LECTURE,,GENERAL,1.0
CI5303,PHUONG PHAP PHAN TU HUU,CI,,5,159,33,0,0,0,126,0,LECTURE,,GENERAL,1.0
CI5305,CO HOC DAT NANG CAO 1,CI,,5,159,33,0,0,0,126,0,LECTURE,,GENERAL,1.0
CI5307,KY THUAT NEN MONG NANG C,CI,,5,159,33,0,0,0,126,0,LECTURE,,GENERAL,1.0
CI5309,CAU TRUC DU LIEU KHONG G,CI,,4,105,30,0,30,0,45,0,LECTURE,,GENERAL,1.0
CI5311,VIEN THAM NANG CAO,CI,,4,105,30,0,30,0,45,0,LECTURE,,GENERAL,1.0
CI5313,KY THUAT XU LY TUAN TU V,CI,,4,105,30,0,30,0,45,0,LECTURE,,GENERAL,1.0
CI5315,CONG TRINH BAO VE BO,CI,,3,75,30,0,0,0,45,0,LECTURE,,GENERAL,1.0
CI5317,UNG DUNG CONG NGHE TRONG,CI,,3,75,30,0,0,0,45,0,LECTURE,,GENERAL,1.0
CI5319,CONG TRINH CHONG NGAP VA,CI,,3,75,30,0,0,0,45,0,LECTURE,,GENERAL,1.0
CI5321,THIET KE CONG TRINH HA T,CI,,3,75,30,0,0,0,45,0,LECTURE,,GENERAL,1.0
CI5329,BE TONG CONG TRINH BIEN,CI,,3,75,30,0,0,0,45,0,LECTURE,,GENERAL,1.0
CI5335,KY THUAT QUAN TRAC BIEN,CI,,4,105,30,0,30,0,45,0,LECTURE,,GENERAL,1.0
CI5337,QUY HOACH CANG,CI,,3,75,30,0,0,0,45,0,LECTURE,,GENERAL,1.0
CI5339,LY THUYET TUONG TU VA MO,CI,,3,75,30,0,0,0,45,0,LECTURE,,GENERAL,1.0
CI5341,KY THUAT THI CONG DUOI N,CI,,3,75,30,0,0,0,45,0,LECTURE,,GENERAL,1.0
CI5355,THONG KE UNG DUNG TRONG,CI,,3,75,30,0,0,0,45,0,LECTURE,,GENERAL,1.0
CI5357,KY THUAT XU LY NUOC CAP,CI,,3,75,30,0,0,0,45,0,LECTURE,,GENERAL,1.0
CI5359,THUY LUC NUOC NGAM,CI,,3,75,30,0,0,0,45,0,LECTURE,,GENERAL,1.0
CI5361,BIEN DOI KHI HAU VA CAC,CI,,3,75,30,0,0,0,45,0,LECTURE,,GENERAL,1.0
CI5363,PHUONG PHAP SO TINH TOAN,CI,,3,75,30,0,0,0,45,0,LECTURE,,GENERAL,1.0
CI5367,KET CAU NHA CAO TANG,CI,,3,69,33,0,0,0,36,0,LECTURE,,GENERAL,1.0
CI5369,DIA CHAT CONG TRINH,CI,,2,30,30,0,0,0,0,0,LECTURE,,GENERAL,1.0
CI5371,CO HOC DAT,CI,,4,75,45,0,30,0,0,0,LECTURE,,GENERAL,1.0
CI5373,NEN MONG,CI,,3,45,45,0,0,0,0,0,LECTURE,,GENERAL,1.0
CI5375,NHA NHIEU TANG,CI,,3,45,45,0,0,0,0,0,LECTURE,,GENERAL,1.0
CI5377,KET CAU CONG TRINH BE TO,CI,,3,45,45,0,0,0,0,0,LECTURE,,GENERAL,1.0
CI5379,PHUONG PHAP PHAN TU HUU,CI,,3,45,45,0,0,0,0,0,LECTURE,,GENERAL,1.0
CI5381,CO KET CAU,CI,,3,45,45,0,0,0,0,0,LECTURE,,GENERAL,1.0
CI5383,KET CAU CONG TRINH THEP,CI,,3,45,45,0,0,0,0,0,LECTURE,,GENERAL,1.0
CI5385,KET CAU CONG TRINH THEP,CI,,3,45,45,0,0,0,0,0,LECTURE,,GENERAL,1.0
CI5387,THIET KE VA CONG NGHE XA,CI,,3,75,30,0,0,0,45,0,LECTURE,,GENERAL,1.0
CI5389,THIET KE VA CONG NGHE XA,CI,,3,75,30,0,0,0,45,0,LECTURE,,GENERAL,1.0
CI5391,THIET KE VA CONG NGHE XA,CI,,3,75,30,0,0,0,45,0,LECTURE,,GENERAL,1.0
CI5393,DUONG DO THI VA DUONG SA,CI,,3,75,30,0,0,0,45,0,LECTURE,,GENERAL,1.0
CI5395,PHAN TICH KHONG GIAN,CI,,4,105,30,0,30,0,45,0,LECTURE,,GENERAL,1.0
CI5397,PHAN TICH KHONG GIAN,CI,,4,105,30,0,30,0,45,0,LECTURE,,GENERAL,1.0
CI5399,LAP TRINH GIS,CI,,4,105,30,0,30,0,45,0,LECTURE,,GENERAL,1.0
CI5401,THONG KE KHONG GIAN,CI,,4,105,30,0,30,0,45,0,LECTURE,,GENERAL,1.0
CI5403,KY THUAT VA CONG NGHE TH,CI,,3,69,33,0,0,0,36,0,LECTURE,,GENERAL,1.0
CI5405,TO CHUC THI CONG CONG TR,CI,,3,69,33,0,0,0,36,0,LECTURE,,GENERAL,1.0
CI5407,QUAN LY DU AN XAY DUNG,CI,,3,69,33,0,0,0,36,0,LECTURE,,GENERAL,1.0
CI5409,NGUYEN LY KINH TE VA LUA,CI,,3,69,33,0,0,0,36,0,LECTURE,,GENERAL,1.0
CI5411,CO SO DU LIEU KHONG GIAN,CI,,4,105,30,0,30,0,45,0,LECTURE,,GENERAL,1.0
CI5413,TIN HOC TRONG TRAC DIA,CI,,4,105,30,30,0,0,45,0,LECTURE,,GENERAL,1.0
CI5415,HE THONG DINH VI TOAN CA,CI,,4,105,30,0,30,0,45,0,LECTURE,,GENERAL,1.0
CI5417,LUOI TRAC DIA,CI,,4,105,30,0,30,0,45,0,LECTURE,,GENERAL,1.0
CI5419,BAN DO CHUYEN DE,CI,,4,105,30,0,30,0,45,0,LECTURE,,GENERAL,1.0
CI5421,TIN HOC UNG DUNG TRONG Q,CI,,3,75,30,0,0,0,45,0,LECTURE,,GENERAL,1.0
CI5423,QUY HOACH VA QUAN LY NGU,CI,,3,75,30,0,0,0,45,0,LECTURE,,GENERAL,1.0
CI5425,THUY LUC BUN CAT VA BIEN,CI,,3,75,30,0,0,0,45,0,LECTURE,,GENERAL,1.0
CI5427,BIEN DOI KHI HAU VA CAC,CI,,3,75,30,0,0,0,45,0,LECTURE,,GENERAL,1.0
CI5429,QUY HOACH VA QUAN LY NGU,CI,,3,75,30,0,0,0,45,0,LECTURE,,GENERAL,1.0
CI5431,PHUONG PHAP SO & TIN HOC,CI,,3,75,30,0,0,0,45,0,LECTURE,,GENERAL,1.0
CI5433,MO HINH TOAN SO UNG DUNG,CI,,3,75,30,0,0,0,45,0,LECTURE,,GENERAL,1.0
CI5435,CONG TRINH HA TANG NGAM,CI,,3,75,30,0,0,0,45,0,LECTURE,,GENERAL,1.0
CI5437,PHAN TICH KHONG GIAN,CI,,3,60,33,0,18,0,9,0,LECTURE,,GENERAL,1.0
CI5439,CO SO DU LIEU KHONG GIAN,CI,,3,60,33,0,18,0,9,0,LECTURE,,GENERAL,1.0
CI5441,LUOI TRAC DIA,CI,,3,60,33,0,18,0,9,0,LECTURE,,GENERAL,1.0
CI5443,TIN HOC TRONG TRAC DIA,CI,,3,60,33,0,18,0,9,0,LECTURE,,GENERAL,1.0
CI5445,HE THONG DINH VI TOAN CA,CI,,3,60,33,0,18,0,9,0,LECTURE,,GENERAL,1.0
CI5447,KY THUAT XU LY TUAN TU V,CI,,3,60,33,0,18,0,9,0,LECTURE,,GENERAL,1.0
CI5449,KY THUAT QUAN TRAC BIEN,CI,,3,60,33,0,18,0,9,0,LECTURE,,GENERAL,1.0
CI5451,QUAN LY KINH DOANH XAY D,CI,,3,75,30,0,0,0,45,0,LECTURE,,GENERAL,1.0
CI5591,KET CAU CONG TRINH BE TO,CI,,3,45,45,0,0,0,0,0,LECTURE,,GENERAL,1.0
CI5643,CO HOC DAT NANG CAO 2,CI,,3,150,30,30,0,0,0,0,LECTURE,,GENERAL,1.0
CI5657,KY THUAT XU LY NEN DAT Y,CI,,3,150,30,30,0,0,0,0,LECTURE,,GENERAL,1.0
CI5663,PHUONG PHAP PHAN TU HUU,CI,,3,150,30,0,0,0,45,0,LECTURE,,GENERAL,1.0
CI5763,CONG TRINH TREN DAT YEU,CI,,3,45,45,0,0,0,0,0,LECTURE,,GENERAL,1.0
CI5765,THUY VAN NANG CAO,CI,,3,75,30,0,0,0,45,0,LECTURE,,GENERAL,1.0
CI5767,MO HINH VA PHUONG PHAP D,CI,,3,75,30,0,0,0,45,0,LECTURE,,GENERAL,1.0
CI5769,KY THUAT PHAN TICH DU LI,CI,,2,48,21,0,0,0,27,0,LECTURE,,GENERAL,1.0
CI5771,PHAN TICH PHI TUYEN KET,CI,,3,63,33,12,0,0,18,0,LECTURE,,GENERAL,1.0
CI5773,CO HOC RAN NUT,CI,,3,63,33,12,0,0,18,0,LECTURE,,GENERAL,1.0
CI5775,KET CAU THEP-BE TONG LIE,CI,,3,63,33,12,0,0,18,0,LECTURE,,GENERAL,1.0
CI5777,ON DINH KET CAU,CI,,3,69,33,0,0,0,36,0,LECTURE,,GENERAL,1.0
CI5779,VAT LIEU XAY DUNG NANG C,CI,,3,60,33,0,18,0,9,0,LECTURE,,GENERAL,1.0
CI5781,KY THUAT BE TONG NANG CA,CI,,3,60,33,0,18,0,9,0,LECTURE,CI5782,GENERAL,1.0
CI5782,KY THUAT BE TONG NC (BT),CI,,0,18,0,0,18,0,0,0,LAB,,GENERAL,1.0
CI5783,KET CAU TAM VO,CI,,2,48,21,0,0,0,27,0,LECTURE,,GENERAL,1.0
CI5785,BIEN HINH LONG DAN TRONG,CI,,3,69,33,0,0,0,36,0,LECTURE,,GENERAL,1.0
CI5787,LY THUYET TUONG TU VA MO,CI,,2,48,21,0,0,0,27,0,LECTURE,,GENERAL,1.0
CI5789,THUY LUC NUOC NGAM,CI,,2,48,21,0,0,0,27,0,LECTURE,,GENERAL,1.0
CI5791,MO HINH TOAN SO HE THONG,CI,,3,69,33,0,0,0,36,0,LECTURE,,GENERAL,1.0
CI5793,TAC DONG CUA CTT DOI VOI,CI,,2,48,21,0,0,0,27,0,LECTURE,,GENERAL,1.0
CI5795,BIEN DOI KHI HAU VA THIE,CI,,3,75,30,0,0,0,45,0,LECTURE,,GENERAL,1.0
CI5797,DONG LUC HOC SONG - VEN,CI,,3,75,30,0,0,0,45,0,LECTURE,,GENERAL,1.0
CI5799,DONG LUC HOC HINH THAI V,CI,,3,75,30,0,0,0,45,0,LECTURE,,GENERAL,1.0
CI5801,THONG KE UNG DUNG TRONG,CI,,2,48,21,0,0,0,27,0,LECTURE,,GENERAL,1.0
CI5803,BIEN DOI KHI HAU VA CAC,CI,,2,48,21,0,0,0,27,0,LECTURE,,GENERAL,1.0
CI5805,KET CAU THEP NANG CAO,CI,,3,63,33,12,0,0,18,0,LECTURE,,GENERAL,1.0
CI7001,LY THUYET DO TIN CAY VA,CI,,3,60,45,0,0,0,15,0,LECTURE,,GENERAL,1.0
CI7003,DONG LUC HOC CONG TRINH,CI,,3,60,45,0,0,0,15,0,LECTURE,,GENERAL,1.0
CI7005,QUI HOACH VA QUAN LY NGU,CI,,2,45,30,0,0,0,15,0,LECTURE,,GENERAL,1.0
CI7007,THUY VAN NANG CAO,CI,,3,60,30,0,0,0,30,0,LECTURE,,GENERAL,1.0
CI7009,AP DUNG GIS TRONG XAY DU,CI,,2,45,30,0,0,0,15,0,LECTURE,,GENERAL,1.0
CI7011,PHAN TICH NHAN TO,CI,,2,45,30,0,0,0,15,0,LECTURE,,GENERAL,1.0
CI7013,BI?NH SAI LUO?I TRA?C DI,CI,,3,60,45,0,0,0,15,0,LECTURE,,GENERAL,1.0
CI7015,KY THUAT XU LY TUAN TU V,CI,,3,60,45,0,0,0,15,0,LECTURE,,GENERAL,1.0
CI7017,HE QUY CHIEU TRAC DIA,CI,,3,60,30,0,0,0,30,0,LECTURE,,GENERAL,1.0
CI7019,BAN DO NANG CAO,CI,,3,60,45,0,0,0,15,0,LECTURE,,GENERAL,1.0
CI7021,HE THONG DINH VI TOAN CA,CI,,3,60,30,0,0,0,30,0,LECTURE,,GENERAL,1.0
CI7023,TRAC DIA VAT LY,CI,,3,60,30,0,0,0,30,0,LECTURE,,GENERAL,1.0
CI7025,KHAI THAC DU LIEU KHONG,CI,,3,60,30,0,15,0,15,0,LECTURE,,GENERAL,1.0
CI7027,CO SO DU LIEU KHONG GIAN,CI,,3,60,30,0,0,0,30,0,LECTURE,,GENERAL,1.0
CI7029,PHAN TICH KHONG GIAN,CI,,3,60,30,0,0,0,30,0,LECTURE,,GENERAL,1.0
CI7031,VIEN THAM NANG CAO,CI,,3,60,30,0,0,0,30,0,LECTURE,,GENERAL,1.0
CI7033,XU LY ?NH SO TRONG VIEN,CI,,3,60,30,0,0,0,30,0,LECTURE,,GENERAL,1.0
CI7035,LAP TRINH GIS,CI,,3,60,30,0,0,0,30,0,LECTURE,,GENERAL,1.0
CI7037,MO HINH KHONG GIAN VOI G,CI,,3,60,30,0,0,0,30,0,LECTURE,,GENERAL,1.0
CI7039,THONG KE KHONG GIAN,CI,,3,60,30,0,0,0,30,0,LECTURE,,GENERAL,1.0
CI7041,VIEN THAM RADAR,CI,,3,60,30,0,0,0,30,0,LECTURE,,GENERAL,1.0
CI7043,GIS TREN CAC THIET BI DI,CI,,3,60,30,0,0,0,30,0,LECTURE,,GENERAL,1.0
CI7045,CO KET CAU NANG CAO,CI,,3,60,45,0,0,0,15,0,LECTURE,,GENERAL,1.0
CI7047,KET CAU BE TONG COT THEP,CI,,3,60,45,0,0,0,15,0,LECTURE,,GENERAL,1.0
CI7049,PHUONG PHAP PHAN TU HUU,CI,,3,60,45,0,0,0,15,0,LECTURE,,GENERAL,1.0
CI7051,DONG LUC HOC KET CAU,CI,,3,60,45,0,0,0,15,0,LECTURE,,GENERAL,1.0
CI7053,KET CAU THEP NANG CAO,CI,,3,60,45,0,0,0,15,0,LECTURE,,GENERAL,1.0
CI7055,PHAN TICH PHI TUYEN KET,CI,,3,60,45,0,0,0,15,0,LECTURE,,GENERAL,1.0
CI7057,KHAO SAT VA NGHIEN CUU T,CI,,3,60,36,0,12,0,12,0,LECTURE,,GENERAL,1.0
CI7059,CO HOC RAN NUT,CI,,3,60,45,0,5,0,10,0,LECTURE,,GENERAL,1.0
CI7061,KET CAU THEP – BE TONG L,CI,,3,60,45,0,0,0,15,0,LECTURE,,GENERAL,1.0
CI7063,KET CAU TAM VO,CI,,2,45,30,0,0,0,15,0,LECTURE,,GENERAL,1.0
CI7065,TOI UU HOA KET CAU,CI,,3,60,45,0,0,0,15,0,LECTURE,,GENERAL,1.0
CI7067,ON DINH KET CAU,CI,,3,60,45,0,0,0,15,0,LECTURE,,GENERAL,1.0
CI7069,CO HOC VAT RAN BIEN DANG,CI,,3,60,42,0,4,0,14,0,LECTURE,,GENERAL,1.0
CI7071,DO TIN CAY KET CAU,CI,,2,45,30,0,0,0,15,0,LECTURE,,GENERAL,1.0
CI7073,TAC DONG GIO LEN CONG TR,CI,,3,60,45,0,0,0,15,0,LECTURE,,GENERAL,1.0
CI7075,THIET KE KHANG CHAN CHO,CI,,3,60,45,0,0,0,15,0,LECTURE,,GENERAL,1.0
CI7077,CO HOC DAT NANG CAO 1,CI,,5,159,33,0,0,0,126,0,LECTURE,,GENERAL,1.0
CI7079,VAT LIEU XAY DUNG NANG C,CI,,3,60,30,0,15,0,15,0,LECTURE,,GENERAL,1.0
CI7081,KY THUAT BE TONG NANG CA,CI,,3,60,30,0,15,0,15,0,LECTURE,,GENERAL,1.0
CI7083,VAT LIEU MOI VA CAU KIEN,CI,,3,60,45,0,0,0,15,0,LECTURE,,GENERAL,1.0
CI7085,PHUONG PHAP PHAN TICH CA,CI,,2,45,30,0,15,0,0,0,LECTURE,,GENERAL,1.0
CI7087,AN MON VA CHONG AN MON B,CI,,2,45,30,0,0,0,15,0,LECTURE,,GENERAL,1.0
CI7089,CONG NGHE BE TONG COT TH,CI,,2,45,30,0,0,0,15,0,LECTURE,,GENERAL,1.0
CI7091,VAT LIEU XAY DUNG CONG T,CI,,3,60,45,0,0,0,15,0,LECTURE,,GENERAL,1.0
CI7093,KET CAU CAU NANG CAO,CI,,3,60,45,0,0,0,15,0,LECTURE,,GENERAL,1.0
CI7095,CAC CHUYEN DE NANG CAO V,CI,,3,60,45,0,0,0,15,0,LECTURE,,GENERAL,1.0
CI7097,DUONG HAM NANG CAO,CI,,3,60,45,0,0,0,15,0,LECTURE,,GENERAL,1.0
CI7099,KIEM DINH KHAI THAC CAU,CI,,3,60,45,0,15,0,0,0,LECTURE,,GENERAL,1.0
CI7101,DUONG TREN NEN DAT YEU,CI,,3,60,45,0,0,0,15,0,LECTURE,,GENERAL,1.0
CI7103,CHONG SAT LO DUONG O TO,CI,,3,60,45,0,0,0,15,0,LECTURE,,GENERAL,1.0
CI7105,LY THUYET TINH TOAN NEN,CI,,3,60,45,0,0,0,15,0,LECTURE,,GENERAL,1.0
CI7107,QUY HOACH MANG LUOI DUON,CI,,3,60,45,0,0,0,15,0,LECTURE,,GENERAL,1.0
CI7109,GIAO THONG DO THI,CI,,3,60,45,0,0,0,15,0,LECTURE,,GENERAL,1.0
CI7111,LY THUYET DONG XE VA TO,CI,,3,60,45,0,0,0,15,0,LECTURE,,GENERAL,1.0
CI7113,HE THONG GIAO THONG THON,CI,,2,45,30,0,0,0,15,0,LECTURE,,GENERAL,1.0
CI7115,PHUONG PHAP PTHH TRONG D,CI,,5,159,33,0,0,0,126,0,LECTURE,,GENERAL,1.0
CI7117,DIA CHAT CONG TRINH NANG,CI,,3,60,45,0,0,0,15,0,LECTURE,,GENERAL,1.0
CI7119,KY THUAT NEN MONG NANG C,CI,,5,159,33,0,0,0,126,0,LECTURE,,GENERAL,1.0
CI7121,CO HOC DAT NANG CAO 2,CI,,2,45,30,0,0,0,15,0,LECTURE,,GENERAL,1.0
CI7123,DONG HOC DAT,CI,,2,45,30,0,0,0,15,0,LECTURE,,GENERAL,1.0
CI7125,TUONG CHAN DAT,CI,,2,45,30,0,0,0,15,0,LECTURE,,GENERAL,1.0
CI7127,CO HOC DA,CI,,2,45,30,0,0,0,15,0,LECTURE,,GENERAL,1.0
CI7129,DAO SAU TRONG DAT,CI,,2,45,30,0,0,0,15,0,LECTURE,,GENERAL,1.0
CI7131,TINH TOAN CONG TRINH NGA,CI,,2,45,30,0,0,0,15,0,LECTURE,,GENERAL,1.0
CI7133,UNG XU CUA DAT DA MOI TR,CI,,2,45,30,0,0,0,15,0,LECTURE,,GENERAL,1.0
CI7135,TO CHUC KHAI THAC CONG T,CI,,2,45,30,0,0,0,15,0,LECTURE,,GENERAL,1.0
CI7137,DONG LUC HOC SONG – VEN,CI,,3,60,45,0,0,0,15,0,LECTURE,,GENERAL,1.0
CI7139,CONG TRINH THUY NANG CAO,CI,,3,60,45,0,0,0,15,0,LECTURE,,GENERAL,1.0
CI7141,LY THUYET TUONG TU VA MO,CI,,2,45,30,0,0,0,15,0,LECTURE,,GENERAL,1.0
CI7143,THUY LUC BUN CAT VA BIEN,CI,,2,45,30,0,0,0,15,0,LECTURE,,GENERAL,1.0
CI7145,DONG LUC HOC HINH THAI V,CI,,2,45,30,0,0,0,15,0,LECTURE,,GENERAL,1.0
CI7147,THUY LUC TINH TOAN,CI,,2,45,30,0,0,0,15,0,LECTURE,,GENERAL,1.0
CI7149,THUY LUC NUOC NGAM,CI,,2,45,30,0,0,0,15,0,LECTURE,,GENERAL,1.0
CI7151,CAC PHUONG PHAP KHAO SAT,CI,,2,45,15,0,15,0,15,0,LECTURE,,GENERAL,1.0
CI7153,TINH TOAN CAC BAI TOAN D,CI,,2,45,15,0,15,0,15,0,LECTURE,,GENERAL,1.0
CI7155,ON DINH MAI DOC,CI,,2,45,30,0,0,0,15,0,LECTURE,,GENERAL,1.0
CI7157,KY THUAT XU LY NEN DAT Y,CI,,2,45,30,0,0,0,15,0,LECTURE,,GENERAL,1.0
CI7159,LY THUYET DEO TRONG DAT,CI,,2,45,30,0,0,0,15,0,LECTURE,,GENERAL,1.0
CI7161,LUU BIEN CUA DAT,CI,,2,45,30,0,0,0,15,0,LECTURE,,GENERAL,1.0
CI7163,THI NGHIEM CONG TRINH NA,CI,,3,60,30,0,15,0,15,0,LECTURE,,GENERAL,1.0
CI7165,PHAN TICH DU LIEU & DU B,CI,,2,45,30,15,0,0,0,0,LECTURE,,GENERAL,1.0
CI7167,BIEN DOI KHI HAU & CAC G,CI,,3,60,45,0,0,0,15,0,LECTURE,,GENERAL,1.0
CI7169,THONG KE UNG DUNG TRONG,CI,,3,60,45,0,0,0,15,0,LECTURE,,GENERAL,1.0
CI7171,QUAN LY DU AN XAY DUNG N,CI,,3,60,45,0,0,0,15,0,LECTURE,,GENERAL,1.0
CI7173,CONG NGHE VA KY THUAT TH,CI,,3,60,45,0,0,0,15,0,LECTURE,,GENERAL,1.0
CI7175,QUAN LY XAY DUNG,CI,,3,60,45,0,0,0,15,0,LECTURE,,GENERAL,1.0
CI7177,QUAN LY TAI CHINH TRONG,CI,,2,45,30,0,0,0,15,0,LECTURE,,GENERAL,1.0
CI7179,TO CHUC VA KE HOACH HOA,CI,,2,45,30,0,0,0,15,0,LECTURE,,GENERAL,1.0
CI7181,UNG DUNG TINH TOAN MEM T,CI,,2,45,30,0,0,0,15,0,LECTURE,,GENERAL,1.0
CI7183,DINH GIA XAY DUNG,CI,,2,45,30,0,0,0,15,0,LECTURE,,GENERAL,1.0
CI7185,TO CHUC LAO DONG VA NANG,CI,,2,45,30,0,0,0,15,0,LECTURE,,GENERAL,1.0
CI7187,CAC CHU DE VA PHUONG PHA,CI,,2,45,30,0,0,0,15,0,LECTURE,,GENERAL,1.0
CI7189,PHAN TICH DINH LUONG TRO,CI,,2,45,30,0,0,0,15,0,LECTURE,,GENERAL,1.0
CI7191,HE THONG VAN BAN PHAP LU,CI,,2,45,30,0,0,0,15,0,LECTURE,,GENERAL,1.0
CI7193,QUA?N LY? RU?I RO TRONG,CI,,2,45,30,0,0,0,15,0,LECTURE,,GENERAL,1.0
CI7195,QUAN LY KINH DOANH DOANH,CI,,2,45,30,0,0,0,15,0,LECTURE,,GENERAL,1.0
CI7197,QUAN LY THIET BI XAY DUN,CI,,2,45,30,0,0,0,15,0,LECTURE,,GENERAL,1.0
CI7199,MO HINH VA PHUONG PHAP D,CI,,3,69,33,0,0,0,36,0,LECTURE,,GENERAL,1.0
CI7201,QUAN LY RUI RO TRONG XAY,CI,,3,69,30,0,12,0,27,0,LECTURE,,GENERAL,1.0
CI7203,HE THONG GIAO THONG CONG,CI,,3,66,33,6,0,0,27,0,LECTURE,,GENERAL,1.0
CI7205,PHUONG PHAP PHAN TU HUU,CI,,3,69,33,0,0,0,36,0,LECTURE,,GENERAL,1.0
CI7207,CONG TRINH TREN DAT YEU,CI,,3,45,45,0,0,0,0,0,LECTURE,,GENERAL,1.0
CI7209,DIA CHAT CONG TRINH,CI,,2,30,30,0,0,0,0,0,LECTURE,,GENERAL,1.0
CI7211,NEN MONG,CI,,3,45,45,0,0,0,0,0,LECTURE,,GENERAL,1.0
CI7213,CO HOC DAT,CI,,4,75,45,0,30,0,0,0,LECTURE,,GENERAL,1.0
CI7215,UNG XU CUA DAT DA TRONG,CI,,2,48,21,0,0,0,27,0,LECTURE,,GENERAL,1.0
CI7217,QUAN LY KINH DOANH XAY D,CI,,3,75,30,0,0,0,45,0,LECTURE,,GENERAL,1.0
CI7219,TO CHUC LAO DONG VA NANG,CI,,2,43,21,0,10,0,12,0,LECTURE,,GENERAL,1.0
CI7221,BIM VA TIN HOC UNG DUNG,CI,,3,78,21,18,12,0,27,0,LECTURE,,GENERAL,1.0
CI7223,LY THUYET DO TIN CAY VA,CI,,3,69,33,0,0,0,36,0,LECTURE,,GENERAL,1.0
CI7225,PHAN TICH KET CAU CONG T,CI,,3,69,33,0,0,0,36,0,LECTURE,,GENERAL,1.0
CI7227,VAT LIEU VA CONG NGHE XA,CI,,3,69,33,0,0,0,36,0,LECTURE,,GENERAL,1.0
CI7229,"KIEM DINH, KHAI THAC CON",CI,,3,69,33,0,0,0,36,0,LECTURE,,GENERAL,1.0
CI7231,DANH GIA CHAT LUONG VA K,CI,,3,69,33,0,0,0,36,0,LECTURE,,GENERAL,1.0
CI7233,DUONG O TO TREN NEN DAT,CI,,3,69,33,0,0,0,36,0,LECTURE,,GENERAL,1.0
CI7235,LOGISTICS,CI,,3,66,33,6,0,0,27,0,LECTURE,,GENERAL,1.0
CI7237,PHAN TICH KHONG GIAN,CI,,4,105,30,0,30,0,45,0,LECTURE,,GENERAL,1.0
CI7239,LAP TRINH GIS,CI,,4,105,30,0,30,0,45,0,LECTURE,,GENERAL,1.0
CI7241,THONG KE KHONG GIAN,CI,,4,105,30,0,30,0,45,0,LECTURE,,GENERAL,1.0
CI7243,CO SO DU LIEU KHONG GIAN,CI,,4,105,30,0,30,0,45,0,LECTURE,,GENERAL,1.0
CI7245,TIN HOC TRONG TRAC DIA,CI,,4,105,30,30,0,0,45,0,LECTURE,,GENERAL,1.0
CI7247,HE THONG DINH VI TOAN CA,CI,,4,105,30,0,30,0,45,0,LECTURE,,GENERAL,1.0
CI7249,LUOI TRAC DIA,CI,,4,105,30,0,30,0,45,0,LECTURE,,GENERAL,1.0
CI7251,BAN DO CHUYEN DE,CI,,4,105,30,0,30,0,45,0,LECTURE,,GENERAL,1.0
CI7253,MO HINH TOAN SO HE THONG,CI,,3,69,33,0,0,0,36,0,LECTURE,,GENERAL,1.0
CI7255,DONG LUC HOC HINH THAI V,CI,,3,75,30,0,0,0,45,0,LECTURE,,GENERAL,1.0
CI7257,BAN DO TRONG MOI TRUONG,CI,,3,69,30,12,0,0,27,0,LECTURE,,GENERAL,1.0
CI7259,TRAC DIA CONG TRINH NANG,CI,,3,70,30,0,10,0,30,0,LECTURE,,GENERAL,1.0
CI7261,VIEN THAM TRONG MOI TRUO,CI,,3,75,30,0,0,0,45,0,LECTURE,,GENERAL,1.0
CI7263,VIEN THAM SIEU CAO TAN,CI,,3,69,30,0,12,0,27,0,LECTURE,,GENERAL,1.0
CI7265,CONG NGHE CHE TAO VAT LI,CI,,3,69,33,0,0,0,36,0,LECTURE,,GENERAL,1.0
CI7267,TINH TOAN HIEU CHINH DU,CI,,3,70,30,0,10,0,30,0,LECTURE,,GENERAL,1.0
CI7269,UNG DUNG GIS TRONG KINH,CI,,3,70,30,0,10,0,30,0,LECTURE,,GENERAL,1.0
CI7271,DO CAO TU VE TINH VA UNG,CI,,3,75,30,0,0,0,45,0,LECTURE,,GENERAL,1.0
CI7273,TRAC LUONG ANH NANG CAO,CI,,3,70,30,0,10,0,30,0,LECTURE,,GENERAL,1.0
CI7275,DO DAC XA BO,CI,,3,70,30,0,10,0,30,0,LECTURE,,GENERAL,1.0
CI7277,DINH VI TRONG NHA,CI,,3,70,30,0,10,0,30,0,LECTURE,,GENERAL,1.0
CI7279,QUAN LY VUNG VEN BIEN,CI,,3,75,30,0,0,0,45,0,LECTURE,,GENERAL,1.0
CI7281,TAC DONG CUA GIO LEN CON,CI,,3,63,33,12,0,0,18,0,LECTURE,,GENERAL,1.0
CI7283,PHUONG PHAP PHAN TICH CA,CI,,3,69,33,0,0,0,36,0,LECTURE,,GENERAL,1.0
CI7285,AN MON VA CHONG AN MON B,CI,,3,69,33,0,0,0,36,0,LECTURE,,GENERAL,1.0
CI7287,CONG NGHE CHE TAO BE TON,CI,,3,69,33,0,0,0,36,0,LECTURE,,GENERAL,1.0
CI7289,VAT LIEU CACH NHIET VA H,CI,,3,69,33,0,0,0,36,0,LECTURE,,GENERAL,1.0
CI7291,CONG TRINH BIEN - VEN BI,CI,,3,75,30,0,0,0,45,0,LECTURE,,GENERAL,1.0
CI7293,CAC CONG NGHE TIEN TIEN,CI,,3,75,30,0,0,0,45,0,LECTURE,,GENERAL,1.0
CI7295,PHUONG PHAP SO CONG TRIN,CI,,3,75,30,0,0,0,45,0,LECTURE,,GENERAL,1.0
CI7297,UNG DUNG GIS TRONG DANH,CI,,3,70,30,10,0,0,30,0,LECTURE,,GENERAL,1.0
CI7299,LAP BAN DO VOI UAV,CI,,3,70,30,0,10,0,30,0,LECTURE,,GENERAL,1.0
CI7301,CAU TRUC DU LIEU KHONG G,CI,,4,105,30,0,30,0,45,0,LECTURE,,GENERAL,1.0
CI7303,VIEN THAM NANG CAO,CI,,4,105,30,0,30,0,45,0,LECTURE,,GENERAL,1.0
CI7305,KY THUAT XU LY TUAN TU V,CI,,4,105,30,0,30,0,45,0,LECTURE,,GENERAL,1.0
CI7307,BE TONG CONG TRINH BIEN,CI,,3,75,30,0,0,0,45,0,LECTURE,,GENERAL,1.0
CI7309,KY THUAT QUAN TRAC BIEN,CI,,4,105,30,0,30,0,45,0,LECTURE,,GENERAL,1.0
CI7311,KY THUAT XU LY NUOC CAP,CI,,3,75,30,0,0,0,45,0,LECTURE,,GENERAL,1.0
CI7313,BIEN DOI KHI HAU VA CAC,CI,,3,75,30,0,0,0,45,0,LECTURE,,GENERAL,1.0
CO0001,CO SO TIN HOC,CO,,0,60,60,0,0,0,0,0,LECTURE,,GENERAL,1.0
CO1003,Nhập môn về Lập trình,CO,,3,150,30,0,20,0,15,0,LECTURE,CO1004,GENERAL,1.0
CO1004,NHAP MON VE LAP TRINH(TH,CO,,0,20,0,0,20,0,0,0,LAB,,GENERAL,1.0
CO1005,Nhập môn Điện toán,CO,,3,150,30,0,20,0,15,0,LECTURE,CO1006,GENERAL,1.0
CO1006,NHAP MON DIEN TOAN (TH),CO,,0,20,0,0,20,0,0,0,LAB,,GENERAL,1.0
CO1007,Cấu trúc Rời rạc cho Kho,CO,,4,200,45,0,0,0,45,0,LECTURE,,GENERAL,1.0
CO1007.PT,Cấu trúc Rời rạc cho Kho,CO,,4,200,45,0,0,0,45,0,LECTURE,,GENERAL,1.0
CO1009,HE THONG SO,CO,,4,90,30,30,30,0,0,0,LECTURE,CO1010,GENERAL,1.0
CO1010,HE THONG SO (TN),CO,,0,60,0,0,30,0,0,0,LAB,,GENERAL,1.0
CO1011,KY THUAT LAP TRINH,CO,,4,105,30,0,30,0,45,0,LECTURE,CO1012,GENERAL,1.0
CO1012,KY THUAT LAP TRINH (BT),CO,,0,30,0,0,30,0,0,0,LAB,,GENERAL,1.0
CO1013,KY THUAT LAP TRINH,CO,,3,65,30,0,20,0,15,0,LECTURE,CO1014,GENERAL,1.0
CO1014,KY THUAT LAP TRINH (TN),CO,,0,20,0,0,20,0,0,0,LAB,,GENERAL,1.0
CO1021,HETHONG DIDONG &CAM BIEN,CO,,3,63,30,24,0,0,9,0,LECTURE,CO1022,GENERAL,1.0
CO1022,H/TH DIDONG &CAM BIEN(BT,CO,,0,24,0,24,0,0,0,0,PRACTICAL,,GENERAL,1.0
CO1023,Hệ thống số,CO,,3,150,30,0,30,0,0,0,LECTURE,CO1024,GENERAL,1.0
CO1024,HE THONG SO (TN),CO,,0,30,0,0,30,0,0,0,LAB,,GENERAL,1.0
CO1025,Thiết kế Luận lý Với HDL,CO,,3,150,30,0,20,0,15,0,LECTURE,CO1026,GENERAL,1.0
CO1026,THIET KE L/LY VOI HDL(TN,CO,,0,20,0,0,20,0,0,0,LAB,,GENERAL,1.0
CO1027,Kỹ thuật Lập trình,CO,,3,150,30,0,15,0,23,0,LECTURE,CO1028,GENERAL,1.0
CO1028,KY THUAT LAP TRINH (TN),CO,,0,15,0,0,15,0,0,0,LAB,,GENERAL,1.0
CO1033,NHAP MON HE THONG SO,CO,,3,675,30,0,15,0,225,0,LECTURE,,GENERAL,1.0
CO2001,KYNANG CHNGHIEP CHO KYSU,CO,,3,150,30,0,0,0,45,0,LECTURE,,GENERAL,1.0
CO2003,Cấu trúc Dữ liệu và Giải,CO,,4,200,30,0,30,0,45,0,LECTURE,CO2004,GENERAL,1.0
CO2003.PT,Cấu trúc Dữ liệu và Giải,CO,,4,200,30,0,30,0,45,0,LECTURE,CO2004,GENERAL,1.0
CO2004,CTRUC DULIEU &G/THUAT(TH,CO,,0,30,0,0,30,0,0,0,LAB,,GENERAL,1.0
CO2004.PT,CTRUC DULIEU &G/THUAT(TH,CO,,0,30,0,0,30,0,0,0,LAB,,GENERAL,1.0
CO2005,LAP TRINH HUONG DOITUONG,CO,,4,75,45,0,30,0,0,0,LECTURE,CO2006,GENERAL,1.0
CO2006,L/TRINH HUONG D/TUONG(TH,CO,,0,30,0,0,30,0,0,0,LAB,,GENERAL,1.0
CO2007,Kiến trúc Máy tính,CO,,4,200,45,0,20,0,15,0,LECTURE,CO2008,GENERAL,1.0
CO2007.PT,Kiến trúc Máy tính,CO,,4,200,45,0,20,0,15,0,LECTURE,CO2008,GENERAL,1.0
CO2008,KIEN TRUC MAY TINH (TH,CO,,0,20,0,0,20,0,0,0,LAB,,GENERAL,1.0
CO2008.PT,KIEN TRUC MAY TINH (TH,CO,,0,20,0,0,20,0,0,0,LAB,,GENERAL,1.0
CO2009,THKE LLY VOI VERILOG,CO,,4,90,30,30,30,0,0,0,LECTURE,CO2010,GENERAL,1.0
CO2010,T/K LL VOI VERILOG (TH),CO,,0,60,0,0,30,0,0,0,LAB,,GENERAL,1.0
CO2011,Mô hình hóa Toán học,CO,,3,150,30,0,0,0,45,0,LECTURE,,GENERAL,1.0
CO2011.PT,Mô hình hóa Toán học,CO,,3,150,30,0,0,0,45,0,LECTURE,,GENERAL,1.0
CO2013,Hệ cơ sở Dữ liệu,CO,,4,200,45,0,30,0,0,0,LECTURE,CO2014,GENERAL,1.0
CO2013.PT,Hệ cơ sở Dữ liệu,CO,,4,200,45,0,30,0,0,0,LECTURE,CO2014,GENERAL,1.0
CO2014,HE CO SO DU LIEU (TN),CO,,0,30,0,0,30,0,0,0,LAB,,GENERAL,1.0
CO2014.PT,HE CO SO DU LIEU (TN),CO,,0,30,0,0,30,0,0,0,LAB,,GENERAL,1.0
CO2015,LINH KIEN & MACH DIEN TU,CO,,3,60,30,0,30,0,0,0,LECTURE,CO2016,GENERAL,1.0
CO2016,LINH KIEN & MACH DT (TN),CO,,0,30,0,0,30,0,0,0,LAB,,GENERAL,1.0
CO2017,Hệ điều hành,CO,,3,150,30,0,20,0,15,0,LECTURE,CO2018,GENERAL,1.0
CO2017.PT,Hệ điều hành,CO,,3,150,30,0,20,0,15,0,LECTURE,CO2018,GENERAL,1.0
CO2018,HE DIEU HANH (TN),CO,,0,20,0,0,20,0,0,0,LAB,,GENERAL,1.0
CO2018.PT,HE DIEU HANH (TN),CO,,0,20,0,0,20,0,0,0,LAB,,GENERAL,1.0
CO2019,THUCTAP PHANCUNG MAYTINH,CO,,2,60,0,0,60,0,0,0,LAB,,GENERAL,1.0
CO2025,TIN HOC QUAN LY,CO,,4,75,45,0,30,0,0,0,LECTURE,CO2026,GENERAL,1.0
CO2026,TIN HOC QUAN LY (TN),CO,,0,30,0,0,30,0,0,0,LAB,,GENERAL,1.0
CO2027,THIET KE WEB,CO,,4,75,45,0,30,0,0,0,LECTURE,,GENERAL,1.0
CO2028,THIET KE WEB (TN),CO,,0,30,0,0,30,0,0,0,LAB,,GENERAL,1.0
CO2029,XU LY TIN HIEU SO,CO,,4,75,45,0,30,0,0,0,LECTURE,CO2030,GENERAL,1.0
CO2030,XU LY TIN HIEU SO (TN),CO,,0,30,0,0,30,0,0,0,LAB,,GENERAL,1.0
CO2031,KY THUAT TRUYEN SO LIEU,CO,,3,60,30,0,30,0,0,0,LECTURE,CO2032,GENERAL,1.0
CO2032,KT TRUYEN SO LIEU (TN),CO,,0,30,0,0,30,0,0,0,LAB,,GENERAL,1.0
CO2033,THIET KE LLY VOI VERILOG,CO,,3,60,30,18,12,0,0,0,LECTURE,CO2034,GENERAL,1.0
CO2034,T/KE LLY VOI VERILOG(TN),CO,,0,30,0,0,12,0,0,0,LAB,,GENERAL,1.0
CO2035,Xử lý Tín hiệu số,CO,,3,150,30,0,30,0,0,0,LECTURE,CO2036,GENERAL,1.0
CO2035.PT,Xử lý Tín hiệu số,CO,,3,150,30,0,30,0,0,0,LECTURE,CO2036,GENERAL,1.0
CO2036,XU LY TIN HIEU SO (TN),CO,,0,30,0,0,30,0,0,0,LAB,,GENERAL,1.0
CO2036.PT,XU LY TIN HIEU SO (TN),CO,,0,30,0,0,30,0,0,0,LAB,,GENERAL,1.0
CO2037,Mạch Điện - Điện tử,CO,,4,200,30,0,30,0,45,0,LECTURE,CO2038,GENERAL,1.0
CO2038,MACH DIEN - DIEN TU (TN),CO,,0,30,0,0,30,0,0,0,LAB,,GENERAL,1.0
CO2039,Lập trình Nâng cao,CO,,3,150,30,0,15,0,23,0,LECTURE,CO2040,GENERAL,1.0
CO2040,LAP TRINH NANG CAO(BT),CO,,0,15,0,0,15,0,0,0,LAB,,GENERAL,1.0
CO2103,Mạch điện - điện tử,CO,,3,150,30,0,20,0,15,0,LECTURE,CO2104,GENERAL,1.0
CO2103.PT,Mạch điện - điện tử,CO,,3,150,30,0,20,0,15,0,LECTURE,CO2104,GENERAL,1.0
CO2104,MACH DIEN - DIEN TU (TN),CO,,0,20,0,0,20,0,0,0,LAB,,GENERAL,1.0
CO2104.PT,MACH DIEN - DIEN TU (TN),CO,,0,20,0,0,20,0,0,0,LAB,,GENERAL,1.0
CO2105,HOC MAY VA PHAN TICH DU,CO,,3,150,30,0,0,0,45,0,LECTURE,,GENERAL,1.0
CO3001,Công nghệ Phần mềm,CO,,3,150,30,0,0,0,45,0,LECTURE,,GENERAL,1.0
CO3001.PT,Công nghệ Phần mềm,CO,,3,150,30,0,0,0,45,0,LECTURE,,GENERAL,1.0
CO3002,CONG NGHE PHAN MEM(BT),CO,,0,10,0,10,0,0,0,0,PRACTICAL,,GENERAL,1.0
CO3003,MANG MAY TINH,CO,,4,80,45,0,20,0,15,0,LECTURE,CO3004,GENERAL,1.0
CO3004,MANG MAY TINH (TN),CO,,0,20,0,0,20,0,0,0,LAB,,GENERAL,1.0
CO3005,Nguyên lý Ngôn ngữ Lập t,CO,,4,200,45,0,0,0,45,0,LECTURE,,GENERAL,1.0
CO3007,Đánh giá Hiệu năng Hệ th,CO,,3,150,30,0,0,0,45,0,LECTURE,,GENERAL,1.0
CO3007.PT,Đánh giá Hiệu năng Hệ th,CO,,3,150,30,0,0,0,45,0,LECTURE,,GENERAL,1.0
CO3009,Vi xử lý - Vi điều khiển,CO,,3,150,30,0,30,0,0,0,LECTURE,CO3010,GENERAL,1.0
CO3009.PT,Vi xử lý - Vi điều khiển,CO,,3,150,30,0,30,0,0,0,LECTURE,CO3010,GENERAL,1.0
CO3010,VI XU LY - VI DK (TN),CO,,0,30,0,0,30,0,0,0,LAB,,GENERAL,1.0
CO3010.PT,VI XU LY - VI DK (TN),CO,,0,30,0,0,30,0,0,0,LAB,,GENERAL,1.0
CO3011,Quản lý Dự án Phần mềm,CO,,3,150,30,0,0,0,45,0,LECTURE,,GENERAL,1.0
CO3011.PT,Quản lý Dự án Phần mềm,CO,,3,150,30,0,0,0,45,0,LECTURE,,GENERAL,1.0
CO3012,Q/LY DU AN PHAN MEM (TN),CO,,0,12,0,12,0,0,0,0,PRACTICAL,,GENERAL,1.0
CO3013,X/DUNG CHUONG TRINH DICH,CO,,3,150,30,0,0,0,45,0,LECTURE,,GENERAL,1.0
CO3013.PT,X/DUNG CHUONG TRINH DICH,CO,,3,150,30,0,0,0,45,0,LECTURE,,GENERAL,1.0
CO3015,Kiểm tra Phần mềm,CO,,3,150,30,0,0,0,45,0,LECTURE,,GENERAL,1.0
CO3015.PT,Kiểm tra Phần mềm,CO,,3,150,30,0,0,0,45,0,LECTURE,,GENERAL,1.0
CO3017,Kiến trúc Phần mềm,CO,,3,150,30,0,0,0,45,0,LECTURE,,GENERAL,1.0
CO3017.PT,Kiến trúc Phần mềm,CO,,3,150,30,0,0,0,45,0,LECTURE,,GENERAL,1.0
CO3018,KIEN TRUC PHAN MEM (TN),CO,,0,10,0,10,0,0,0,0,PRACTICAL,,GENERAL,1.0
CO3021,Hệ Quản trị Cơ sở Dữ Liệ,CO,,3,150,30,0,0,0,45,0,LECTURE,,GENERAL,1.0
CO3021.PT,Hệ Quản trị Cơ sở Dữ Liệ,CO,,3,150,30,0,0,0,45,0,LECTURE,,GENERAL,1.0
CO3023,C/SO DULIEU PHANTAN &HDT,CO,,3,75,30,0,0,0,45,0,LECTURE,,GENERAL,1.0
CO3023.PT,C/SO DULIEU PHANTAN &HDT,CO,,3,75,30,0,0,0,45,0,LECTURE,,GENERAL,1.0
CO3025,PHAN TICH VA THIET KE HT,CO,,4,90,45,0,0,0,45,0,LECTURE,,GENERAL,1.0
CO3027,Thương mại Điện tử,CO,,3,150,30,0,0,0,45,0,LECTURE,,GENERAL,1.0
CO3027.PT,Thương mại Điện tử,CO,,3,150,30,0,0,0,45,0,LECTURE,,GENERAL,1.0
CO3028,THUONG MAI DIEN TU (TN),CO,,0,30,0,0,30,0,0,0,LAB,,GENERAL,1.0
CO3029,Khai phá Dữ liệu,CO,,3,150,30,0,0,0,45,0,LECTURE,,GENERAL,1.0
CO3029.PT,Khai phá Dữ liệu,CO,,3,150,30,0,0,0,45,0,LECTURE,,GENERAL,1.0
CO3031,PHAN TICH VA THIET KE GT,CO,,3,150,30,0,0,0,45,0,LECTURE,,GENERAL,1.0
CO3031.PT,PHAN TICH VA THIET KE GT,CO,,3,150,30,0,0,0,45,0,LECTURE,,GENERAL,1.0
CO3033,Bảo mật Hệ thống Thông t,CO,,3,150,30,14,0,0,24,0,LECTURE,CO3034,GENERAL,1.0
CO3033.PT,Bảo mật Hệ thống Thông t,CO,,3,150,30,14,0,0,24,0,LECTURE,CO3034,GENERAL,1.0
CO3034,BAOMAT HE THONG T/TIN(TN,CO,,0,30,0,14,0,0,0,0,LAB,,GENERAL,1.0
CO3034.PT,BAOMAT HE THONG T/TIN(TN,CO,,0,30,0,14,0,0,0,0,LAB,,GENERAL,1.0
CO3035,Hệ thời gian thực,CO,,3,150,30,0,20,0,15,0,LECTURE,CO3036,GENERAL,1.0
CO3035.PT,Hệ thời gian thực,CO,,3,150,30,0,20,0,15,0,LECTURE,CO3036,GENERAL,1.0
CO3036,HE THOI GIAN THUC (BT),CO,,0,30,0,0,30,0,0,0,LAB,,GENERAL,1.0
CO3036.PT,HE THOI GIAN THUC (BT),CO,,0,30,0,0,30,0,0,0,LAB,,GENERAL,1.0
CO3037,Phát triển ?ng dụng Inte,CO,,3,150,30,0,20,0,15,0,LECTURE,CO3038,GENERAL,1.0
CO3037.PT,Phát triển ?ng dụng Inte,CO,,3,150,30,0,20,0,15,0,LECTURE,CO3038,GENERAL,1.0
CO3038,PT UD INTER.OF THINGS(TN,CO,,0,20,0,0,20,0,0,0,LAB,,GENERAL,1.0
CO3038.PT,PT UD INTER.OF THINGS(TN,CO,,0,20,0,0,20,0,0,0,LAB,,GENERAL,1.0
CO3039,U/DUNG HE THONG NHUNG NC,CO,,3,65,30,0,20,0,15,0,LECTURE,CO3040,GENERAL,1.0
CO3040,U/D H/T NHUNG N/CAO (TH),CO,,0,20,0,0,20,0,0,0,LAB,,GENERAL,1.0
CO3041,Hệ thống Thông minh,CO,,3,150,30,0,0,0,45,0,LECTURE,,GENERAL,1.0
CO3041.PT,Hệ thống Thông minh,CO,,3,150,30,0,0,0,45,0,LECTURE,,GENERAL,1.0
CO3042,HE THONG THONG MINH,CO,,0,30,0,0,30,0,0,0,LAB,,GENERAL,1.0
CO3043,Phát triển ?ng dụng trên,CO,,3,150,30,10,0,0,30,0,LECTURE,CO3044,GENERAL,1.0
CO3043.PT,Phát triển ?ng dụng trên,CO,,3,150,30,10,0,0,30,0,LECTURE,CO3044,GENERAL,1.0
CO3044,PHAT TRIEN UD TREN TBDD,CO,,0,10,0,10,0,0,0,0,PRACTICAL,,GENERAL,1.0
CO3044.PT,PHAT TRIEN UD TREN TBDD,CO,,0,10,0,10,0,0,0,0,PRACTICAL,,GENERAL,1.0
CO3045,Lập trình Game,CO,,3,150,30,0,0,0,45,0,LECTURE,,GENERAL,1.0
CO3045.PT,Lập trình Game,CO,,3,150,30,0,0,0,45,0,LECTURE,,GENERAL,1.0
CO3047,MANG MAY TINH NANG CAO,CO,,3,150,30,0,20,0,15,0,LECTURE,CO3048,GENERAL,1.0
CO3047.PT,MANG MAY TINH NANG CAO,CO,,3,150,30,0,20,0,15,0,LECTURE,CO3048,GENERAL,1.0
CO3048,MANG MAY TINH NANGCAO(TN,CO,,0,20,0,0,20,0,0,0,LAB,,GENERAL,1.0
CO3048.PT,MANG MAY TINH NANGCAO(TN,CO,,0,20,0,0,20,0,0,0,LAB,,GENERAL,1.0
CO3049,Lập trình Web,CO,,3,150,30,0,20,0,15,0,LECTURE,CO3050,GENERAL,1.0
CO3049.PT,Lập trình Web,CO,,3,150,30,0,20,0,15,0,LECTURE,CO3050,GENERAL,1.0
CO3050,LAP TRINH WEB (TN),CO,,0,20,0,0,20,0,0,0,LAB,,GENERAL,1.0
CO3050.PT,LAP TRINH WEB (TN),CO,,0,20,0,0,20,0,0,0,LAB,,GENERAL,1.0
CO3051,Hệ thống thiết bị di độn,CO,,3,150,30,0,20,0,15,0,LECTURE,CO3052,GENERAL,1.0
CO3051.PT,Hệ thống thiết bị di độn,CO,,3,150,30,0,20,0,15,0,LECTURE,CO3052,GENERAL,1.0
CO3052,H/THONG THIETBI DD (TN),CO,,0,20,0,0,20,0,0,0,LAB,,GENERAL,1.0
CO3052.PT,H/THONG THIETBI DD (TN),CO,,0,20,0,0,20,0,0,0,LAB,,GENERAL,1.0
CO3053,Hệ thống nhúng,CO,,3,150,30,0,15,0,23,0,LECTURE,CO3054,GENERAL,1.0
CO3053.PT,Hệ thống nhúng,CO,,3,150,30,0,15,0,23,0,LECTURE,CO3054,GENERAL,1.0
CO3054,HE THONG NHUNG (TN),CO,,0,15,0,0,15,0,0,0,LAB,,GENERAL,1.0
CO3054.PT,HE THONG NHUNG (TN),CO,,0,15,0,0,15,0,0,0,LAB,,GENERAL,1.0
CO3057,Xử lý ?nh số và Thị giác,CO,,3,150,30,0,0,0,45,0,LECTURE,,GENERAL,1.0
CO3057.PT,Xử lý ?nh số và Thị giác,CO,,3,150,30,0,0,0,45,0,LECTURE,,GENERAL,1.0
CO3058,XL ANH SO &THIGIAC MT(TN,CO,,0,30,0,0,30,0,0,0,LAB,,GENERAL,1.0
CO3059,Đồ họa Máy tính,CO,,3,150,30,0,0,0,45,0,LECTURE,,GENERAL,1.0
CO3059.PT,Đồ họa Máy tính,CO,,3,150,30,0,0,0,45,0,LECTURE,,GENERAL,1.0
CO3060,DO HOA MAY TINH (TN),CO,,0,30,0,0,30,0,0,0,LAB,,GENERAL,1.0
CO3061.GV,Nhập môn Trí tuệ Nhân tạ,CO,,3,150,30,0,0,0,45,0,LECTURE,,GENERAL,1.0
CO3061,Nhập môn Trí tuệ Nhân tạ,CO,,3,150,30,0,0,0,45,0,LECTURE,,GENERAL,1.0
CO3061.PT,Nhập môn Trí tuệ Nhân tạ,CO,,3,150,30,0,0,0,45,0,LECTURE,,GENERAL,1.0
CO3065,Công nghệ Phần mềm Nâng,CO,,3,150,30,0,0,0,45,0,LECTURE,,GENERAL,1.0
CO3065.PT,Công nghệ Phần mềm Nâng,CO,,3,150,30,0,0,0,45,0,LECTURE,,GENERAL,1.0
CO3066,C/NGHE P/MEM NANG CAO(TN,CO,,0,30,0,0,30,0,0,0,LAB,,GENERAL,1.0
CO3067,Tính toán Song song,CO,,3,150,30,0,20,0,15,0,LECTURE,CO3068,GENERAL,1.0
CO3067.PT,Tính toán Song song,CO,,3,150,30,0,20,0,15,0,LECTURE,CO3068,GENERAL,1.0
CO3068,TINH TOAN SONG SONG (TN),CO,,0,20,0,0,20,0,0,0,LAB,,GENERAL,1.0
CO3068.PT,TINH TOAN SONG SONG (TN),CO,,0,20,0,0,20,0,0,0,LAB,,GENERAL,1.0
CO3069,Mật mã và An ninh mạng,CO,,3,150,30,0,20,0,15,0,LECTURE,CO3070,GENERAL,1.0
CO3069.PT,Mật mã và An ninh mạng,CO,,3,150,30,0,20,0,15,0,LECTURE,CO3070,GENERAL,1.0
CO3070,MAT MA &AN NINH MANG(TN),CO,,0,20,0,0,20,0,0,0,LAB,,GENERAL,1.0
CO3070.PT,MAT MA &AN NINH MANG(TN),CO,,0,20,0,0,20,0,0,0,LAB,,GENERAL,1.0
CO3071,Hệ phân bố,CO,,3,150,30,0,20,0,15,0,LECTURE,CO3072,GENERAL,1.0
CO3071.PT,Hệ phân bố,CO,,3,150,30,0,20,0,15,0,LECTURE,CO3072,GENERAL,1.0
CO3072,HE PHAN BO (TN),CO,,0,20,0,0,20,0,0,0,LAB,,GENERAL,1.0
CO3072.PT,HE PHAN BO (TN),CO,,0,20,0,0,20,0,0,0,LAB,,GENERAL,1.0
CO3077,LAP TRINH UNG DUNG CSDL,CO,,4,75,45,0,30,0,0,0,LECTURE,CO3078,GENERAL,1.0
CO3078,L/TRINH UNG DUNG CSDL(TN,CO,,0,30,0,0,30,0,0,0,LAB,,GENERAL,1.0
CO3079,QUAN TRI MANG,CO,,4,75,45,0,30,0,0,0,LECTURE,CO3080,GENERAL,1.0
CO3080,QUAN TRI MANG (TN),CO,,0,30,0,0,30,0,0,0,LAB,,GENERAL,1.0
CO3081,DO HOA UNG DUNG,CO,,3,60,30,0,30,0,0,0,LECTURE,CO3082,GENERAL,1.0
CO3082,DO HOA UNG DUNG (TN),CO,,0,30,0,0,30,0,0,0,LAB,,GENERAL,1.0
CO3083,MAT MA HOC VA MA HOA TT,CO,,3,150,30,0,30,0,0,0,LECTURE,CO3084,GENERAL,1.0
CO3083.PT,MAT MA HOC VA MA HOA TT,CO,,3,150,30,0,30,0,0,0,LECTURE,CO3084,GENERAL,1.0
CO3084,MAT MA HOC &MA HOA TT(TN,CO,,0,30,0,0,30,0,0,0,LAB,,GENERAL,1.0
CO3084.PT,MAT MA HOC &MA HOA TT(TN,CO,,0,30,0,0,30,0,0,0,LAB,,GENERAL,1.0
CO3085,Xử lý Ngôn ngữ Tự nhiên,CO,,3,150,30,0,0,0,45,0,LECTURE,,GENERAL,1.0
CO3085.PT,Xử lý Ngôn ngữ Tự nhiên,CO,,3,150,30,0,0,0,45,0,LECTURE,,GENERAL,1.0
CO3086,XU LY NN TU NHIEN (BT),CO,,0,30,0,30,0,0,0,0,PRACTICAL,,GENERAL,1.0
CO3089,Những Chủ đề Nâng cao tr,CO,,3,150,30,0,0,0,45,0,LECTURE,,GENERAL,1.0
CO3089.PT,Những Chủ đề Nâng cao tr,CO,,3,150,30,0,0,0,45,0,LECTURE,,GENERAL,1.0
CO3093,Mạng máy tính,CO,,3,150,30,0,20,0,15,0,LECTURE,CO3094,GENERAL,1.0
CO3093.PT,Mạng máy tính,CO,,3,150,30,0,20,0,15,0,LECTURE,CO3094,GENERAL,1.0
CO3094,MANG MAY TINH (TN),CO,,0,20,0,0,20,0,0,0,LAB,,GENERAL,1.0
CO3094.PT,MANG MAY TINH (TN),CO,,0,20,0,0,20,0,0,0,LAB,,GENERAL,1.0
CO3097,Thiết kế Vi mạch,CO,,3,150,30,0,20,0,15,0,LECTURE,CO3098,GENERAL,1.0
CO3098,THIET KE VI MACH (TN),CO,,0,20,0,0,20,0,0,0,LAB,,GENERAL,1.0
CO3113,THIET KE LUANLY NANG CAO,CO,,3,60,30,0,30,0,0,0,LECTURE,,GENERAL,1.0
CO3114,THIET KE L/L NANG CAO(TN,CO,,0,30,0,0,30,0,0,0,LAB,,GENERAL,1.0
CO3115,Phân tích và Thiết kế Hệ,CO,,3,150,30,10,0,0,30,0,LECTURE,CO3116,GENERAL,1.0
CO3115.PT,Phân tích và Thiết kế Hệ,CO,,3,150,30,10,0,0,30,0,LECTURE,CO3116,GENERAL,1.0
CO3116,PHAN TICH VA THIET KE HT,CO,,0,10,0,10,0,0,0,0,PRACTICAL,,GENERAL,1.0
CO3116.PT,PHAN TICH VA THIET KE HT,CO,,0,10,0,10,0,0,0,0,PRACTICAL,,GENERAL,1.0
CO3117.GV,Học máy,CO,,3,150,30,0,0,0,45,0,LECTURE,,GENERAL,1.0
CO3117,Học máy,CO,,3,150,30,0,0,0,45,0,LECTURE,,GENERAL,1.0
CO3117.PT,Học máy,CO,,3,150,30,0,0,0,45,0,LECTURE,,GENERAL,1.0
CO3123,UD CNTT TRONG XULY SLMT,CO,,3,75,30,0,0,0,45,0,LECTURE,,GENERAL,1.0
CO3125,XU LY TIN HIEU SO,CO,,3,60,30,0,30,0,0,0,LECTURE,,GENERAL,1.0
CO3126,XU LY TIN HIEU SO (TN),CO,,0,30,0,0,30,0,0,0,LAB,,GENERAL,1.0
CO3129,Bảo mật Phần mềm,CO,,3,150,30,0,0,0,45,0,LECTURE,CO3130,GENERAL,1.0
CO3131,Công nghệ Phần mềm thế h,CO,,3,150,30,10,0,0,30,0,LECTURE,,GENERAL,1.0
CO3133,Học sâu và ?ng dụng,CO,,3,150,30,0,0,0,45,0,LECTURE,,GENERAL,1.0
CO3135,Lập trình cho Trí tuệ nh,CO,,3,150,30,0,0,0,45,0,LECTURE,,GENERAL,1.0
CO3137,Dữ liệu lớn,CO,,3,150,30,0,20,0,15,0,LECTURE,CO3138,GENERAL,1.0
CO3138,DU LIEU LON (BT),CO,,0,20,0,0,20,0,0,0,LAB,,GENERAL,1.0
CO3139,Chuyển đổi số,CO,,3,150,30,0,0,0,45,0,LECTURE,,GENERAL,1.0
CO3141,Điện toán đám mây,CO,,3,150,30,0,0,0,45,0,LECTURE,,GENERAL,1.0
CO3141.PT,Điện toán đám mây,CO,,3,150,30,0,0,0,45,0,LECTURE,,GENERAL,1.0
CO3143,Giới thiệu hệ thống trên,CO,,3,150,30,0,20,0,15,0,LECTURE,CO3144,GENERAL,1.0
CO3143.PT,Giới thiệu hệ thống trên,CO,,3,150,30,0,20,0,15,0,LECTURE,CO3144,GENERAL,1.0
CO3144,GTHIEU HE THONG TREN CHI,CO,,0,20,0,0,20,0,0,0,LAB,,GENERAL,1.0
CO3144.PT,GTHIEU HE THONG TREN CHI,CO,,0,20,0,0,20,0,0,0,LAB,,GENERAL,1.0
CO3145,Thiết kế luận lý với HDL,CO,,3,150,30,0,20,0,15,0,LECTURE,CO3146,GENERAL,1.0
CO3145.PT,Thiết kế luận lý với HDL,CO,,3,150,30,0,20,0,15,0,LECTURE,CO3146,GENERAL,1.0
CO3146,THIET KE LUAN LY VOI HDL,CO,,0,20,0,0,20,0,0,0,LAB,,GENERAL,1.0
CO3146.PT,THIET KE LUAN LY VOI HDL,CO,,0,20,0,0,20,0,0,0,LAB,,GENERAL,1.0
CO3147,THIET KE VI MACH NANG CA,CO,,3,150,30,0,20,0,15,0,LECTURE,CO3148,GENERAL,1.0
CO3147.PT,THIET KE VI MACH NANG CA,CO,,3,150,30,0,20,0,15,0,LECTURE,CO3148,GENERAL,1.0
CO3148,THIET KE VI MACH NANG CA,CO,,0,20,0,0,20,0,0,0,LAB,,GENERAL,1.0
CO3148.PT,THIET KE VI MACH NANG CA,CO,,0,20,0,0,20,0,0,0,LAB,,GENERAL,1.0
CO3149,Tổng hợp luận lý vi mạch,CO,,3,150,30,0,20,0,15,0,LECTURE,CO3150,GENERAL,1.0
CO3149.PT,Tổng hợp luận lý vi mạch,CO,,3,150,30,0,20,0,15,0,LECTURE,CO3150,GENERAL,1.0
CO3150,TONG HOP LUAN LY VI MACH,CO,,0,20,0,0,20,0,0,0,LAB,,GENERAL,1.0
CO3150.PT,TONG HOP LUAN LY VI MACH,CO,,0,20,0,0,20,0,0,0,LAB,,GENERAL,1.0
CO3151,Quản trị mạng,CO,,3,150,30,0,20,0,15,0,LECTURE,,GENERAL,1.0
CO3153,Đánh giá an toàn mạng má,CO,,3,150,30,0,20,0,15,0,LECTURE,CO3154,GENERAL,1.0
CO3154,DANH GIA AN TOAN MANG MA,CO,,0,20,0,0,20,0,0,0,LAB,,GENERAL,1.0
CO4001,T/KE VI MACH VLSI VOI MT,CO,,3,60,30,0,30,0,0,0,LECTURE,CO4002,GENERAL,1.0
CO4002,TK VI MACH VLSIVOIMT(TN),CO,,0,30,0,0,30,0,0,0,LAB,,GENERAL,1.0
CO4003,THIET KE LUANLY NANG CAO,CO,,3,60,30,0,30,0,0,0,LECTURE,CO4004,GENERAL,1.0
CO4004,THIET KE LUANLY NC (TN),CO,,0,30,0,0,30,0,0,0,LAB,,GENERAL,1.0
CO4005,TONG HOP LUAN LY VI MACH,CO,,3,60,30,0,30,0,0,0,LECTURE,CO4006,GENERAL,1.0
CO4006,TONG HOP LUAN LY VM(TN),CO,,0,30,0,0,30,0,0,0,LAB,,GENERAL,1.0
CO4009,TOAN ROI RAC,CO,,4,75,45,0,30,0,0,0,LECTURE,,GENERAL,1.0
CO4010,TOAN ROI RAC (TN),CO,,0,30,0,0,30,0,0,0,LAB,,GENERAL,1.0
CO4011,KIEM TRA THU PHAM MEM,CO,,3,75,30,0,0,0,45,0,LECTURE,,GENERAL,1.0
CO4012,KIEM TRA THU PHAM MEM(TN,CO,,0,30,0,0,30,0,0,0,LAB,,GENERAL,1.0
CO4013,LAP TRINH MANG,CO,,4,75,45,30,0,0,0,0,LECTURE,CO4014,GENERAL,1.0
CO4014,LAP TRINH MANG (BT),CO,,0,30,0,30,0,0,0,0,PRACTICAL,,GENERAL,1.0
CO4015,CONG NGHE XML & U.DUNG,CO,,4,200,45,0,0,0,45,0,LECTURE,,GENERAL,1.0
CO4016,CONG NGHE XML &U.DUNG(TN,CO,,0,30,0,0,30,0,0,0,LAB,,GENERAL,1.0
CO4017,AN NINH MANG,CO,,4,75,45,0,30,0,0,0,LECTURE,CO4018,GENERAL,1.0
CO4018,AN NINH MANG (TN),CO,,0,30,0,0,30,0,0,0,LAB,,GENERAL,1.0
CO4019,CONG NGHE JAVA,CO,,4,75,45,0,30,0,0,0,LECTURE,CO4020,GENERAL,1.0
CO4020,CONG NGHE JAVA (TN),CO,,0,30,0,0,30,0,0,0,LAB,,GENERAL,1.0
CO4023,THIET KE VI MACH ASIC,CO,,3,60,30,0,30,0,0,0,LECTURE,CO4024,GENERAL,1.0
CO4024,THIET KE VMACH ASIC(TN),CO,,0,30,0,0,30,0,0,0,LAB,,GENERAL,1.0
CO4025,MANG XA HOI & THONG TIN,CO,,3,75,30,0,0,0,45,0,LECTURE,,GENERAL,1.0
CO4025.PT,MANG XA HOI & THONG TIN,CO,,3,75,30,0,0,0,45,0,LECTURE,,GENERAL,1.0
CO4027,HOC MAY,CO,,3,75,30,0,0,0,45,0,LECTURE,,GENERAL,1.0
CO4031,Kho dữ Liệu và Hệ hỗ trợ,CO,,3,150,30,0,0,0,45,0,LECTURE,,GENERAL,1.0
CO4031.PT,Kho dữ Liệu và Hệ hỗ trợ,CO,,3,150,30,0,0,0,45,0,LECTURE,,GENERAL,1.0
CO4032,KHO DL &HE HO TRO QD(BT),CO,,0,10,0,10,0,0,0,0,PRACTICAL,,GENERAL,1.0
CO4033,Phân tích Dữ liệu lớn và,CO,,3,150,30,0,0,0,45,0,LECTURE,,GENERAL,1.0
CO4033.PT,Phân tích Dữ liệu lớn và,CO,,3,150,30,0,0,0,45,0,LECTURE,,GENERAL,1.0
CO4035,Hệ hoạch Định tài Nguyên,CO,,3,150,30,0,0,0,45,0,LECTURE,,GENERAL,1.0
CO4035.PT,Hệ hoạch Định tài Nguyên,CO,,3,150,30,0,0,0,45,0,LECTURE,,GENERAL,1.0
CO4037,Hệ thống thông tin quản,CO,,3,150,30,0,0,0,45,0,LECTURE,,GENERAL,1.0
CO4037.PT,Hệ thống thông tin quản,CO,,3,150,30,0,0,0,45,0,LECTURE,,GENERAL,1.0
CO4039,Bảo mật sinh trắc,CO,,3,150,30,0,0,0,45,0,LECTURE,,GENERAL,1.0
CO4039.PT,Bảo mật sinh trắc,CO,,3,150,30,0,0,0,45,0,LECTURE,,GENERAL,1.0
CO5075,PHAT TRIEN UNG DUNG IOT,CO,,3,75,30,0,0,0,45,0,LECTURE,,GENERAL,1.0
CO5077,BAO MAT PHAN MEM,CO,,3,75,30,0,0,0,45,0,LECTURE,,GENERAL,1.0
CO5079,PHAT TRIEN PHAN MEM CHO,CO,,3,72,30,6,0,0,36,0,LECTURE,,GENERAL,1.0
CO5081,KIEM THU PHAN MEM,CO,,3,75,30,0,0,0,45,0,LECTURE,,GENERAL,1.0
CO5083,PHAN TICH MA DOC,CO,,3,75,30,0,0,0,45,0,LECTURE,,GENERAL,1.0
CO5085,HOC SAU VA UNG DUNG TRON,CO,,3,75,30,0,0,0,45,0,LECTURE,,GENERAL,1.0
CO5087,CACH TIEP CAN HIEN DAI T,CO,,3,75,30,0,0,0,45,0,LECTURE,,GENERAL,1.0
CO5089,CACH TIEP CAN HIEN DAI T,CO,,3,75,30,0,0,0,45,0,LECTURE,,GENERAL,1.0
CO5091,GIAO TIEP TRONG PHAT TRI,CO,,3,75,30,0,0,0,45,0,LECTURE,,GENERAL,1.0
CO5093,AN NINH CHO CAC NEN TANG,CO,,3,75,30,0,0,0,45,0,LECTURE,,GENERAL,1.0
CO5095,KIEN TRUC HE THONG HIEN,CO,,3,72,30,6,0,0,36,0,LECTURE,,GENERAL,1.0
CO5097,CO SO TOAN CHO KHOA HOC,CO,,3,69,30,12,0,0,27,0,LECTURE,,GENERAL,1.0
CO5099,UNG DUNG CONG NGHE THONG,CO,,3,75,30,0,0,0,45,0,LECTURE,,GENERAL,1.0
CO5103,DO AN HE THONG THONG TIN,CO,,3,90,0,0,90,0,0,0,LAB,,GENERAL,1.0
CO5105,QUAN LY QUI TRINH NGHIEP,CO,,3,75,30,0,0,0,45,0,LECTURE,,GENERAL,1.0
CO5111,HE THONG THONG TIN QUAN,CO,,3,75,30,0,0,0,45,0,LECTURE,,GENERAL,1.0
CO5113,KHO DU LIEU VA HE HO TRO,CO,,3,75,30,0,0,0,45,0,LECTURE,,GENERAL,1.0
CO5115,GIAI THUAT NANG CAO,CO,,3,75,30,0,0,0,45,0,LECTURE,,GENERAL,1.0
CO5117,KHAI PHA DU LIEU,CO,,3,72,30,6,0,0,36,0,LECTURE,,GENERAL,1.0
CO5119,HE THONG THONG MINH,CO,,3,75,30,0,0,0,45,0,LECTURE,,GENERAL,1.0
CO5121,LAP TRINH LOGIC VA RANG,CO,,3,75,30,0,0,0,45,0,LECTURE,,GENERAL,1.0
CO5123,TINH TOAN HE THONG KHA C,CO,,3,75,30,0,0,0,45,0,LECTURE,,GENERAL,1.0
CO5125,XU LY NGON NGU TU NHIEN,CO,,3,75,30,0,0,0,45,0,LECTURE,,GENERAL,1.0
CO5127,PHUONG PHAP THIET KE VI,CO,,3,69,30,12,0,0,27,0,LECTURE,,GENERAL,1.0
CO5129,PHAN TICH CHUONG TRINH,CO,,3,75,30,0,0,0,45,0,LECTURE,,GENERAL,1.0
CO5131,HE THOI GIAN THUC,CO,,3,69,30,12,0,0,27,0,LECTURE,,GENERAL,1.0
CO5133,TINH TOAN SONG SONG,CO,,3,75,30,0,0,0,45,0,LECTURE,,GENERAL,1.0
CO5135,DU LIEU LON,CO,,3,75,30,0,0,0,45,0,LECTURE,,GENERAL,1.0
CO5137,AN NINH MANG,CO,,3,75,30,0,0,0,45,0,LECTURE,,GENERAL,1.0
CO5139,KHOA HOC DU LIEU,CO,,3,75,30,0,0,0,45,0,LECTURE,,GENERAL,1.0
CO5141,HE KINH DOANH DIEN TU,CO,,3,75,30,0,0,0,45,0,LECTURE,,GENERAL,1.0
CO5143,BAO MAT THONG TIN CHO NH,CO,,3,75,30,0,0,0,45,0,LECTURE,,GENERAL,1.0
CO5145,NHUNG CHU DE MOI TRONG H,CO,,3,75,30,0,0,0,45,0,LECTURE,,GENERAL,1.0
CO5147,KHOA HOC QUAN LY UNG DUN,CO,,3,75,30,0,0,0,45,0,LECTURE,,GENERAL,1.0
CO5149,DIEU KHIEN VA GIAM SAT C,CO,,3,75,30,0,0,0,45,0,LECTURE,,GENERAL,1.0
CO5151,CONG NGHE PHAN MEM THE H,CO,,3,69,30,12,0,0,27,0,LECTURE,,GENERAL,1.0
CO5155,KHO DU LIEU VA HE HO TRO,CO,,3,75,30,0,0,0,45,0,LECTURE,,GENERAL,1.0
CO5157,BAO MAT CO SO DU LIEU,CO,,3,75,30,0,0,0,45,0,LECTURE,,GENERAL,1.0
CO5159,"CAC VAN DE VE LUAT PHAP,",CO,,3,75,30,0,0,0,45,0,LECTURE,,GENERAL,1.0
CO5161,MAT MA HOC ?NG DUNG,CO,,3,75,30,0,0,0,45,0,LECTURE,,GENERAL,1.0
CO5165,QUAN LY DU LIEU DOANH NG,CO,,3,75,30,0,0,0,45,0,LECTURE,,GENERAL,1.0
CO5167,TRI TUE KINH DOANH,CO,,3,75,30,0,0,0,45,0,LECTURE,,GENERAL,1.0
CO5169,DICH VU HE THONG THONG T,CO,,3,75,30,0,0,0,45,0,LECTURE,,GENERAL,1.0
CO5171,HE THONG THONG TIN QUAN,CO,,3,75,30,0,0,0,45,0,LECTURE,,GENERAL,1.0
CO5173,KY THUAT DU LIEU,CO,,3,705,30,9,0,0,315,0,LECTURE,,GENERAL,1.0
CO5175,HOC MAY VA ?NG DUNG,CO,,3,69,30,12,0,0,27,0,LECTURE,,GENERAL,1.0
CO5177,NEN TANG LAP TRINH CHO P,CO,,3,75,30,0,0,0,45,0,LECTURE,,GENERAL,1.0
CO5179,NHUNG XU HUONG MOI TRONG,CO,,3,75,30,0,0,0,45,0,LECTURE,,GENERAL,1.0
CO5181,THIET KE HE THONG NHUNG,CO,,3,75,30,0,0,0,45,0,LECTURE,,GENERAL,1.0
CO5183,THIET KE VA PHAN TICH TH,CO,,3,75,30,0,0,0,45,0,LECTURE,,GENERAL,1.0
CO5185,KIEN TRUC PHAN MEM,CO,,3,72,30,6,0,0,36,0,LECTURE,,GENERAL,1.0
CO5187,PHAN TICH DU KIEN LON CU,CO,,3,72,30,6,0,0,36,0,LECTURE,,GENERAL,1.0
CO5317,MO HINH NGON NGU LON,CO,,3,150,30,0,0,0,45,0,LECTURE,,GENERAL,1.0
CO7001,KHAI PHA DU LIEU,CO,,3,60,45,0,0,0,15,0,LECTURE,,GENERAL,1.0
CO7003,HE THONG THONG TIN DIA L,CO,,3,60,45,0,0,0,15,0,LECTURE,,GENERAL,1.0
CO7005,CO SO TRI THUC,CO,,3,60,45,0,0,0,15,0,LECTURE,,GENERAL,1.0
CO7007,HE THONG THONG MINH,CO,,3,60,45,0,15,0,0,0,LECTURE,,GENERAL,1.0
CO7009,LAP TRINH LOGIC VA RANG,CO,,3,60,45,0,15,0,0,0,LECTURE,,GENERAL,1.0
CO7011,XU LY ANH SO VA VIDEO NA,CO,,3,60,45,0,0,0,15,0,LECTURE,,GENERAL,1.0
CO7013,THIET KE PHAN MEM HUONG,CO,,3,60,45,0,15,0,0,0,LECTURE,,GENERAL,1.0
CO7015,CAC GIAI THUAT TOI UU DU,CO,,3,60,45,0,0,0,15,0,LECTURE,,GENERAL,1.0
CO7017,THONG KE DAI SO TINH TOA,CO,,3,60,45,0,0,0,15,0,LECTURE,,GENERAL,1.0
CO7019,TINH TOAN HE THONG KHA C,CO,,3,60,45,0,0,0,15,0,LECTURE,,GENERAL,1.0
CO7021,DO HOA MAY TINH NANG CAO,CO,,3,60,45,0,0,0,15,0,LECTURE,,GENERAL,1.0
CO7023,PHUONG PHAP THIET KE VI,CO,,3,60,45,0,0,0,15,0,LECTURE,,GENERAL,1.0
CO7025,PHAN TICH CHUONG TRINH,CO,,3,60,45,0,0,0,15,0,LECTURE,,GENERAL,1.0
CO7027,HE THONG NHUNG,CO,,3,60,45,0,0,0,15,0,LECTURE,,GENERAL,1.0
CO7029,KIEM TRA CHUONG TRINH,CO,,3,60,45,0,0,0,15,0,LECTURE,,GENERAL,1.0
CO7031,HE THOI GIAN THUC,CO,,3,60,45,0,0,0,15,0,LECTURE,,GENERAL,1.0
CO7033,HE PHAN BO,CO,,3,60,45,0,15,0,0,0,LECTURE,,GENERAL,1.0
CO7035,TINH TOAN SONG SONG,CO,,3,60,45,0,15,0,0,0,LECTURE,,GENERAL,1.0
CO7037,TRUC QUAN HOA THONG TIN,CO,,3,60,45,0,0,0,15,0,LECTURE,,GENERAL,1.0
CO7039,TUONG TAC NGUOI MAY,CO,,3,60,45,0,0,0,15,0,LECTURE,,GENERAL,1.0
CO7041,DU LIEU LON,CO,,3,60,30,0,0,0,30,0,LECTURE,,GENERAL,1.0
CO7043,KIEN TRUC PHAN MEM,CO,,3,60,45,0,0,0,15,0,LECTURE,,GENERAL,1.0
CO7045,MO HINH HOA PHAN MEM,CO,,3,60,30,0,15,0,15,0,LECTURE,,GENERAL,1.0
CO7047,THIET KE PHAN MEM THEO M,CO,,3,60,45,0,15,0,0,0,LECTURE,,GENERAL,1.0
CO7049,DIEN TOAN DAM MAY,CO,,3,60,30,0,0,0,30,0,LECTURE,,GENERAL,1.0
CO7051,TONG QUAN VE TINH TOAN K,CO,,3,60,45,0,0,0,15,0,LECTURE,,GENERAL,1.0
CO7053,KHAI PHA DU LIEU SIEU LO,CO,,3,60,45,0,15,0,0,0,LECTURE,,GENERAL,1.0
CO7055,NHUNG CHU DE NANG CAO VE,CO,,2,45,30,0,0,0,15,0,LECTURE,,GENERAL,1.0
CO7057,NEN TANG TOAN HOC CHO TI,CO,,3,60,45,0,5,0,10,0,LECTURE,,GENERAL,1.0
CO7059,DANH GIA HIEU SUAT HE TH,CO,,2,45,30,0,0,0,15,0,LECTURE,,GENERAL,1.0
CO7061,MA HOA,CO,,3,60,45,0,0,0,15,0,LECTURE,,GENERAL,1.0
CO7063,BAO MAT CO SO DU LIEU,CO,,3,60,30,0,0,0,30,0,LECTURE,,GENERAL,1.0
CO7065,BAO MAT TREN THIET BI DI,CO,,3,60,30,0,0,0,30,0,LECTURE,,GENERAL,1.0
CO7067,BAO MAT THONG TIN CHO NH,CO,,3,60,30,0,0,0,30,0,LECTURE,,GENERAL,1.0
CO7069,TRUC QUAN HOA TRONG BAO,CO,,3,60,45,0,0,0,15,0,LECTURE,,GENERAL,1.0
CO7071,BAO MAT SINH TRAC HOC,CO,,3,60,30,0,0,0,30,0,LECTURE,,GENERAL,1.0
CO7073,BAO MAT TINH RIENG TU TR,CO,,3,60,30,0,0,0,30,0,LECTURE,,GENERAL,1.0
CO7075,BAO MAT TREN DIEN TOAN D,CO,,3,60,45,0,0,0,15,0,LECTURE,,GENERAL,1.0
CO7077,BANG CHUNG SO,CO,,3,60,30,0,0,0,30,0,LECTURE,,GENERAL,1.0
CO7079,BAO MAT HE THONG THONG T,CO,,3,60,30,0,0,0,30,0,LECTURE,,GENERAL,1.0
CO7081,HE CO SO DU LIEU NANG CA,CO,,3,60,45,0,0,0,15,0,LECTURE,,GENERAL,1.0
CO7083,CONG NGHE PHAN MEM THE H,CO,,3,60,30,0,15,0,15,0,LECTURE,,GENERAL,1.0
CO7085,LAP TRINH NANG CAO,CO,,3,60,30,0,0,0,30,0,LECTURE,,GENERAL,1.0
CO7087,NHAN DANG MAU VA HOC MAY,CO,,3,60,45,0,0,0,15,0,LECTURE,,GENERAL,1.0
CO7089,MANG MAY TINH NANG CAO,CO,,3,60,45,0,0,0,15,0,LECTURE,,GENERAL,1.0
CO7091,KIEN TRUC MAY TINH NANG,CO,,3,60,45,0,0,0,15,0,LECTURE,,GENERAL,1.0
CO7093,GIAI THUAT NANG CAO,CO,,3,60,45,0,0,0,15,0,LECTURE,,GENERAL,1.0
CO7095,NHUNG CHU DE NANG CAO VE,CO,,3,45,30,0,0,0,15,0,LECTURE,,GENERAL,1.0
CO7097,DAC TA YEU CAU PHAN MEM,CO,,3,60,30,0,15,0,15,0,LECTURE,,GENERAL,1.0
CO7099,XU LY NGON NGU TU NHIEN,CO,,3,60,45,0,0,0,15,0,LECTURE,,GENERAL,1.0
CO7101,AN NINH MANG,CO,,3,60,45,0,0,0,15,0,LECTURE,,GENERAL,1.0
CO7103,"CAC VAN DE VE LUAT PHAP,",CO,,3,75,30,0,0,0,45,0,LECTURE,,GENERAL,1.0
CO7105,MAT MA HOC ?NG DUNG,CO,,3,75,30,0,0,0,45,0,LECTURE,,GENERAL,1.0
CO7107,KY THUAT DU LIEU,CO,,3,705,30,9,0,0,315,0,LECTURE,,GENERAL,1.0
CO7109,HOC MAY VA ?NG DUNG,CO,,3,69,30,12,0,0,27,0,LECTURE,,GENERAL,1.0
CO7111,NEN TANG LAP TRINH CHO P,CO,,3,75,30,0,0,0,45,0,LECTURE,,GENERAL,1.0
CO7113,NHUNG XU HUONG MOI TRONG,CO,,3,75,30,0,0,0,45,0,LECTURE,,GENERAL,1.0
CO7115,THIET KE HE THONG NHUNG,CO,,3,75,30,0,0,0,45,0,LECTURE,,GENERAL,1.0
CO7117,THIET KE VA PHAN TICH TH,CO,,3,75,30,0,0,0,45,0,LECTURE,,GENERAL,1.0
CO7119,PHAN TICH DU KIEN LON CU,CO,,3,72,30,6,0,0,36,0,LECTURE,,GENERAL,1.0
CO7121,PHAT TRIEN UNG DUNG IOT,CO,,3,75,30,0,0,0,45,0,LECTURE,,GENERAL,1.0
CO7123,BAO MAT PHAN MEM,CO,,3,75,30,0,0,0,45,0,LECTURE,,GENERAL,1.0
CO7125,PHAT TRIEN PHAN MEM CHO,CO,,3,72,30,6,0,0,36,0,LECTURE,,GENERAL,1.0
CO7127,KIEM THU PHAN MEM,CO,,3,75,30,0,0,0,45,0,LECTURE,,GENERAL,1.0
CO7129,PHAN TICH MA DOC,CO,,3,75,30,0,0,0,45,0,LECTURE,,GENERAL,1.0
CO7131,HOC SAU VA UNG DUNG TRON,CO,,3,75,30,0,0,0,45,0,LECTURE,,GENERAL,1.0
CO7133,CACH TIEP CAN HIEN DAI T,CO,,3,75,30,0,0,0,45,0,LECTURE,,GENERAL,1.0
CO7135,CACH TIEP CAN HIEN DAI T,CO,,3,75,30,0,0,0,45,0,LECTURE,,GENERAL,1.0
CO7137,AN NINH CHO CAC NEN TANG,CO,,3,75,30,0,0,0,45,0,LECTURE,,GENERAL,1.0
CO7139,KIEN TRUC HE THONG HIEN,CO,,3,72,30,6,0,0,36,0,LECTURE,,GENERAL,1.0
CO7141,CO SO TOAN CHO KHOA HOC,CO,,3,69,30,12,0,0,27,0,LECTURE,,GENERAL,1.0
EE0009,KY THUAT SO,EE,,1,15,15,0,0,0,0,0,LECTURE,,GENERAL,1.0
EE0021,CO SO DIEN TU CONG SUAT,EE,,1,15,15,0,0,0,0,0,LECTURE,,GENERAL,1.0
EE0033,GIAI TICH MACH,EE,,1,15,15,0,0,0,0,0,LECTURE,,GENERAL,1.0
EE0035,MACH DIEN TU,EE,,1,15,15,0,0,0,0,0,LECTURE,,GENERAL,1.0
EE1001,Nhập môn Về kỹ Thuật,EE,,3,150,30,0,20,0,15,0,LECTURE,EE1002,GENERAL,1.0
EE1002,NHAP MON VE KY THUAT (TN,EE,,0,20,0,0,20,0,0,0,LAB,,GENERAL,1.0
EE1003,TOAN KY THUAT,EE,,2,42,24,0,0,0,18,0,LECTURE,,GENERAL,1.0
EE1005,Kỹ thuật điện,EE,,3,150,30,30,0,0,0,0,LECTURE,EE1006,GENERAL,1.0
EE1006,KY THUAT DIEN(BT),EE,,0,30,0,30,0,0,0,0,PRACTICAL,,GENERAL,1.0
EE1007,Vật lý Bán dẫn,EE,,4,200,30,0,30,0,45,0,LECTURE,EE1008,GENERAL,1.0
EE1008,VAT LY BAN DAN (TN),EE,,0,30,0,0,30,0,0,0,LAB,,GENERAL,1.0
EE1009,Kỹ thuật số,EE,,3,150,30,0,30,0,0,0,LECTURE,EE1010,GENERAL,1.0
EE1010,KY THUAT SO (TN),EE,,0,30,0,0,30,0,0,0,LAB,,GENERAL,1.0
EE1011,GIAI TICH MACH,EE,,4,80,45,0,20,0,15,0,LECTURE,EE1012,GENERAL,1.0
EE1012,GIAI TICH MACH (TN),EE,,0,20,0,0,20,0,0,0,LAB,,GENERAL,1.0
EE1013,VAT LY BAN DAN,EE,,3,675,30,0,15,0,225,0,LECTURE,EE1014,GENERAL,1.0
EE1014,VAT LY BAN DAN (TN),EE,,0,15,0,0,15,0,0,0,LAB,,GENERAL,1.0
EE1015,KY THUAT SO,EE,,4,75,45,0,30,0,0,0,LECTURE,EE1016,GENERAL,1.0
EE1016,KY THUAT SO (TN),EE,,0,30,0,0,30,0,0,0,LAB,,GENERAL,1.0
EE1017,RENEWABLE ENERGY SOURCES,EE,,4,60,60,0,0,0,0,0,LECTURE,,GENERAL,1.0
EE1019,APP OF WIND&SOLAR ENERGY,EE,,4,60,60,0,0,0,0,0,LECTURE,,GENERAL,1.0
EE1021,INTE OF RENEWABLE ENERGY,EE,,4,60,60,0,0,0,0,0,LECTURE,,GENERAL,1.0
EE1023,POWER CONVER INTERFACES,EE,,4,60,60,0,0,0,0,0,LECTURE,,GENERAL,1.0
EE1025,Nhập môn Về kỹ Thuật,EE,,3,150,30,0,30,0,0,0,LECTURE,EE1026,GENERAL,1.0
EE1026,NHAP MON VE KY THUAT (TN,EE,,0,30,0,0,30,0,0,0,LAB,,GENERAL,1.0
EE1029,Cơ sở Kỹ thuật Điện - Má,EE,,4,200,45,0,30,0,0,0,LECTURE,EE1030,GENERAL,1.0
EE1030,COSO KT DIEN-MAY TINH(TN,EE,,0,30,0,0,30,0,0,0,LAB,,GENERAL,1.0
EE2001,GIAI TICH MACH CO BAN,EE,,3,60,30,30,0,0,0,0,LECTURE,,GENERAL,1.0
EE2003,Trường điện từ,EE,,3,150,30,24,0,0,9,0,LECTURE,EE2004,GENERAL,1.0
EE2004,TRUONG DIEN TU(BT),EE,,0,24,0,24,0,0,0,0,PRACTICAL,,GENERAL,1.0
EE2005,Tín hiệu và Hệ thống,EE,,3,150,30,24,0,0,9,0,LECTURE,EE2006,GENERAL,1.0
EE2006,TIN HIEU VA HE THONG(BT),EE,,0,24,0,24,0,0,0,0,PRACTICAL,,GENERAL,1.0
EE2007,MACH DIEN TU,EE,,4,80,45,0,20,0,15,0,LECTURE,EE2008,GENERAL,1.0
EE2008,MACH DIEN TU (TN),EE,,0,20,0,0,20,0,0,0,LAB,,GENERAL,1.0
EE2009,Hệ thống Máy tính và Ngô,EE,,3,150,30,0,30,0,0,0,LECTURE,EE2010,GENERAL,1.0
EE2010,HETHONG MT &NG/NGULT(TH),EE,,0,30,0,0,30,0,0,0,LAB,,GENERAL,1.0
EE2011,Kỹ thuật Điện - Điện tử,EE,,3,150,30,30,0,0,0,0,LECTURE,EE2012,GENERAL,1.0
EE2012,KY THUAT DIEN-DIEN TU(BT,EE,,0,30,0,30,0,0,0,0,PRACTICAL,,GENERAL,1.0
EE2013,VI XU LY,EE,,4,75,45,0,30,0,0,0,LECTURE,EE2014,GENERAL,1.0
EE2014,VI XU LY (TN),EE,,0,30,0,0,30,0,0,0,LAB,,GENERAL,1.0
EE2015,Xử lý số Tín hiệu,EE,,3,150,30,0,20,0,15,0,LECTURE,EE2016,GENERAL,1.0
EE2016,XU LY SO TIN HIEU (TN),EE,,0,20,0,0,20,0,0,0,LAB,,GENERAL,1.0
EE2017,Cơ sở Kỹ thuật điện,EE,,3,150,30,10,20,0,0,0,LECTURE,EE2018,GENERAL,1.0
EE2018,CO SO KY THUAT DIEN (TN),EE,,0,20,0,0,20,0,0,0,LAB,,GENERAL,1.0
EE2019,Cơ sở Điều khiển Tự động,EE,,3,150,30,0,20,0,15,0,LECTURE,EE2020,GENERAL,1.0
EE2020,COSO D/KHIEN TUDONG (TN),EE,,0,20,0,0,20,0,0,0,LAB,,GENERAL,1.0
EE2021,Cơ sở Điện tử Công suất,EE,,3,150,30,0,15,0,23,0,LECTURE,EE2022,GENERAL,1.0
EE2022,CS DIEN TU CONG SUAT(TN),EE,,0,15,0,0,15,0,0,0,LAB,,GENERAL,1.0
EE2023,Thực tập Điện tử 1,EE,,1,50,0,0,30,0,0,0,LAB,,GENERAL,1.0
EE2025,Thực tập Điện 1,EE,,1,50,0,0,30,0,0,0,LAB,,GENERAL,1.0
EE2027,KY THUAT DIEN,EE,,2,100,24,0,0,0,18,0,LECTURE,,GENERAL,1.0
EE2029,KY THUAT DIEN TU,EE,,2,42,24,0,0,0,18,0,LECTURE,,GENERAL,1.0
EE2031,Điện - Giải tích mạch,EE,,3,150,30,0,20,0,15,0,LECTURE,EE2032,GENERAL,1.0
EE2032,DIEN -GIAI TICH MACH(tn),EE,,0,20,0,0,20,0,0,0,LAB,,GENERAL,1.0
EE2033,Giải tích mạch,EE,,3,150,30,0,20,0,15,0,LECTURE,EE2034,GENERAL,1.0
EE2034,GIAI TICH MACH (TN),EE,,0,20,0,0,20,0,0,0,LAB,,GENERAL,1.0
EE2035,Mạch điện tử,EE,,3,150,30,0,20,0,15,0,LECTURE,EE2036,GENERAL,1.0
EE2036,MACH DIEN TU (TN),EE,,0,20,0,0,20,0,0,0,LAB,,GENERAL,1.0
EE2037,THUC TAP DIEN TU,EE,,2,60,0,0,60,0,0,0,LAB,,GENERAL,1.0
EE2039,Vi xử lý,EE,,3,150,30,0,30,0,0,0,LECTURE,EE2040,GENERAL,1.0
EE2040,VI XU LY (TN),EE,,0,30,0,0,30,0,0,0,LAB,,GENERAL,1.0
EE2047,TRUYEN SO LIEU VA MANG,EE,,3,65,30,0,20,0,15,0,LECTURE,,GENERAL,1.0
EE2048,TRUYEN SO LIEU &MANG(TN),EE,,0,20,0,0,20,0,0,0,LAB,,GENERAL,1.0
EE2049,THUC TAP DIEN TU 2,EE,,1,30,0,0,30,0,0,0,LAB,,GENERAL,1.0
EE2051,THUC TAP DIEN 2,EE,,1,30,0,0,30,0,0,0,LAB,,GENERAL,1.0
EE2065,DIEN TU HOC T/T &U/DUNG,EE,,3,65,30,0,20,0,15,0,LECTURE,,GENERAL,1.0
EE2066,DIEN TU HOC T/T &U/D(TN),EE,,0,20,0,0,20,0,0,0,LAB,,GENERAL,1.0
EE2069,GIAI TICH HE THONG DIEN,EE,,3,675,30,0,15,0,225,0,LECTURE,,GENERAL,1.0
EE2070,GIAI TICH HTD (TN),EE,,0,15,0,0,15,0,0,0,LAB,,GENERAL,1.0
EE2071,DIEN TU CONG SUAT,EE,,3,675,30,0,15,0,225,0,LECTURE,,GENERAL,1.0
EE2072,DIEN TU CONG SUAT (TN),EE,,0,15,0,0,15,0,0,0,LAB,,GENERAL,1.0
EE2081,Ngôn ngữ lập trình,EE,,3,150,30,0,30,0,0,0,LECTURE,EE2082,GENERAL,1.0
EE2082,NGON NGU LAP TRINH(TN),EE,,0,30,0,0,30,0,0,0,LAB,,GENERAL,1.0
EE2083,Kỹ thuật Điện tử,EE,,3,150,30,0,30,0,0,0,LECTURE,,GENERAL,1.0
EE2109,Thực tập Công nhân,EE,,2,100,0,0,60,0,0,0,LAB,,GENERAL,1.0
EE2119,Thực tập Công nhân,EE,,2,100,0,0,60,0,0,0,LAB,,GENERAL,1.0
EE2401,Vật lý: Điện và Từ học,EE,,3,150,30,12,0,0,27,0,LECTURE,EE2402,GENERAL,1.0
EE2402,VAT LY: DIEN &TU HOC(BT),EE,,0,24,0,12,0,0,0,0,PRACTICAL,,GENERAL,1.0
EE2403,CO SO MAY TINH,EE,,4,75,45,0,30,0,0,0,LECTURE,EE2404,GENERAL,1.0
EE2404,CO SO MAY TINH (TN),EE,,0,30,0,0,30,0,0,0,LAB,,GENERAL,1.0
EE2405,Xử lý Tín hiệu Tương tự,EE,,4,200,45,14,0,0,24,0,LECTURE,EE2406,GENERAL,1.0
EE2406,X/LY TINHIEU TUONG TU(BT,EE,,0,14,0,14,0,0,0,0,PRACTICAL,,GENERAL,1.0
EE2407,Nguyên lý Tự luận,EE,,3,150,30,12,0,0,27,0,LECTURE,EE2408,GENERAL,1.0
EE2408,NGUYEN LY TU LUAN(BT),EE,,0,12,0,12,0,0,0,0,PRACTICAL,,GENERAL,1.0
EE2409,Cơ sở Trường điện từ,EE,,3,150,30,0,0,0,45,0,LECTURE,,GENERAL,1.0
EE2411,Linh kiện Bán dẫn,EE,,3,150,30,0,30,0,0,0,LECTURE,EE2412,GENERAL,1.0
EE2412,LINH KIEN BAN DAN (TN),EE,,0,30,0,0,30,0,0,0,LAB,,GENERAL,1.0
EE2413,THI NGHIEM KY THUAT SO,EE,,2,60,0,0,60,0,0,0,LAB,,GENERAL,1.0
EE2415,Hệ thống Máy tính và Ngô,EE,,4,200,45,0,30,0,0,0,LECTURE,EE2416,GENERAL,1.0
EE2416,HT MAY TINH &NN LT(TN),EE,,0,25,0,0,25,0,0,0,LAB,,GENERAL,1.0
EE2417,Cơ sở Máy tính,EE,,3,150,30,0,30,0,0,0,LECTURE,EE2418,GENERAL,1.0
EE2418,CO SO MAY TINH (TN),EE,,0,30,0,0,30,0,0,0,LAB,,GENERAL,1.0
EE2419,Kỹ thuật số,EE,,3,150,30,0,30,0,0,0,LECTURE,EE2420,GENERAL,1.0
EE2420,KY THUAT SO (TN),EE,,0,30,0,0,30,0,0,0,LAB,,GENERAL,1.0
EE2425,Cơ sở Truyền động điện,EE,,3,150,30,0,0,0,45,0,LECTURE,,GENERAL,1.0
EE2426,VI XU LY (TN),EE,,0,30,0,0,30,0,0,0,LAB,,GENERAL,1.0
EE3001,Hệ thống Cung cấp Điện,EE,,3,150,30,0,15,0,23,0,LECTURE,EE3002,GENERAL,1.0
EE3002,HE THONG C\CAP DIEN (TN),EE,,0,15,0,0,15,0,0,0,LAB,,GENERAL,1.0
EE3003,Thiết kế Hệ thống Nhúng,EE,,3,150,30,0,0,0,45,0,LECTURE,,GENERAL,1.0
EE3005,Đo lường Công nghiệp,EE,,3,150,30,0,20,0,15,0,LECTURE,EE3006,GENERAL,1.0
EE3006,DO LUONG CONG NGHIEP(TN),EE,,0,20,0,0,20,0,0,0,LAB,,GENERAL,1.0
EE3007,Lý Thuyết Điều khiển Nân,EE,,3,150,30,0,20,0,15,0,LECTURE,EE3008,GENERAL,1.0
EE3008,L/T DKHIEN NANG CAO (TN),EE,,0,20,0,0,20,0,0,0,LAB,,GENERAL,1.0
EE3009,Máy điện,EE,,3,150,30,0,20,0,15,0,LECTURE,EE3010,GENERAL,1.0
EE3010,MAY DIEN (TN),EE,,0,20,0,0,20,0,0,0,LAB,,GENERAL,1.0
EE3011,Mạch điện tử Thông tin,EE,,3,150,30,0,0,0,45,0,LECTURE,,GENERAL,1.0
EE3013,Giải tích Hệ thống điện,EE,,3,150,30,0,15,0,23,0,LECTURE,EE3014,GENERAL,1.0
EE3014,GIAI TICH HTD (TN),EE,,0,15,0,0,15,0,0,0,LAB,,GENERAL,1.0
EE3015,Kỹ thuật Hệ thống Viễn T,EE,,3,150,30,0,0,0,45,0,LECTURE,,GENERAL,1.0
EE3017,Đo lường và Điều khiển b,EE,,3,150,30,0,20,0,15,0,LECTURE,EE3018,GENERAL,1.0
EE3018,DOLUONG D\K BANGMT (TN),EE,,0,20,0,0,20,0,0,0,LAB,,GENERAL,1.0
EE3019,Truyền số liệu và Mạng,EE,,3,150,30,0,20,0,15,0,LECTURE,EE3020,GENERAL,1.0
EE3020,TRUYEN SO LIEU &MANG(TN),EE,,0,20,0,0,20,0,0,0,LAB,,GENERAL,1.0
EE3021,Thực tập Điện tử 2,EE,,1,50,0,0,30,0,0,0,LAB,,GENERAL,1.0
EE3023,Thực tập Điện 2,EE,,1,50,0,0,30,0,0,0,LAB,,GENERAL,1.0
EE3025,Kỹ thuật Siêu cao tần,EE,,3,150,30,0,0,0,45,0,LECTURE,,GENERAL,1.0
EE3027,Nhà máy Điện và Trạm biế,EE,,3,150,30,0,15,0,23,0,LECTURE,EE3028,GENERAL,1.0
EE3028,NHAMAY DIEN &TRAMBA (TN),EE,,0,15,0,0,15,0,0,0,LAB,,GENERAL,1.0
EE3029,Thiết bị và Hệ thống Tự,EE,,3,150,30,0,20,0,15,0,LECTURE,EE3030,GENERAL,1.0
EE3030,THIETBI& HETHONG TD (TN),EE,,0,20,0,0,20,0,0,0,LAB,,GENERAL,1.0
EE3031,Lập trình Hệ thống nhúng,EE,,3,150,30,0,0,0,45,0,LECTURE,,GENERAL,1.0
EE3033,NGUYEN LY THONGTIN QUANG,EE,,3,75,30,0,0,0,45,0,LECTURE,,GENERAL,1.0
EE3035,Xử lý ảnh,EE,,3,150,30,0,0,0,45,0,LECTURE,,GENERAL,1.0
EE3037,Điện tử Y sinh,EE,,3,150,30,0,0,0,45,0,LECTURE,,GENERAL,1.0
EE3038,DIEN TU Y SINH (THL),EE,,0,10,0,10,0,0,0,0,PRACTICAL,,GENERAL,1.0
EE3039,XU LY TIENG NOI,EE,,3,75,30,0,0,0,45,0,LECTURE,,GENERAL,1.0
EE3041,Xử lý Tín hiệu số với FP,EE,,3,150,30,0,0,0,45,0,LECTURE,,GENERAL,1.0
EE3042,XL T/H SO VOI FPGA(THL),EE,,0,10,0,10,0,0,0,0,PRACTICAL,,GENERAL,1.0
EE3043,Cấu trúc Máy tính,EE,,3,150,30,0,0,0,45,0,LECTURE,,GENERAL,1.0
EE3045,"PHAN TICH ANH, VIDEO &UD",EE,,3,75,30,0,0,0,45,0,LECTURE,,GENERAL,1.0
EE3047,CH/DE VE KY THUAT DIENTU,EE,,3,75,30,0,0,0,45,0,LECTURE,,GENERAL,1.0
EE3049,QUA TRINH NGAU NHIEN &UD,EE,,3,75,30,0,0,0,45,0,LECTURE,,GENERAL,1.0
EE3051,CHUYEN DE VIEN THONG,EE,,3,75,30,0,0,0,45,0,LECTURE,,GENERAL,1.0
EE3053,MANG CAMBIEN KHONGDAY&UD,EE,,3,75,30,0,0,0,45,0,LECTURE,,GENERAL,1.0
EE3055,TU DONG HOA CONG NGHIEP,EE,,3,75,30,0,0,0,45,0,LECTURE,,GENERAL,1.0
EE3057,Nhập môn Điều khiển Thôn,EE,,3,150,30,0,0,0,45,0,LECTURE,,GENERAL,1.0
EE3058,NHAP MON DIEUKHIEN TM(BT,EE,,0,10,0,10,0,0,0,0,PRACTICAL,,GENERAL,1.0
EE3059,MO HINH VA MO PHONG,EE,,3,70,30,10,0,0,30,0,LECTURE,EE3060,GENERAL,1.0
EE3060,MO HINH VA MO PHONG(THL),EE,,0,10,0,10,0,0,0,0,PRACTICAL,,GENERAL,1.0
EE3063,Trí tuệ Nhân tạo trong Đ,EE,,3,150,30,0,0,0,45,0,LECTURE,,GENERAL,1.0
EE3064,TRITUE N/TAO TRONG DK(BT,EE,,0,10,0,10,0,0,0,0,PRACTICAL,,GENERAL,1.0
EE3065,Kỹ thuật Robot,EE,,3,150,30,0,0,0,45,0,LECTURE,,GENERAL,1.0
EE3066,KY THUAT ROBOT (THL),EE,,0,10,0,10,0,0,0,0,PRACTICAL,,GENERAL,1.0
EE3067,Hệ thống Điều khiển Nhún,EE,,3,150,30,18,0,0,18,0,LECTURE,EE3068,GENERAL,1.0
EE3068,H/THONG D/KHIEN NHUNG(BT,EE,,0,18,0,18,0,0,0,0,PRACTICAL,,GENERAL,1.0
EE3069,PLC,EE,,3,150,30,0,0,0,45,0,LECTURE,,GENERAL,1.0
EE3070,PLC (BT),EE,,0,10,0,10,0,0,0,0,PRACTICAL,,GENERAL,1.0
EE3071,SCADA,EE,,3,150,30,0,0,0,45,0,LECTURE,,GENERAL,1.0
EE3072,SCADA (BT),EE,,0,10,0,10,0,0,0,0,PRACTICAL,,GENERAL,1.0
EE3073,MANG CONG NGHIEP,EE,,3,75,30,0,0,0,45,0,LECTURE,,GENERAL,1.0
EE3075,Thiết bị và Hệ thống Tự,EE,,3,150,30,0,0,0,45,0,LECTURE,,GENERAL,1.0
EE3076,TH/BI & HT TU DONG TK(BT,EE,,0,10,0,10,0,0,0,0,PRACTICAL,,GENERAL,1.0
EE3077,Thị giác máy,EE,,3,150,30,0,0,0,45,0,LECTURE,,GENERAL,1.0
EE3078,THI GIAC MAY (BT),EE,,0,10,0,10,0,0,0,0,PRACTICAL,,GENERAL,1.0
EE3079,Điện tử Công suất ?ng dụ,EE,,3,150,30,0,0,0,45,0,LECTURE,,GENERAL,1.0
EE3080,DIEN TU CONG SUAT UD(BT),EE,,0,10,0,10,0,0,0,0,PRACTICAL,,GENERAL,1.0
EE3081,DIEU KHIEN SINH HOC,EE,,3,75,30,0,0,0,45,0,LECTURE,,GENERAL,1.0
EE3083,KY THUAT SO NANG CAO,EE,,3,75,30,0,0,0,45,0,LECTURE,,GENERAL,1.0
EE3085,Mạng viễn thông,EE,,3,150,30,0,0,0,45,0,LECTURE,,GENERAL,1.0
EE3087,Bảo vệ Rơle trong Hệ thố,EE,,3,150,30,0,15,0,23,0,LECTURE,EE3088,GENERAL,1.0
EE3088,BAO VE ROLE TRONG HTD(TN,EE,,0,15,0,0,15,0,0,0,LAB,,GENERAL,1.0
EE3089,Kỹ thuật Cao áp,EE,,3,150,30,18,0,0,18,0,LECTURE,EE3090,GENERAL,1.0
EE3090,KY THUAT CAO AP(BT),EE,,0,18,0,18,0,0,0,0,PRACTICAL,,GENERAL,1.0
EE3091,Vật liệu Kỹ thuật điện,EE,,3,150,30,0,15,0,23,0,LECTURE,EE3092,GENERAL,1.0
EE3092,VAT LIEU KTHUAT DIEN (TN,EE,,0,15,0,0,15,0,0,0,LAB,,GENERAL,1.0
EE3093,Vận hành và Điều khiển H,EE,,3,150,30,18,0,0,18,0,LECTURE,EE3094,GENERAL,1.0
EE3094,V/HANH &D/KHIEN HTD (BT),EE,,0,18,0,18,0,0,0,0,PRACTICAL,,GENERAL,1.0
EE3095,?n định Hệ thống điện,EE,,3,150,30,0,15,0,23,0,LECTURE,EE3096,GENERAL,1.0
EE3096,ON DINH HE THONG DIEN(TN,EE,,0,15,0,0,15,0,0,0,LAB,,GENERAL,1.0
EE3097,Kỹ thuật An toàn điện,EE,,3,150,30,0,15,0,23,0,LECTURE,EE3098,GENERAL,1.0
EE3098,KT AN TOAN DIEN (TN),EE,,0,15,0,0,15,0,0,0,LAB,,GENERAL,1.0
EE3099,Kỹ thuật Chiếu sáng,EE,,3,150,30,0,15,0,23,0,LECTURE,EE3100,GENERAL,1.0
EE3100,KY THUAT CHIEU SANG (TN),EE,,0,15,0,0,15,0,0,0,LAB,,GENERAL,1.0
EE3101,Kỹ thuật Tiết kiệm và Sử,EE,,3,150,30,0,0,0,45,0,LECTURE,,GENERAL,1.0
EE3102,K/TH T/KIEM &SD HQDN(BT),EE,,0,12,0,12,0,0,0,0,PRACTICAL,,GENERAL,1.0
EE3105,KY THUAT XUNG,EE,,3,69,30,12,0,0,27,0,LECTURE,EE3106,GENERAL,1.0
EE3106,KY THUAT XUNG(BT),EE,,0,12,0,12,0,0,0,0,PRACTICAL,,GENERAL,1.0
EE3107,Thông tin Di động,EE,,3,150,30,0,0,0,45,0,LECTURE,,GENERAL,1.0
EE3109,Chuyên đề về kỹ thuật đi,EE,,3,150,30,0,0,0,45,0,LECTURE,,GENERAL,1.0
EE3111,Mạng máy tính,EE,,3,150,30,0,0,0,45,0,LECTURE,,GENERAL,1.0
EE3112,MANG MAY TINH(BT),EE,,0,12,0,12,0,0,0,0,PRACTICAL,,GENERAL,1.0
EE3113,QUY TRINH THIET KE &SXVM,EE,,3,75,30,0,0,0,45,0,LECTURE,,GENERAL,1.0
EE3115,NGUYEN LY THONG TIN SO,EE,,3,75,30,0,0,0,45,0,LECTURE,,GENERAL,1.0
EE3117,Thiết kế Vi mạch số,EE,,3,150,30,0,0,0,45,0,LECTURE,,GENERAL,1.0
EE3121,Thiết kế Vi mạch Tương t,EE,,3,150,30,0,0,0,45,0,LECTURE,,GENERAL,1.0
EE3125,QUANG DIEN TU,EE,,3,150,30,0,0,0,45,0,LECTURE,,GENERAL,1.0
EE3126,QUANG DIEN TU (THL),EE,,0,12,0,12,0,0,0,0,PRACTICAL,,GENERAL,1.0
EE3127,Anten - Truyền sóng Vô t,EE,,3,150,30,0,0,0,45,0,LECTURE,,GENERAL,1.0
EE3129,Điện tử ?ng dụng,EE,,3,150,30,0,0,0,45,0,LECTURE,,GENERAL,1.0
EE3131,Hệ thống Năng lượng xanh,EE,,3,150,30,0,0,0,45,0,LECTURE,,GENERAL,1.0
EE3132,H/TH NANG LUONG XANH(TN),EE,,0,15,0,0,15,0,0,0,LAB,,GENERAL,1.0
EE3133,Thiết bị điện trong Phân,EE,,3,150,30,0,0,0,45,0,LECTURE,,GENERAL,1.0
EE3134,THIET BI DIEN TRG PPD(BT,EE,,0,12,0,12,0,0,0,0,PRACTICAL,,GENERAL,1.0
EE3135,Kỹ thuật Nhiệt lạnh,EE,,3,150,30,10,0,0,30,0,LECTURE,EE3136,GENERAL,1.0
EE3136,KY THUAT NHIET LANH,EE,,0,10,0,10,0,0,0,0,PRACTICAL,,GENERAL,1.0
EE3137,DIEU KHIEN MAY DIEN,EE,,3,65,30,0,20,0,15,0,LECTURE,EE3138,GENERAL,1.0
EE3138,DIEU KHIEN MAY DIEN (TN),EE,,0,20,0,0,20,0,0,0,LAB,,GENERAL,1.0
EE3139,Cảm biến và Đo lường,EE,,3,150,30,0,20,0,15,0,LECTURE,EE3140,GENERAL,1.0
EE3140,CAM BIEN VA DO LUONG (TN,EE,,0,20,0,0,20,0,0,0,LAB,,GENERAL,1.0
EE3141,TK HE THONG SO TOCDO CAO,EE,,3,75,30,0,0,0,45,0,LECTURE,,GENERAL,1.0
EE3143,Điều khiển và ứng dụng c,EE,,3,150,30,0,15,0,23,0,LECTURE,EE3144,GENERAL,1.0
EE3144,D/KHIEN &UD CAC BBDCS(TN,EE,,0,15,0,0,15,0,0,0,LAB,,GENERAL,1.0
EE3145,Kỹ thuật ra Quyết định,EE,,3,150,30,0,0,0,45,0,LECTURE,,GENERAL,1.0
EE3146,KY THUAT RA Q/DINH (BT),EE,,0,12,0,12,0,0,0,0,PRACTICAL,,GENERAL,1.0
EE3147,GIAI TICH MACH CO BAN,EE,,3,675,30,0,15,0,225,0,LECTURE,EE3148,GENERAL,1.0
EE3148,GIAITICH MACH CO BAN(TN),EE,,0,15,0,0,15,0,0,0,LAB,,GENERAL,1.0
EE3153,LUOI DIEN THONG MINH,EE,,3,60,30,30,0,0,0,0,LECTURE,,GENERAL,1.0
EE3155,DANH GIA DO TIN CAY HTD,EE,,3,68,30,14,0,0,24,0,LECTURE,,GENERAL,1.0
EE3157,CHAT LUONG DIEN NANG,EE,,3,60,30,30,0,0,0,0,LECTURE,,GENERAL,1.0
EE3159,TICH TRU N/LUONG TRG HTD,EE,,3,60,30,30,0,0,0,0,LECTURE,,GENERAL,1.0
EE3160,TICH TRU N/L TRG HTD(THL,EE,,0,30,0,30,0,0,0,0,PRACTICAL,,GENERAL,1.0
EE3161,ON DINH HE THONG DIEN,EE,,3,60,30,30,0,0,0,0,LECTURE,,GENERAL,1.0
EE3162,ON DINH HE THONG DIEN(TH,EE,,0,30,0,30,0,0,0,0,PRACTICAL,,GENERAL,1.0
EE3163,VAN HANH &DIEU KHIEN HTD,EE,,3,60,30,30,0,0,0,0,LECTURE,,GENERAL,1.0
EE3164,VAN HANH &D/KHIEN HTD(TH,EE,,0,30,0,30,0,0,0,0,PRACTICAL,,GENERAL,1.0
EE3165,Thiết kế Vi mạch,EE,,3,150,30,0,0,0,45,0,LECTURE,,GENERAL,1.0
EE3167,Thiết kế và Phát triển ?,EE,,3,150,30,0,0,0,45,0,LECTURE,,GENERAL,1.0
EE3169,Máy học Cơ bản và ?ng dụ,EE,,3,150,30,0,0,0,45,0,LECTURE,,GENERAL,1.0
EE3171,IoT trong Công nghiệp và,EE,,3,150,30,0,0,0,45,0,LECTURE,,GENERAL,1.0
EE3172,IOT TRG C/N &D/DUNG (BT),EE,,0,12,0,12,0,0,0,0,PRACTICAL,,GENERAL,1.0
EE3173,Điều khiển Chuyển động,EE,,3,150,30,0,0,0,45,0,LECTURE,,GENERAL,1.0
EE3174,DIEUKHIEN CHUYEN DONG(BT,EE,,0,10,0,10,0,0,0,0,PRACTICAL,,GENERAL,1.0
EE3175,Mô hình và mô phỏng hệ t,EE,,3,150,30,0,0,0,45,0,LECTURE,,GENERAL,1.0
EE3176,M/H & MO PHONG HTCN(BT),EE,,0,10,0,10,0,0,0,0,PRACTICAL,,GENERAL,1.0
EE3177,Chuyên đề điện tử - viễn,EE,,3,150,30,0,0,0,45,0,LECTURE,,GENERAL,1.0
EE3179,Truyền động điện,EE,,3,150,30,0,15,0,23,0,LECTURE,EE3180,GENERAL,1.0
EE3180,TRUYEN DONG DIEN (TN),EE,,0,15,0,0,15,0,0,0,LAB,,GENERAL,1.0
EE3187,HE THONG THONG TIN DIALY,EE,,3,68,30,14,0,0,24,0,LECTURE,,GENERAL,1.0
EE3189,Điện tử học Tương tự và,EE,,3,150,30,0,30,0,0,0,LECTURE,EE3190,GENERAL,1.0
EE3190,DIEN TU HOC T/T &U/D(TN),EE,,0,20,0,0,20,0,0,0,LAB,,GENERAL,1.0
EE3191,CO SO DIEU KHIEN TU DONG,EE,,3,65,30,0,20,0,15,0,LECTURE,,GENERAL,1.0
EE3192,COSO D/KHIEN TUDONG (TN),EE,,0,20,0,0,20,0,0,0,LAB,,GENERAL,1.0
EE3193,KY THUAT SO,EE,,3,60,30,0,30,0,0,0,LECTURE,,GENERAL,1.0
EE3194,KY THUAT SO (TN),EE,,0,30,0,0,30,0,0,0,LAB,,GENERAL,1.0
EE3195,Hệ thống điện 1,EE,,3,150,30,0,15,0,23,0,LECTURE,EE3196,GENERAL,1.0
EE3196,HE THONG DIEN 1,EE,,0,15,0,0,15,0,0,0,LAB,,GENERAL,1.0
EE3197,Hệ thống điện 2,EE,,3,150,30,0,15,0,23,0,LECTURE,,GENERAL,1.0
EE3201,Cơ sở thiết kế vi mạch,EE,,3,150,30,0,0,0,45,0,LECTURE,,GENERAL,1.0
EE3203,Kiến trúc máy tính,EE,,3,150,30,0,0,0,45,0,LECTURE,,GENERAL,1.0
EE3205,Mạch điện tử nâng cao,EE,,3,150,30,0,20,0,15,0,LECTURE,EE3206,GENERAL,1.0
EE3206,MACH DIEN TU NC (TN),EE,,0,20,0,0,20,0,0,0,LAB,,GENERAL,1.0
EE3207,Thiết kế vi mạch tương t,EE,,3,150,30,0,0,0,45,0,LECTURE,,GENERAL,1.0
EE3213,Thiết kế và kiểm định hệ,EE,,3,150,30,0,0,0,45,0,LECTURE,,GENERAL,1.0
EE3215,Thiết kế hệ thống trên c,EE,,3,150,30,0,0,0,45,0,LECTURE,,GENERAL,1.0
EE3217,Trí tuệ nhân tạo trong t,EE,,3,150,30,0,0,0,45,0,LECTURE,,GENERAL,1.0
EE3219,Máy tính lượng tử,EE,,3,150,30,0,0,0,45,0,LECTURE,,GENERAL,1.0
EE3221,Thông tin số,EE,,3,150,30,0,0,0,45,0,LECTURE,,GENERAL,1.0
EE3223,Vi mạch thông tin,EE,,3,150,30,0,0,0,45,0,LECTURE,,GENERAL,1.0
EE3225,Tương thích điện từ,EE,,3,150,30,12,0,0,27,0,LECTURE,,GENERAL,1.0
EE3227,Chuyên đề thiết kế vi mạ,EE,,3,150,30,0,0,0,45,0,LECTURE,,GENERAL,1.0
EE3391,Hệ thống điện,EE,,3,150,30,0,15,0,23,0,LECTURE,,GENERAL,1.0
EE3401,Kỹ thuật Hệ thống Máy tí,EE,,3,150,30,0,0,0,45,0,LECTURE,,GENERAL,1.0
EE3403,Cơ sở Hệ thống Điều khiể,EE,,3,150,30,0,20,0,15,0,LECTURE,EE3404,GENERAL,1.0
EE3404,CO SO HE THONG D/K (TN),EE,,0,20,0,0,20,0,0,0,LAB,,GENERAL,1.0
EE3405,Mạch công suất và Điện c,EE,,3,150,30,12,0,0,27,0,LECTURE,EE3406,GENERAL,1.0
EE3406,MACH C/SUAT &DIEN CO(THL,EE,,0,12,0,12,0,0,0,0,PRACTICAL,,GENERAL,1.0
EE3407,Trường và sóng điện từ,EE,,3,150,30,10,0,0,30,0,LECTURE,EE3408,GENERAL,1.0
EE3408,TRUONG &SONG DIEN TU(THL,EE,,0,12,0,10,0,0,0,0,PRACTICAL,,GENERAL,1.0
EE3411,Mạch điện tử,EE,,3,150,30,0,20,0,15,0,LECTURE,EE3412,GENERAL,1.0
EE3412,MACH DIEN TU (TN),EE,,0,20,0,0,20,0,0,0,LAB,,GENERAL,1.0
EE3413,Vi xử lý,EE,,3,150,30,0,30,0,0,0,LECTURE,EE3414,GENERAL,1.0
EE3414,VI XU LY (TN),EE,,0,30,0,0,30,0,0,0,LAB,,GENERAL,1.0
EE3415,Thông tin tương tự - số,EE,,3,150,30,0,0,0,45,0,LECTURE,EE3416,GENERAL,1.0
EE3416,THONG TIN T/TU - SO (THL,EE,,0,12,0,12,0,0,0,0,PRACTICAL,,GENERAL,1.0
EE3417,Cảm biến và Đo lường,EE,,3,150,30,30,0,0,0,0,LECTURE,EE3418,GENERAL,1.0
EE3418,CAM BIEN VA DO LUONG(THL,EE,,0,30,0,30,0,0,0,0,PRACTICAL,,GENERAL,1.0
EE3419,Điện tử Công suất,EE,,3,150,30,0,15,0,23,0,LECTURE,EE3420,GENERAL,1.0
EE3420,DIEN TU CONG SUAT (TN),EE,,0,15,0,0,15,0,0,0,LAB,,GENERAL,1.0
EE3421,Máy điện,EE,,3,150,30,0,30,0,0,0,LECTURE,EE3422,GENERAL,1.0
EE3422,MAY DIEN (TN),EE,,0,30,0,0,30,0,0,0,LAB,,GENERAL,1.0
EE3423,Mạch điện tử thông tin,EE,,3,150,30,0,0,0,45,0,LECTURE,EE3424,GENERAL,1.0
EE3424,MACH DIEN TU T/TIN (THL),EE,,0,12,0,12,0,0,0,0,PRACTICAL,,GENERAL,1.0
EE3425,Thiết kế Vi mạch,EE,,3,150,30,0,0,0,45,0,LECTURE,,GENERAL,1.0
EE3427,Thiết kế Hệ thống nhúng,EE,,3,150,30,0,0,0,45,0,LECTURE,,GENERAL,1.0
EE3431,Xử lý số Tín hiệu,EE,,3,150,30,0,20,0,15,0,LECTURE,EE3432,GENERAL,1.0
EE3432,XU LY SO TIN HIEU,EE,,0,20,0,0,20,0,0,0,LAB,,GENERAL,1.0
EE3447,Cơ sở cung cấp điện,EE,,3,150,30,0,0,0,45,0,LECTURE,,GENERAL,1.0
EE3451,Hệ thống thông tin và tí,EE,,3,150,30,0,0,0,45,0,LECTURE,,GENERAL,1.0
EE4003,NGUYEN LY THIET KE VMCT,EE,,3,75,30,0,0,0,45,0,LECTURE,,GENERAL,1.0
EE4005,MACH &H/THONG SIEUCAOTAN,EE,,3,75,30,0,0,0,45,0,LECTURE,,GENERAL,1.0
EE4027,Nhập môn Chiếu sáng,EE,,3,150,30,0,30,0,0,0,LECTURE,EE4028,GENERAL,1.0
EE4028,NHAP MON CHIEU SANG (TN),EE,,0,30,0,0,30,0,0,0,LAB,,GENERAL,1.0
EE4029,Chiếu sáng Thông minh,EE,,3,150,30,0,30,0,0,0,LECTURE,EE4030,GENERAL,1.0
EE4030,CHIEU SANG THONG MINH(TN,EE,,0,30,0,0,30,0,0,0,LAB,,GENERAL,1.0
EE4051,Thiết kế Vi mạch (Pbl),EE,,3,150,30,0,0,0,45,0,LECTURE,,GENERAL,1.0
EE4053,Thiết kế Hệ thống nhúng,EE,,3,150,30,0,0,0,45,0,LECTURE,,GENERAL,1.0
EE4055,Điện tử Công suất,EE,,3,150,30,0,15,0,23,0,LECTURE,EE4056,GENERAL,1.0
EE4056,DIEN TU CONG SUAT (TN),EE,,0,15,0,0,15,0,0,0,LAB,,GENERAL,1.0
EE4059,CAC C/NGHE N/L MOI (PBL),EE,,3,150,30,0,0,45,0,0,LECTURE,,GENERAL,1.0
EE4061,Kỹ thuật Chiếu sáng (Pbl,EE,,3,150,30,0,0,0,45,0,LECTURE,,GENERAL,1.0
EE4063,Hệ thống Cung cấp điện (,EE,,3,150,30,0,0,0,45,0,LECTURE,,GENERAL,1.0
EE4065,Nhà máy Điện và Trạm biế,EE,,3,150,30,0,0,0,45,0,LECTURE,,GENERAL,1.0
EE4067,Thông tin số,EE,,3,150,30,0,0,0,45,0,LECTURE,,GENERAL,1.0
EE4068,THONG TIN SO (THL),EE,,0,12,0,12,0,0,0,0,PRACTICAL,,GENERAL,1.0
EE4071,QL&SD HIEU QUA NANGLUONG,EE,,3,75,30,0,0,0,45,0,LECTURE,,GENERAL,1.0
EE4073,BV ROLE TRONG HT DIEN,EE,,3,75,30,0,0,0,45,0,LECTURE,,GENERAL,1.0
EE4075,TUONG HOP DIEN TU &CLDN,EE,,3,75,30,0,0,0,45,0,LECTURE,,GENERAL,1.0
EE4077,CAC BO BDCS CHO HTNLTT,EE,,3,75,30,0,0,0,45,0,LECTURE,,GENERAL,1.0
EE4079,HE THONG NANG LUONG XANH,EE,,3,75,30,0,0,0,45,0,LECTURE,,GENERAL,1.0
EE4081,ON DINH HE THONG DIEN,EE,,3,75,30,0,0,0,45,0,LECTURE,,GENERAL,1.0
EE4089,Thực tập điện,EE,,1,50,0,0,30,0,0,0,LAB,,GENERAL,1.0
EE4091,Thực tập điện tử,EE,,1,50,0,0,30,0,0,0,LAB,,GENERAL,1.0
EE4227,KY THUAT SIEU CAO TAN,EE,,3,69,33,0,0,0,36,0,LECTURE,,GENERAL,1.0
EE4229,THIET KE HE THONG NHUNG,EE,,3,75,30,0,0,0,45,0,LECTURE,,GENERAL,1.0
EE4231,KY THUAT HE THONG VIEN T,EE,,3,45,45,0,0,0,0,0,LECTURE,,GENERAL,1.0
EE4233,XU LY SO TIN HIEU,EE,,3,45,45,0,0,0,0,0,LECTURE,,GENERAL,1.0
EE4235,KY THUAT ROBOT,EE,,3,60,30,15,15,0,0,0,LECTURE,,GENERAL,1.0
EE4237,CAC NGUON NANG LUONG VA,EE,,3,66,33,6,0,0,27,0,LECTURE,,GENERAL,1.0
EE4239,MACH DIEN TU THONG TIN,EE,,3,45,45,0,0,0,0,0,LECTURE,,GENERAL,1.0
EE4351,"Hệ thống giám sát, điều",EE,,3,150,30,10,20,0,0,0,LECTURE,,GENERAL,1.0
EE4403,Mạng thông tin,EE,,3,150,30,12,0,0,27,0,LECTURE,EE4404,GENERAL,1.0
EE4404,MANG THONG TIN (BT),EE,,0,12,0,12,0,0,0,0,PRACTICAL,,GENERAL,1.0
EE4407,Tự động Hóa Công nghiệp,EE,,3,150,30,0,0,0,45,0,LECTURE,,GENERAL,1.0
EE4408,TU DONG HOA C/NGHIEP(THL,EE,,0,30,0,30,0,0,0,0,PRACTICAL,,GENERAL,1.0
EE4413,Giải tích hệ thống điện,EE,,3,150,30,0,15,0,23,0,LECTURE,EE4414,GENERAL,1.0
EE4414,GIAITICH HETHONG DIEN(TN,EE,,0,15,0,0,15,0,0,0,LAB,,GENERAL,1.0
EE4423,Cấu trúc Máy tính,EE,,3,150,30,0,0,0,45,0,LECTURE,,GENERAL,1.0
EE4425,AI và IoT cho hệ thống n,EE,,3,150,30,0,0,0,45,0,LECTURE,,GENERAL,1.0
EE4426,AI &IOT CHO H/T NLTT (TN,EE,,0,15,0,0,15,0,0,0,LAB,,GENERAL,1.0
EE4427,Lưới điện siêu nhỏ và lư,EE,,3,150,30,18,0,0,18,0,LECTURE,EE4428,GENERAL,1.0
EE4428,LUOI DIEN S/N &LDTM (TN),EE,,0,18,0,18,0,0,0,0,PRACTICAL,,GENERAL,1.0
EE4429,Công nghệ xe điện,EE,,3,150,30,12,0,0,27,0,LECTURE,EE4430,GENERAL,1.0
EE4430,CONG NGHE XE DIEN (TN),EE,,0,12,0,12,0,0,0,0,PRACTICAL,,GENERAL,1.0
EE4431,Điện tử công suất cho hệ,EE,,3,150,30,24,0,0,9,0,LECTURE,EE4432,GENERAL,1.0
EE4432,D/T C/S CHO HTNLTTXD (TN,EE,,0,24,0,24,0,0,0,0,PRACTICAL,,GENERAL,1.0
EE4433,Thiết kế ?ng dụng IoT,EE,,3,150,30,0,0,0,45,0,LECTURE,,GENERAL,1.0
EE4434,THIET KE UNG DUNG IOT(TH,EE,,0,12,0,12,0,0,0,0,PRACTICAL,,GENERAL,1.0
EE4435,Máy học và ứng dụng,EE,,3,150,30,12,0,0,27,0,LECTURE,EE4436,GENERAL,1.0
EE4436,MAY HOC VA UNG DUNG (THL,EE,,0,12,0,12,0,0,0,0,PRACTICAL,,GENERAL,1.0
EE4437,Mạch và hệ thống siêu ca,EE,,3,150,30,0,0,0,45,0,LECTURE,,GENERAL,1.0
EE4439,Hệ thống Viễn thông,EE,,3,150,30,0,0,0,45,0,LECTURE,,GENERAL,1.0
EE4441,Cơ sở Người máy (Robot),EE,,3,150,30,18,0,0,18,0,LECTURE,EE4442,GENERAL,1.0
EE4442,COSO NGUOIMAY (ROBOT)(TH,EE,,0,18,0,18,0,0,0,0,PRACTICAL,,GENERAL,1.0
EE4443,Điều khiển Phi tuyến và,EE,,3,150,30,18,0,0,18,0,LECTURE,EE4444,GENERAL,1.0
EE4444,DIEU KHIEN P/TUYEN&TN(TH,EE,,0,18,0,18,0,0,0,0,PRACTICAL,,GENERAL,1.0
EE4445,Trí tuệ Nhân tạo trong Đ,EE,,3,150,30,0,0,0,45,0,LECTURE,,GENERAL,1.0
EE4446,TRITUE NHANTAO TRG DK(TH,EE,,0,18,0,18,0,0,0,0,PRACTICAL,,GENERAL,1.0
EE4447,Hệ thống Điều khiển nhún,EE,,3,150,30,18,0,0,18,0,LECTURE,EE4448,GENERAL,1.0
EE4448,HETHONG D/KHIEN NHUNG(TH,EE,,0,18,0,18,0,0,0,0,PRACTICAL,,GENERAL,1.0
EE4449,Kỹ thuật số Nâng Cao,EE,,3,150,30,0,0,0,45,0,LECTURE,,GENERAL,1.0
EE4451,Thiết kế Vi mạch số,EE,,3,150,30,0,0,0,45,0,LECTURE,,GENERAL,1.0
EE4453,Thiết kế Vi mạch Tương t,EE,,3,150,30,0,0,0,45,0,LECTURE,,GENERAL,1.0
EE4455,Trí tuệ nhân tạo,EE,,3,150,30,0,0,0,45,0,LECTURE,,GENERAL,1.0
EE5005,Thiết bị Điện trong Phân,EE,,3,150,30,0,0,0,45,0,LECTURE,,GENERAL,1.0
EE5007,Kỹ thuật Cao áp (Pbl),EE,,3,150,30,0,0,0,45,0,LECTURE,,GENERAL,1.0
EE5009,Điều khiển máy điện (PBL,EE,,3,150,30,0,0,0,45,0,LECTURE,,GENERAL,1.0
EE5011,Hệ thống Năng lượng xanh,EE,,3,150,30,0,0,0,45,0,LECTURE,,GENERAL,1.0
EE5013,Kỹ thuật Siêu cao tần (P,EE,,3,150,30,0,0,0,45,0,LECTURE,,GENERAL,1.0
EE5015,Mạch điện Tử Thông tin (,EE,,3,150,30,0,0,0,45,0,LECTURE,,GENERAL,1.0
EE5019,Thông tin Di động (Pbl),EE,,3,150,30,0,0,0,45,0,LECTURE,,GENERAL,1.0
EE5023,CAC PHUONG PHAP TOI UU T,EE,,3,66,33,6,0,0,27,0,LECTURE,,GENERAL,1.0
EE5025,DIEU KHIEN MAY DIEN NANG,EE,,3,66,33,6,0,0,27,0,LECTURE,,GENERAL,1.0
EE5031,Điều khiển và ứng dụng c,EE,,3,150,15,0,0,0,90,0,LECTURE,,GENERAL,1.0
EE5105,HE THONG DIEU KHIEN TICH,EE,,3,675,30,15,0,0,225,0,LECTURE,,GENERAL,1.0
EE5107,DIEN TU CONG SUAT,EE,,3,60,45,15,0,0,0,0,LECTURE,,GENERAL,1.0
EE5109,QUAN LY VA VAN HANH HE T,EE,,3,75,30,0,0,0,45,0,LECTURE,,GENERAL,1.0
EE5111,QUAN LY VA SU DUNG HIEU,EE,,3,66,33,6,0,0,27,0,LECTURE,,GENERAL,1.0
EE5113,MAY HOC VA UNG DUNG,EE,,3,66,33,6,0,0,27,0,LECTURE,,GENERAL,1.0
EE5115,CONG NGHE 4.0 TRONG KY T,EE,,3,66,33,6,0,0,27,0,LECTURE,,GENERAL,1.0
EE5117,GIS UNG DUNG TRONG HE TH,EE,,3,66,33,6,0,0,27,0,LECTURE,,GENERAL,1.0
EE5119,CAU TRUC VA VAN HANH THI,EE,,3,75,30,0,0,0,45,0,LECTURE,,GENERAL,1.0
EE5121,DU BAO NHU CAU NANG LUON,EE,,2,48,21,0,0,0,27,0,LECTURE,,GENERAL,1.0
EE5123,QUAN LY HO TIEU THU DIEN,EE,,2,48,21,0,0,0,27,0,LECTURE,,GENERAL,1.0
EE5125,KINH TE VA QUY HOACH HE,EE,,2,36,27,0,0,0,9,0,LECTURE,,GENERAL,1.0
EE5127,QUAN LY CHAT LUONG DIEN,EE,,2,36,27,0,0,0,9,0,LECTURE,,GENERAL,1.0
EE5129,QUAN TRI TAI SAN TRONG H,EE,,2,36,27,0,0,0,9,0,LECTURE,,GENERAL,1.0
EE5131,PHUONG PHAP PHAN TU HUU,EE,,3,66,33,6,0,0,27,0,LECTURE,,GENERAL,1.0
EE5133,CHAT LUONG DIEN NANG,EE,,3,66,33,6,0,0,27,0,LECTURE,,GENERAL,1.0
EE5135,NHUNG THACH THUC TRONG H,EE,,3,69,33,0,0,0,36,0,LECTURE,,GENERAL,1.0
EE5137,CHUYEN DE KY THUAT DIEN,EE,,3,69,33,0,0,0,36,0,LECTURE,,GENERAL,1.0
EE5139,CAC NGUON NANG LUONG VA,EE,,3,66,33,0,6,0,27,0,LECTURE,,GENERAL,1.0
EE5145,PHUONG PHAP TINH TRONG K,EE,,2,48,21,0,0,0,27,0,LECTURE,,GENERAL,1.0
EE5147,DIEN TU CONG SUAT TRONG,EE,,2,48,21,0,0,0,27,0,LECTURE,,GENERAL,1.0
EE5149,LUOI DIEN THONG MINH,EE,,2,48,21,0,0,0,27,0,LECTURE,,GENERAL,1.0
EE5151,QUAN LY VA DANH GIA TINH,EE,,3,69,33,0,0,0,36,0,LECTURE,,GENERAL,1.0
EE5183,GIAI TICH HE THONG DIEN,EE,,3,75,30,0,0,0,45,0,LECTURE,,GENERAL,1.0
EE5185,GIAI TICH MAY DIEN NANG,EE,,3,66,33,6,0,0,27,0,LECTURE,,GENERAL,1.0
EE5187,DIEN TU CONG SUAT NANG C,EE,,3,66,33,6,0,0,27,0,LECTURE,,GENERAL,1.0
EE5189,NANG LUONG TAI TAO - TIC,EE,,3,66,33,6,0,0,27,0,LECTURE,,GENERAL,1.0
EE5191,HE THONG THONG TIN NANG,EE,,3,675,30,0,15,0,225,0,LECTURE,,GENERAL,1.0
EE5193,XU LY SO TIN HIEU NANG C,EE,,3,675,30,0,15,0,225,0,LECTURE,,GENERAL,1.0
EE5195,MACH TICH HOP SIEU CAO T,EE,,3,675,30,0,15,0,225,0,LECTURE,,GENERAL,1.0
EE5197,THIET KE VI MACH NANG CA,EE,,3,75,30,0,0,0,45,0,LECTURE,,GENERAL,1.0
EE5199,HE THONG DIEU KHIEN SO,EE,,3,675,30,15,0,0,225,0,LECTURE,,GENERAL,1.0
EE5201,XU LY SO TIN HIEU,EE,,3,675,30,15,0,0,225,0,LECTURE,,GENERAL,1.0
EE5203,MANG CONG NGHIEP,EE,,3,675,30,15,0,0,225,0,LECTURE,,GENERAL,1.0
EE5205,THI GIAC MAY TINH,EE,,3,675,30,15,0,0,225,0,LECTURE,,GENERAL,1.0
EE5207,KIEN TRUC MAY TINH NANG,EE,,3,75,30,0,0,0,45,0,LECTURE,,GENERAL,1.0
EE5209,PHAN TICH VA THIET KE MA,EE,,3,75,30,0,0,0,45,0,LECTURE,,GENERAL,1.0
EE5211,MACH TICH HOP SIEU CAO T,EE,,3,75,30,0,0,0,45,0,LECTURE,,GENERAL,1.0
EE5213,KIEM DINH THIET KE ASIC,EE,,3,75,30,0,0,0,45,0,LECTURE,,GENERAL,1.0
EE5215,THIET KE HE THONG TREN C,EE,,3,75,30,0,0,0,45,0,LECTURE,,GENERAL,1.0
EE5217,"SAN XUAT, KIEM TRA VA DO",EE,,3,75,30,0,0,0,45,0,LECTURE,,GENERAL,1.0
EE5219,SO HOC MAY TINH,EE,,3,75,30,0,0,0,45,0,LECTURE,,GENERAL,1.0
EE5221,KY THUAT TONG HOP MACH,EE,,3,75,30,0,0,0,45,0,LECTURE,,GENERAL,1.0
EE5223,CAU TRUC PHAN CUNG CHO G,EE,,3,75,30,0,0,0,45,0,LECTURE,,GENERAL,1.0
EE5225,XU LY TIN HIEU SO NANG C,EE,,3,75,30,0,0,0,45,0,LECTURE,,GENERAL,1.0
EE5227,THONG TIN SO NANG CAO,EE,,3,75,30,0,0,0,45,0,LECTURE,,GENERAL,1.0
EE5229,THIET KE VI MACH CAO TAN,EE,,3,75,30,0,0,0,45,0,LECTURE,,GENERAL,1.0
EE5231,QUY TRINH THIET KE VAT L,EE,,3,75,30,0,0,0,45,0,LECTURE,,GENERAL,1.0
EE5233,THIET KE VI MACH HON HOP,EE,,3,75,30,0,0,0,45,0,LECTURE,,GENERAL,1.0
EE5235,MAY TINH LUONG TU VA UNG,EE,,3,75,30,0,0,0,45,0,LECTURE,,GENERAL,1.0
EE5241,PHUONG PHAP TINH TRONG K,EE,,3,66,33,6,0,0,27,0,LECTURE,,GENERAL,1.0
EE5243,QUA DO DIEN TU VA ON DIN,EE,,3,66,33,6,0,0,27,0,LECTURE,,GENERAL,1.0
EE5245,TOI UU HOA VAN HANH HE T,EE,,3,75,30,0,0,0,45,0,LECTURE,,GENERAL,1.0
EE5247,KY THUAT CAO AP NANG CAO,EE,,3,66,33,6,0,0,27,0,LECTURE,,GENERAL,1.0
EE5249,THI TRUONG DIEN,EE,,3,75,30,0,0,0,45,0,LECTURE,,GENERAL,1.0
EE5251,QUY HOACH HE THONG DIEN,EE,,3,66,33,6,0,0,27,0,LECTURE,,GENERAL,1.0
EE5253,TRUYEN TAI XOAY CHIEU LI,EE,,2,435,21,9,0,0,135,0,LECTURE,,GENERAL,1.0
EE5255,BAO VE ROLE NANG CAO,EE,,2,435,21,9,0,0,135,0,LECTURE,,GENERAL,1.0
EE5257,SCADA TRONG HE THONG DIE,EE,,2,435,21,0,9,0,135,0,LECTURE,,GENERAL,1.0
EE5259,TU DONG HOA TRONG HE THO,EE,,2,435,21,9,0,0,135,0,LECTURE,,GENERAL,1.0
EE5261,TUONG THICH DIEN TU,EE,,3,66,33,6,0,0,27,0,LECTURE,,GENERAL,1.0
EE5263,CHAN DOAN VA GIAM SAT TI,EE,,2,435,21,9,0,0,135,0,LECTURE,,GENERAL,1.0
EE5265,DIEN TU CONG SUAT TRONG,EE,,3,66,33,6,0,0,27,0,LECTURE,,GENERAL,1.0
EE5267,DIEU KHIEN HO TIEU THU D,EE,,2,435,21,9,0,0,135,0,LECTURE,,GENERAL,1.0
EE5269,LUOI DIEN THONG MINH,EE,,3,66,33,6,0,0,27,0,LECTURE,,GENERAL,1.0
EE5271,TIET KIEM NANG LUONG DIE,EE,,3,66,33,6,0,0,27,0,LECTURE,,GENERAL,1.0
EE5273,THONG TIN VO TUYEN,EE,,3,75,30,0,0,0,45,0,LECTURE,,GENERAL,1.0
EE5275,HE THONG THONG TIN NANG,EE,,3,675,30,0,15,0,225,0,LECTURE,,GENERAL,1.0
EE5277,XU LY SO TIN HIEU NANG C,EE,,3,675,30,0,15,0,225,0,LECTURE,,GENERAL,1.0
EE5279,MACH TICH HOP SIEU CAO T,EE,,3,675,30,0,15,0,225,0,LECTURE,,GENERAL,1.0
EE5281,THIET KE VI MACH,EE,,3,675,30,0,15,0,225,0,LECTURE,,GENERAL,1.0
EE5283,THIET KE HE THONG NHUNG,EE,,3,675,30,0,15,0,225,0,LECTURE,,GENERAL,1.0
EE5285,XU LY ANH VA VIDEO,EE,,3,66,33,6,0,0,27,0,LECTURE,,GENERAL,1.0
EE5287,PHUONG PHAP TOI UU VA UN,EE,,3,66,33,6,0,0,27,0,LECTURE,,GENERAL,1.0
EE5289,THONG TIN SOI QUANG,EE,,3,66,33,6,0,0,27,0,LECTURE,,GENERAL,1.0
EE5291,THONG TIN SO,EE,,3,66,33,6,0,0,27,0,LECTURE,,GENERAL,1.0
EE5293,THIET KE VI MACH CAO TAN,EE,,3,675,30,0,15,0,225,0,LECTURE,,GENERAL,1.0
EE5295,THIET KE VI MACH TUONG T,EE,,3,75,30,0,0,0,45,0,LECTURE,,GENERAL,1.0
EE5297,PHAN TICH VA THIET KE AN,EE,,3,66,33,0,6,0,27,0,LECTURE,,GENERAL,1.0
EE5299,MANG CAM BIEN VO TUYEN,EE,,3,66,33,6,0,0,27,0,LECTURE,,GENERAL,1.0
EE5301,MANG THONG TIN DU LIEU,EE,,3,66,33,6,0,0,27,0,LECTURE,,GENERAL,1.0
EE5303,THIET KE VI MACH SO NANG,EE,,3,75,30,0,0,0,45,0,LECTURE,,GENERAL,1.0
EE5305,LAP TRINH HE THONG NHUNG,EE,,3,75,30,0,0,0,45,0,LECTURE,,GENERAL,1.0
EE5307,THIET KE VI XU LY,EE,,3,75,30,0,0,0,45,0,LECTURE,,GENERAL,1.0
EE5309,THIET KE HE THONG TREN C,EE,,3,75,30,0,0,0,45,0,LECTURE,,GENERAL,1.0
EE5311,THIET KE PHAN CUNG SU DU,EE,,3,60,45,0,0,0,15,0,LECTURE,,GENERAL,1.0
EE5313,THIET KE VA SAN XUAT IC,EE,,3,75,30,0,0,0,45,0,LECTURE,,GENERAL,1.0
EE5315,THIET BI DIEN TU Y SINH,EE,,3,66,33,6,0,0,27,0,LECTURE,,GENERAL,1.0
EE5317,SO HOC MAY TINH: GIAI TH,EE,,3,75,30,0,0,0,45,0,LECTURE,,GENERAL,1.0
EE5319,DIEU KHIEN PHI TUYEN,EE,,3,675,30,15,0,0,225,0,LECTURE,,GENERAL,1.0
EE5321,DIEU KHIEN TOI UU,EE,,3,675,30,15,0,0,225,0,LECTURE,,GENERAL,1.0
EE5323,DONG LUC HOC VA DIEU KHI,EE,,3,675,30,15,0,0,225,0,LECTURE,,GENERAL,1.0
EE5325,MO HINH HOA VA NHAN DANG,EE,,3,675,30,15,0,0,225,0,LECTURE,,GENERAL,1.0
EE5327,HE THONG DIEU KHIEN THON,EE,,3,675,30,15,0,0,225,0,LECTURE,,GENERAL,1.0
EE5329,DIEU KHIEN THICH NGHI,EE,,3,675,30,15,0,0,225,0,LECTURE,,GENERAL,1.0
EE5331,DIEU KHIEN BEN VUNG HE D,EE,,3,675,30,15,0,0,225,0,LECTURE,,GENERAL,1.0
EE5333,TRI TUE NHAN TAO TRONG D,EE,,3,675,30,15,0,0,225,0,LECTURE,,GENERAL,1.0
EE5335,DIEU KHIEN QUA TRINH,EE,,3,675,30,15,0,0,225,0,LECTURE,,GENERAL,1.0
EE5337,VI DIEU KHIEN VA HE THON,EE,,3,675,30,15,0,0,225,0,LECTURE,,GENERAL,1.0
EE5339,SCADA: PHAN TICH VA THIE,EE,,3,675,30,15,0,0,225,0,LECTURE,,GENERAL,1.0
EE7001,GIAI TICH HE THONG DIEN,EE,,3,60,30,0,0,0,30,0,LECTURE,,GENERAL,1.0
EE7003,DIEN TU CONG SUAT NANG C,EE,,3,60,30,0,0,0,30,0,LECTURE,,GENERAL,1.0
EE7005,GIAI TICH MAY DIEN NANG,EE,,3,60,30,0,0,0,30,0,LECTURE,,GENERAL,1.0
EE7007,QUA DO DIEN TU VA ON DIN,EE,,3,60,30,0,0,0,30,0,LECTURE,,GENERAL,1.0
EE7009,TOI UU HOA VAN HANH HE T,EE,,3,60,30,0,0,0,30,0,LECTURE,,GENERAL,1.0
EE7011,THI TRUONG DIEN,EE,,3,60,30,0,0,0,30,0,LECTURE,,GENERAL,1.0
EE7013,DIEU KHIEN HO TIEU THU D,EE,,2,45,30,0,0,0,15,0,LECTURE,,GENERAL,1.0
EE7015,CHAT LUONG DIEN NANG,EE,,2,45,30,0,0,0,15,0,LECTURE,,GENERAL,1.0
EE7017,CAC VAN DE KET NOI LUOI,EE,,2,45,30,0,0,0,15,0,LECTURE,,GENERAL,1.0
EE7019,CAC NGUON NANG LUONG TAI,EE,,2,45,30,0,0,0,15,0,LECTURE,,GENERAL,1.0
EE7021,XU LY VIDEO VA UNG DUNG,EE,,3,60,45,0,0,0,15,0,LECTURE,,GENERAL,1.0
EE7023,THIET KE VI XU LY,EE,,3,60,45,0,0,0,15,0,LECTURE,,GENERAL,1.0
EE7025,THIET KE HE THONG NHUNG,EE,,3,60,45,0,0,0,15,0,LECTURE,,GENERAL,1.0
EE7027,LAP TRINH NHUNG NANG CAO,EE,,3,60,45,0,0,0,15,0,LECTURE,,GENERAL,1.0
EE7029,"QUI TRINH SAN XUAT IC, M",EE,,2,45,30,0,0,0,15,0,LECTURE,,GENERAL,1.0
EE7031,THIET KE VI MACH SO NANG,EE,,3,60,45,0,0,0,15,0,LECTURE,,GENERAL,1.0
EE7033,THIET KE VI MACH TUONG T,EE,,3,60,45,0,0,0,15,0,LECTURE,,GENERAL,1.0
EE7035,THIET KE HE THONG XU LY,EE,,3,60,45,0,0,0,15,0,LECTURE,,GENERAL,1.0
EE7037,MANG CAM BIEN KHONG DAY,EE,,3,60,45,0,0,0,15,0,LECTURE,,GENERAL,1.0
EE7039,THIET KE HE THONG DIEN T,EE,,3,60,45,0,0,0,15,0,LECTURE,,GENERAL,1.0
EE7041,THIET KE HE THONG TREN C,EE,,3,60,45,0,0,0,15,0,LECTURE,,GENERAL,1.0
EE7043,TINH TOAN MEM,EE,,3,60,45,0,0,0,15,0,LECTURE,,GENERAL,1.0
EE7045,HE THONG NHAN DANG VO TU,EE,,2,45,30,0,0,0,15,0,LECTURE,,GENERAL,1.0
EE7047,THIET KE PHAN CUNG RTL S,EE,,3,60,45,0,0,0,15,0,LECTURE,,GENERAL,1.0
EE7049,HE THONG DIEU KHIEN THON,EE,,3,60,30,0,0,0,30,0,LECTURE,,GENERAL,1.0
EE7051,THI GIAC MAY TINH,EE,,2,45,15,0,0,0,30,0,LECTURE,,GENERAL,1.0
EE7053,DIEU KHIEN PHI TUYEN,EE,,3,60,30,0,0,0,30,0,LECTURE,,GENERAL,1.0
EE7055,MO HINH HOA VA NHAN DANG,EE,,3,60,30,0,0,0,30,0,LECTURE,,GENERAL,1.0
EE7057,DIEU KHIEN BEN VUNG HE D,EE,,3,60,30,0,0,0,30,0,LECTURE,,GENERAL,1.0
EE7059,VI DIEU KHIEN VA HE THON,EE,,3,60,30,0,15,0,15,0,LECTURE,,GENERAL,1.0
EE7061,DIEU KHIEN QUA TRINH,EE,,3,60,30,0,15,0,15,0,LECTURE,,GENERAL,1.0
EE7063,SCADA: PHAN TICH VA THIE,EE,,3,60,30,0,15,0,15,0,LECTURE,,GENERAL,1.0
EE7065,XU LY SO TIN HIEU NANG C,EE,,3,60,30,0,0,0,30,0,LECTURE,,GENERAL,1.0
EE7067,THONG TIN SO,EE,,3,60,30,0,0,0,30,0,LECTURE,,GENERAL,1.0
EE7069,XU LY TIN HIEU NGAU NHIE,EE,,3,60,30,0,0,0,30,0,LECTURE,,GENERAL,1.0
EE7071,LY THUYET THONG TIN,EE,,3,60,30,0,0,0,30,0,LECTURE,,GENERAL,1.0
EE7073,THONG TIN VO TUYEN,EE,,3,60,30,0,0,0,30,0,LECTURE,,GENERAL,1.0
EE7075,THONG TIN SOI QUANG,EE,,3,60,30,0,0,0,30,0,LECTURE,,GENERAL,1.0
EE7077,MA HOA KENH TRUYEN,EE,,3,60,30,0,0,0,30,0,LECTURE,,GENERAL,1.0
EE7079,MAT MA HOA VA AN NINH MA,EE,,3,60,30,0,0,0,30,0,LECTURE,,GENERAL,1.0
EE7081,CHAT LUONG DICH VU MANG,EE,,3,60,30,0,0,0,30,0,LECTURE,,GENERAL,1.0
EE7083,MACH TICH HOP SIEU CAO T,EE,,3,60,30,0,0,0,30,0,LECTURE,,GENERAL,1.0
EE7085,THIET KE VI MACH CAO TAN,EE,,3,60,45,0,0,0,15,0,LECTURE,,GENERAL,1.0
EE7087,THIET KE VI MACH TUONG T,EE,,3,60,30,0,0,0,30,0,LECTURE,,GENERAL,1.0
EE7089,KY THUAT LOGIC NHANH,EE,,3,60,30,0,0,0,30,0,LECTURE,,GENERAL,1.0
EE7091,XU LY ANH SO VA KY THUAT,EE,,3,60,30,0,0,0,30,0,LECTURE,,GENERAL,1.0
EE7093,PHUONG PHAP TOI UU VA UN,EE,,3,60,30,0,0,0,30,0,LECTURE,,GENERAL,1.0
EE7095,MANG CAM BIEN VO TUYEN,EE,,3,60,30,0,0,0,30,0,LECTURE,,GENERAL,1.0
EE7097,CHUYEN DE XU LY AM THANH,EE,,3,60,30,0,0,0,30,0,LECTURE,,GENERAL,1.0
EE7099,TRUYEN SO LIEU VA MANG,EE,,3,60,30,0,0,0,30,0,LECTURE,,GENERAL,1.0
EN1001,Nhập môn Về kỹ thuật,EN,,3,150,30,10,0,0,30,0,LECTURE,EN1002,GENERAL,1.0
EN1002,NHAP MON VE KY THUAT(BT),EN,,0,12,0,10,0,0,0,0,PRACTICAL,,GENERAL,1.0
EN1003,Con người và Môi trường,EN,,3,150,30,0,0,0,45,0,LECTURE,,GENERAL,1.0
EN1004,CON NGUOI &MOI TRUONG(BT,EN,,0,12,0,12,0,0,0,0,PRACTICAL,,GENERAL,1.0
EN1005,Sinh thái học,EN,,3,150,30,0,0,0,45,0,LECTURE,,GENERAL,1.0
EN1007,NHAP MON KT TUAN HOAN,EN,,3,150,30,12,0,0,27,0,LECTURE,EN1008,GENERAL,1.0
EN1008,NHAP MON KT TUAN HOAN,EN,,0,12,0,12,0,0,0,0,PRACTICAL,,GENERAL,1.0
EN1009,VI SINH VAT,EN,,4,80,45,0,20,0,15,0,LECTURE,EN1010,GENERAL,1.0
EN1010,VI SINH VAT (TN),EN,,0,20,0,0,20,0,0,0,LAB,,GENERAL,1.0
EN1013,Q/LY CHAT THAI RAN &CTNH,EN,,4,80,45,0,20,0,15,0,LECTURE,EN1014,GENERAL,1.0
EN1014,Q/LY CHAT THAI RAN (TN),EN,,0,20,0,0,20,0,0,0,LAB,,GENERAL,1.0
EN1015,Vi sinh Vật đại cương và,EN,,4,200,30,0,30,0,45,0,LECTURE,EN1016,GENERAL,1.0
EN1016,VI SINH VAT D/CUONG (TN),EN,,0,30,0,0,30,0,0,0,LAB,,GENERAL,1.0
EN1017,Hóa Môi trường,EN,,3,150,30,30,0,0,0,0,LECTURE,EN1018,GENERAL,1.0
EN1018,HOA MOI TRUONG (BT),EN,,0,30,0,30,0,0,0,0,PRACTICAL,,GENERAL,1.0
EN1021,Cơ sở Sinh thái và Sinh,EN,,4,200,45,0,20,0,15,0,LECTURE,EN1022,GENERAL,1.0
EN1022,CSST VA SH MOI TRUONG(BT,EN,,0,20,20,0,20,0,0,0,LECTURE,,GENERAL,1.0
EN2003,Các Quá trình Sinh học t,EN,,3,150,30,0,0,0,45,0,LECTURE,,GENERAL,1.0
EN2005,H/HOC TRG K/THUAT &KHMT1,EN,,3,65,30,0,20,0,15,0,LECTURE,EN2006,GENERAL,1.0
EN2006,HH TRG K/THUAT& khmt1(TN,EN,,0,20,0,0,20,0,0,0,LAB,,GENERAL,1.0
EN2007,QUA TRINH MOI TRUONG 1,EN,,2,42,24,0,0,0,18,0,LECTURE,,GENERAL,1.0
EN2009,THONGKE &TOIUUHOA TRG MT,EN,,3,63,30,24,0,0,9,0,LECTURE,EN2010,GENERAL,1.0
EN2010,T/KE &TOIUUHOA TRG MT(TH,EN,,0,24,0,24,0,0,0,0,PRACTICAL,,GENERAL,1.0
EN2011,QUA TRINH MOI TRUONG 2,EN,,2,42,24,0,0,0,18,0,LECTURE,,GENERAL,1.0
EN2013,KIEMSOAT ONHIEM KHONGKHI,EN,,3,65,30,0,20,0,15,0,LECTURE,EN2014,GENERAL,1.0
EN2014,KS ONHIEM KHONG KHI (TN),EN,,0,20,0,0,20,0,0,0,LAB,,GENERAL,1.0
EN2015,QTR HH &H/LY TRG KT M/TR,EN,,3,75,30,0,0,0,45,0,LECTURE,,GENERAL,1.0
EN2017,MO HINH HOA MOI TRUONG,EN,,3,63,30,24,0,0,9,0,LECTURE,EN2018,GENERAL,1.0
EN2018,MO HINHHOA MOI TRUONG(BT,EN,,0,24,0,24,0,0,0,0,PRACTICAL,,GENERAL,1.0
EN2019,PHANTICH HETHONG MOI/TRG,EN,,2,42,24,0,0,0,18,0,LECTURE,,GENERAL,1.0
EN2021,ANTOAN LD & VS M/TRG CN,EN,,2,42,24,0,0,0,18,0,LECTURE,,GENERAL,1.0
EN2023,THUY VAN MOI TRUONG,EN,,2,42,24,0,0,0,18,0,LECTURE,,GENERAL,1.0
EN2025,LUAT &CHINH SACH MOI TRG,EN,,2,42,24,0,0,0,18,0,LECTURE,,GENERAL,1.0
EN2027,H/HOC TRG K/THUAT &KHMT2,EN,,3,60,30,0,30,0,0,0,LECTURE,EN2028,GENERAL,1.0
EN2028,HH TRG K/THUAT& KHMT2(TN,EN,,0,30,0,0,30,0,0,0,LAB,,GENERAL,1.0
EN2031,H/HOC TRG KY THUAT &KHMT,EN,,3,150,30,10,20,0,0,0,LECTURE,EN2032,GENERAL,1.0
EN2032,H/HOC TRG KY THUAT (TN),EN,,0,30,0,0,20,0,0,0,LAB,,GENERAL,1.0
EN2033,Luật và Chính sách Môi t,EN,,3,150,30,0,0,0,45,0,LECTURE,,GENERAL,1.0
EN2035,THUY VAN MOI TRUONG,EN,,3,69,30,12,0,0,27,0,LECTURE,EN2036,GENERAL,1.0
EN2036,THUY VAN MOI TRUONG(BT),EN,,0,12,0,12,0,0,0,0,PRACTICAL,,GENERAL,1.0
EN2037,CAC QUA TRINH MOI TRUONG,EN,,3,63,30,24,0,0,9,0,LECTURE,EN2038,GENERAL,1.0
EN2038,CAC Q/T MOI TRUONG (THL),EN,,0,24,0,24,0,0,0,0,PRACTICAL,,GENERAL,1.0
EN2039,Thực tập Tham quan,EN,,1,50,12,0,0,0,9,0,LECTURE,,GENERAL,1.0
EN2041,H/HOC TRG K/THUAT &KHMT2,EN,,4,75,45,0,30,0,0,0,LECTURE,EN2042,GENERAL,1.0
EN2042,H/HOC TRG K/THUAT (TN),EN,,0,30,0,0,30,0,0,0,LAB,,GENERAL,1.0
EN2043,QTR HH &H/LY TRG KT M/TR,EN,,4,90,45,0,0,0,45,0,LECTURE,,GENERAL,1.0
EN2045,CAC QT HOA-LY TRONG MT,EN,,3,150,30,0,0,0,45,0,LECTURE,,GENERAL,1.0
EN2047,Kinh tế Tài nguyên và Mô,EN,,3,150,30,0,0,0,45,0,LECTURE,,GENERAL,1.0
EN2048,KINH TE TAI NGUYEN&MT(TH,EN,,0,12,0,12,0,0,0,0,PRACTICAL,,GENERAL,1.0
EN2049,Phân tích Hệ thống Môi t,EN,,3,150,30,12,0,0,27,0,LECTURE,EN2050,GENERAL,1.0
EN2050,PHANTICH HETHONG M/TR(TH,EN,,0,12,0,24,0,0,0,0,PRACTICAL,,GENERAL,1.0
EN2051,Độc học Môi trường,EN,,3,150,30,0,10,0,30,0,LECTURE,EN2052,GENERAL,1.0
EN2052,DOC HOC MOI TRUONG (TN),EN,,0,15,0,0,15,0,0,0,LAB,,GENERAL,1.0
EN2053,HSE DAI CUONG,EN,,3,63,30,24,0,0,9,0,LECTURE,,GENERAL,1.0
EN2054,HSE DAI CUONG (THL),EN,,0,24,0,24,0,0,0,0,PRACTICAL,,GENERAL,1.0
EN2055,Mạng lưới Cấp thoát nước,EN,,3,150,30,0,0,0,45,0,LECTURE,,GENERAL,1.0
EN2061,Các quá trình Hoá học và,EN,,3,150,30,0,0,0,45,0,LECTURE,,GENERAL,1.0
EN2065,Hóa phân tích trong môi,EN,,3,150,30,0,30,0,0,0,LECTURE,EN2066,GENERAL,1.0
EN2066,HOA PHAN TICH TR MT(TN),EN,,0,30,0,0,30,0,0,0,LAB,,GENERAL,1.0
EN2067,Cơ sở công nghệ môi trườ,EN,,3,150,30,0,0,0,45,0,LECTURE,,GENERAL,1.0
EN2069,Môi trường - Xã hội - Qu,EN,,3,150,30,10,0,0,30,0,LECTURE,,GENERAL,1.0
EN2071,Đánh giá vòng đời sản ph,EN,,3,150,30,0,0,0,45,0,LECTURE,,GENERAL,1.0
EN2073,Khoa học trái đất ứng dụ,EN,,3,150,30,0,0,0,45,0,LECTURE,,GENERAL,1.0
EN2075,Tương lai học,EN,,3,150,30,0,0,0,45,0,LECTURE,,GENERAL,1.0
EN3001,Kỹ thuật Xử lý Khí thải,EN,,4,200,45,0,20,0,15,0,LECTURE,EN3002,GENERAL,1.0
EN3002,KT XU LY KHI THAI (TN),EN,,0,20,0,0,20,0,0,0,LAB,,GENERAL,1.0
EN3003,?ng dụng GIS và Viễn Thá,EN,,3,150,30,10,20,0,0,0,LECTURE,EN3004,GENERAL,1.0
EN3003.P,?ng dụng GIS và Viễn Thá,EN,,3,150,30,10,20,0,0,0,PRACTICAL,EN3004,GENERAL,1.0
EN3004,UD GIS &VT QLTN&MT (TN),EN,,0,20,0,0,20,0,0,0,LAB,,GENERAL,1.0
EN3005,Kỹ thuật Xử lý Nước cấp,EN,,4,200,45,0,20,0,15,0,LECTURE,EN3006,GENERAL,1.0
EN3006,KT XU LY NUOC CAP (TN),EN,,0,30,0,0,30,0,0,0,LAB,,GENERAL,1.0
EN3007,NHAP MON PPNC KH QLTN&MT,EN,,2,42,24,0,0,0,18,0,LECTURE,,GENERAL,1.0
EN3009,P/T GIS TRONG QLY TN &MT,EN,,3,65,30,0,20,0,15,0,LECTURE,EN3010,GENERAL,1.0
EN3010,P/T GIS TRG QL TN&MT(TN),EN,,0,20,0,0,20,0,0,0,LAB,,GENERAL,1.0
EN3011,DOC HOC MOI TRUONG,EN,,3,65,30,0,20,0,15,0,LECTURE,EN3012,GENERAL,1.0
EN3012,DOC HOC MOI TRUONG (TN),EN,,0,20,0,0,20,0,0,0,LAB,,GENERAL,1.0
EN3013,Kỹ thuật Xử lý Nước thải,EN,,4,200,45,0,20,0,15,0,LECTURE,EN3014,GENERAL,1.0
EN3014,KT XU LY NUOC THAI (TN),EN,,0,20,0,0,20,0,0,0,LAB,,GENERAL,1.0
EN3015,SAN XUAT SACH HON,EN,,2,42,24,0,0,0,18,0,LECTURE,,GENERAL,1.0
EN3017,ISO 14001 &KIEM TOAN MT,EN,,2,42,24,0,0,0,18,0,LECTURE,,GENERAL,1.0
EN3019,QUAN TRAC MOI TRUONG,EN,,2,42,24,0,0,0,18,0,LECTURE,,GENERAL,1.0
EN3021,BIEN DOI KHI HAU,EN,,2,42,24,0,0,0,18,0,LECTURE,,GENERAL,1.0
EN3023,Kỹ thuật Sinh thái,EN,,3,150,30,0,0,0,45,0,LECTURE,,GENERAL,1.0
EN3024,KY THUAT SINH THAI (BT),EN,,0,12,0,12,0,0,0,0,PRACTICAL,,GENERAL,1.0
EN3025,KINH TE TAI NGUYEN & MT,EN,,2,42,24,0,0,0,18,0,LECTURE,,GENERAL,1.0
EN3027,Kỹ thuật Xử lý Chất thải,EN,,4,200,45,0,20,0,15,0,LECTURE,EN3028,GENERAL,1.0
EN3028,K/THUAT XL C/THAI RAN(TN,EN,,0,20,0,0,20,0,0,0,LAB,,GENERAL,1.0
EN3035,KY THUAT XL DAT O NHIEM,EN,,3,63,30,24,0,0,9,0,LECTURE,EN3036,GENERAL,1.0
EN3036,K/T XL DAT O NHIEM (THL),EN,,0,24,0,24,0,0,0,0,PRACTICAL,,GENERAL,1.0
EN3037,Quản lý Môi trường Đô th,EN,,3,150,30,0,0,0,45,0,LECTURE,,GENERAL,1.0
EN3039,Quản lý Tài nguyên nước,EN,,3,150,30,10,0,0,30,0,LECTURE,EN3040,GENERAL,1.0
EN3040,Q/LY TAI NGUYEN NUOC(BT),EN,,0,12,0,10,0,0,0,0,PRACTICAL,,GENERAL,1.0
EN3041,CN XLY NUOCCAP &NUOCTHAI,EN,,3,150,30,0,0,0,45,0,LECTURE,,GENERAL,1.0
EN3043,Kỹ thuật Lò đốt Chất thả,EN,,3,150,30,10,0,0,30,0,LECTURE,EN3044,GENERAL,1.0
EN3044,KT LO DOT CHATTHAI (BT),EN,,0,10,0,10,0,0,0,0,PRACTICAL,,GENERAL,1.0
EN3045,QUAN LY VUNG DOI BO,EN,,2,42,24,0,0,0,18,0,LECTURE,,GENERAL,1.0
EN3047,Đánh giá Tác động và Rủi,EN,,3,150,30,10,0,0,30,0,LECTURE,,GENERAL,1.0
EN3049,VI TAO: LOI ICH & NHTMT,EN,,2,42,24,0,0,0,18,0,LECTURE,,GENERAL,1.0
EN3051,THUY SINH HOC &QUANLY MT,EN,,2,42,24,0,0,0,18,0,LECTURE,,GENERAL,1.0
EN3057,KY THUAT T/GIO & KSON ON,EN,,3,75,30,0,0,0,45,0,LECTURE,,GENERAL,1.0
EN3069,Quản lý Chất thải Rắn và,EN,,3,150,30,0,0,0,45,0,LECTURE,,GENERAL,1.0
EN3070,Q/LY CHAT THAI RAN (TN),EN,,0,20,0,0,20,0,0,0,LAB,,GENERAL,1.0
EN3071,PHANTICH HETHONG MOI/TRG,EN,,3,69,30,12,0,0,27,0,LECTURE,EN3072,GENERAL,1.0
EN3072,P/TICH HETHONG M/TRG(BT),EN,,0,12,0,12,0,0,0,0,PRACTICAL,,GENERAL,1.0
EN3073,An toàn Lao động và Vệ s,EN,,3,150,30,0,0,0,45,0,LECTURE,,GENERAL,1.0
EN3075,"KT XLY NUOCCAP, NUOCTHAI",EN,,4,75,45,0,30,0,0,0,LECTURE,EN3076,GENERAL,1.0
EN3076,"KT XLY NUOCCAP,N/THAI(TN",EN,,0,30,0,0,30,0,0,0,LAB,,GENERAL,1.0
EN3079,Các Hệ thống Quản lý Môi,EN,,3,150,30,0,0,0,45,0,LECTURE,,GENERAL,1.0
EN3080,CAC HE THONG QL M/TR(BT),EN,,0,24,0,24,0,0,0,0,PRACTICAL,,GENERAL,1.0
EN3081,HSE DAI CUONG,EN,,3,63,30,24,0,0,9,0,LECTURE,EN3082,GENERAL,1.0
EN3082,HSE DAI CUONG(BT),EN,,0,24,0,24,0,0,0,0,PRACTICAL,,GENERAL,1.0
EN3083,Quan trắc Môi trường,EN,,3,150,30,0,0,0,45,0,LECTURE,,GENERAL,1.0
EN3084,QUAN TRAC MOI TRUONG(BT),EN,,0,24,0,24,0,0,0,0,PRACTICAL,,GENERAL,1.0
EN3085,HOA HOC NUOC TRONG KTMT,EN,,3,69,30,12,0,0,27,0,LECTURE,,GENERAL,1.0
EN3086,HOA HOC NUOC TRG KTMT(TH,EN,,0,12,0,12,0,0,0,0,PRACTICAL,,GENERAL,1.0
EN3087,Biến đổi Khí hậu,EN,,3,150,30,10,0,0,30,0,LECTURE,,GENERAL,1.0
EN3088,BIEN DOI KHI HAU(BT),EN,,0,12,0,12,0,0,0,0,PRACTICAL,,GENERAL,1.0
EN3089,Quản lý vùng bờ,EN,,3,150,30,10,0,0,30,0,LECTURE,,GENERAL,1.0
EN3090,QUAN LY VUNG BO(BT),EN,,0,12,0,12,0,0,0,0,PRACTICAL,,GENERAL,1.0
EN3091,Q/LY TAINGUYEN RUNG&DDSH,EN,,3,69,30,12,0,0,27,0,LECTURE,EN3092,GENERAL,1.0
EN3092,Q/LY T/N RUNG&DDSH (BT),EN,,0,12,0,12,0,0,0,0,PRACTICAL,,GENERAL,1.0
EN3093,Quản lý và kiểm soát ô n,EN,,3,150,30,0,0,0,45,0,LECTURE,,GENERAL,1.0
EN3094,Q/LY VA KIEM SOAT OND(BT,EN,,0,10,0,10,0,0,0,0,PRACTICAL,,GENERAL,1.0
EN3095,KINH TE TAI NGUYEN & MT,EN,,3,69,30,12,0,0,27,0,LECTURE,EN3096,GENERAL,1.0
EN3096,K/TE TAI NGUYEN & MT(BT),EN,,0,12,0,12,0,0,0,0,PRACTICAL,,GENERAL,1.0
EN3097,LOI ICH &NH CUA VT TMTN,EN,,3,150,30,0,15,0,23,0,LECTURE,EN3098,GENERAL,1.0
EN3098,L/I &NH CUA VT TMTN (TN),EN,,0,15,0,0,15,0,0,0,LAB,,GENERAL,1.0
EN3099,Công nghệ xanh,EN,,3,150,30,0,10,0,30,0,LECTURE,EN3100,GENERAL,1.0
EN3100,CONG NGHE XANH (TN),EN,,0,15,0,0,15,0,0,0,LAB,,GENERAL,1.0
EN3101,KT AN TOAN HOA CHAT -TN,EN,,3,63,30,24,0,0,9,0,LECTURE,EN3102,GENERAL,1.0
EN3102,KT AN TOAN H/CHAT -TN(BT,EN,,0,24,0,24,0,0,0,0,PRACTICAL,,GENERAL,1.0
EN3103,K/THUAT KIEMSOAT TIENGON,EN,,3,63,30,24,0,0,9,0,LECTURE,EN3104,GENERAL,1.0
EN3104,K/T KIEMSOAT TIENGON(BT),EN,,0,24,0,24,0,0,0,0,PRACTICAL,,GENERAL,1.0
EN3105,CAC T/CHUAN Q/TE VE HSE,EN,,3,63,30,24,0,0,9,0,LECTURE,EN3106,GENERAL,1.0
EN3106,CAC T/CH Q/TE VE HSE(BT),EN,,0,24,0,24,0,0,0,0,PRACTICAL,,GENERAL,1.0
EN3107,QUAN LY AN TOAN DU AN,EN,,3,63,30,24,0,0,9,0,LECTURE,EN3108,GENERAL,1.0
EN3108,Q/LY AN TOAN DU AN(BT),EN,,0,24,0,24,0,0,0,0,PRACTICAL,,GENERAL,1.0
EN3109,CONG THAI HOC,EN,,3,150,30,0,0,0,45,0,LECTURE,,GENERAL,1.0
EN3110,CONG THAI HOC(BT),EN,,0,24,0,24,0,0,0,0,PRACTICAL,,GENERAL,1.0
EN3111,Các Quá trình Cơ học tro,EN,,3,150,30,0,0,0,45,0,LECTURE,,GENERAL,1.0
EN3112,CAC QT CO HOC KTMT (BT),EN,,0,30,0,30,0,0,0,0,PRACTICAL,,GENERAL,1.0
EN3113,Quản lý và Kỹ thuật Xử l,EN,,3,150,30,0,0,0,45,0,LECTURE,,GENERAL,1.0
EN3114,QL &KT XL DAT O NHIEM(BT,EN,,0,10,0,10,0,0,0,0,PRACTICAL,,GENERAL,1.0
EN3115,MANG LUOI CAP THOAT NUOC,EN,,3,75,30,0,0,0,45,0,LECTURE,,GENERAL,1.0
EN3117,Vận hành Công trình Xử l,EN,,3,150,30,0,0,0,45,0,LECTURE,,GENERAL,1.0
EN3119,QUY HOACH MOI TRUONG,EN,,3,150,30,12,0,0,27,0,LECTURE,EN3120,GENERAL,1.0
EN3120,QUY HOACH MOI TRUONG(BT),EN,,0,12,0,12,0,0,0,0,PRACTICAL,,GENERAL,1.0
EN3121,"QL MT,XUNG DOT TLVTNMT",EN,,3,75,30,0,0,0,45,0,LECTURE,,GENERAL,1.0
EN3123,CAC QT XU LY TRONG KTMT,EN,,3,69,30,12,0,0,27,0,LECTURE,,GENERAL,1.0
EN3124,CAC QT XU LY TRG KTMT(TH,EN,,0,12,0,12,0,0,0,0,PRACTICAL,,GENERAL,1.0
EN3125,TN MOI TRUONG NUOC DOTHI,EN,,1,30,0,0,30,0,0,0,LAB,,GENERAL,1.0
EN3127,Sản xuất sạch hơn,EN,,3,150,30,10,0,0,30,0,LECTURE,EN3128,GENERAL,1.0
EN3128,SAN XUAT SACH HON (THL),EN,,0,10,0,10,0,0,0,0,PRACTICAL,,GENERAL,1.0
EN3129,P/TICH HE THONG MT(NC),EN,,3,75,30,0,0,0,45,0,LECTURE,,GENERAL,1.0
EN3131,H/T HO TRO RA QDTQLTNMT,EN,,3,75,30,0,0,0,45,0,LECTURE,,GENERAL,1.0
EN3133,NANG LUONG VA MOI TRUONG,EN,,3,75,30,0,0,0,45,0,LECTURE,,GENERAL,1.0
EN3135,DANH GIA VONG DOI SP,EN,,3,75,30,0,0,0,45,0,LECTURE,,GENERAL,1.0
EN3137,SAN XUAT VA TIEU THU BV,EN,,3,75,30,0,0,0,45,0,LECTURE,,GENERAL,1.0
EN3139,QUAN LY TONG HOP TNTN,EN,,3,75,30,0,0,0,45,0,LECTURE,,GENERAL,1.0
EN3141,QUAN LY DU AN MOI TRUONG,EN,,3,75,30,0,0,0,45,0,LECTURE,,GENERAL,1.0
EN3143,QUAN LY MOI TRUONG TNN,EN,,3,75,30,0,0,0,45,0,LECTURE,,GENERAL,1.0
EN3145,SINH THAI BIEN,EN,,3,75,30,0,0,0,45,0,LECTURE,,GENERAL,1.0
EN3147,KINH TE BIEN,EN,,3,75,30,0,0,0,45,0,LECTURE,,GENERAL,1.0
EN3149,DANH GIA RUI RO MT&TN,EN,,3,75,30,0,0,0,45,0,LECTURE,,GENERAL,1.0
EN3151,KINH TE TAI NGUYEN MTNC,EN,,3,75,30,0,0,0,45,0,LECTURE,,GENERAL,1.0
EN3153,CHINH SACH QUAN LY CTBV,EN,,3,75,30,0,0,0,45,0,LECTURE,,GENERAL,1.0
EN3155,DOC HOC MOI TRUONG (NC),EN,,3,75,30,0,0,0,45,0,LECTURE,,GENERAL,1.0
EN3157,QUY HOACH SU DUNG DAT,EN,,3,75,30,0,0,0,45,0,LECTURE,,GENERAL,1.0
EN3159,"VIEN THAM TRONG QLRR,TT",EN,,3,75,30,0,0,0,45,0,LECTURE,,GENERAL,1.0
EN3161,BIEN DOI KHI HAU &CGPTU,EN,,3,75,30,0,0,0,45,0,LECTURE,,GENERAL,1.0
EN3163,MO HINH HOA MOITRUONG NC,EN,,3,75,30,0,0,0,45,0,LECTURE,,GENERAL,1.0
EN3165,SINH KHI HAU VA MTSK,EN,,3,75,30,0,0,0,45,0,LECTURE,,GENERAL,1.0
EN3167,TAI NGUYEN KHI HAU &KTHQ,EN,,3,75,30,0,0,0,45,0,LECTURE,,GENERAL,1.0
EN3169,QUYHOACH TAI NGUYEN NUOC,EN,,3,75,30,0,0,0,45,0,LECTURE,,GENERAL,1.0
EN3171,GIATANG GIATRI MOI TCTX,EN,,3,75,30,0,0,0,45,0,LECTURE,,GENERAL,1.0
EN3173,THU HOI NANG LUONG TU CT,EN,,3,75,30,0,0,0,45,0,LECTURE,,GENERAL,1.0
EN3175,QUAN LY CHAT LUONG NUOC,EN,,3,75,30,0,0,0,45,0,LECTURE,,GENERAL,1.0
EN3177,UD CNSH TRONG K/THUAT MT,EN,,3,75,30,0,0,0,45,0,LECTURE,,GENERAL,1.0
EN3179,UD CNVL TRONG K/THUAT MT,EN,,3,75,30,0,0,0,45,0,LECTURE,,GENERAL,1.0
EN3181,NGUYEN LY &UD CUA NLTT,EN,,3,75,30,0,0,0,45,0,LECTURE,,GENERAL,1.0
EN3183,CONGNGHE MANG TRONG KTMT,EN,,3,75,30,0,0,0,45,0,LECTURE,,GENERAL,1.0
EN3185,CONG NGHE TAI SD NUOC,EN,,3,75,30,0,0,0,45,0,LECTURE,,GENERAL,1.0
EN3187,KY THUAT XU LY BUN THAI,EN,,3,75,30,0,0,0,45,0,LECTURE,,GENERAL,1.0
EN3189,KY THUAT PHAN TICH MTTT,EN,,3,75,30,0,0,0,45,0,LECTURE,,GENERAL,1.0
EN3191,KT MOITRUONG CHO CNMNDDT,EN,,3,75,30,0,0,0,45,0,LECTURE,,GENERAL,1.0
EN3193,KT MOITRUONG CHO CNMDRPD,EN,,3,75,30,0,0,0,45,0,LECTURE,,GENERAL,1.0
EN3195,XL NUOC THAI CMSNCNDHOVN,EN,,3,75,30,0,0,0,45,0,LECTURE,,GENERAL,1.0
EN3197,KIEMSOAT ONHIEM KKTCPTGT,EN,,3,75,30,0,0,0,45,0,LECTURE,,GENERAL,1.0
EN3199,TAI CHE CHAT THAI DIENTU,EN,,3,75,30,0,0,0,45,0,LECTURE,,GENERAL,1.0
EN3203,PTDL GIS &VT TRG QLTN&MT,EN,,3,65,30,0,20,0,15,0,LECTURE,,GENERAL,1.0
EN3204,PTDL GIS &VT TQLTN&MT(TN,EN,,0,20,0,0,20,0,0,0,LAB,,GENERAL,1.0
EN3205,Thủy văn Môi trường,EN,,3,150,30,0,0,0,45,0,LECTURE,,GENERAL,1.0
EN3206,THUY VAN MOI TRUONG (TH),EN,,0,12,0,12,0,0,0,0,PRACTICAL,,GENERAL,1.0
EN3207,Kiểm soát Ô nhiễm Không,EN,,3,150,30,0,20,0,15,0,LECTURE,EN3208,GENERAL,1.0
EN3208,KIEMSOAT ONHIEM K/KHI(TN,EN,,0,20,0,0,20,0,0,0,LAB,,GENERAL,1.0
EN3209,Mô hình Hóa Môi trường,EN,,3,150,30,12,0,0,27,0,LECTURE,EN3210,GENERAL,1.0
EN3210,MO HINH HOA MOITRUONG(TH,EN,,0,12,0,12,0,0,0,0,PRACTICAL,,GENERAL,1.0
EN3211,Q/LY MOITRUONG DOTHI&KCN,EN,,4,90,45,0,0,0,45,0,LECTURE,,GENERAL,1.0
EN3213,Tối ưu hóa và Quy hoạch,EN,,3,150,30,0,0,0,45,0,LECTURE,,GENERAL,1.0
EN3215,Kiểm soát ô nhiễm không,EN,,3,150,30,0,20,0,15,0,LECTURE,,GENERAL,1.0
EN3217,Nhập môn phương pháp ngh,EN,,3,150,30,0,0,0,45,0,LECTURE,,GENERAL,1.0
EN3219,Kỹ thuật thông gió và ki,EN,,3,150,30,30,0,0,0,0,LECTURE,,GENERAL,1.0
EN3225,Cơ sở công nghệ tái chế,EN,,3,150,30,14,0,0,24,0,LECTURE,,GENERAL,1.0
EN3231,Gia tăng giá trị mới cho,EN,,3,150,30,10,0,0,30,0,LECTURE,,GENERAL,1.0
EN3233,Chính sách quản lý chất,EN,,3,150,30,0,0,0,45,0,LECTURE,,GENERAL,1.0
EN3237,Sản xuất và tiêu thụ bền,EN,,3,150,30,0,0,0,45,0,LECTURE,,GENERAL,1.0
EN3239,Công nghệ tái sử dụng nư,EN,,3,150,30,0,0,0,45,0,LECTURE,,GENERAL,1.0
EN3249,Đánh giá Tác động và Cấp,EN,,3,150,30,12,0,0,27,0,LECTURE,,GENERAL,1.0
EN3251,Thu hồi Tài nguyên từ Ch,EN,,3,150,30,14,0,0,24,0,LECTURE,,GENERAL,1.0
EN3253,Thương mại Phát thải Car,EN,,3,150,30,12,0,0,27,0,LECTURE,,GENERAL,1.0
EN3255,Nông nghiệp bền vững,EN,,3,150,30,10,0,0,30,0,LECTURE,,GENERAL,1.0
EN3347,Công nghệ Xử lý Bùn thải,EN,,3,150,30,0,0,0,45,0,LECTURE,,GENERAL,1.0
EN4001,MANG LUOI CAP THOAT NUOC,EN,,3,75,30,0,0,0,45,0,LECTURE,,GENERAL,1.0
EN4005,QUAN LY VA KIEM SOAT OND,EN,,2,42,24,0,0,0,18,0,LECTURE,,GENERAL,1.0
EN4013,Q/LY TAINGUYEN RUNG&DDSH,EN,,2,42,24,0,0,0,18,0,LECTURE,,GENERAL,1.0
EN4015,CONG NGHE XANH,EN,,2,42,24,0,0,0,18,0,LECTURE,,GENERAL,1.0
EN4016,CONG NGHE XANH,EN,,0,15,0,0,15,0,0,0,LAB,,GENERAL,1.0
EN4019,SAN XUAT SACH HON,EN,,2,42,24,0,0,0,18,0,LECTURE,,GENERAL,1.0
EN4021,KY THUAT MOI TRUONG,EN,,2,42,24,0,0,0,18,0,LECTURE,,GENERAL,1.0
EN4025,NMPPNC KHOA HOC TQLTN&MT,EN,,3,150,30,24,0,0,9,0,LECTURE,EN4026,GENERAL,1.0
EN4026,NMPPNC KH TQLTN&MT(BT),EN,,0,24,0,24,0,0,0,0,PRACTICAL,,GENERAL,1.0
EN4029,PTDL GIS &VT TRG QLTN&MT,EN,,3,65,30,0,20,0,15,0,LECTURE,EN4030,GENERAL,1.0
EN4030,PTDL GIS &VT TQLTN&MT(TN,EN,,0,20,0,0,20,0,0,0,LAB,,GENERAL,1.0
EN4039,PHAN TICH HE THONG MOI T,EN,,2,30,30,0,0,0,0,0,LECTURE,,GENERAL,1.0
EN4041,AN TOAN LAO DONG VA VE S,EN,,2,30,30,0,0,0,0,0,LECTURE,,GENERAL,1.0
EN4043,DOC HOC MOI TRUONG,EN,,2,30,30,0,0,0,0,0,LECTURE,,GENERAL,1.0
EN4045,KY THUAT XU LY NUOC CAP,EN,,4,105,30,0,30,0,45,0,LECTURE,,GENERAL,1.0
EN4047,KY THUAT XU LY NUOC THAI,EN,,4,105,30,0,30,0,45,0,LECTURE,,GENERAL,1.0
EN4049,KY THUAT XU LY CHAT THAI,EN,,4,105,30,0,30,0,45,0,LECTURE,,GENERAL,1.0
EN4051,KY THUAT XU LY KHI THAI,EN,,4,105,30,0,30,0,45,0,LECTURE,,GENERAL,1.0
EN4053,CAC QUA TRINH HOA HOC VA,EN,,3,75,30,0,0,0,45,0,LECTURE,,GENERAL,1.0
EN4055,CAC QUA TRINH SINH HOC T,EN,,3,75,30,0,0,0,45,0,LECTURE,,GENERAL,1.0
EN4061,Thu hồi năng lượng từ ch,EN,,3,150,30,0,0,0,45,0,LECTURE,,GENERAL,1.0
EN5005,KINH TE TAI NGUYEN MOI T,EN,,2,30,30,0,0,0,0,0,LECTURE,,GENERAL,1.0
EN5007,HE THONG HO TRO RA QUYET,EN,,2,30,30,0,0,0,0,0,LECTURE,,GENERAL,1.0
EN5009,QUAN LY MOI TRUONG VUNG,EN,,2,30,30,0,0,0,0,0,LECTURE,,GENERAL,1.0
EN5011,NANG LUONG VA MOI TRUONG,EN,,2,30,30,0,0,0,0,0,LECTURE,,GENERAL,1.0
EN5013,QUY HOACH MOI TRUONG,EN,,2,30,30,0,0,0,0,0,LECTURE,,GENERAL,1.0
EN5015,PHAN TICH HE THONG MOI T,EN,,2,30,30,0,0,0,0,0,LECTURE,,GENERAL,1.0
EN5017,CHINH SACH VA NGUYEN TAC,EN,,2,30,30,0,0,0,0,0,LECTURE,,GENERAL,1.0
EN5019,DIEU TRA XA HOI HOC PHUC,EN,,2,30,30,0,0,0,0,0,LECTURE,,GENERAL,1.0
EN5021,DANH GIA RUI RO MOI TRUO,EN,,2,30,30,0,0,0,0,0,LECTURE,,GENERAL,1.0
EN5023,NGUYEN LY CAC QUA TRINH,EN,,2,48,21,0,0,0,27,0,LECTURE,,GENERAL,1.0
EN5025,KY THUAT TIEN TIEN TRONG,EN,,3,75,30,0,0,0,45,0,LECTURE,,GENERAL,1.0
EN5027,KY THUAT TIEN TIEN TRONG,EN,,2,48,21,0,0,0,27,0,LECTURE,,GENERAL,1.0
EN5029,KY THUAT TIEN TIEN TRONG,EN,,2,48,21,0,0,0,27,0,LECTURE,,GENERAL,1.0
EN5031,KY THUAT HIEN DAI TRONG,EN,,2,48,21,0,0,0,27,0,LECTURE,,GENERAL,1.0
EN5033,MO PHONG CAC QUA TRINH X,EN,,3,75,30,0,0,0,45,0,LECTURE,,GENERAL,1.0
EN5035,NGUYEN LY VA UNG DUNG CU,EN,,2,48,21,0,0,0,27,0,LECTURE,,GENERAL,1.0
EN5037,CONG NGHE MANG TRONG KY,EN,,2,48,21,0,0,0,27,0,LECTURE,,GENERAL,1.0
EN5039,CONG NGHE TAI SU DUNG NU,EN,,2,48,21,0,0,0,27,0,LECTURE,,GENERAL,1.0
EN5041,GIS VA VIEN THAM NANG CA,EN,,3,63,36,0,0,0,27,0,LECTURE,,GENERAL,1.0
EN5043,TAI BIEN MOI TRUONG,EN,,2,30,30,0,0,0,0,0,LECTURE,,GENERAL,1.0
EN5045,PHAN TICH CHINH SACH,EN,,3,75,30,0,0,0,45,0,LECTURE,,GENERAL,1.0
EN5047,SEMINAR CHUYEN DE,EN,,2,30,30,0,0,0,0,0,LECTURE,,GENERAL,1.0
EN5049,GIS VA VIEN THAM (NANG C,EN,,2,30,30,0,0,0,0,0,LECTURE,,GENERAL,1.0
EN5051,GIA TANG GIA TRI MOI TU,EN,,3,69,30,0,12,0,27,0,LECTURE,,GENERAL,1.0
EN5053,THU HOI NANG LUONG TU CH,EN,,3,69,30,0,12,0,27,0,LECTURE,,GENERAL,1.0
EN5055,GIA TANG GIA TRI MOI TU,EN,,3,72,24,18,12,0,18,0,LECTURE,,GENERAL,1.0
EN5057,THU HOI NANG LUONG TU CH,EN,,3,72,24,18,12,0,18,0,LECTURE,,GENERAL,1.0
EN5059,QUAN LY CHAT LUONG NUOC,EN,,3,63,30,24,0,0,9,0,LECTURE,,GENERAL,1.0
EN5061,SAN XUAT VA TIEU THU BEN,EN,,3,75,30,0,0,0,45,0,LECTURE,,GENERAL,1.0
EN5063,QUAN LY TONG HOP TAI NGU,EN,,3,75,30,0,0,0,45,0,LECTURE,,GENERAL,1.0
EN5065,QUAN LY DU AN MOI TRUONG,EN,,3,75,30,0,0,0,45,0,LECTURE,,GENERAL,1.0
EN5067,MO HINH HOA MOI TRUONG (,EN,,3,60,30,15,15,0,0,0,LECTURE,,GENERAL,1.0
EN5069,SINH KHI HAU VA MOI TRUO,EN,,3,675,30,15,0,0,225,0,LECTURE,,GENERAL,1.0
EN5071,TAI NGUYEN KHI HAU VA KH,EN,,3,675,30,15,0,0,225,0,LECTURE,,GENERAL,1.0
EN5073,QUY HOACH SU DUNG DAT,EN,,3,675,30,15,0,0,225,0,LECTURE,,GENERAL,1.0
EN5075,UNG DUNG THONG KE TRONG,EN,,3,675,30,15,0,0,225,0,LECTURE,,GENERAL,1.0
EN5077,DOC HOC MOI TRUONG (NANG,EN,,3,675,30,15,0,0,225,0,LECTURE,,GENERAL,1.0
EN5079,VIEN THAM TRONG QUAN LY,EN,,3,675,30,15,0,0,225,0,LECTURE,,GENERAL,1.0
EN5081,QUY HOACH TAI NGUYEN NUO,EN,,3,675,30,15,0,0,225,0,LECTURE,,GENERAL,1.0
EN5083,CAC NGUYEN LY TRONG QUAN,EN,,3,675,30,15,0,0,225,0,LECTURE,,GENERAL,1.0
EN5085,BIEN DOI KHI HAU VA CAC,EN,,3,675,30,15,0,0,225,0,LECTURE,,GENERAL,1.0
EN5087,UNG DUNG CONG NGHE SINH,EN,,3,75,30,0,0,0,45,0,LECTURE,,GENERAL,1.0
EN5089,UNG DUNG CONG NGHE VAT L,EN,,3,75,30,0,0,0,45,0,LECTURE,,GENERAL,1.0
EN5091,NGUYEN LY VA UNG DUNG CU,EN,,3,75,30,0,0,0,45,0,LECTURE,,GENERAL,1.0
EN5093,CONG NGHE MANG TRONG KY,EN,,3,75,30,0,0,0,45,0,LECTURE,,GENERAL,1.0
EN5095,CONG NGHE TAI SU DUNG NU,EN,,3,75,30,0,0,0,45,0,LECTURE,,GENERAL,1.0
EN5097,KY THUAT XU LY BUN THAI,EN,,3,75,30,0,0,0,45,0,LECTURE,,GENERAL,1.0
EN5099,KY THUAT PHAN TICH MOI T,EN,,3,75,30,0,0,0,45,0,LECTURE,,GENERAL,1.0
EN5101,KY THUAT MOI TRUONG CHO,EN,,3,75,30,0,0,0,45,0,LECTURE,,GENERAL,1.0
EN5103,KY THUAT MOI TRUONG CHO,EN,,3,75,30,0,0,0,45,0,LECTURE,,GENERAL,1.0
EN5105,XU LY NUOC THAI CHO MOT,EN,,3,75,30,0,0,0,45,0,LECTURE,,GENERAL,1.0
EN5107,KIEM SOAT O NHIEM KHONG,EN,,3,75,30,0,0,0,45,0,LECTURE,,GENERAL,1.0
EN5109,TAI CHE CHAT THAI DIEN T,EN,,3,75,30,0,0,0,45,0,LECTURE,,GENERAL,1.0
EN5111,PHAN TICH HE THONG MOI T,EN,,3,75,30,0,0,0,45,0,LECTURE,,GENERAL,1.0
EN5113,HE THONG HO TRO RA QUYET,EN,,3,75,30,0,0,0,45,0,LECTURE,,GENERAL,1.0
EN5115,QUAN LY MOI TRUONG VUNG,EN,,3,75,30,0,0,0,45,0,LECTURE,,GENERAL,1.0
EN5117,NANG LUONG VA MOI TRUONG,EN,,3,75,30,0,0,0,45,0,LECTURE,,GENERAL,1.0
EN5119,QUY HOACH MOI TRUONG,EN,,3,75,30,0,0,0,45,0,LECTURE,,GENERAL,1.0
EN5121,DANH GIA VONG DOI SAN PH,EN,,3,75,30,0,0,0,45,0,LECTURE,,GENERAL,1.0
EN5123,KY THUAT SINH THAI,EN,,3,75,30,0,0,0,45,0,LECTURE,,GENERAL,1.0
EN5125,QUAN LY MOI TRUONG TRONG,EN,,3,75,30,0,0,0,45,0,LECTURE,,GENERAL,1.0
EN5127,SINH THAI BIEN,EN,,3,75,30,0,0,0,45,0,LECTURE,,GENERAL,1.0
EN5129,KINH TE BIEN,EN,,3,75,30,0,0,0,45,0,LECTURE,,GENERAL,1.0
EN5131,DANH GIA RUI RO MOI TRUO,EN,,3,75,30,0,0,0,45,0,LECTURE,,GENERAL,1.0
EN5133,KINH TE TAI NGUYEN MOI T,EN,,3,75,30,0,0,0,45,0,LECTURE,,GENERAL,1.0
EN5135,CHINH SACH QUAN LY CHAT,EN,,3,75,30,0,0,0,45,0,LECTURE,,GENERAL,1.0
EN5137,KY THUAT MOI TRUONG CHO,EN,,2,48,21,0,0,0,27,0,LECTURE,,GENERAL,1.0
EN5139,KY THUAT MOI TRUONG CHO,EN,,2,48,21,0,0,0,27,0,LECTURE,,GENERAL,1.0
EN5141,XU LY NUOC THAI CHO MOT,EN,,2,48,21,0,0,0,27,0,LECTURE,,GENERAL,1.0
EN5143,KIEM SOAT O NHIEM KHONG,EN,,2,48,21,0,0,0,27,0,LECTURE,,GENERAL,1.0
EN5145,TAI CHE CHAT THAI DIEN T,EN,,2,48,21,0,0,0,27,0,LECTURE,,GENERAL,1.0
EN5147,PHAN TICH CHINH SACH MOI,EN,,3,63,33,0,12,0,18,0,LECTURE,,GENERAL,1.0
EN5149,NGAN NGUA VA KIEM SOAT O,EN,,3,63,33,0,12,0,18,0,LECTURE,,GENERAL,1.0
EN5155,MO HINH HOA MOI TRUONG (,EN,,3,63,36,0,0,0,27,0,LECTURE,,GENERAL,1.0
EN5157,QUAN LY CHAT LUONG NUOC,EN,,3,63,36,0,0,0,27,0,LECTURE,,GENERAL,1.0
EN5159,CHINH SACH VA NGUYEN TAC,EN,,3,75,30,0,0,0,45,0,LECTURE,,GENERAL,1.0
EN5161,DIEU TRA XA HOI HOC TRON,EN,,3,75,30,0,0,0,45,0,LECTURE,,GENERAL,1.0
EN5171,AN TOAN LAO DONG VA VE S,EN,,3,63,36,0,0,0,27,0,LECTURE,,GENERAL,1.0
EN5173,DOC HOC MOI TRUONG,EN,,3,63,36,0,0,0,27,0,LECTURE,,GENERAL,1.0
EN5175,QUAN LY TAI NGUYEN MOI T,EN,,3,75,30,0,0,0,45,0,LECTURE,,GENERAL,1.0
EN5177,DO THI THONG MINH,EN,,3,75,30,0,0,0,45,0,LECTURE,,GENERAL,1.0
EN5179,QUAN LY MOI TRUONG DO TH,EN,,3,45,45,0,0,0,0,0,LECTURE,,GENERAL,1.0
EN5181,DANH GIA TAC DONG VA RUI,EN,,3,45,45,0,0,0,0,0,LECTURE,,GENERAL,1.0
EN5183,PHAN TICH GIS TRONG QUAN,EN,,3,63,33,0,12,0,18,0,LECTURE,,GENERAL,1.0
EN5185,PHAN TICH HE THONG MOI T,EN,,3,63,36,0,0,0,27,0,LECTURE,,GENERAL,1.0
EN5187,NGUYEN LY CAC QUA TRINH,EN,,2,48,21,0,0,0,27,0,LECTURE,,GENERAL,1.0
EN5189,KY THUAT TIEN TIEN TRONG,EN,,2,48,21,0,0,0,27,0,LECTURE,,GENERAL,1.0
EN5191,KY THUAT TIEN TIEN TRONG,EN,,2,48,21,0,0,0,27,0,LECTURE,,GENERAL,1.0
EN5193,KY THUAT TIEN TIEN TRONG,EN,,2,48,21,0,0,0,27,0,LECTURE,,GENERAL,1.0
EN5195,KY THUAT HIEN DAI TRONG,EN,,2,48,21,0,0,0,27,0,LECTURE,,GENERAL,1.0
EN5197,MO PHONG CAC QUA TRINH X,EN,,2,48,21,0,0,0,27,0,LECTURE,,GENERAL,1.0
EN5199,NGAN NGUA VA KIEM SOAT O,EN,,2,30,30,0,0,0,0,0,LECTURE,,GENERAL,1.0
EN5251,NL QT XL BAC CAO KTMT,EN,,3,150,30,0,0,0,45,0,LECTURE,,GENERAL,1.0
EN5253,KTTT TRONG XL CT RAN,EN,,3,150,30,0,0,0,45,0,LECTURE,,GENERAL,1.0
EN5255,KTTT TRONG XL KHI THAI,EN,,3,150,30,0,0,0,45,0,LECTURE,,GENERAL,1.0
EN5257,KY THUAT HIEN DAI MT,EN,,3,150,30,0,0,0,45,0,LECTURE,,GENERAL,1.0
EN5341,PHAN TICH CHINH SACH MOI,EN,,2,30,30,0,0,0,0,0,LECTURE,,GENERAL,1.0
EN7001,TAI CHE CHAT THAI HUU CO,EN,,2,45,30,0,0,0,15,0,LECTURE,,GENERAL,1.0
EN7003,KY THUAT SINH THAI,EN,,2,45,30,0,0,0,15,0,LECTURE,,GENERAL,1.0
EN7005,CONG NGHE XANH VA NANG L,EN,,2,45,30,0,0,0,15,0,LECTURE,,GENERAL,1.0
EN7007,KY THUAT XU LY CHAT THAI,EN,,2,45,30,0,0,0,15,0,LECTURE,,GENERAL,1.0
EN7009,KIEM SOAT O NHIEM NGUON,EN,,2,45,30,0,0,0,15,0,LECTURE,,GENERAL,1.0
EN7011,CAC HE THONG XU LY DAT N,EN,,2,45,30,0,0,0,15,0,LECTURE,,GENERAL,1.0
EN7013,NGUYEN LY CAC QUA TRINH,EN,,2,48,21,0,0,0,27,0,LECTURE,,GENERAL,1.0
EN7015,KY THUAT TIEN TIEN TRONG,EN,,2,48,21,0,0,0,27,0,LECTURE,,GENERAL,1.0
EN7017,KY THUAT TIEN TIEN TRONG,EN,,2,48,21,0,0,0,27,0,LECTURE,,GENERAL,1.0
EN7019,KY THUAT HIEN DAI TRONG,EN,,2,48,21,0,0,0,27,0,LECTURE,,GENERAL,1.0
EN7021,NGUYEN LY VA UNG DUNG CU,EN,,2,48,21,0,0,0,27,0,LECTURE,,GENERAL,1.0
EN7023,NGUYEN LY CAC QUA TRINH,EN,,2,48,21,0,0,0,27,0,LECTURE,,GENERAL,1.0
EN7025,KY THUAT TIEN TIEN TRONG,EN,,3,75,30,0,0,0,45,0,LECTURE,,GENERAL,1.0
EN7027,KY THUAT TIEN TIEN TRONG,EN,,2,48,21,0,0,0,27,0,LECTURE,,GENERAL,1.0
EN7029,KY THUAT TIEN TIEN TRONG,EN,,2,48,21,0,0,0,27,0,LECTURE,,GENERAL,1.0
EN7031,KY THUAT HIEN DAI TRONG,EN,,2,48,21,0,0,0,27,0,LECTURE,,GENERAL,1.0
EN7033,MO PHONG CAC QUA TRINH X,EN,,3,75,30,0,0,0,45,0,LECTURE,,GENERAL,1.0
EN7035,UNG DUNG CONG NGHE SINH,EN,,3,75,30,0,0,0,45,0,LECTURE,,GENERAL,1.0
EN7037,UNG DUNG CONG NGHE VAT L,EN,,3,75,30,0,0,0,45,0,LECTURE,,GENERAL,1.0
EN7039,NGUYEN LY VA UNG DUNG CU,EN,,3,75,30,0,0,0,45,0,LECTURE,,GENERAL,1.0
EN7041,CONG NGHE MANG TRONG KY,EN,,3,75,30,0,0,0,45,0,LECTURE,,GENERAL,1.0
EN7043,CONG NGHE TAI SU DUNG NU,EN,,3,75,30,0,0,0,45,0,LECTURE,,GENERAL,1.0
EN7045,KY THUAT XU LY BUN THAI,EN,,3,75,30,0,0,0,45,0,LECTURE,,GENERAL,1.0
EN7047,KY THUAT PHAN TICH MOI T,EN,,3,75,30,0,0,0,45,0,LECTURE,,GENERAL,1.0
EN7049,KY THUAT MOI TRUONG CHO,EN,,3,75,30,0,0,0,45,0,LECTURE,,GENERAL,1.0
EN7051,KY THUAT MOI TRUONG CHO,EN,,3,75,30,0,0,0,45,0,LECTURE,,GENERAL,1.0
EN7053,XU LY NUOC THAI CHO MOT,EN,,3,75,30,0,0,0,45,0,LECTURE,,GENERAL,1.0
EN7055,KIEM SOAT O NHIEM KHONG,EN,,3,75,30,0,0,0,45,0,LECTURE,,GENERAL,1.0
EN7057,TAI CHE CHAT THAI DIEN T,EN,,3,75,30,0,0,0,45,0,LECTURE,,GENERAL,1.0
EN7059,PHAN TICH CHINH SACH MOI,EN,,2,30,30,0,0,0,0,0,LECTURE,,GENERAL,1.0
EN7061,NGAN NGUA VA KIEM SOAT O,EN,,2,30,30,0,0,0,0,0,LECTURE,,GENERAL,1.0
EN7063,QUAN LY DU AN MOI TRUONG,EN,,3,75,30,0,0,0,45,0,LECTURE,,GENERAL,1.0
EN7065,QUY HOACH SU DUNG DAT,EN,,3,675,30,15,0,0,225,0,LECTURE,,GENERAL,1.0
EN7067,UNG DUNG THONG KE TRONG,EN,,3,675,30,15,0,0,225,0,LECTURE,,GENERAL,1.0
EN7069,KIEM SOAT O NHIEM KHONG,EN,,2,48,21,0,0,0,27,0,LECTURE,,GENERAL,1.0
EN7071,XU LY NUOC THAI CHO MOT,EN,,2,48,21,0,0,0,27,0,LECTURE,,GENERAL,1.0
EN7073,KY THUAT MOI TRUONG CHO,EN,,2,48,21,0,0,0,27,0,LECTURE,,GENERAL,1.0
EN7075,KY THUAT MOI TRUONG CHO,EN,,2,48,21,0,0,0,27,0,LECTURE,,GENERAL,1.0
EN7077,TAI CHE CHAT THAI DIEN T,EN,,2,48,21,0,0,0,27,0,LECTURE,,GENERAL,1.0
EN7079,CHINH SACH QUAN LY CHAT,EN,,3,75,30,0,0,0,45,0,LECTURE,,GENERAL,1.0
EN7081,GIA TANG GIA TRI MOI TU,EN,,3,69,30,0,12,0,27,0,LECTURE,,GENERAL,1.0
EN7083,CONG NGHE TAI SU DUNG NU,EN,,2,48,21,0,0,0,27,0,LECTURE,,GENERAL,1.0
EN7085,CONG NGHE MANG TRONG KY,EN,,2,48,21,0,0,0,27,0,LECTURE,,GENERAL,1.0
EN7087,NGUYEN LY VA UNG DUNG CU,EN,,2,48,21,0,0,0,27,0,LECTURE,,GENERAL,1.0
EN7089,THU HOI NANG LUONG TU CH,EN,,3,69,30,0,12,0,27,0,LECTURE,,GENERAL,1.0
EN7091,QUAN LY MOI TRUONG VUNG,EN,,3,75,30,0,0,0,45,0,LECTURE,,GENERAL,1.0
EN7093,AN TOAN LAO DONG VA VE S,EN,,3,63,36,0,0,0,27,0,LECTURE,,GENERAL,1.0
EN7095,SAN XUAT VA TIEU THU BEN,EN,,3,75,30,0,0,0,45,0,LECTURE,,GENERAL,1.0
EN7097,QUAN LY TONG HOP TAI NGU,EN,,3,75,30,0,0,0,45,0,LECTURE,,GENERAL,1.0
EN7099,QUAN LY DU AN MOI TRUONG,EN,,3,75,30,0,0,0,45,0,LECTURE,,GENERAL,1.0
EN7101,SINH KHI HAU VA MOI TRUO,EN,,3,675,30,15,0,0,225,0,LECTURE,,GENERAL,1.0
EN7103,TAI NGUYEN KHI HAU VA KH,EN,,3,675,30,15,0,0,225,0,LECTURE,,GENERAL,1.0
EN7105,SEMINAR CHUYEN DE,EN,,2,30,30,0,0,0,0,0,LECTURE,,GENERAL,1.0
EN7107,GIS VA VIEN THAM (NANG C,EN,,2,30,30,0,0,0,0,0,LECTURE,,GENERAL,1.0
EN7109,GIA TANG GIA TRI MOI TU,EN,,3,72,24,18,12,0,18,0,LECTURE,,GENERAL,1.0
EN7111,THU HOI NANG LUONG TU CH,EN,,3,72,24,18,12,0,18,0,LECTURE,,GENERAL,1.0
EN7113,QUAN LY CHAT LUONG NUOC,EN,,3,63,30,24,0,0,9,0,LECTURE,,GENERAL,1.0
EN7115,SAN XUAT VA TIEU THU BEN,EN,,3,75,30,0,0,0,45,0,LECTURE,,GENERAL,1.0
EN7117,QUAN LY TONG HOP TAI NGU,EN,,3,75,30,0,0,0,45,0,LECTURE,,GENERAL,1.0
EN7119,QUY HOACH SU DUNG DAT,EN,,3,675,30,15,0,0,225,0,LECTURE,,GENERAL,1.0
EN7121,DOC HOC MOI TRUONG (NANG,EN,,3,675,30,15,0,0,225,0,LECTURE,,GENERAL,1.0
EN7123,VIEN THAM TRONG QUAN LY,EN,,3,675,30,15,0,0,225,0,LECTURE,,GENERAL,1.0
EN7125,MO HINH HOA MOI TRUONG (,EN,,3,60,30,15,15,0,0,0,LECTURE,,GENERAL,1.0
EN7127,QUY HOACH TAI NGUYEN NUO,EN,,3,675,30,15,0,0,225,0,LECTURE,,GENERAL,1.0
EN7129,SINH KHI HAU VA MOI TRUO,EN,,3,675,30,15,0,0,225,0,LECTURE,,GENERAL,1.0
EN7131,BIEN DOI KHI HAU VA CAC,EN,,3,675,30,15,0,0,225,0,LECTURE,,GENERAL,1.0
EN7133,TAI NGUYEN KHI HAU VA KH,EN,,3,675,30,15,0,0,225,0,LECTURE,,GENERAL,1.0
EN7135,PHAN TICH HE THONG MOI T,EN,,3,75,30,0,0,0,45,0,LECTURE,,GENERAL,1.0
EN7137,HE THONG HO TRO RA QUYET,EN,,3,75,30,0,0,0,45,0,LECTURE,,GENERAL,1.0
EN7139,DOC HOC MOI TRUONG,EN,,3,63,36,0,0,0,27,0,LECTURE,,GENERAL,1.0
EN7141,NANG LUONG VA MOI TRUONG,EN,,3,75,30,0,0,0,45,0,LECTURE,,GENERAL,1.0
EN7143,DOC HOC MOI TRUONG (NANG,EN,,3,675,30,15,0,0,225,0,LECTURE,,GENERAL,1.0
EN7145,QUY HOACH MOI TRUONG,EN,,3,75,30,0,0,0,45,0,LECTURE,,GENERAL,1.0
EN7147,VIEN THAM TRONG QUAN LY,EN,,3,675,30,15,0,0,225,0,LECTURE,,GENERAL,1.0
EN7149,DANH GIA VONG DOI SAN PH,EN,,3,75,30,0,0,0,45,0,LECTURE,,GENERAL,1.0
EN7151,QUY HOACH TAI NGUYEN NUO,EN,,3,675,30,15,0,0,225,0,LECTURE,,GENERAL,1.0
EN7153,CAC NGUYEN LY TRONG QUAN,EN,,3,675,30,15,0,0,225,0,LECTURE,,GENERAL,1.0
EN7155,KY THUAT SINH THAI,EN,,3,75,30,0,0,0,45,0,LECTURE,,GENERAL,1.0
EN7157,QUAN LY MOI TRUONG TRONG,EN,,3,75,30,0,0,0,45,0,LECTURE,,GENERAL,1.0
EN7159,BIEN DOI KHI HAU VA CAC,EN,,3,675,30,15,0,0,225,0,LECTURE,,GENERAL,1.0
EN7161,SINH THAI BIEN,EN,,3,75,30,0,0,0,45,0,LECTURE,,GENERAL,1.0
EN7163,KINH TE BIEN,EN,,3,75,30,0,0,0,45,0,LECTURE,,GENERAL,1.0
EN7165,DANH GIA RUI RO MOI TRUO,EN,,3,75,30,0,0,0,45,0,LECTURE,,GENERAL,1.0
EN7167,KINH TE TAI NGUYEN MOI T,EN,,3,75,30,0,0,0,45,0,LECTURE,,GENERAL,1.0
EN7169,CHINH SACH QUAN LY CHAT,EN,,3,75,30,0,0,0,45,0,LECTURE,,GENERAL,1.0
EN7171,NGAN NGUA VA KIEM SOAT O,EN,,3,63,33,0,12,0,18,0,LECTURE,,GENERAL,1.0
EN7173,MO HINH HOA MOI TRUONG (,EN,,3,63,36,0,0,0,27,0,LECTURE,,GENERAL,1.0
EN7175,QUAN LY CHAT LUONG NUOC,EN,,3,63,36,0,0,0,27,0,LECTURE,,GENERAL,1.0
EN7177,THU HOI NANG LUONG TU CH,EN,,3,69,30,0,12,0,27,0,LECTURE,,GENERAL,1.0
EN7179,GIA TANG GIA TRI MOI TU,EN,,3,69,30,0,12,0,27,0,LECTURE,,GENERAL,1.0
EN7181,GIS VA VIEN THAM NANG CA,EN,,3,63,36,0,0,0,27,0,LECTURE,,GENERAL,1.0
EN7183,PHAN TICH CHINH SACH MOI,EN,,3,63,33,0,12,0,18,0,LECTURE,,GENERAL,1.0
EN7185,PHAN TICH HE THONG MOI T,EN,,3,75,30,0,0,0,45,0,LECTURE,,GENERAL,1.0
EN7187,HE THONG HO TRO RA QUYET,EN,,3,75,30,0,0,0,45,0,LECTURE,,GENERAL,1.0
EN7189,QUAN LY MOI TRUONG VUNG,EN,,3,75,30,0,0,0,45,0,LECTURE,,GENERAL,1.0
EN7191,NANG LUONG VA MOI TRUONG,EN,,3,75,30,0,0,0,45,0,LECTURE,,GENERAL,1.0
EN7193,QUY HOACH MOI TRUONG,EN,,3,75,30,0,0,0,45,0,LECTURE,,GENERAL,1.0
EN7195,DANH GIA VONG DOI SAN PH,EN,,3,75,30,0,0,0,45,0,LECTURE,,GENERAL,1.0
EN7197,KY THUAT SINH THAI,EN,,3,75,30,0,0,0,45,0,LECTURE,,GENERAL,1.0
EN7199,QUAN LY MOI TRUONG TRONG,EN,,3,75,30,0,0,0,45,0,LECTURE,,GENERAL,1.0
EN7201,SINH THAI BIEN,EN,,3,75,30,0,0,0,45,0,LECTURE,,GENERAL,1.0
EN7203,KINH TE BIEN,EN,,3,75,30,0,0,0,45,0,LECTURE,,GENERAL,1.0
EN7205,DANH GIA RUI RO MOI TRUO,EN,,3,75,30,0,0,0,45,0,LECTURE,,GENERAL,1.0
EN7207,KINH TE TAI NGUYEN MOI T,EN,,3,75,30,0,0,0,45,0,LECTURE,,GENERAL,1.0
EN7209,CHINH SACH QUAN LY CHAT,EN,,3,75,30,0,0,0,45,0,LECTURE,,GENERAL,1.0
EN7211,UNG DUNG CONG NGHE SINH,EN,,3,75,30,0,0,0,45,0,LECTURE,,GENERAL,1.0
EN7213,XU LY NUOC THAI CHO MOT,EN,,2,48,21,0,0,0,27,0,LECTURE,,GENERAL,1.0
EN7215,KY THUAT TIEN TIEN TRONG,EN,,2,48,21,0,0,0,27,0,LECTURE,,GENERAL,1.0
EN7217,MO PHONG CAC QUA TRINH X,EN,,2,48,21,0,0,0,27,0,LECTURE,,GENERAL,1.0
GE1001,NHAP MON VE KY THUAT,GE,,3,150,30,0,0,0,45,0,LECTURE,,GENERAL,1.0
GE1002,NHAP MON VE KY THUAT(BT),GE,,0,12,0,12,0,0,0,0,PRACTICAL,,GENERAL,1.0
GE1003,DIA CHAT CO SO,GE,,3,60,30,18,12,0,0,0,LECTURE,GE1004,GENERAL,1.0
GE1004,DIA CHAT CO SO (TN),GE,,0,30,0,0,12,0,0,0,LAB,,GENERAL,1.0
GE1007,TINH THE-K/VAT-THACH HOC,GE,,3,75,30,0,0,0,45,0,LECTURE,,GENERAL,1.0
GE1009,TT TINHTHE K/VAT &TH/HOC,GE,,1,30,0,0,30,0,0,0,LAB,,GENERAL,1.0
GE1011,DIA VAT LY DAI CUONG +KT,GE,,3,150,30,12,0,0,27,0,LECTURE,GE1012,GENERAL,1.0
GE1012,DIA V/LY DAI CUONG+KT(BT,GE,,0,12,0,12,0,0,0,0,PRACTICAL,,GENERAL,1.0
GE1013,KHOA HOC TRAI DAT,GE,,4,200,30,0,30,0,45,0,LECTURE,GE1014,GENERAL,1.0
GE1014,KHOA HOC TRAI DAT (TN),GE,,0,30,0,0,30,0,0,0,LAB,,GENERAL,1.0
GE1015,"SUC KHOE,AT&MT TRONG NDK",GE,,3,150,30,0,0,0,45,0,LECTURE,,GENERAL,1.0
GE1021,QUAN LY DU AN TNCNDK,GE,,3,150,30,14,0,0,24,0,LECTURE,GE1022,GENERAL,1.0
GE1022,QUAN LY DU AN TNCNDK(BT),GE,,0,14,0,14,0,0,0,0,PRACTICAL,,GENERAL,1.0
GE1023,PT DU LIEU TRG NGANH DK,GE,,3,150,30,0,0,0,45,0,LECTURE,,GENERAL,1.0
GE1025,KT HETHONG &THUC TIEN CN,GE,,3,150,30,0,0,0,45,0,LECTURE,,GENERAL,1.0
GE1027,KHOA HOC DU LIEU,GE,,3,150,30,14,0,0,24,0,LECTURE,GE1028,GENERAL,1.0
GE1028,KHOA HOC DU LIEU (BT),GE,,0,14,0,14,0,0,0,0,PRACTICAL,,GENERAL,1.0
GE1029,SUC KHOE AN TOAN MOI TRG,GE,,3,150,30,0,0,0,45,0,LECTURE,,GENERAL,1.0
GE2001,CO SO KY THUAT DAU KHI,GE,,3,150,30,0,0,0,45,0,LECTURE,,GENERAL,1.0
GE2003,DCHAT K/TRUC &DO VE BDDC,GE,,2,42,24,0,0,0,18,0,LECTURE,,GENERAL,1.0
GE2007,DIA VAT LY DAI CUONG,GE,,3,60,30,18,12,0,0,0,LECTURE,GE2008,GENERAL,1.0
GE2008,DIA VAT LY DAI CUONG (TN,GE,,0,30,0,0,12,0,0,0,LAB,,GENERAL,1.0
GE2009,CO HOC DA,GE,,2,42,24,0,0,0,18,0,LECTURE,,GENERAL,1.0
GE2011,C/SO KHOA HOC D/C DAUKHI,GE,,3,69,30,12,0,0,27,0,LECTURE,GE2012,GENERAL,1.0
GE2012,CS VE KH DIA CHAT DK(bt),GE,,0,12,0,12,0,0,0,0,PRACTICAL,,GENERAL,1.0
GE2013,DIA CHAT MOI TRUONG,GE,,2,42,24,0,0,0,18,0,LECTURE,,GENERAL,1.0
GE2015,THACH LUAN,GE,,2,42,24,0,0,0,18,0,LECTURE,,GENERAL,1.0
GE2017,THACH LUAN CONG TRINH,GE,,2,42,24,0,0,0,18,0,LECTURE,,GENERAL,1.0
GE2021,CO SO THUY DIA CO HOC,GE,,3,150,30,0,0,0,45,0,LECTURE,,GENERAL,1.0
GE2022,CO SO THUY DIA CO HOC(BT,GE,,0,12,0,12,0,0,0,0,PRACTICAL,,GENERAL,1.0
GE2023,DIA CHAT THUY VAN,GE,,2,42,24,0,0,0,18,0,LECTURE,,GENERAL,1.0
GE2029,DIA CHAT MOI TRUONG,GE,,3,150,30,0,0,0,45,0,LECTURE,,GENERAL,1.0
GE2031,DIA CHAT THUY VAN,GE,,3,150,30,30,0,0,0,0,LECTURE,GE2032,GENERAL,1.0
GE2032,DIA CHAT THUY VAN(BT),GE,,0,30,0,30,0,0,0,0,PRACTICAL,,GENERAL,1.0
GE2033,T/THE-K/VAT-THACH HOC+TT,GE,,3,150,30,10,20,0,0,0,LECTURE,GE2034,GENERAL,1.0
GE2034,T/THE-K/VAT-(TT),GE,,0,30,0,0,20,0,0,0,LAB,,GENERAL,1.0
GE2035,DCHAT K/TRUC &DO VE BDDC,GE,,3,150,30,24,0,0,9,0,LECTURE,GE2036,GENERAL,1.0
GE2036,DCHAT K/T &DO VE BDDC(BT,GE,,0,24,0,24,0,0,0,0,PRACTICAL,,GENERAL,1.0
GE2037,DIA KY THUAT 1,GE,,3,150,30,24,0,0,9,0,LECTURE,GE2038,GENERAL,1.0
GE2038,DIA KY THUAT 1(BT),GE,,0,24,0,24,0,0,0,0,PRACTICAL,,GENERAL,1.0
GE2041,DIA VAT LY DAU KHI,GE,,3,150,30,12,0,0,27,0,LECTURE,GE2042,GENERAL,1.0
GE2042,DIA VAT LY DAU KHI(BT),GE,,0,12,0,12,0,0,0,0,PRACTICAL,,GENERAL,1.0
GE2043,DIA TIN HOC DAI CUONG,GE,,3,150,30,0,0,0,45,0,LECTURE,,GENERAL,1.0
GE2045,CHUYEN DE 1 (KTDK),GE,,3,150,30,0,0,0,45,0,LECTURE,,GENERAL,1.0
GE2046,CHUYEN DE 1 (KTDK)(BT),GE,,0,12,0,12,0,0,0,0,PRACTICAL,,GENERAL,1.0
GE2047,TB KHAI THAC TBM&HTDKTD,GE,,3,150,30,0,0,0,45,0,LECTURE,,GENERAL,1.0
GE2049,CO HOC DA,GE,,3,75,30,0,0,0,45,0,LECTURE,,GENERAL,1.0
GE2051,CO SO KHOA HOC DCDK &NDK,GE,,3,150,30,14,0,0,24,0,LECTURE,GE2052,GENERAL,1.0
GE2052,CO SO KHOA HOC DCDK &NDK,GE,,0,14,0,14,0,0,0,0,PRACTICAL,,GENERAL,1.0
GE2053,NHIET DONG HOC VIA &TCCL,GE,,3,150,30,0,0,0,45,0,LECTURE,,GENERAL,1.0
GE2055,DIA VAT LY DAU KHI &DGTH,GE,,3,150,30,12,0,0,27,0,LECTURE,GE2056,GENERAL,1.0
GE2056,DIA VAT LY DK &DGTH(BT),GE,,0,12,0,14,0,0,0,0,PRACTICAL,,GENERAL,1.0
GE2059,DIACHAT K/TRUC &CAC PPDC,GE,,3,150,30,12,0,0,27,0,LECTURE,GE2060,GENERAL,1.0
GE2060,DIACHAT K/TRUC &CAC PPDC,GE,,0,12,0,12,0,0,0,0,PRACTICAL,,GENERAL,1.0
GE2061,TR/TICH HOC &NHIP D/TANG,GE,,3,150,30,0,0,0,45,0,LECTURE,,GENERAL,1.0
GE2063,KY THUAT KHOAN DAU KHI,GE,,3,150,30,14,0,0,24,0,LECTURE,GE2064,GENERAL,1.0
GE2064,KY THUAT KHOAN DK(BT),GE,,0,14,0,14,0,0,0,0,PRACTICAL,,GENERAL,1.0
GE2065,VAT LIEU XAY DUNG,GE,,2,100,24,0,0,0,18,0,LECTURE,,GENERAL,1.0
GE2067,SUC BEN - KET CAU VAT LI,GE,,3,150,30,0,0,0,45,0,LECTURE,,GENERAL,1.0
GE2069,TRAC DIA CONG TRINH,GE,,3,150,30,30,0,0,45,0,LECTURE,,GENERAL,1.0
GE2070,TRAC DIA CONG TRINH,GE,,3,150,0,30,0,0,45,0,PRACTICAL,,GENERAL,1.0
GE2071,KET CAU BE TONG COT THEP,GE,,3,150,30,0,0,0,45,0,LECTURE,,GENERAL,1.0
GE2073,CAC PP KHAO SAT VA TN HI,GE,,3,150,30,0,0,0,45,0,LECTURE,,GENERAL,1.0
GE2075,THUC HANH CAC PHUONG PHA,GE,,1,50,0,0,30,0,0,0,LAB,,GENERAL,1.0
GE2077,DIA CHAT THUY VAN CONG T,GE,,3,150,30,24,0,0,9,0,LECTURE,GE2078,GENERAL,1.0
GE2079,KHOANG VAT VA THACH HOC,GE,,3,150,30,0,30,0,15,0,LECTURE,GE2080,GENERAL,1.0
GE2080,KHOANG VAT &THACH HOC(BT,GE,,0,20,0,0,20,0,0,0,LAB,,GENERAL,1.0
GE2081,DIA KY THUAT,GE,,3,150,30,0,0,0,45,0,LECTURE,,GENERAL,1.0
GE2083,CO HOC DA,GE,,3,150,30,0,0,0,45,0,LECTURE,,GENERAL,1.0
GE2099,KHOA HOC TRAI DAT UNG DU,GE,,3,150,30,0,0,0,45,0,LECTURE,,GENERAL,1.0
GE3001,DIA VAT LY GIENG KHOAN,GE,,3,63,30,24,0,0,9,0,LECTURE,GE3002,GENERAL,1.0
GE3002,DIA VATLY GIENG KHOAN(TH,GE,,0,24,0,24,0,0,0,0,PRACTICAL,,GENERAL,1.0
GE3003,DIA CHAT BIEN,GE,,2,42,24,0,0,0,18,0,LECTURE,,GENERAL,1.0
GE3005,DIA HOA UNG DUNG,GE,,2,42,24,0,0,0,18,0,LECTURE,,GENERAL,1.0
GE3007,DIA HOA MOI TRUONG,GE,,2,42,24,0,0,0,18,0,LECTURE,,GENERAL,1.0
GE3009,CONG NGHE KHOAN DAU KHI,GE,,3,75,30,0,0,0,45,0,LECTURE,,GENERAL,1.0
GE3011,DIA KY THUAT 1,GE,,3,75,30,0,0,0,45,0,LECTURE,,GENERAL,1.0
GE3013,THI NGHIEM DIA KY THUAT,GE,,1,50,0,0,30,0,0,0,LAB,,GENERAL,1.0
GE3015,CONGNGHE KHAITHAC DAUKHI,GE,,3,150,30,0,0,0,45,0,LECTURE,,GENERAL,1.0
GE3017,KY THUAT VIA DAU KHI,GE,,3,150,30,0,0,0,45,0,LECTURE,,GENERAL,1.0
GE3019,CONG TRINH XAY DUNG,GE,,2,42,24,0,0,0,18,0,LECTURE,,GENERAL,1.0
GE3021,BE TONG COT THEP,GE,,2,42,24,0,0,0,18,0,LECTURE,,GENERAL,1.0
GE3023,TINHOC U/DUNG TRONG KTDC,GE,,2,42,24,0,0,0,18,0,LECTURE,,GENERAL,1.0
GE3025,DIA THONG KE,GE,,2,42,24,0,0,0,18,0,LECTURE,,GENERAL,1.0
GE3027,CO SINH - DIA TANG,GE,,2,42,24,0,0,0,18,0,LECTURE,,GENERAL,1.0
GE3031,SUC BEN - KET CAU,GE,,2,42,24,0,0,0,18,0,LECTURE,,GENERAL,1.0
GE3035,NGUYEN LY PHA HUY DAT DA,GE,,2,42,24,0,0,0,18,0,LECTURE,,GENERAL,1.0
GE3037,TT KT PT CAC CT CUA MTD,GE,,1,50,0,0,30,0,0,0,LAB,,GENERAL,1.0
GE3041,DIA CHAT KHU VUC,GE,,2,42,24,0,0,0,18,0,LECTURE,,GENERAL,1.0
GE3043,HOANTHIEN GIENG & KT VIA,GE,,2,42,24,0,0,0,18,0,LECTURE,,GENERAL,1.0
GE3045,PP MINH GIAI TAI LIEU DC,GE,,3,150,30,24,0,0,9,0,LECTURE,GE3046,GENERAL,1.0
GE3046,PP MINH GIAI T/L DC(BT),GE,,0,24,0,24,0,0,0,0,PRACTICAL,,GENERAL,1.0
GE3049,TINH TOAN UD TRONG KTDK,GE,,2,42,24,0,0,0,18,0,LECTURE,,GENERAL,1.0
GE3051,DIA KY THUAT 2,GE,,2,42,24,0,0,0,18,0,LECTURE,,GENERAL,1.0
GE3053,DIAMAO-TAN KIENTAO &TTDT,GE,,2,42,24,0,0,0,18,0,LECTURE,,GENERAL,1.0
GE3057,NHIET DONG HOC &DT CLVIA,GE,,3,75,30,0,0,0,45,0,LECTURE,,GENERAL,1.0
GE3059,PHAN TICH VA DU BAO KTDK,GE,,2,42,24,0,0,0,18,0,LECTURE,,GENERAL,1.0
GE3061,THUC HANH DIA KY THUAT 2,GE,,1,50,12,0,0,0,9,0,LECTURE,,GENERAL,1.0
GE3063,TR/TICH HOC &NHIP D/TANG,GE,,2,42,24,0,0,0,18,0,LECTURE,,GENERAL,1.0
GE3065,"ONHIEM DAT,NUOC &CACPPXL",GE,,2,42,24,0,0,0,18,0,LECTURE,,GENERAL,1.0
GE3069,TRAM TICH BONCHUA DAUKHI,GE,,2,42,24,0,0,0,18,0,LECTURE,,GENERAL,1.0
GE3079,P/PHAP VIEN THAM & GIS,GE,,3,150,30,0,0,0,45,0,LECTURE,,GENERAL,1.0
GE3080,P/PHAP VIEN THAM&GIS (TN,GE,,0,30,0,0,30,0,0,0,LAB,,GENERAL,1.0
GE3083,DIA KIEN TAO,GE,,2,42,24,0,0,0,18,0,LECTURE,,GENERAL,1.0
GE3085,BVE MOITRUONG TRONG KTMO,GE,,2,42,24,0,0,0,18,0,LECTURE,,GENERAL,1.0
GE3087,PHAN TICH &THIET KE KDK,GE,,2,42,24,0,0,0,18,0,LECTURE,,GENERAL,1.0
GE3089,K/THAC &BV TAINGUYEN NDD,GE,,3,150,30,0,0,0,45,0,LECTURE,,GENERAL,1.0
GE3091,DUNG DICH KHOAN & XIMANG,GE,,2,42,24,0,0,0,18,0,LECTURE,,GENERAL,1.0
GE3093,KINH TE TAI NGUYEN K/SAN,GE,,2,42,24,0,0,0,18,0,LECTURE,,GENERAL,1.0
GE3099,ON DINH CONG TRINH,GE,,3,150,30,0,0,0,45,0,LECTURE,,GENERAL,1.0
GE3105,DAC TRUNG HOA & MHH VIA,GE,,3,150,30,0,0,0,45,0,LECTURE,,GENERAL,1.0
GE3106,DACTRUNG HOA &MHH VIA(BT,GE,,0,12,0,12,0,0,0,0,PRACTICAL,,GENERAL,1.0
GE3107,"D/GIA THANH HE,DTVL-THDC",GE,,3,69,30,12,0,0,27,0,LECTURE,GE3108,GENERAL,1.0
GE3108,"D/G THANHHE,DTVL-THDC(BT",GE,,0,12,0,12,0,0,0,0,PRACTICAL,,GENERAL,1.0
GE3109,PP TIM KIEM THAM DO TLDK,GE,,2,42,24,0,0,0,18,0,LECTURE,,GENERAL,1.0
GE3111,DIA CHAT DONGLUC C/TRINH,GE,,2,42,24,0,0,0,18,0,LECTURE,,GENERAL,1.0
GE3115,Q/LY MO &DU AN DAUKHI TH,GE,,2,42,24,0,0,0,18,0,LECTURE,,GENERAL,1.0
GE3129,DIA CHAT CT-DCTHUYVAN MO,GE,,3,63,30,24,0,0,9,0,LECTURE,GE3130,GENERAL,1.0
GE3130,D/C CT-DCTHUYVAN MO (BT),GE,,0,24,0,24,0,0,0,0,PRACTICAL,,GENERAL,1.0
GE3131,KY THUAT ANTOAN LAO DONG,GE,,2,42,24,0,0,0,18,0,LECTURE,,GENERAL,1.0
GE3133,THUY DIA CHAT CAC MO DK,GE,,2,42,24,0,0,0,18,0,LECTURE,,GENERAL,1.0
GE3135,KHAO SAT GIENG,GE,,2,42,24,0,0,0,18,0,LECTURE,,GENERAL,1.0
GE3137,CONG TRINH XAY DUNG,GE,,3,150,30,0,0,0,45,0,LECTURE,,GENERAL,1.0
GE3139,CO HOC DA + THUC HANH,GE,,3,150,30,0,0,0,45,0,LECTURE,,GENERAL,1.0
GE3141,DIA THONG KE,GE,,3,150,30,0,0,0,45,0,LECTURE,,GENERAL,1.0
GE3143,DIA KY THUAT 2,GE,,3,150,30,24,0,0,9,0,LECTURE,GE3144,GENERAL,1.0
GE3144,DIA KY THUAT 2 (BT),GE,,0,24,0,24,0,0,0,0,PRACTICAL,,GENERAL,1.0
GE3145,DO AN DIA KY THUAT 2,GE,,1,50,12,0,0,45,9,0,LECTURE,,GENERAL,1.0
GE3147,DIA HOA MOI TRUONG,GE,,3,150,30,12,0,0,27,0,LECTURE,GE3148,GENERAL,1.0
GE3148,DIA HOA MOI TRUONG (BT),GE,,0,12,0,12,0,0,0,0,PRACTICAL,,GENERAL,1.0
GE3149,DO AN KYTHUAT TAI NGUYEN,GE,,1,50,12,0,0,0,9,0,LECTURE,,GENERAL,1.0
GE3151,BV MTR TROG CNDK+KIENTAP,GE,,3,150,30,0,0,0,45,0,LECTURE,,GENERAL,1.0
GE3153,QL TAI NGUYEN DAT &K/SAN,GE,,3,150,30,24,0,0,9,0,LECTURE,GE3154,GENERAL,1.0
GE3154,QL TAI NGUYEN DAT KS(BT),GE,,0,24,0,24,0,0,0,0,PRACTICAL,,GENERAL,1.0
GE3161,Q/LY DU AN TRONG KT TNTD,GE,,3,150,30,12,0,0,27,0,LECTURE,GE3162,GENERAL,1.0
GE3162,QL DU AN TRONG KTTNTD BT,GE,,0,12,0,12,0,0,0,0,PRACTICAL,,GENERAL,1.0
GE3163,"TANG CHUA,TN &TL DAU KHI",GE,,3,150,30,0,0,0,45,0,LECTURE,,GENERAL,1.0
GE3165,TR/TICH HOC &NHIP D/TANG,GE,,3,150,30,0,0,45,0,0,LECTURE,,GENERAL,1.0
GE3167,CONG NGHE XU LY DAU KHI,GE,,3,150,30,0,0,0,45,0,LECTURE,,GENERAL,1.0
GE3169,DIA CHAT BIEN,GE,,3,150,30,0,30,0,0,0,LECTURE,,GENERAL,1.0
GE3171,CHUYEN DE 2 (KTDK),GE,,3,150,30,0,0,0,45,0,LECTURE,,GENERAL,1.0
GE3173,CHUYEN DE 3 (KTDK),GE,,3,150,30,0,0,0,45,0,LECTURE,,GENERAL,1.0
GE3175,HOANTHIEN GIENG & KT VIA,GE,,3,150,30,0,0,0,45,0,LECTURE,,GENERAL,1.0
GE3177,PP TIM KIEM THAM DO TLDK,GE,,3,150,30,12,0,0,27,0,LECTURE,GE3178,GENERAL,1.0
GE3178,PPTIM KIEM TD TLDK(BT),GE,,0,12,0,12,0,0,0,0,PRACTICAL,,GENERAL,1.0
GE3179,THU GOM VA VAN CHUYEN DK,GE,,3,150,30,0,0,0,45,0,LECTURE,,GENERAL,1.0
GE3181,CONG NGHE KHOAN DAU KHI,GE,,3,150,30,0,0,0,45,0,LECTURE,,GENERAL,1.0
GE3183,DC &TAI NGUYEN DAUKHI VN,GE,,3,150,30,0,0,45,0,0,LECTURE,,GENERAL,1.0
GE3185,KHAO SAT GIENG,GE,,3,150,30,0,0,0,45,0,LECTURE,,GENERAL,1.0
GE3187,CHUYEN DE 4 (KTDK),GE,,3,150,30,0,0,0,45,0,LECTURE,,GENERAL,1.0
GE3189,CHUYEN DE 5 (KTDK),GE,,3,75,30,0,0,0,45,0,LECTURE,,GENERAL,1.0
GE3191,CHUYEN DE 6 (KTDK),GE,,3,150,30,0,0,0,45,0,LECTURE,,GENERAL,1.0
GE3195,CHUYEN DE 2 (KTDC),GE,,3,150,30,0,0,0,45,0,LECTURE,,GENERAL,1.0
GE3199,DUNG DICH KHOAN & XIMANG,GE,,3,150,30,0,0,0,45,0,LECTURE,,GENERAL,1.0
GE3201,DIA CHAT CT-DCTV KHU VUC,GE,,3,150,30,0,0,0,45,0,LECTURE,,GENERAL,1.0
GE3203,UD GIS &V/THAM TRG QL TN,GE,,3,150,30,12,0,0,27,0,LECTURE,GE3204,GENERAL,1.0
GE3204,UD GIS &V/THAM QLTN (BT),GE,,0,12,0,12,0,0,0,0,PRACTICAL,,GENERAL,1.0
GE3205,CO HOC DA DAU KHI,GE,,3,150,30,0,0,0,45,0,LECTURE,,GENERAL,1.0
GE3207,CN CB DK PV CHO CAC NCNK,GE,,3,150,30,0,0,0,45,0,LECTURE,,GENERAL,1.0
GE3211,CAC QTCN CHE BIEN DAUKHI,GE,,3,150,30,0,0,0,45,0,LECTURE,,GENERAL,1.0
GE3213,DIA THONG KE UD TRG KTDK,GE,,3,75,30,0,0,0,45,0,LECTURE,,GENERAL,1.0
GE3215,DIA THONG KE UNG DUNG,GE,,3,150,30,0,0,0,45,0,LECTURE,,GENERAL,1.0
GE3217,KY THUAT KHAI THAC D/KHI,GE,,3,150,30,24,0,0,9,0,LECTURE,GE3218,GENERAL,1.0
GE3219,HOANTHIEN &K/THICH GIENG,GE,,3,150,30,0,0,0,45,0,LECTURE,,GENERAL,1.0
GE3221,TON HAI THANH HE &CTNSKT,GE,,3,150,30,12,0,0,27,0,LECTURE,GE3222,GENERAL,1.0
GE3222,TON HAI THANH HE VA CAI,GE,,0,12,0,12,0,0,0,0,PRACTICAL,,GENERAL,1.0
GE3223,CAC QT VAN CHUYEN &CBDK,GE,,3,150,30,0,0,0,45,0,LECTURE,,GENERAL,1.0
GE3225,PHAN TICH DU LIEU,GE,,3,150,30,0,0,0,45,0,LECTURE,,GENERAL,1.0
GE3227,THI NGHIEM VAT LIEU VA K,GE,,1,50,0,0,30,0,0,0,LAB,,GENERAL,1.0
GE3229,DIA KY THUAT CONG TRINH,GE,,4,200,45,0,0,0,45,0,LECTURE,,GENERAL,1.0
GE3231,QUAN TRAC DIA KY THUAT C,GE,,3,150,30,18,0,0,18,0,LECTURE,GE3232,GENERAL,1.0
GE3232,QUAN TRAC DIA KY THUAT C,GE,,0,18,0,18,0,0,0,0,PRACTICAL,,GENERAL,1.0
GE3233,DIA DONG LUC CONG TRINH,GE,,2,100,24,0,0,0,18,0,LECTURE,,GENERAL,1.0
GE3235,KINH TE XAY DUNG,GE,,2,100,24,0,0,0,18,0,LECTURE,,GENERAL,1.0
GE3237,TK GIAI PHAP CAI TAO CON,GE,,3,150,30,0,0,0,45,0,LECTURE,,GENERAL,1.0
GE3239,KY THUAT NEN MONG CONG T,GE,,3,150,30,24,0,0,9,0,LECTURE,,GENERAL,1.0
GE3241,THI NGHIEM DIA KY THUAT,GE,,1,50,0,0,30,0,0,0,LAB,,GENERAL,1.0
GE3243,VE KY THUAT XAY DUNG,GE,,3,150,30,0,0,0,45,0,LECTURE,,GENERAL,1.0
GE3245,QUAN LY DU AN,GE,,3,150,30,0,0,0,45,0,LECTURE,,GENERAL,1.0
GE3247,DIA VAT LY UNG DUNG,GE,,3,150,30,24,0,0,9,0,LECTURE,,GENERAL,1.0
GE3279,KIEM KE KHI THAI,GE,,3,150,30,0,0,0,45,0,LECTURE,,GENERAL,1.0
GE4011,CONG NGHE XU LY DAU KHI,GE,,3,75,30,0,0,0,45,0,LECTURE,,GENERAL,1.0
GE4013,KHAI THAC MO &CN KTM OVN,GE,,3,75,30,0,0,0,45,0,LECTURE,,GENERAL,1.0
GE4017,K/SAT-THAM DO VA TINH TL,GE,,3,75,30,0,0,0,45,0,LECTURE,,GENERAL,1.0
GE4019,PP LAP BAN DO DCMT-DCDT,GE,,2,42,24,0,0,0,18,0,LECTURE,,GENERAL,1.0
GE4021,THU GOM VA VAN CHUYEN DK,GE,,2,42,24,0,0,0,18,0,LECTURE,,GENERAL,1.0
GE4025,ANTOAN &BV MTR TROG CNDK,GE,,3,75,30,0,0,0,45,0,LECTURE,,GENERAL,1.0
GE4029,CAC P/PHAP GIA CO DAT,GE,,3,150,30,0,0,0,45,0,LECTURE,,GENERAL,1.0
GE4033,NEN MONG CONG TRINH,GE,,3,150,30,18,0,0,45,0,LECTURE,,GENERAL,1.0
GE4034,NEN MONG CONG TRINH,GE,,3,150,0,18,0,0,45,0,PRACTICAL,,GENERAL,1.0
GE4035,KY THUAT BIEN,GE,,2,42,24,0,0,0,18,0,LECTURE,,GENERAL,1.0
GE4037,MO PHONG VIA DAU KHI,GE,,2,42,24,0,0,0,18,0,LECTURE,,GENERAL,1.0
GE4041,DIA CHAT CT-DCTV KHU VUC,GE,,2,42,24,0,0,0,18,0,LECTURE,,GENERAL,1.0
GE4043,DIA KY THUAT C/TRINHNGAM,GE,,2,42,24,0,0,0,18,0,LECTURE,,GENERAL,1.0
GE4051,TAI BIEN DIA DONG LUC,GE,,2,42,24,0,0,0,18,0,LECTURE,,GENERAL,1.0
GE4053,DIACHAT CAC MO KHOANGSAN,GE,,3,75,30,0,0,0,45,0,LECTURE,,GENERAL,1.0
GE4055,DANH GIA TACDONG M/TRUOG,GE,,3,75,30,0,0,0,45,0,LECTURE,,GENERAL,1.0
GE4057,NGOC HOC,GE,,2,42,24,0,0,0,18,0,LECTURE,,GENERAL,1.0
GE4061,"VIA, TAI NGUYEN & TLDK",GE,,3,69,30,12,0,0,27,0,LECTURE,GE4062,GENERAL,1.0
GE4062,"VIA,TAI NGUYEN & TLDK(BT",GE,,0,12,0,12,0,0,0,0,PRACTICAL,,GENERAL,1.0
GE4063,DIA CHAT DAU KHI VIETNAM,GE,,3,75,30,0,0,0,45,0,LECTURE,,GENERAL,1.0
GE4067,RA QUYETDINH TRG DAU KHI,GE,,2,42,24,0,0,0,18,0,LECTURE,,GENERAL,1.0
GE4069,DIA CHAT DONGLUC C/TRINH,GE,,3,150,30,24,0,0,9,0,LECTURE,GE4070,GENERAL,1.0
GE4070,DC DONGLUC C/TRINH (BT),GE,,0,24,0,24,0,0,0,0,PRACTICAL,,GENERAL,1.0
GE4071,DO AN NEN MONG CONGTRINH,GE,,2,100,24,0,0,90,18,0,LECTURE,,GENERAL,1.0
GE4075,DO AN CN KT&BAOVE TNNUOC,GE,,2,100,24,0,0,90,18,0,LECTURE,,GENERAL,1.0
GE4079,PP LAP BAN DO DCMT-DCDT,GE,,3,150,30,0,0,0,45,0,LECTURE,,GENERAL,1.0
GE4080,PP LAP BD DCMT-DCDT(BT),GE,,0,30,0,30,0,0,0,0,PRACTICAL,,GENERAL,1.0
GE4081,THUY DIA HOA,GE,,3,150,30,0,0,0,45,0,LECTURE,,GENERAL,1.0
GE4085,DV &TL BAN DO TN DAT &KS,GE,,3,150,30,12,0,0,27,0,LECTURE,GE4086,GENERAL,1.0
GE4086,DV&TL BD TN DAT &KS(BT),GE,,0,12,0,12,0,0,0,0,PRACTICAL,,GENERAL,1.0
GE4087,DOTHI SINHTHAI THONGMINH,GE,,3,150,30,12,0,0,27,0,LECTURE,GE4088,GENERAL,1.0
GE4088,DOTHI ST THONGMINH(BT),GE,,0,12,0,12,0,0,0,0,PRACTICAL,,GENERAL,1.0
GE4089,QH TAI NGUYEN DAT &K/SAN,GE,,3,150,30,24,0,0,9,0,LECTURE,GE4090,GENERAL,1.0
GE4090,QH TN DAT &K/SAN (BT),GE,,0,24,0,24,0,0,0,0,PRACTICAL,,GENERAL,1.0
GE4091,MO PHONG VIA DAU KHI,GE,,3,150,30,0,0,0,45,0,LECTURE,,GENERAL,1.0
GE4093,PHAN TICH VA DU BAO KTDK,GE,,3,150,30,0,0,0,45,0,LECTURE,,GENERAL,1.0
GE4101,CHUYEN DE QUAN LY 4(KTDK,GE,,3,150,30,0,0,0,45,0,LECTURE,,GENERAL,1.0
GE4103,CHUYEN DE QUAN LY 7(KTDK,GE,,3,75,30,0,0,0,45,0,LECTURE,,GENERAL,1.0
GE4105,CHUYEN DE 3 (KTDC),GE,,3,150,30,12,0,0,27,0,LECTURE,GE4106,GENERAL,1.0
GE4106,CHUYEN DE 3 (KTDC)(BT),GE,,0,12,0,12,0,0,0,0,PRACTICAL,,GENERAL,1.0
GE4107,CHUYEN DE 4 (KTDC),GE,,3,150,30,0,0,0,45,0,LECTURE,,GENERAL,1.0
GE4145,THU VIA &PT AP SUAT CT,GE,,3,150,30,0,0,0,45,0,LECTURE,,GENERAL,1.0
GE4147,CAC NGUON TNPTT & PPKT,GE,,3,150,30,0,0,0,45,0,LECTURE,,GENERAL,1.0
GE4149,THU HOI LT CARBON TTHDC,GE,,3,150,30,0,0,0,45,0,LECTURE,,GENERAL,1.0
GE4151,NANG LUONG BEN VUNG,GE,,3,150,30,0,0,0,45,0,LECTURE,,GENERAL,1.0
GE4153,QUAN LY DU AN & VIA DKTH,GE,,3,150,30,14,0,0,24,0,LECTURE,GE4154,GENERAL,1.0
GE4155,TK CAC GIAI PHAP ON DINH,GE,,3,150,30,0,0,0,45,0,LECTURE,,GENERAL,1.0
GE4157,KET CAU THEP CONG TRINH,GE,,3,150,30,0,0,0,45,0,LECTURE,,GENERAL,1.0
GE4161,TK HA TANG KY THUAT CONG,GE,,3,150,30,0,0,0,45,0,LECTURE,,GENERAL,1.0
GE4163,THI CONG CONG TRINH CO S,GE,,3,150,30,0,0,0,45,0,LECTURE,,GENERAL,1.0
GE4165,QUAN LY DU AN,GE,,3,150,30,0,0,0,45,0,LECTURE,,GENERAL,1.0
GE4167,QUY HOACH HA TANG DO THI,GE,,3,150,30,0,0,0,45,0,LECTURE,,GENERAL,1.0
GE4169,KY THUAT THI CONG CONG T,GE,,3,150,30,0,0,0,45,0,LECTURE,,GENERAL,1.0
GE4171,CONG NGHE KHOAN DAU KHI,GE,,3,75,30,0,0,0,45,0,LECTURE,,GENERAL,1.0
GE4173,XU LY MOI TRUONG DIA CHA,GE,,2,100,24,0,0,0,18,0,LECTURE,,GENERAL,1.0
GE4175,DANH GIA TAC DONG MOI TR,GE,,3,150,30,12,0,0,27,0,LECTURE,,GENERAL,1.0
GE4177,THIET KE  VA GIAI PHAP T,GE,,3,150,30,0,0,0,45,0,LECTURE,,GENERAL,1.0
GE4179,QUAN TRAC DIA KY THUAT,GE,,3,150,30,0,0,0,45,0,LECTURE,,GENERAL,1.0
GE4181,DIA KY THUAT CONG TRINH,GE,,3,150,30,0,0,0,45,0,LECTURE,,GENERAL,1.0
GE4189,CO SO KY THUAT DAU KHI,GE,,3,75,30,0,0,0,45,0,LECTURE,,GENERAL,1.0
GE4191,DIA VAT LY DAU KHI,GE,,3,75,30,0,0,0,45,0,LECTURE,,GENERAL,1.0
GE4205,UNG DUNG CONG NGHE MOI T,GE,,3,150,30,0,0,0,45,0,LECTURE,,GENERAL,1.0
GE4249,CONG TRINH KHAI DAO,GE,,3,150,30,0,0,0,45,0,LECTURE,,GENERAL,1.0
GE4261,DI?A CHA?T MOI TRUO?NG,GE,,3,105,15,0,0,0,90,0,LECTURE,,GENERAL,1.0
GE4263,DI?A KY? THUA?T 1,GE,,3,105,15,0,0,0,90,0,LECTURE,,GENERAL,1.0
GE4265,DI?A CHA?T THU?Y VAN,GE,,3,105,15,0,0,0,90,0,LECTURE,,GENERAL,1.0
GE4267,DI?A VA?T LY? DA?I CUONG,GE,,3,105,15,0,0,0,90,0,LECTURE,,GENERAL,1.0
GE4269,CO SO KHOA HOC DIA CHAT,GE,,3,69,30,12,0,0,27,0,LECTURE,,GENERAL,1.0
GE4271,DIA VAT LY DAU KHI,GE,,3,675,30,15,0,0,225,0,LECTURE,,GENERAL,1.0
GE4273,CONG NGHE KHAI THAC DAU,GE,,3,75,30,0,0,0,45,0,LECTURE,,GENERAL,1.0
GE5001,PHAN TICH VIA VA DAC TRU,GE,,3,69,30,12,0,0,27,0,LECTURE,,GENERAL,1.0
GE5003,"TANG CHUA, TAI NGUYEN VA",GE,,3,69,30,12,0,0,27,0,LECTURE,,GENERAL,1.0
GE5005,RA QUYET DINH DU AN DAU,GE,,3,69,30,12,0,0,27,0,LECTURE,,GENERAL,1.0
GE5007,THUC TAP NUOC NGOAI/QUOC,GE,,3,117,9,0,0,0,108,0,LECTURE,,GENERAL,1.0
GE5009,CONG NGHE MO DAU KHI,GE,,3,69,30,12,0,0,27,0,LECTURE,,GENERAL,1.0
GE5011,DIA CO HOC DAU KHI,GE,,3,69,30,12,0,0,27,0,LECTURE,,GENERAL,1.0
GE5013,TIN HOC UNG DUNG TRONG T,GE,,3,69,30,12,0,0,27,0,LECTURE,,GENERAL,1.0
GE5015,THU HOI DAU TANG CUONG,GE,,3,69,30,12,0,0,27,0,LECTURE,,GENERAL,1.0
GE5017,HOAN THIEN GIENG VA KICH,GE,,3,69,30,12,0,0,27,0,LECTURE,,GENERAL,1.0
GE5019,MO HINH HOA VA MO PHONG,GE,,3,75,30,0,0,0,45,0,LECTURE,,GENERAL,1.0
GE5021,KY THUAT KHAI THAC,GE,,3,69,30,12,0,0,27,0,LECTURE,,GENERAL,1.0
GE5023,MINH GIAI TAI LIEU DIA C,GE,,3,69,30,12,0,0,27,0,LECTURE,,GENERAL,1.0
GE5025,DANH GIA KINH TE VA KINH,GE,,3,69,30,12,0,0,27,0,LECTURE,,GENERAL,1.0
GE5027,KY THUAT KHOAN DAU KHI,GE,,3,69,30,12,0,0,27,0,LECTURE,,GENERAL,1.0
GE5029,CAC NGUON TAI NGUYEN KHO,GE,,3,69,30,12,0,0,27,0,LECTURE,,GENERAL,1.0
GE5033,DIA THONG KE,GE,,3,69,30,12,0,0,27,0,LECTURE,,GENERAL,1.0
GE5035,QUAN LY DU AN TICH HOP,GE,,3,69,30,12,0,0,27,0,LECTURE,,GENERAL,1.0
GE5037,UNG DUNG GIS VA VIEN THA,GE,,3,69,30,12,0,0,27,0,LECTURE,,GENERAL,1.0
GE5039,QUI HOACH VA QUAN LY TAI,GE,,3,69,30,12,0,0,27,0,LECTURE,,GENERAL,1.0
GE5041,KY THUAT PHONG CHONG TAI,GE,,3,69,30,12,0,0,27,0,LECTURE,,GENERAL,1.0
GE5043,MO HINH NUOC DUOI DAT,GE,,3,69,30,12,0,0,27,0,LECTURE,,GENERAL,1.0
GE5045,DIA KY THUAT CONG TRINH,GE,,3,69,30,12,0,0,27,0,LECTURE,,GENERAL,1.0
GE5047,DIA CHAT THUY VAN CONG T,GE,,3,69,30,12,0,0,27,0,LECTURE,,GENERAL,1.0
GE5049,DIA HOA MOI TRUONG,GE,,3,69,30,12,0,0,27,0,LECTURE,,GENERAL,1.0
GE5051,QUY HOACH MOI TRUONG VUN,GE,,3,69,30,12,0,0,27,0,LECTURE,,GENERAL,1.0
GE5053,AN TOAN MOI TRUONG TRONG,GE,,3,69,30,12,0,0,27,0,LECTURE,,GENERAL,1.0
GE5055,KINH TE MO VA TAI NGUYEN,GE,,3,69,30,12,0,0,27,0,LECTURE,,GENERAL,1.0
GE5057,PHAN TICH RUI RO TRONG D,GE,,3,69,30,12,0,0,27,0,LECTURE,,GENERAL,1.0
GE5059,KHAI THAC VA BAO VE TAI,GE,,3,69,30,12,0,0,27,0,LECTURE,,GENERAL,1.0
GE5061,QUY HOACH TAI NGUYEN DAT,GE,,3,69,30,12,0,0,27,0,LECTURE,,GENERAL,1.0
GE5063,QUAN LY TAI NGUYEN DAT V,GE,,3,69,30,12,0,0,27,0,LECTURE,,GENERAL,1.0
GE5065,THUY DIA HOA,GE,,3,69,30,12,0,0,27,0,LECTURE,,GENERAL,1.0
GE5067,ON DINH CONG TRINH,GE,,3,69,30,12,0,0,27,0,LECTURE,,GENERAL,1.0
GE5069,NEN MONG CONG TRINH,GE,,3,69,30,12,0,0,27,0,LECTURE,,GENERAL,1.0
GE5071,KY THUAT CAI TAO DAT DA,GE,,3,69,30,12,0,0,27,0,LECTURE,,GENERAL,1.0
GE5073,DIA CHAT DAU KHI VIET NA,GE,,3,69,30,12,0,0,27,0,LECTURE,,GENERAL,1.0
GE5075,CONG NGHE KHAI THAC MO K,GE,,3,69,30,12,0,0,27,0,LECTURE,,GENERAL,1.0
GE5077,PHAN TICH VA DU BAO KHAI,GE,,3,69,30,12,0,0,27,0,LECTURE,,GENERAL,1.0
GE5079,PHUONG PHAP TIM KIEM THA,GE,,3,69,30,12,0,0,27,0,LECTURE,,GENERAL,1.0
GE5081,CONG NGHE KHAI THAC DAU,GE,,3,69,30,12,0,0,27,0,LECTURE,,GENERAL,1.0
GE5083,QUAN LY MO VA DU AN DAU,GE,,3,69,30,12,0,0,27,0,LECTURE,,GENERAL,1.0
GE5085,THUC TAP DU AN DAU KHI,GE,,3,117,9,0,0,0,108,0,LECTURE,,GENERAL,1.0
GE5087,NANG LUONG TAI TAO,GE,,3,69,30,12,0,0,27,0,LECTURE,,GENERAL,1.0
GE5089,KY THUAT VIA DAU KHI,GE,,3,69,30,12,0,0,27,0,LECTURE,,GENERAL,1.0
GE5091,MO PHONG VIA DAU KHI,GE,,3,69,30,12,0,0,27,0,LECTURE,,GENERAL,1.0
GE5093,MO HINH HOA VIA DAU KHI,GE,,3,69,30,12,0,0,27,0,LECTURE,,GENERAL,1.0
GE5095,DANH GIA THANH HE,GE,,3,75,30,0,0,0,45,0,LECTURE,,GENERAL,1.0
GE5097,QUAN LY DU AN DAU KHI,GE,,3,75,30,0,0,0,45,0,LECTURE,,GENERAL,1.0
GE5099,HE THONG KHAI THAC DAU K,GE,,3,75,30,0,0,0,45,0,LECTURE,,GENERAL,1.0
GE5101,DAC TRUNG HOA VIA DAU KH,GE,,3,75,30,0,0,0,45,0,LECTURE,,GENERAL,1.0
GE5103,CONG NGHE KHAI THAC MO K,GE,,3,75,30,0,0,0,45,0,LECTURE,,GENERAL,1.0
GE5105,HOAN THIEN GIENG VA KICH,GE,,3,75,30,0,0,0,45,0,LECTURE,,GENERAL,1.0
GE5107,THU HOI DAU TANG CUONG,GE,,3,75,30,0,0,0,45,0,LECTURE,,GENERAL,1.0
GE5109,DIA THONG KE NANG CAO,GE,,3,75,30,0,0,0,45,0,LECTURE,,GENERAL,1.0
GE5111,CAC NGUON TAI NGUYEN PHI,GE,,3,75,30,0,0,0,45,0,LECTURE,,GENERAL,1.0
GE5113,CAC NGUON NANG LUONG BEN,GE,,3,75,30,0,0,0,45,0,LECTURE,,GENERAL,1.0
GE5115,PHAN TICH DU LIEU TRONG,GE,,3,75,30,0,0,0,45,0,LECTURE,,GENERAL,1.0
GE5119,CONG NGHE XU LY DAU KHI,GE,,3,75,30,0,0,0,45,0,LECTURE,,GENERAL,1.0
GE5125,DIA CHAT MOI TRUONG UNG,GE,,3,105,15,0,0,0,90,0,LECTURE,,GENERAL,1.0
GE5127,DIA CHAT THUY VAN NANG C,GE,,3,75,30,0,0,0,45,0,LECTURE,,GENERAL,1.0
GE5129,DIA VAT LY UNG DUNG,GE,,3,105,15,0,0,0,90,0,LECTURE,,GENERAL,1.0
GE5131,DIA KY THUAT NANG CAO,GE,,3,75,30,0,0,0,45,0,LECTURE,,GENERAL,1.0
GE5133,DIA CHAT DAU KHI,GE,,3,75,30,0,0,0,45,0,LECTURE,,GENERAL,1.0
GE5135,KY THUAT KHOAN DAU KHI,GE,,3,75,30,0,0,0,45,0,LECTURE,,GENERAL,1.0
GE5137,CONG NGHE KHAI THAC DAU,GE,,3,75,30,0,0,0,45,0,LECTURE,,GENERAL,1.0
GE5139,KY THUAT VIA DAU KHI,GE,,3,75,30,0,0,0,45,0,LECTURE,,GENERAL,1.0
GE7001,QUAN LY TICH HOP MO DAU,GE,,2,45,15,0,15,0,15,0,LECTURE,,GENERAL,1.0
GE7003,NGUON TAI NGUYEN PHI TRU,GE,,2,45,15,0,15,0,15,0,LECTURE,,GENERAL,1.0
GE7005,DAC TRUNG DIA CHAT VA KH,GE,,2,45,15,0,15,0,15,0,LECTURE,,GENERAL,1.0
GE7007,AN TOAN VA MOI TRUONG TR,GE,,2,45,30,0,0,0,15,0,LECTURE,,GENERAL,1.0
GE7009,DIA MOI TRUONG NANG CAO,GE,,3,60,45,0,0,0,15,0,LECTURE,,GENERAL,1.0
GE7011,DIA HOA KHOANG SAN NANG,GE,,2,45,30,0,0,0,15,0,LECTURE,,GENERAL,1.0
GE7013,DIA HOA DAU KHI NANG CAO,GE,,2,45,30,0,0,0,15,0,LECTURE,,GENERAL,1.0
GE7015,CAC KIEU NGUON GOC CUA T,GE,,2,45,30,0,0,0,15,0,LECTURE,,GENERAL,1.0
GE7017,NGHIEN CUU DIA TANG VA C,GE,,2,45,30,0,0,0,15,0,LECTURE,,GENERAL,1.0
GE7019,NGHIEN CUU TRAM TICH DE,GE,,2,45,30,0,0,0,15,0,LECTURE,,GENERAL,1.0
GE7021,DIA KIEN TAO,GE,,3,60,30,0,0,0,30,0,LECTURE,,GENERAL,1.0
GE7023,TRAM TICH HOC & NHIP DIA,GE,,2,45,30,0,0,0,15,0,LECTURE,,GENERAL,1.0
GE7025,PHAN TICH KIEN TRUC VA K,GE,,2,45,30,0,0,0,15,0,LECTURE,,GENERAL,1.0
GE7027,KY THUAT KHOAN NANG CAO,GE,,2,45,15,0,15,0,15,0,LECTURE,,GENERAL,1.0
GE7029,CONG NGHE MO NANG CAO,GE,,2,45,15,0,15,0,15,0,LECTURE,,GENERAL,1.0
GE7031,DIA THONG KE TRONG DAU K,GE,,2,45,15,0,0,0,30,0,LECTURE,,GENERAL,1.0
GE7033,CO HOC DA NANG CAO,GE,,2,45,30,0,0,0,15,0,LECTURE,,GENERAL,1.0
GE7035,DANH GIA THANH HE NANG C,GE,,2,45,15,0,15,0,15,0,LECTURE,,GENERAL,1.0
GE7037,DIA CHAT DONG LUC CONG T,GE,,2,45,30,0,0,0,15,0,LECTURE,,GENERAL,1.0
GE7039,VIEN THAM VA GIS NANG CA,GE,,3,60,30,0,0,0,30,0,LECTURE,,GENERAL,1.0
GE7041,DIA HOA MOI TRUONG NANG,GE,,3,60,30,0,0,0,30,0,LECTURE,,GENERAL,1.0
GE7043,KY THUAT KHAI THAC NANG,GE,,2,45,15,0,15,0,15,0,LECTURE,,GENERAL,1.0
GE7045,HOAN THIEN GIENG VA KICH,GE,,2,45,15,0,15,0,15,0,LECTURE,,GENERAL,1.0
GE7047,DIA VAT LY DAU KHI NANG,GE,,2,45,15,0,15,0,15,0,LECTURE,,GENERAL,1.0
GE7049,THU HOI DAU TANG CUONG,GE,,2,45,15,0,15,0,15,0,LECTURE,,GENERAL,1.0
GE7051,MO PHONG VIA DAU KHI NAN,GE,,2,45,15,0,15,0,15,0,LECTURE,,GENERAL,1.0
GE7053,TINH TOAN DIA CHAT THUY,GE,,2,45,30,0,0,0,15,0,LECTURE,,GENERAL,1.0
GE7055,THUY DIA HOA NANG CAO,GE,,2,45,30,0,0,0,15,0,LECTURE,,GENERAL,1.0
GE7057,DIA CHAT THUY VAN CONG T,GE,,2,45,30,0,0,0,15,0,LECTURE,,GENERAL,1.0
GE7059,CO HOC DAT NANG CAO,GE,,2,45,30,0,0,0,15,0,LECTURE,,GENERAL,1.0
GE7061,DIA CHAT MOI TRUONG UNG,GE,,3,105,15,0,0,0,90,0,LECTURE,,GENERAL,1.0
GE7063,DIA CHAT THUY VAN NANG C,GE,,3,75,30,0,0,0,45,0,LECTURE,,GENERAL,1.0
GE7065,DIA VAT LY UNG DUNG,GE,,3,105,15,0,0,0,90,0,LECTURE,,GENERAL,1.0
GE7067,DIA KY THUAT NANG CAO,GE,,3,75,30,0,0,0,45,0,LECTURE,,GENERAL,1.0
GE7069,DIA THONG KE,GE,,3,69,30,12,0,0,27,0,LECTURE,,GENERAL,1.0
GE7071,QUAN LY DU AN TICH HOP,GE,,3,69,30,12,0,0,27,0,LECTURE,,GENERAL,1.0
GE7073,UNG DUNG GIS VA VIEN THA,GE,,3,69,30,12,0,0,27,0,LECTURE,,GENERAL,1.0
GE7075,QUI HOACH VA QUAN LY TAI,GE,,3,69,30,12,0,0,27,0,LECTURE,,GENERAL,1.0
GE7077,KY THUAT PHONG CHONG TAI,GE,,3,69,30,12,0,0,27,0,LECTURE,,GENERAL,1.0
GE7079,MO HINH NUOC DUOI DAT,GE,,3,69,30,12,0,0,27,0,LECTURE,,GENERAL,1.0
GE7081,DIA KY THUAT CONG TRINH,GE,,3,69,30,12,0,0,27,0,LECTURE,,GENERAL,1.0
GE7083,DIA CHAT THUY VAN CONG T,GE,,3,69,30,12,0,0,27,0,LECTURE,,GENERAL,1.0
GE7085,DIA HOA MOI TRUONG,GE,,3,69,30,12,0,0,27,0,LECTURE,,GENERAL,1.0
GE7087,QUY HOACH MOI TRUONG VUN,GE,,3,69,30,12,0,0,27,0,LECTURE,,GENERAL,1.0
GE7089,AN TOAN MOI TRUONG TRONG,GE,,3,69,30,12,0,0,27,0,LECTURE,,GENERAL,1.0
GE7091,KINH TE MO VA TAI NGUYEN,GE,,3,69,30,12,0,0,27,0,LECTURE,,GENERAL,1.0
GE7093,PHAN TICH RUI RO TRONG D,GE,,3,69,30,12,0,0,27,0,LECTURE,,GENERAL,1.0
GE7095,KHAI THAC VA BAO VE TAI,GE,,3,69,30,12,0,0,27,0,LECTURE,,GENERAL,1.0
GE7097,QUY HOACH TAI NGUYEN DAT,GE,,3,69,30,12,0,0,27,0,LECTURE,,GENERAL,1.0
GE7099,QUAN LY TAI NGUYEN DAT V,GE,,3,69,30,12,0,0,27,0,LECTURE,,GENERAL,1.0
GE7101,THUY DIA HOA,GE,,3,69,30,12,0,0,27,0,LECTURE,,GENERAL,1.0
GE7103,ON DINH CONG TRINH,GE,,3,69,30,12,0,0,27,0,LECTURE,,GENERAL,1.0
GE7105,NEN MONG CONG TRINH,GE,,3,69,30,12,0,0,27,0,LECTURE,,GENERAL,1.0
GE7107,KY THUAT CAI TAO DAT DA,GE,,3,69,30,12,0,0,27,0,LECTURE,,GENERAL,1.0
GE7109,DANH GIA THANH HE,GE,,3,75,30,0,0,0,45,0,LECTURE,,GENERAL,1.0
GE7111,QUAN LY DU AN DAU KHI,GE,,3,75,30,0,0,0,45,0,LECTURE,,GENERAL,1.0
GE7113,HE THONG KHAI THAC DAU K,GE,,3,75,30,0,0,0,45,0,LECTURE,,GENERAL,1.0
GE7115,DAC TRUNG HOA VIA DAU KH,GE,,3,75,30,0,0,0,45,0,LECTURE,,GENERAL,1.0
GE7117,CONG NGHE KHAI THAC MO K,GE,,3,75,30,0,0,0,45,0,LECTURE,,GENERAL,1.0
GE7119,HOAN THIEN GIENG VA KICH,GE,,3,75,30,0,0,0,45,0,LECTURE,,GENERAL,1.0
GE7121,THU HOI DAU TANG CUONG,GE,,3,75,30,0,0,0,45,0,LECTURE,,GENERAL,1.0
GE7123,DIA THONG KE NANG CAO,GE,,3,75,30,0,0,0,45,0,LECTURE,,GENERAL,1.0
GE7125,CAC NGUON TAI NGUYEN PHI,GE,,3,75,30,0,0,0,45,0,LECTURE,,GENERAL,1.0
GE7127,CAC NGUON NANG LUONG BEN,GE,,3,75,30,0,0,0,45,0,LECTURE,,GENERAL,1.0
GE7129,PHAN TICH DU LIEU TRONG,GE,,3,75,30,0,0,0,45,0,LECTURE,,GENERAL,1.0
GE7131,CONG NGHE XU LY DAU KHI,GE,,3,75,30,0,0,0,45,0,LECTURE,,GENERAL,1.0
GK5001,PHUONG PHAP NGHIEN CUU K,GK,,2,48,21,0,0,0,27,0,LECTURE,,GENERAL,1.0
GK5003,DOI MOI SANG TAO & KHOI,GK,,2,48,21,0,0,0,27,0,LECTURE,,GENERAL,1.0
GK5005,QUAN LY VA LANH DAO,GK,,2,48,21,0,0,0,27,0,LECTURE,,GENERAL,1.0
GK5007,PHUONG PHAP NGHIEN CUU K,GK,,3,60,30,0,0,0,30,0,LECTURE,,GENERAL,1.0
GK5009,QUAN LY VA LANH DAO,GK,,3,75,30,0,0,0,45,0,LECTURE,,GENERAL,1.0
GK5011,DOI MOI SANG TAO & KHOI,GK,,3,75,30,0,0,0,45,0,LECTURE,,GENERAL,1.0
GK5013,DAO DUC KINH DOANH VA TR,GK,,2,48,21,0,0,0,27,0,LECTURE,,GENERAL,1.0
GK5015,QUAN LY DICH VU,GK,,2,48,21,0,0,0,27,0,LECTURE,,GENERAL,1.0
GK5017,QUAN LY DU AN,GK,,2,48,21,0,0,0,27,0,LECTURE,,GENERAL,1.0
GK5019,"KY NANG PHAN TICH, VIET,",GK,,2,50,20,0,0,0,30,0,LECTURE,,GENERAL,1.0
GK5021,DAO DUC KINH DOANH VA TR,GK,,3,75,30,0,0,0,45,0,LECTURE,,GENERAL,1.0
GK5023,QUAN LY DICH VU,GK,,3,75,30,0,0,0,45,0,LECTURE,,GENERAL,1.0
GK5025,QUAN LY DU AN,GK,,3,69,33,0,0,0,36,0,LECTURE,,GENERAL,1.0
GK5027,"KY NANG PHAN TICH, VIET,",GK,,3,75,30,0,0,0,45,0,LECTURE,,GENERAL,1.0
GK5029,PHAN TICH VA XU LY DU LI,GK,,3,75,30,0,0,0,45,0,LECTURE,,GENERAL,1.0
GK5031,PHUONG PHAP NGHIEN CUU K,GK,,3,75,30,0,0,0,45,0,LECTURE,,GENERAL,1.0
GK5033,CHUYEN DE NGHIEN CUU: PH,GK,,3,75,30,0,0,0,45,0,LECTURE,,GENERAL,1.0
GK5035,CHUYEN DE NGHIEN CUU: K,GK,,3,75,30,0,0,0,45,0,LECTURE,,GENERAL,1.0
GK5037,CHUYEN DE NGHIEN CUU: PH,GK,,3,75,30,0,0,0,45,0,LECTURE,,GENERAL,1.0
GK5039,CHUYEN DE NGHIEN CUU: KH,GK,,3,75,30,0,0,0,45,0,LECTURE,,GENERAL,1.0
GK5041,CHUYEN DE NGHIEN CUU: TR,GK,,3,75,30,0,0,0,45,0,LECTURE,,GENERAL,1.0
GK5043,CHUYEN DE NGHIEN CUU: PH,GK,,3,75,30,0,0,0,45,0,LECTURE,,GENERAL,1.0
GK5045,CHIEN LUOC RA QUYET DINH,GK,,3,75,30,0,0,0,45,0,LECTURE,,GENERAL,1.0
GK5047,ANH VAN 1,GK,,0,90,30,60,0,0,0,0,LECTURE,,GENERAL,1.0
GK5049,ANH VAN 2,GK,,0,90,30,60,0,0,0,0,LECTURE,,GENERAL,1.0
GK5909,QUAN LY VA LANH DAO,GK,,3,69,30,12,0,0,27,0,LECTURE,,GENERAL,1.0
GK5910,DOI MOI SANG TAO & KN,GK,,3,80,30,0,0,0,50,0,LECTURE,,GENERAL,1.0
GK5922,DAO DUC KINHDOANH &TNXH,GK,,3,75,30,0,0,0,45,0,LECTURE,,GENERAL,1.0
GK5923,QUAN LY DICH VU,GK,,3,75,30,0,0,0,45,0,LECTURE,,GENERAL,1.0
GK5924,QUAN LY DU AN,GK,,3,69,30,12,0,0,27,0,LECTURE,,GENERAL,1.0
GK5925,"KY NANG PT,VIET,XB NCKH",GK,,3,80,30,0,0,0,50,0,LECTURE,,GENERAL,1.0
GK5926,PHAN TICH &XLDL DA CHIEU,GK,,3,75,30,0,0,0,45,0,LECTURE,,GENERAL,1.0
GK5927,PHUONGPHAP NGHIENCUU K/H,GK,,3,75,30,0,0,0,45,0,LECTURE,,GENERAL,1.0
GK5933,CHUYEN DE NGHIEN CUU: PH,GK,,3,0,30,0,0,0,45,0,LECTURE,,GENERAL,1.0
IM1001,Giới thiệu ngành,IM,,3,150,30,0,0,0,45,0,LECTURE,,GENERAL,1.0
IM1003,Kinh tế học Vi mô,IM,,3,150,30,0,0,0,45,0,LECTURE,,GENERAL,1.0
IM1004,KINH TE HOC VI MO(BT),IM,,0,12,0,12,0,0,0,0,PRACTICAL,,GENERAL,1.0
IM1005,TOAN KINH TE UNG DUNG,IM,,3,75,30,0,0,0,45,0,LECTURE,,GENERAL,1.0
IM1007,Quản trị Đại cương,IM,,3,150,30,0,0,0,45,0,LECTURE,,GENERAL,1.0
IM1008,QUAN TRI DAI CUONG(BT),IM,,0,12,0,12,0,0,0,0,PRACTICAL,,GENERAL,1.0
IM1009,Kinh tế học Vĩ mô,IM,,3,150,30,0,0,0,45,0,LECTURE,,GENERAL,1.0
IM1010,KINH TE HOC VI MO(BT),IM,,0,12,0,12,0,0,0,0,PRACTICAL,,GENERAL,1.0
IM1011,Máy tính trong Kinh doan,IM,,3,150,30,0,0,0,45,0,LECTURE,,GENERAL,1.0
IM1012,MAY TINH TRONG K/D (BT),IM,,0,12,0,12,0,0,0,0,PRACTICAL,,GENERAL,1.0
IM1013,Kinh tế học Đại cương,IM,,3,150,30,0,0,0,45,0,LECTURE,,GENERAL,1.0
IM1014,KINH TE HOC DAI CUONG(BT,IM,,0,12,0,12,0,0,0,0,PRACTICAL,,GENERAL,1.0
IM1015,Kế toán Tài chính,IM,,3,150,30,0,0,0,45,0,LECTURE,,GENERAL,1.0
IM1016,KE TOAN TAI CHINH(BT),IM,,0,12,0,12,0,0,0,0,PRACTICAL,,GENERAL,1.0
IM1017,Thống kê trong Kinh doan,IM,,3,150,30,0,0,0,45,0,LECTURE,,GENERAL,1.0
IM1018,THONG KE TRONG K/D (BT),IM,,0,12,0,12,0,0,0,0,PRACTICAL,,GENERAL,1.0
IM1019,Tiếp thị Căn bản,IM,,3,150,30,0,0,0,45,0,LECTURE,,GENERAL,1.0
IM1020,TIEP THI CAN BAN(BT),IM,,0,12,0,12,0,0,0,0,PRACTICAL,,GENERAL,1.0
IM1021,KHOI NGHIEP,IM,,3,150,30,0,0,0,45,0,LECTURE,,GENERAL,1.0
IM1022,KHOI NGHIEP(BT),IM,,0,24,0,24,0,0,0,0,PRACTICAL,,GENERAL,1.0
IM1023,Quản lý Sản xuất cho Kỹ,IM,,3,150,30,0,0,0,45,0,LECTURE,,GENERAL,1.0
IM1024,Q/LY S/XUAT CHO KY SU(BT,IM,,0,12,0,12,0,0,0,0,PRACTICAL,,GENERAL,1.0
IM1025,Quản lý Dự án cho Kỹ sư,IM,,3,150,30,0,0,0,45,0,LECTURE,,GENERAL,1.0
IM1026,Q/LY DU AN CHO KY SU(BT),IM,,0,12,0,12,0,0,0,0,PRACTICAL,,GENERAL,1.0
IM1027,Kinh tế Kỹ thuật,IM,,3,150,30,0,0,0,45,0,LECTURE,,GENERAL,1.0
IM1028,KINH TE KY THUAT(BT),IM,,0,12,0,12,0,0,0,0,PRACTICAL,,GENERAL,1.0
IM1029,Hệ thống Sản xuất,IM,,3,150,30,0,0,0,45,0,LECTURE,,GENERAL,1.0
IM1030,HE THONG SAN XUAT(BT),IM,,0,12,0,12,0,0,0,0,PRACTICAL,,GENERAL,1.0
IM1031,KHOI NGHIEP VA DOI MOI S,IM,,3,150,30,0,0,0,45,0,LECTURE,,GENERAL,1.0
IM1033,Công nghệ số trong kinh,IM,,3,150,30,0,0,0,45,0,LECTURE,,GENERAL,1.0
IM1035,KHOI NGHIEP SANG TAO,IM,,3,150,30,0,0,0,45,0,LECTURE,,GENERAL,1.0
IM2001,KE TOAN TAI CHINH,IM,,3,75,30,0,0,0,45,0,LECTURE,,GENERAL,1.0
IM2003,KINH TE KY THUAT,IM,,3,75,30,0,0,0,45,0,LECTURE,,GENERAL,1.0
IM2004,KINH TE KY THUAT(BT),IM,,0,12,0,12,0,0,0,0,PRACTICAL,,GENERAL,1.0
IM2007,THONG KE TRONG KINHDOANH,IM,,3,75,30,0,0,0,45,0,LECTURE,,GENERAL,1.0
IM2009,TIEP THI CAN BAN,IM,,3,75,30,0,0,0,45,0,LECTURE,,GENERAL,1.0
IM2011,QUAN LY DU AN CHO KY SU,IM,,3,150,30,0,0,0,45,0,LECTURE,,GENERAL,1.0
IM2012,Q/LY DU AN CHO KY SU(BT),IM,,0,12,0,12,0,0,0,0,PRACTICAL,,GENERAL,1.0
IM2017,Hành vi Tổ chức,IM,,3,150,30,0,0,0,45,0,LECTURE,,GENERAL,1.0
IM2018,HANH VI TO CHUC(BT),IM,,0,12,0,12,0,0,0,0,PRACTICAL,,GENERAL,1.0
IM2019,Kế toán Quản trị,IM,,3,150,30,0,0,0,45,0,LECTURE,,GENERAL,1.0
IM2020,KE TOAN QUAN TRI (TN),IM,,0,20,0,0,20,0,0,0,LAB,,GENERAL,1.0
IM2021,HE THONG SAN XUAT,IM,,3,75,30,0,0,0,45,0,LECTURE,,GENERAL,1.0
IM2023,XA HOI HOC DAI CUONG,IM,,3,69,30,12,0,0,27,0,LECTURE,,GENERAL,1.0
IM2024,XA HOI HOC DAI CUONG(THL,IM,,0,12,0,12,0,0,0,0,PRACTICAL,,GENERAL,1.0
IM2025,LUAT KINH DOANH,IM,,2,42,24,0,0,0,18,0,LECTURE,,GENERAL,1.0
IM2027,KHOA HOC TO CHUC,IM,,3,75,30,0,0,0,45,0,LECTURE,,GENERAL,1.0
IM2028,KHOA HOC TO CHUC(BT),IM,,0,12,0,12,0,0,0,0,PRACTICAL,,GENERAL,1.0
IM2031,Quản lý Sản xuất,IM,,3,150,30,0,0,0,45,0,LECTURE,,GENERAL,1.0
IM2032,QUAN LY SAN XUAT (BT),IM,,0,12,0,12,0,0,0,0,PRACTICAL,,GENERAL,1.0
IM2033,Tài chính Doanh nghiệp,IM,,3,150,30,0,0,0,45,0,LECTURE,,GENERAL,1.0
IM2034,TAICHINH DOANH NGHIEP(BT,IM,,0,12,0,12,0,0,0,0,PRACTICAL,,GENERAL,1.0
IM2035,Phương pháp Định lượng,IM,,3,150,30,0,0,0,45,0,LECTURE,,GENERAL,1.0
IM2036,PHUONGPHAP DINH LUONG(BT,IM,,0,12,0,12,0,0,0,0,PRACTICAL,,GENERAL,1.0
IM2041,Kinh doanh quốc tế,IM,,3,150,30,0,0,0,45,0,LECTURE,,GENERAL,1.0
IM3001,Quản trị Kinh doanh cho,IM,,3,150,30,0,0,0,45,0,LECTURE,,GENERAL,1.0
IM3002,Q/TRI K/DOANH CHO KS (BT,IM,,0,12,0,12,0,0,0,0,PRACTICAL,,GENERAL,1.0
IM3003,QUANLY SANXUAT CHO KY SU,IM,,3,150,30,0,0,0,45,0,LECTURE,,GENERAL,1.0
IM3004,Q/LY S/XUAT CHO KY SU(BT,IM,,0,12,0,12,0,0,0,0,PRACTICAL,,GENERAL,1.0
IM3005,TAI CHINH DOANH NGHIEP,IM,,3,75,30,0,0,0,45,0,LECTURE,,GENERAL,1.0
IM3007,PHATTRIEN KYNANG QUANTRI,IM,,2,42,24,0,0,0,18,0,LECTURE,,GENERAL,1.0
IM3009,HE THONG TAI CHINH,IM,,3,150,30,0,0,0,45,0,LECTURE,,GENERAL,1.0
IM3010,HE THONG TAI CHINH(BT),IM,,0,12,0,12,0,0,0,0,PRACTICAL,,GENERAL,1.0
IM3011,MO PHONG TRONG KINHDOANH,IM,,2,42,24,0,0,0,18,0,LECTURE,,GENERAL,1.0
IM3013,QUAN LY SAN XUAT,IM,,3,75,30,0,0,0,45,0,LECTURE,,GENERAL,1.0
IM3014,QUAN LY SAN XUAT (BT),IM,,0,12,0,12,0,0,0,0,PRACTICAL,,GENERAL,1.0
IM3017,ISO 9000,IM,,2,42,24,0,0,0,18,0,LECTURE,,GENERAL,1.0
IM3021,Quản lý Chuỗi cung ứng,IM,,3,150,30,0,0,0,45,0,LECTURE,,GENERAL,1.0
IM3022,QUANLY CHUOI CUNG UNG(BT,IM,,0,12,0,12,0,0,0,0,PRACTICAL,,GENERAL,1.0
IM3023,Thương mại Điện tử,IM,,3,150,30,0,0,0,45,0,LECTURE,,GENERAL,1.0
IM3024,THUONG MAI DIEN TU(BT),IM,,0,12,0,12,0,0,0,0,PRACTICAL,,GENERAL,1.0
IM3025,HANH VI NGUOI TIEU DUNG,IM,,2,42,24,0,0,0,18,0,LECTURE,,GENERAL,1.0
IM3027,DOI MOI SAN PHAM/DICH VU,IM,,2,42,24,0,0,0,18,0,LECTURE,,GENERAL,1.0
IM3029,Quản lý Công nghệ,IM,,3,150,30,0,0,0,45,0,LECTURE,,GENERAL,1.0
IM3030,QUAN LY CONG NGHE(BT),IM,,0,12,0,12,0,0,0,0,PRACTICAL,,GENERAL,1.0
IM3033,Tiếp thị giữa các Tổ chứ,IM,,3,150,30,0,0,0,45,0,LECTURE,,GENERAL,1.0
IM3034,TIEP THI GIUA CAC T/C(BT,IM,,0,12,0,12,0,0,0,0,PRACTICAL,,GENERAL,1.0
IM3035,QUAN LY BAO TRI,IM,,3,150,30,0,0,0,45,0,LECTURE,,GENERAL,1.0
IM3036,QUAN LY BAO TRI(BT),IM,,0,12,0,12,0,0,0,0,PRACTICAL,,GENERAL,1.0
IM3039,PHUONG PHAP DINH LUONG,IM,,3,75,30,0,0,0,45,0,LECTURE,,GENERAL,1.0
IM3041,Hệ Hỗ trợ Quyết định và,IM,,3,150,30,0,0,0,45,0,LECTURE,,GENERAL,1.0
IM3042,HE HO TRO Q/D & TTKD(BT),IM,,0,12,0,12,0,0,0,0,PRACTICAL,,GENERAL,1.0
IM3043,KINH TE HOC KINH DOANH,IM,,3,75,30,0,0,0,45,0,LECTURE,,GENERAL,1.0
IM3044,KINHTE HOC KINH DOANH(BT,IM,,0,12,0,12,0,0,0,0,PRACTICAL,,GENERAL,1.0
IM3047,Giao tiếp trong Kinh doa,IM,,3,150,30,0,0,0,45,0,LECTURE,,GENERAL,1.0
IM3049,PHAN TICH DU LIEU,IM,,3,75,30,0,0,0,45,0,LECTURE,,GENERAL,1.0
IM3051,Đạo đức Kinh doanh và Tr,IM,,3,150,30,0,0,0,45,0,LECTURE,,GENERAL,1.0
IM3052,DAODUC K/D & TN XH (BT),IM,,0,12,0,12,0,0,0,0,PRACTICAL,,GENERAL,1.0
IM3053,LAP VA PHAN TICH DU AN,IM,,2,42,24,0,0,0,18,0,LECTURE,,GENERAL,1.0
IM3055,Quản lý Nhân sự,IM,,3,150,30,0,0,0,45,0,LECTURE,,GENERAL,1.0
IM3056,QUAN LY NHAN SU(BT),IM,,0,12,0,12,0,0,0,0,PRACTICAL,,GENERAL,1.0
IM3057,GIAI QUYET VANDE QUAN LY,IM,,3,75,30,0,0,0,45,0,LECTURE,,GENERAL,1.0
IM3059,Quản lý Chiến lược,IM,,3,150,30,0,0,0,45,0,LECTURE,,GENERAL,1.0
IM3060,QUAN LY CHIEN LUOC(BT),IM,,0,12,0,12,0,0,0,0,PRACTICAL,,GENERAL,1.0
IM3061,ANH VAN TRONG KINH DOANH,IM,,3,75,30,0,0,0,45,0,LECTURE,,GENERAL,1.0
IM3062,ANH VAN TRONG K/DOANH(BT,IM,,0,12,0,12,0,0,0,0,PRACTICAL,,GENERAL,1.0
IM3063,Quản lý Chất lượng,IM,,3,150,30,0,0,0,45,0,LECTURE,,GENERAL,1.0
IM3064,QUAN LY CHAT LUONG(BT),IM,,0,12,0,12,0,0,0,0,PRACTICAL,,GENERAL,1.0
IM3065,TAI CHINH QUOC TE,IM,,2,42,24,0,0,0,18,0,LECTURE,,GENERAL,1.0
IM3069,KHOI NGHIEP,IM,,3,75,30,0,0,0,45,0,LECTURE,,GENERAL,1.0
IM3070,KHOI NGHIEP(BT),IM,,0,24,0,24,0,0,0,0,PRACTICAL,,GENERAL,1.0
IM3071,KHOI NGHIEP,IM,,2,42,24,0,0,0,18,0,LECTURE,,GENERAL,1.0
IM3073,Điều độ Sản xuất,IM,,3,150,30,0,0,0,45,0,LECTURE,,GENERAL,1.0
IM3074,DIEU DO SAN XUAT(BT),IM,,0,12,0,12,0,0,0,0,PRACTICAL,,GENERAL,1.0
IM3075,An toàn Công nghiệp và Q,IM,,3,150,30,0,0,0,45,0,LECTURE,,GENERAL,1.0
IM3076,ANTOAN CN &Q/L RUI RO(BT,IM,,0,12,0,12,0,0,0,0,PRACTICAL,,GENERAL,1.0
IM3077,Quản lý Sản xuất Theo Le,IM,,3,150,30,0,0,0,45,0,LECTURE,,GENERAL,1.0
IM3078,QLSX THEO LEAN&6SIGMA(BT,IM,,0,12,0,12,0,0,0,0,PRACTICAL,,GENERAL,1.0
IM3079,LAP VA PHAN TICH DU AN,IM,,3,75,30,0,0,0,45,0,LECTURE,,GENERAL,1.0
IM3081,Quản trị Kinh doanh Quốc,IM,,3,150,30,0,0,0,45,0,LECTURE,,GENERAL,1.0
IM3082,Q/TRI K/DOANH QUOC TE(BT,IM,,0,12,0,12,0,0,0,0,PRACTICAL,,GENERAL,1.0
IM3083,Hành vi Người tiêu dùng,IM,,3,150,30,0,0,0,45,0,LECTURE,,GENERAL,1.0
IM3084,HANHVI NGUOI TIEUDUNG(BT,IM,,0,12,0,12,0,0,0,0,PRACTICAL,,GENERAL,1.0
IM3085,Tài chính Quốc tế,IM,,3,150,30,0,0,0,45,0,LECTURE,,GENERAL,1.0
IM3086,TAI CHINH QUOC TE(BT),IM,,0,12,0,12,0,0,0,0,PRACTICAL,,GENERAL,1.0
IM3087,Hệ thống Thông tin Quản,IM,,3,150,30,0,0,0,45,0,LECTURE,,GENERAL,1.0
IM3089,Đổi mới sản phẩm/dịch vụ,IM,,3,150,30,0,0,0,45,0,LECTURE,,GENERAL,1.0
IM3090,DOI MOI SAN PHAM D/VU(TH,IM,,0,12,0,12,0,0,0,0,PRACTICAL,,GENERAL,1.0
IM3091,Phân tích và Thiết kế Ch,IM,,3,150,30,0,0,0,45,0,LECTURE,,GENERAL,1.0
IM3093,Quản lý logistics và vận,IM,,3,150,30,0,0,0,45,0,LECTURE,,GENERAL,1.0
IM3095,Quản lý Vận hành Bán lẻ,IM,,3,150,30,0,0,0,45,0,LECTURE,,GENERAL,1.0
IM3097,Chuyển đổi Cung ứng Kỹ t,IM,,3,150,30,0,0,0,45,0,LECTURE,,GENERAL,1.0
IM3099,Quản lý Chuỗi cung ?ng T,IM,,3,150,30,0,0,0,45,0,LECTURE,,GENERAL,1.0
IM3101,Quản lý Cung ứng và Thu,IM,,3,150,30,0,0,0,45,0,LECTURE,,GENERAL,1.0
IM3103,Quản lý rủi ro chuỗi cun,IM,,3,150,30,0,0,0,45,0,LECTURE,,GENERAL,1.0
IM3105,Phương pháp nghiên cứu t,IM,,3,150,30,0,0,0,45,0,LECTURE,,GENERAL,1.0
IM3107,Khởi nghiệp và đổi mới s,IM,,3,150,30,0,0,0,45,0,LECTURE,,GENERAL,1.0
IM3109,Tiếp thị số,IM,,3,150,30,0,0,0,45,0,LECTURE,,GENERAL,1.0
IM3111,Thị trường tài chính và,IM,,3,150,30,0,0,0,45,0,LECTURE,,GENERAL,1.0
IM3113,Trí tuệ nhân tạo trong k,IM,,3,150,30,0,0,0,45,0,LECTURE,,GENERAL,1.0
IM3115,Chiến lược kinh doanh số,IM,,3,150,30,0,0,0,45,0,LECTURE,,GENERAL,1.0
IM4001,PHUONG PHAP NC TRONG KD,IM,,3,150,30,0,0,0,45,0,LECTURE,,GENERAL,1.0
IM4002,P/PHAP NC TRONG KD(BT),IM,,0,12,0,12,0,0,0,0,PRACTICAL,,GENERAL,1.0
IM4003,Quản lý Dự án,IM,,3,150,30,0,0,0,45,0,LECTURE,,GENERAL,1.0
IM4004,QUAN LY DU AN(BT),IM,,0,12,0,12,0,0,0,0,PRACTICAL,,GENERAL,1.0
IM4005,HETHONG THONG TIN QUANLY,IM,,3,75,30,0,0,0,45,0,LECTURE,,GENERAL,1.0
IM4007,Kế hoạch Kinh doanh,IM,,3,150,30,0,0,0,45,0,LECTURE,,GENERAL,1.0
IM4008,KE HOACH KINH DOANH(BT),IM,,0,12,0,12,0,0,0,0,PRACTICAL,,GENERAL,1.0
IM4011,QUAN LY VON LUU DONG,IM,,2,42,24,0,0,0,18,0,LECTURE,,GENERAL,1.0
IM4013,QUAN TRI KINH DOANH Q/TE,IM,,2,42,24,0,0,0,18,0,LECTURE,,GENERAL,1.0
IM4015,THUE,IM,,2,42,24,0,0,0,18,0,LECTURE,,GENERAL,1.0
IM4017,CHUYEN DE HE THONG TTQL,IM,,2,42,24,0,0,0,18,0,LECTURE,,GENERAL,1.0
IM4019,Khoa học Dữ liệu trong K,IM,,3,150,30,0,0,0,45,0,LECTURE,,GENERAL,1.0
IM4021,MO PHONG TRONG KINHDOANH,IM,,3,765,27,9,0,0,405,0,LECTURE,,GENERAL,1.0
IM4023,PHAT TRIEN KY NANG Q/TRI,IM,,3,72,30,6,0,0,36,0,LECTURE,,GENERAL,1.0
IM4027,CHUYEN DE HE THONG TT QL,IM,,3,765,27,9,0,0,405,0,LECTURE,,GENERAL,1.0
IM4029,THUE,IM,,3,72,30,6,0,0,36,0,LECTURE,,GENERAL,1.0
IM4035,ISO 9000,IM,,3,150,30,0,0,0,45,0,LECTURE,,GENERAL,1.0
IM4036,ISO 9000(BT),IM,,0,12,0,12,0,0,0,0,PRACTICAL,,GENERAL,1.0
IM4037,Quản lý dự án linh hoạt,IM,,3,150,30,0,0,0,45,0,LECTURE,,GENERAL,1.0
IM4039,QUAN TRI DAI CUONG,IM,,3,50,40,10,0,0,0,0,LECTURE,,GENERAL,1.0
IM4041,PHUONG PHAP DINH LUONG,IM,,3,63,33,12,0,0,18,0,LECTURE,,GENERAL,1.0
IM4043,QUAN TRI DAI CUONG,IM,,3,63,33,12,0,0,18,0,LECTURE,,GENERAL,1.0
IM4045,CAC PHUONG PHAP PHAN TIC,IM,,3,50,40,10,0,0,0,0,LECTURE,,GENERAL,1.0
IM5001,PHUONG PHAP NGHIEN CUU T,IM,,3,69,33,0,0,0,36,0,LECTURE,,GENERAL,1.0
IM5003,HE THONG DICH VU,IM,,3,75,30,0,0,0,45,0,LECTURE,,GENERAL,1.0
IM5005,QUAN LY CHUOI CUNG UNG,IM,,3,69,33,0,0,0,36,0,LECTURE,,GENERAL,1.0
IM5007,PHAN TICH DU LIEU,IM,,3,69,33,0,0,0,36,0,LECTURE,,GENERAL,1.0
IM5009,QUAN LY TIEP THI,IM,,3,69,33,0,0,0,36,0,LECTURE,,GENERAL,1.0
IM5011,PHUONG PHAP NGHIEN CUU T,IM,,3,69,33,0,0,0,36,0,LECTURE,,GENERAL,1.0
IM5013,HE HOACH DINH NGUON LUC,IM,,3,75,30,0,0,0,45,0,LECTURE,,GENERAL,1.0
IM5015,HANH VI TO CHUC,IM,,3,69,33,0,0,0,36,0,LECTURE,,GENERAL,1.0
IM5017,QUAN LY TRI THUC,IM,,3,69,33,0,0,0,36,0,LECTURE,,GENERAL,1.0
IM5019,QUAN TRI SAN XUAT VA DIE,IM,,3,60,45,0,0,0,15,0,LECTURE,,GENERAL,1.0
IM5021,TAI CHINH DOANH NGHIEP,IM,,3,66,33,6,0,0,27,0,LECTURE,,GENERAL,1.0
IM5023,QUAN LY DU AN,IM,,3,75,30,0,0,0,45,0,LECTURE,,GENERAL,1.0
IM5025,QUAN LY DU AN HE THONG T,IM,,3,75,30,0,0,0,45,0,LECTURE,,GENERAL,1.0
IM5027,PHAT TRIEN VA PHAN TICH,IM,,3,75,30,0,0,0,45,0,LECTURE,,GENERAL,1.0
IM5029,QUAN LY DU AN NANG LUONG,IM,,2,48,21,0,0,0,27,0,LECTURE,,GENERAL,1.0
IM5031,LAP VA THAM DINH DU AN,IM,,3,75,30,0,0,0,45,0,LECTURE,,GENERAL,1.0
IM5033,PHAN TICH DU LIEU DINH L,IM,,3,75,30,0,0,0,45,0,LECTURE,,GENERAL,1.0
IM5035,QUAN TRI CHIEN LUOC,IM,,3,75,30,0,0,0,45,0,LECTURE,,GENERAL,1.0
IM5037,QUAN LY DU AN,IM,,3,75,30,0,0,0,45,0,LECTURE,,GENERAL,1.0
IM5039,KINH TE HOC,IM,,3,45,45,0,0,0,0,0,LECTURE,,GENERAL,1.0
IM5041,PHAN TICH DU LIEU DINH L,IM,,3,75,30,0,0,0,45,0,LECTURE,,GENERAL,1.0
IM5043,HE THONG QUAN LY TRI THU,IM,,3,75,30,0,0,0,45,0,LECTURE,,GENERAL,1.0
IM5045,THUC TAP DOANH NGHIEP,IM,,3,135,0,0,135,0,0,0,LAB,,GENERAL,1.0
IM5047,QUAN LY DOI MOI VA CONG,IM,,3,69,33,0,0,0,36,0,LECTURE,,GENERAL,1.0
IM5049,QUAN TRI HE KINH DOANH D,IM,,3,75,30,0,0,0,45,0,LECTURE,,GENERAL,1.0
IM5051,GIAI QUYET VAN DE TRONG,IM,,3,69,33,0,0,0,36,0,LECTURE,,GENERAL,1.0
IM5053,HANH VI NGUOI MUA,IM,,3,69,33,0,0,0,36,0,LECTURE,,GENERAL,1.0
IM5055,DAO DUC KINH DOANH VA TR,IM,,3,69,33,0,0,0,36,0,LECTURE,,GENERAL,1.0
IM5057,QUAN LY CHAT LUONG,IM,,3,69,33,0,0,0,36,0,LECTURE,,GENERAL,1.0
IM5059,QUAN TRI NGUON NHAN LUC,IM,,3,69,33,0,0,0,36,0,LECTURE,,GENERAL,1.0
IM5061,KE TOAN CHO NHA QUAN LY,IM,,3,66,33,6,0,0,27,0,LECTURE,,GENERAL,1.0
IM5063,CHIEN LUOC KINH DOANH SO,IM,,3,75,30,0,0,0,45,0,LECTURE,,GENERAL,1.0
IM5065,QUAN LY VAN HANH,IM,,3,66,33,6,0,0,27,0,LECTURE,,GENERAL,1.0
IM5067,QUAN TRI TAI CHANH,IM,,3,66,33,6,0,0,27,0,LECTURE,,GENERAL,1.0
IM5069,HANH VI NGUOI MUA,IM,,3,75,30,0,0,0,45,0,LECTURE,,GENERAL,1.0
IM5071,QUAN LY DOI MOI TRONG TO,IM,,3,75,30,0,0,0,45,0,LECTURE,,GENERAL,1.0
IM5073,QUAN LY CHAT LUONG TOAN,IM,,3,69,33,0,0,0,36,0,LECTURE,,GENERAL,1.0
IM5075,LEAN VA SIX SIGMA,IM,,3,75,30,0,0,0,45,0,LECTURE,,GENERAL,1.0
IM5077,HE THONG KINH DOANH DICH,IM,,3,69,33,0,0,0,36,0,LECTURE,,GENERAL,1.0
IM5079,DU LIEU LON TRONG KINH D,IM,,3,69,33,0,0,0,36,0,LECTURE,,GENERAL,1.0
IM5081,QUAN TRI HE THONG THONG,IM,,3,69,33,0,0,0,36,0,LECTURE,,GENERAL,1.0
IM5083,MARKETING DICH VU,IM,,3,75,30,0,0,0,45,0,LECTURE,,GENERAL,1.0
IM5085,DIGITAL MARKETING,IM,,3,75,30,0,0,0,45,0,LECTURE,,GENERAL,1.0
IM5087,DAU TU TAI CHANH,IM,,3,66,33,0,6,0,27,0,LECTURE,,GENERAL,1.0
IM5089,QUAN LY DU AN NANG CAO,IM,,3,69,33,0,0,0,36,0,LECTURE,,GENERAL,1.0
IM5091,KE TOAN QUAN TRI CHO NGU,IM,,3,66,33,0,6,0,27,0,LECTURE,,GENERAL,1.0
IM5093,QUAN TRI CON NGUOI VA TO,IM,,3,69,33,0,0,0,36,0,LECTURE,,GENERAL,1.0
IM5095,QUAN LY CON NGUOI VA TO,IM,,3,75,30,0,0,0,45,0,LECTURE,,GENERAL,1.0
IM5097,QUAN LY CON NGUOI VA TO,IM,,3,75,30,0,0,0,45,0,LECTURE,,GENERAL,1.0
IM5099,QUAN LY HE THONG THONG T,IM,,3,75,30,0,0,0,45,0,LECTURE,,GENERAL,1.0
IM5101,CHUYEN DOI SO,IM,,3,66,33,6,0,0,27,0,LECTURE,,GENERAL,1.0
IM5103,QUAN LY CHUOI CUNG UNG N,IM,,3,69,33,0,0,0,36,0,LECTURE,,GENERAL,1.0
IM5105,CAC PHUONG PHAP PHAN TIC,IM,,3,705,30,9,0,0,315,0,LECTURE,,GENERAL,1.0
IM5107,QUAN TRI DAI CUONG,IM,,3,75,30,0,0,0,45,0,LECTURE,,GENERAL,1.0
IM5109,QUAN LY CHUOI CUNG UNG T,IM,,3,69,33,0,0,0,36,0,LECTURE,,GENERAL,1.0
IM5111,QUAN LY CHIEN LUOC TRONG,IM,,3,75,30,0,0,0,45,0,LECTURE,,GENERAL,1.0
IM5113,KINH DOANH QUOC TE,IM,,3,75,30,0,0,0,45,0,LECTURE,,GENERAL,1.0
IM5119,QUAN TRI HE THONG THONG,IM,,3,75,30,0,0,0,45,0,LECTURE,,GENERAL,1.0
IM5121,QUAN TRI CON NGUOI VA TO,IM,,3,75,30,0,0,0,45,0,LECTURE,,GENERAL,1.0
IM5123,QUAN TRI VAN HANH BENH V,IM,,3,69,33,0,0,0,36,0,LECTURE,,GENERAL,1.0
IM5125,QUAN TRI TAI CHINH DICH,IM,,3,69,33,0,0,0,36,0,LECTURE,,GENERAL,1.0
IM5127,QUAN TRI CHAT LUONG DICH,IM,,3,69,33,0,0,0,36,0,LECTURE,,GENERAL,1.0
IM5129,CHUYEN DOI SO TRONG BENH,IM,,3,69,33,0,0,0,36,0,LECTURE,,GENERAL,1.0
IM5131,GIAI QUYET VAN DE TRONG,IM,,3,69,33,0,0,0,36,0,LECTURE,,GENERAL,1.0
IM5133,LANH DAO VA QUAN TRI SU,IM,,3,69,33,0,0,0,36,0,LECTURE,,GENERAL,1.0
IM5135,KINH TE Y TE,IM,,3,69,33,0,0,0,36,0,LECTURE,,GENERAL,1.0
IM5137,BENH VIEN THONG MINH,IM,,3,69,33,0,0,0,36,0,LECTURE,,GENERAL,1.0
IM5139,"QUAN TRI RUI RO, KHUNG H",IM,,3,69,33,0,0,0,36,0,LECTURE,,GENERAL,1.0
IM5141,TRUYEN THONG GIAO DUC SU,IM,,3,69,33,0,0,0,36,0,LECTURE,,GENERAL,1.0
IM5143,QUAN TRI CONG NGHE Y TE,IM,,3,69,33,0,0,0,36,0,LECTURE,,GENERAL,1.0
IM5145,PHAP LUAT VA DAO DUC TRO,IM,,3,69,33,0,0,0,36,0,LECTURE,,GENERAL,1.0
IM5147,NGHIEN CUU TINH HUONG LE,IM,,3,69,33,0,0,0,36,0,LECTURE,,GENERAL,1.0
IM5149,PHUONG PHAP NGHIEN CUU T,IM,,3,69,33,0,0,0,36,0,LECTURE,,GENERAL,1.0
IM5155,MARKETING DICH VU CHAM S,IM,,3,75,30,0,0,0,45,0,LECTURE,,GENERAL,1.0
IM5157,QUAN TRI NGUON NHAN LUC,IM,,3,75,30,0,0,0,45,0,LECTURE,,GENERAL,1.0
IM5159,NGHIEN CUU TINH HUONG TR,IM,,3,150,30,0,0,0,45,0,LECTURE,,GENERAL,1.0
IM7001,MARKETING DICH VU,IM,,3,75,30,0,0,0,45,0,LECTURE,,GENERAL,1.0
IM7003,HANH VI NGUOI MUA,IM,,3,75,30,0,0,0,45,0,LECTURE,,GENERAL,1.0
IM7005,KINH DOANH QUOC TE,IM,,3,75,30,0,0,0,45,0,LECTURE,,GENERAL,1.0
IM7007,PHAN TICH DU LIEU,IM,,3,69,33,0,0,0,36,0,LECTURE,,GENERAL,1.0
IM7009,PHUONG PHAP NGHIEN CUU K,IM,,3,60,30,0,15,0,15,0,LECTURE,,GENERAL,1.0
IM7011,PHUONG PHAP NGHIEN CUU T,IM,,3,69,33,0,0,0,36,0,LECTURE,,GENERAL,1.0
IM7013,PHAN TICH DU LIEU,IM,,3,69,33,0,0,0,36,0,LECTURE,,GENERAL,1.0
IM7015,QUAN LY TIEP THI,IM,,3,69,33,0,0,0,36,0,LECTURE,,GENERAL,1.0
IM7017,PHUONG PHAP NGHIEN CUU T,IM,,3,69,33,0,0,0,36,0,LECTURE,,GENERAL,1.0
IM7019,HE HOACH DINH NGUON LUC,IM,,3,75,30,0,0,0,45,0,LECTURE,,GENERAL,1.0
IM7021,HE THONG QUAN LY TRI THU,IM,,3,75,30,0,0,0,45,0,LECTURE,,GENERAL,1.0
IM7023,QUAN TRI HE KINH DOANH D,IM,,3,75,30,0,0,0,45,0,LECTURE,,GENERAL,1.0
IM7025,QUAN LY VAN HANH,IM,,3,66,33,6,0,0,27,0,LECTURE,,GENERAL,1.0
IM7027,QUAN TRI TAI CHANH,IM,,3,66,33,6,0,0,27,0,LECTURE,,GENERAL,1.0
IM7029,HANH VI NGUOI MUA,IM,,3,75,30,0,0,0,45,0,LECTURE,,GENERAL,1.0
IM7031,QUAN LY DOI MOI TRONG TO,IM,,3,75,30,0,0,0,45,0,LECTURE,,GENERAL,1.0
IM7033,QUAN LY CHAT LUONG TOAN,IM,,3,69,33,0,0,0,36,0,LECTURE,,GENERAL,1.0
IM7035,LEAN VA SIX SIGMA,IM,,3,75,30,0,0,0,45,0,LECTURE,,GENERAL,1.0
IM7037,HE THONG KINH DOANH DICH,IM,,3,69,33,0,0,0,36,0,LECTURE,,GENERAL,1.0
IM7039,DU LIEU LON TRONG KINH D,IM,,3,69,33,0,0,0,36,0,LECTURE,,GENERAL,1.0
IM7041,QUAN TRI HE THONG THONG,IM,,3,69,33,0,0,0,36,0,LECTURE,,GENERAL,1.0
IM7043,MARKETING DICH VU,IM,,3,75,30,0,0,0,45,0,LECTURE,,GENERAL,1.0
IM7045,DIGITAL MARKETING,IM,,3,75,30,0,0,0,45,0,LECTURE,,GENERAL,1.0
IM7047,QUAN LY DU AN NANG CAO,IM,,3,69,33,0,0,0,36,0,LECTURE,,GENERAL,1.0
IM7049,KE TOAN QUAN TRI CHO NGU,IM,,3,66,33,0,6,0,27,0,LECTURE,,GENERAL,1.0
IM7051,QUAN TRI CON NGUOI VA TO,IM,,3,69,33,0,0,0,36,0,LECTURE,,GENERAL,1.0
IM7053,CHUYEN DOI SO,IM,,3,66,33,6,0,0,27,0,LECTURE,,GENERAL,1.0
IM7055,QUAN LY CHUOI CUNG UNG T,IM,,3,69,33,0,0,0,36,0,LECTURE,,GENERAL,1.0
IM7057,QUAN LY CHIEN LUOC TRONG,IM,,3,75,30,0,0,0,45,0,LECTURE,,GENERAL,1.0
IM7059,KINH DOANH QUOC TE,IM,,3,75,30,0,0,0,45,0,LECTURE,,GENERAL,1.0
IM7061,PHUONG PHAP NGHIEN CUU T,IM,,3,69,33,0,0,0,36,0,LECTURE,,GENERAL,1.0
IM7063,QUAN LY TIEP THI,IM,,3,69,33,0,0,0,36,0,LECTURE,,GENERAL,1.0
IM7065,QUAN TRI TAI CHANH,IM,,3,66,33,6,0,0,27,0,LECTURE,,GENERAL,1.0
IM7067,QUAN LY CHUOI CUNG UNG N,IM,,3,69,33,0,0,0,36,0,LECTURE,,GENERAL,1.0
IM7069,CHIEN LUOC KINH DOANH SO,IM,,3,75,30,0,0,0,45,0,LECTURE,,GENERAL,1.0
IM7071,QUAN TRI CON NGUOI VA TO,IM,,3,75,30,0,0,0,45,0,LECTURE,,GENERAL,1.0
IM7073,QUAN TRI VAN HANH,IM,,3,66,33,6,0,0,27,0,LECTURE,,GENERAL,1.0
IM7075,QUAN LY HE THONG THONG T,IM,,3,75,30,0,0,0,45,0,LECTURE,,GENERAL,1.0
IM7077,KE TOAN QUAN TRI CHO NGU,IM,,3,66,33,0,6,0,27,0,LECTURE,,GENERAL,1.0
IM7079,DIGITAL MARKETING,IM,,3,75,30,0,0,0,45,0,LECTURE,,GENERAL,1.0
IM7081,DAU TU TAI CHANH,IM,,3,66,33,0,6,0,27,0,LECTURE,,GENERAL,1.0
IM7083,CHUYEN DOI SO,IM,,3,66,33,6,0,0,27,0,LECTURE,,GENERAL,1.0
IM7085,QUAN LY DU AN NANG CAO,IM,,3,72,30,6,0,0,36,0,LECTURE,,GENERAL,1.0
IM7087,HE THONG QUAN LY TRI THU,IM,,3,75,30,0,0,0,45,0,LECTURE,,GENERAL,1.0
IM7089,QUAN TRI HE KINH DOANH D,IM,,3,75,30,0,0,0,45,0,LECTURE,,GENERAL,1.0
IM7091,DU LIEU LON TRONG KINH D,IM,,3,75,30,0,0,0,45,0,LECTURE,,GENERAL,1.0
IM7093,HE THONG KINH DOANH DICH,IM,,3,75,30,0,0,0,45,0,LECTURE,,GENERAL,1.0
IM7095,HE HOACH DINH NGUON LUC,IM,,3,75,30,0,0,0,45,0,LECTURE,,GENERAL,1.0
IM7097,QUAN LY DOI MOI TRONG TO,IM,,3,75,30,0,0,0,45,0,LECTURE,,GENERAL,1.0
IM7099,QUAN LY CHAT LUONG TOAN,IM,,3,75,30,0,0,0,45,0,LECTURE,,GENERAL,1.0
IM7101,LEAN VA SIX SIGMA,IM,,3,75,30,0,0,0,45,0,LECTURE,,GENERAL,1.0
IM7103,QUAN LY CHUOI CUNG UNG T,IM,,3,69,33,0,0,0,36,0,LECTURE,,GENERAL,1.0
IM7105,QUAN LY CHIEN LUOC TRONG,IM,,3,75,30,0,0,0,45,0,LECTURE,,GENERAL,1.0
IM7107,PHUONG PHAP NGHIEN CUU T,IM,,3,69,33,0,0,0,36,0,LECTURE,,GENERAL,1.0
IM7109,MON HOC CHUYEN SAU,IM,,2,60,15,0,0,0,45,0,LECTURE,,GENERAL,1.0
IM7111,CAC LY THUYET NEN LIEN Q,IM,,2,60,15,0,0,0,45,0,LECTURE,,GENERAL,1.0
IU1001,NHAP MON VE KY THUAT,IU,,3,150,30,24,0,0,9,0,LECTURE,IU1002,GENERAL,1.0
IU1002,NHAP MON VE KY THUAT(BT),IU,,0,24,0,24,0,0,0,0,PRACTICAL,,GENERAL,1.0
IU1003,VE KY THUAT BAO DUONG,IU,,3,150,30,24,0,0,9,0,LECTURE,IU1004,GENERAL,1.0
IU1004,VE KY THUAT BAO DUONG(BT,IU,,0,24,0,24,0,0,0,0,PRACTICAL,,GENERAL,1.0
IU1005,CO KY THUAT,IU,,3,150,30,24,0,0,9,0,LECTURE,IU1006,GENERAL,1.0
IU1006,CO KY THUAT(BT),IU,,0,24,0,24,0,0,0,0,PRACTICAL,,GENERAL,1.0
IU1007,KHOI NGHIEP,IU,,3,63,30,24,0,0,9,0,LECTURE,,GENERAL,1.0
IU1008,KHOI NGHIEP (THL),IU,,0,24,0,24,0,0,0,0,PRACTICAL,,GENERAL,1.0
IU1009,CHI PHI BAO TRI,IU,,3,63,30,24,0,0,9,0,LECTURE,,GENERAL,1.0
IU1010,CHI PHI BAO TRI (THL),IU,,0,24,0,24,0,0,0,0,PRACTICAL,,GENERAL,1.0
IU1011,VAT LY KY THUAT BAO TRI,IU,,4,200,45,0,20,0,15,0,LECTURE,IU1012,GENERAL,1.0
IU1012,VAT LY KT BAO TRI (TN),IU,,0,20,0,0,20,0,0,0,LAB,,GENERAL,1.0
IU1015,VE KY THUAT BAO TRI,IU,,3,150,30,24,0,0,9,0,LECTURE,IU1016,GENERAL,1.0
IU1016,VE KY THUAT BAO TRI BT,IU,,0,24,0,24,0,0,0,0,PRACTICAL,,GENERAL,1.0
IU2001,CO HOC VAT LIEU,IU,,3,150,30,24,0,0,9,0,LECTURE,IU2002,GENERAL,1.0
IU2002,CO HOC VAT LIEU(BT),IU,,0,24,0,24,0,0,0,0,PRACTICAL,,GENERAL,1.0
IU2003,MACH DIEN,IU,,3,150,30,24,0,0,9,0,LECTURE,IU2004,GENERAL,1.0
IU2004,MACH DIEN(BT),IU,,0,24,0,24,0,0,0,0,PRACTICAL,,GENERAL,1.0
IU2005,TO CHUC QUANLY BAO DUONG,IU,,2,42,24,0,0,0,18,0,LECTURE,,GENERAL,1.0
IU2007,DO TINCAY & DAMBAO CH/LG,IU,,2,42,24,0,0,0,18,0,LECTURE,,GENERAL,1.0
IU2009,Q/LY AN TOAN & XU LY TT,IU,,2,42,24,0,0,0,18,0,LECTURE,,GENERAL,1.0
IU2011,KY THUAT DIEN TU,IU,,3,150,30,10,20,0,0,0,LECTURE,IU2012,GENERAL,1.0
IU2012,KY THUAT DIEN TU (TN),IU,,0,30,0,0,20,0,0,0,LAB,,GENERAL,1.0
IU2017,CONG NGHE HAN,IU,,2,36,24,0,12,0,0,0,LECTURE,IU2018,GENERAL,1.0
IU2018,CONG NGHE HAN (tn),IU,,0,12,0,0,12,0,0,0,LAB,,GENERAL,1.0
IU2019,CONG NGHE CO KHI 1,IU,,4,80,45,0,20,0,15,0,LECTURE,IU2020,GENERAL,1.0
IU2020,CONG NGHE CO KHI 1 (TN),IU,,0,20,0,0,20,0,0,0,LAB,,GENERAL,1.0
IU2021,TO CHUC QUANLY BAO DUONG,IU,,3,150,30,0,0,0,45,0,LECTURE,,GENERAL,1.0
IU2022,TO CHUC Q/L BAO DUONG(TH,IU,,0,12,0,12,0,0,0,0,PRACTICAL,,GENERAL,1.0
IU2023,P/PHAP TINH &LAP TRINH C,IU,,3,150,30,24,0,0,9,0,LECTURE,IU2024,GENERAL,1.0
IU2024,P/P TINH &LAP TRINH C(BT,IU,,0,24,0,24,0,0,0,0,PRACTICAL,,GENERAL,1.0
IU2025,KY THUAT SO,IU,,3,60,30,0,30,0,0,0,LECTURE,,GENERAL,1.0
IU2026,KY THUAT SO (TN),IU,,0,30,0,0,30,0,0,0,LAB,,GENERAL,1.0
IU2027,CONG NGHE CO KHI 1,IU,,3,63,30,24,0,0,9,0,LECTURE,,GENERAL,1.0
IU2028,CONG NGHE CO KHI 1(BT),IU,,0,24,0,24,0,0,0,0,PRACTICAL,,GENERAL,1.0
IU2029,CONG NGHE CO KHI 2,IU,,3,60,30,0,30,0,0,0,LECTURE,,GENERAL,1.0
IU2030,CONG NGHE CO KHI 2 (TN),IU,,0,30,0,0,30,0,0,0,LAB,,GENERAL,1.0
IU2031,PHUONG PHAP SO VA KY THU,IU,,3,150,30,24,0,0,9,0,LECTURE,IU2032,GENERAL,1.0
IU2032,PP SO VA KY THU (BT),IU,,0,24,0,24,0,0,0,0,PRACTICAL,,GENERAL,1.0
IU2035,KY THUAT DIEN TRONG BAO,IU,,3,150,30,18,12,0,0,0,LECTURE,IU2036,GENERAL,1.0
IU2035.P,KY THUAT DIEN TRONG BAO,IU,,3,150,30,18,12,0,0,0,PRACTICAL,IU2036,GENERAL,1.0
IU2036,KY THUAT DIEN BAOTRI(TN),IU,,0,30,0,0,12,0,0,0,LAB,,GENERAL,1.0
IU2039,THUC TAP CO KHI,IU,,2,100,0,0,60,0,0,0,LAB,,GENERAL,1.0
IU2043,CONG NGHE CO KHI 1,IU,,3,150,30,0,20,0,15,0,LECTURE,IU2044,GENERAL,1.0
IU2044,CONG NGHE CO KHI 1,IU,,0,0,0,0,20,0,0,0,LAB,,GENERAL,1.0
IU3001,CONG NGHE CO KHI 2,IU,,2,36,24,0,12,0,0,0,LECTURE,IU3002,GENERAL,1.0
IU3002,CONG NGHE CO KHI 2 (TN),IU,,0,12,0,0,12,0,0,0,LAB,,GENERAL,1.0
IU3003,CONG NGHE KHI NEN,IU,,2,36,24,0,12,0,0,0,LECTURE,IU3004,GENERAL,1.0
IU3004,CONG NGHE KHI NEN (TN),IU,,0,12,0,0,12,0,0,0,LAB,,GENERAL,1.0
IU3005,CONG NGHE DIEU HOA K/KHI,IU,,2,36,24,0,12,0,0,0,LECTURE,IU3006,GENERAL,1.0
IU3006,C/NG DIEU HOA K/KHI (TN),IU,,0,12,0,0,12,0,0,0,LAB,,GENERAL,1.0
IU3007,CAC HE THONG Q/LY BAOTRI,IU,,2,42,24,0,0,0,18,0,LECTURE,,GENERAL,1.0
IU3009,DONG LUC HOC VA DAO DONG,IU,,2,42,24,0,0,0,18,0,LECTURE,,GENERAL,1.0
IU3011,KY THUAT LAP TRINH PLC,IU,,3,150,30,0,30,0,0,0,LECTURE,IU3012,GENERAL,1.0
IU3012,KY THUAT LAPTRINH PLC(TN,IU,,0,30,0,0,30,0,0,0,LAB,,GENERAL,1.0
IU3013,PHU TUNG &QUAN LY LUUKHO,IU,,2,42,24,0,0,0,18,0,LECTURE,,GENERAL,1.0
IU3015,DUNG CU DO & KY THUAT DO,IU,,2,36,24,0,12,0,0,0,LECTURE,IU3016,GENERAL,1.0
IU3016,DUNG CU DO & KT DO (TN),IU,,0,12,0,0,12,0,0,0,LAB,,GENERAL,1.0
IU3017,KY THUAT SO,IU,,3,150,30,10,20,0,0,0,LECTURE,IU3018,GENERAL,1.0
IU3017.P,KY THUAT SO,IU,,3,150,30,10,20,0,0,0,PRACTICAL,IU3018,GENERAL,1.0
IU3018,KY THUAT SO (TN),IU,,0,30,0,0,20,0,0,0,LAB,,GENERAL,1.0
IU3019,MAY DIEN,IU,,2,39,21,0,18,0,0,0,LECTURE,IU3020,GENERAL,1.0
IU3020,MAY DIEN (TN),IU,,0,18,0,0,18,0,0,0,LAB,,GENERAL,1.0
IU3027,CONG NGHE LANH,IU,,2,36,24,0,12,0,0,0,LECTURE,IU3028,GENERAL,1.0
IU3028,CONG NGHE LANH (tn),IU,,0,12,0,0,12,0,0,0,LAB,,GENERAL,1.0
IU3029,K/THUAT DIEUKHIEN TU DOG,IU,,2,42,24,0,0,0,18,0,LECTURE,,GENERAL,1.0
IU3031,BAO TRI THIET BI DANDUNG,IU,,2,42,24,0,0,0,18,0,LECTURE,,GENERAL,1.0
IU3033,BAO TRI MAY CONG CU &CNC,IU,,2,42,24,0,0,0,18,0,LECTURE,,GENERAL,1.0
IU3035,MANG TRUYENTHONG CNGHIEP,IU,,2,39,21,0,18,0,0,0,LECTURE,,GENERAL,1.0
IU3036,MANG TRUYENTHONG CN(TN),IU,,0,30,0,0,30,0,0,0,LAB,,GENERAL,1.0
IU3037,KY THUAT VI DIEU KHIEN,IU,,2,36,24,0,12,0,0,0,LECTURE,IU3038,GENERAL,1.0
IU3038,KY THUAT VI DKHIEN (tn),IU,,0,12,0,0,12,0,0,0,LAB,,GENERAL,1.0
IU3039,BAO TRI ROBOT CONGNGHIEP,IU,,2,36,24,0,12,0,0,0,LECTURE,IU3040,GENERAL,1.0
IU3040,BAOTRI ROBOT C/NGHIEP(TN,IU,,0,12,0,0,12,0,0,0,LAB,,GENERAL,1.0
IU3041,PHAN TICH & THIET KE TN,IU,,2,42,24,0,0,0,18,0,LECTURE,,GENERAL,1.0
IU3043,KHOI NGHIEP,IU,,2,42,24,0,0,0,18,0,LECTURE,,GENERAL,1.0
IU3045,CONG NGHE THUY LUC,IU,,2,36,24,0,12,0,0,0,LECTURE,IU3046,GENERAL,1.0
IU3046,CONG NGHE THUY LUC (TN),IU,,0,12,0,0,12,0,0,0,LAB,,GENERAL,1.0
IU3049,K/THUAT BOITRON C/NGHIEP,IU,,2,36,24,0,12,0,0,0,LECTURE,IU3050,GENERAL,1.0
IU3050,K/T BOI TRON C/NGHIEP(TN,IU,,0,12,0,0,12,0,0,0,LAB,,GENERAL,1.0
IU3051,THIETKE HTHONG VC PP GIO,IU,,2,42,24,0,0,0,18,0,LECTURE,,GENERAL,1.0
IU3053,TU DONG HOA,IU,,2,39,21,0,18,0,0,0,LECTURE,,GENERAL,1.0
IU3054,TU DONG HOA (TN),IU,,0,30,0,0,30,0,0,0,LAB,,GENERAL,1.0
IU3055,PHAN TICH PHAN TU HUUHAN,IU,,2,42,24,0,0,0,18,0,LECTURE,,GENERAL,1.0
IU3057,CONG NGHE CO KHI 1,IU,,3,150,30,24,0,0,9,0,LECTURE,IU3058,GENERAL,1.0
IU3058,CONG NGHE CO KHI 1(BT),IU,,0,24,0,24,0,0,0,0,PRACTICAL,,GENERAL,1.0
IU3059,CONG NGHE DIEN,IU,,4,200,45,0,30,0,0,0,LECTURE,IU3060,GENERAL,1.0
IU3060,CONG NGHE DIEN (TN),IU,,0,30,0,0,30,0,0,0,LAB,,GENERAL,1.0
IU3061,CONG NGHE CO KHI 2,IU,,3,150,30,0,20,0,15,0,LECTURE,IU3062,GENERAL,1.0
IU3062,CONG NGHE CO KHI 2 (TN),IU,,0,20,0,0,20,0,0,0,LAB,,GENERAL,1.0
IU3063,CONG NGHE KHI NEN,IU,,3,150,30,0,30,0,0,0,LECTURE,IU3064,GENERAL,1.0
IU3064,CONG NGHE KHI NEN (TN),IU,,0,30,0,0,30,0,0,0,LAB,,GENERAL,1.0
IU3065,CONG NGHE CO KHI 3,IU,,3,150,30,0,30,0,0,0,LECTURE,IU3066,GENERAL,1.0
IU3066,CONG NGHE CO KHI 3 (TN),IU,,0,30,0,0,30,0,0,0,LAB,,GENERAL,1.0
IU3067,CONG NGHE LANH &DIEU HOA,IU,,3,60,30,0,30,0,0,0,LECTURE,IU3068,GENERAL,1.0
IU3068,C/NGHE LANH &DIEU HOA(TN,IU,,0,30,0,0,30,0,0,0,LAB,,GENERAL,1.0
IU3069,DIEN &DIEN TU CONGNGHIEP,IU,,3,150,30,0,30,0,0,0,LECTURE,IU3070,GENERAL,1.0
IU3070,DIEN &DIENTU C/NGHIEP(TN,IU,,0,30,0,0,30,0,0,0,LAB,,GENERAL,1.0
IU3071,"BAOTRI ROBOT, MAY CC,CNC",IU,,3,150,30,0,0,0,45,0,LECTURE,,GENERAL,1.0
IU3073,MANG TRUYEN THONG C/N,IU,,3,150,30,0,30,0,0,0,LECTURE,IU3074,GENERAL,1.0
IU3074,MANG TRUYEN THONG C/N(TN,IU,,0,30,0,0,30,0,0,0,LAB,,GENERAL,1.0
IU3075,T/KE HE THONG VCPP GIO,IU,,3,150,30,0,0,0,45,0,LECTURE,,GENERAL,1.0
IU3076,T/KE HETHONG VCPP GIO(TN,IU,,0,30,0,0,30,0,0,0,LAB,,GENERAL,1.0
IU3077,T/KE VA KIEM TRA MOI HAN,IU,,3,150,30,0,30,0,0,0,LECTURE,,GENERAL,1.0
IU3078,T/KE &KIEMTRA MOI HAN(TN,IU,,0,30,0,0,30,0,0,0,LAB,,GENERAL,1.0
IU3079,BAO TRI THIET BI DANDUNG,IU,,3,150,30,12,0,0,27,0,LECTURE,,GENERAL,1.0
IU3081,THIET KE DUONG ONG,IU,,3,150,30,12,0,0,27,0,LECTURE,,GENERAL,1.0
IU3082,THIET KE DUONG ONG (TN),IU,,0,20,0,0,20,0,0,0,LAB,,GENERAL,1.0
IU3083,DUNG CU DO &KY THUAT DO,IU,,3,150,30,24,0,0,9,0,LECTURE,IU3084,GENERAL,1.0
IU3084,DUNGCU DO &KYTHUAT DO(TN,IU,,0,24,0,24,0,0,0,0,PRACTICAL,,GENERAL,1.0
IU3085,PHAN TICH &THIET KE T/N,IU,,3,150,30,0,0,0,45,0,LECTURE,,GENERAL,1.0
IU3087,DO TIN CAY &DAM BAO C/L,IU,,3,150,30,0,0,0,45,0,LECTURE,,GENERAL,1.0
IU3089,VAT LIEU,IU,,3,150,30,24,0,0,9,0,LECTURE,,GENERAL,1.0
IU3091,KY THUAT BOI TRON C/N,IU,,3,150,30,0,0,0,45,0,LECTURE,,GENERAL,1.0
IU3092,KY THUAT BOI TRON C/N(TN,IU,,0,30,0,0,30,0,0,0,LAB,,GENERAL,1.0
IU3093,KY THUAT VI DIEU KHIEN,IU,,4,200,30,30,30,0,0,0,LECTURE,IU3094,GENERAL,1.0
IU3094,KY THUAT VI DIEUKHIEN(TN,IU,,0,60,0,0,30,0,0,0,LAB,,GENERAL,1.0
IU3095,TU DONG HOA,IU,,3,150,30,0,30,0,0,0,LECTURE,IU3096,GENERAL,1.0
IU3096,TU DONG HOA (TN),IU,,0,30,0,0,30,0,0,0,LAB,,GENERAL,1.0
IU3101,THUC HANH HAN,IU,,1,50,0,0,30,0,0,0,LAB,,GENERAL,1.0
IU3103,KY THUAT BAO TRI DU DOAN,IU,,3,150,30,0,20,0,15,0,LECTURE,,GENERAL,1.0
IU3105,AN TOAN VA MOI TRUONG TR,IU,,3,150,30,30,0,0,0,0,LECTURE,,GENERAL,1.0
IU3115,TO CHUC QUAN LY BAO TRI,IU,,3,150,30,24,0,0,9,0,LECTURE,IU3116,GENERAL,1.0
IU3116,TO CHUC QUAN LY BAO TRI,IU,,0,24,0,24,0,0,0,0,PRACTICAL,,GENERAL,1.0
IU3117,CONG NGHE DIEN TRONG CON,IU,,3,150,30,0,30,0,0,0,LECTURE,IU3118,GENERAL,1.0
IU3118,CONG NGHE DIEN TRONG CON,IU,,0,30,0,0,30,0,0,0,LAB,,GENERAL,1.0
IU4001,CONG NGHE DIEN,IU,,2,36,24,0,12,0,0,0,LECTURE,IU4002,GENERAL,1.0
IU4002,CONG NGHE DIEN (TN),IU,,0,12,0,0,12,0,0,0,LAB,,GENERAL,1.0
IU4009,K/THUAT GIAMSAT TINHTRAG,IU,,2,36,24,0,12,0,0,0,LECTURE,IU4010,GENERAL,1.0
IU4010,K/THUAT GIAMSATTTRAG(TN),IU,,0,12,0,0,12,0,0,0,LAB,,GENERAL,1.0
IU4015,CONG NGHE THUY LUC,IU,,3,150,30,0,30,0,0,0,LECTURE,IU4016,GENERAL,1.0
IU4016,CONG NGHE THUY LUC (TN),IU,,0,30,0,0,30,0,0,0,LAB,,GENERAL,1.0
IU4017,CONG NGHE LANH VA DIEU H,IU,,3,150,30,0,30,0,0,0,LECTURE,,GENERAL,1.0
IU4019,AN TOAN &M/TRUONG TRG BD,IU,,3,150,30,30,0,0,0,0,LECTURE,IU4020,GENERAL,1.0
IU4020,AN TOAN &M/T TRONG BD(TH,IU,,0,30,0,30,0,0,0,0,PRACTICAL,,GENERAL,1.0
IU4021,KY THUAT BAO TRI,IU,,3,150,30,0,20,0,15,0,LECTURE,IU4022,GENERAL,1.0
IU4022,KY THUAT BAO TRI (TN),IU,,0,20,0,0,20,0,0,0,LAB,,GENERAL,1.0
IU4023,KHOI NGHIEP,IU,,3,150,30,0,0,0,45,0,LECTURE,,GENERAL,1.0
IU4024,KHOI NGHIEP (THL),IU,,0,24,0,24,0,0,0,0,PRACTICAL,,GENERAL,1.0
IU4025,CHI PHI BAO TRI,IU,,3,150,30,24,0,0,9,0,LECTURE,IU4026,GENERAL,1.0
IU4026,CHI PHI BAO TRI (THL),IU,,0,24,0,24,0,0,0,0,PRACTICAL,,GENERAL,1.0
IU4027,BAO TRI NANG SUAT TOAN D,IU,,3,150,30,0,0,0,45,0,LECTURE,,GENERAL,1.0
LA0001,IELTS CAP DO 1,LA,,10,210,90,120,0,0,0,0,LECTURE,,GENERAL,1.0
LA0003,IELTS CAP DO 2,LA,,10,210,90,120,0,0,0,0,LECTURE,,GENERAL,1.0
LA0005,IELTS CAP DO 3,LA,,10,210,90,120,0,0,0,0,LECTURE,,GENERAL,1.0
LA0007,IELTS CAP DO 4,LA,,10,210,90,120,0,0,0,0,LECTURE,,GENERAL,1.0
LA0011,ANH VAN CO BAN A (NHUCAU,LA,,0,60,0,60,0,0,0,0,PRACTICAL,,GENERAL,1.0
LA0013,ANH VAN CO BAN A+(NHUCAU,LA,,3,90,0,90,0,0,0,0,PRACTICAL,,GENERAL,1.0
LA0017,ANH VAN CO BAN 1,LA,,0,30,30,0,0,0,0,0,LECTURE,,GENERAL,1.0
LA0019,ANH VAN CO BAN 2,LA,,0,30,30,0,0,0,0,0,LECTURE,,GENERAL,1.0
LA0023,ANH VAN CO BAN 2A (NHU C,LA,,0,60,0,60,0,0,0,0,PRACTICAL,,GENERAL,1.0
LA1001,ANH VAN CO BAN,LA,,0,60,0,60,0,0,0,0,PRACTICAL,,GENERAL,1.0
LA1003,Anh văn 1,LA,,2,100,30,0,0,0,0,0,LECTURE,,GENERAL,1.0
LA1005,Anh văn 2,LA,,2,100,30,0,0,0,0,0,LECTURE,,GENERAL,1.0
LA1007,Anh văn 3,LA,,2,100,30,0,0,0,0,0,LECTURE,,GENERAL,1.0
LA1009,Anh văn 4,LA,,2,100,30,0,0,0,0,0,LECTURE,,GENERAL,1.0
LA1011,Pháp văn 1,LA,,2,100,30,30,0,0,0,0,LECTURE,LA1012,GENERAL,1.0
LA1012,PHAP VAN TANG CUONG 1,LA,,0,30,30,0,0,0,0,0,LECTURE,,GENERAL,1.0
LA1013,Pháp văn 2,LA,,2,100,30,30,0,0,0,0,LECTURE,LA1014,GENERAL,1.0
LA1014,PHAP VAN TANG CUONG 2,LA,,0,30,30,0,0,0,0,0,LECTURE,,GENERAL,1.0
LA1015,Pháp văn 3,LA,,2,100,30,30,0,0,0,0,LECTURE,LA1016,GENERAL,1.0
LA1016,PHAP VAN TANG CUONG 3,LA,,0,30,30,0,0,0,0,0,LECTURE,,GENERAL,1.0
LA1017,Pháp văn 4,LA,,2,100,30,30,0,0,0,0,LECTURE,LA1018,GENERAL,1.0
LA1018,PHAP VAN TANG CUONG 4,LA,,0,30,30,0,0,0,0,0,LECTURE,,GENERAL,1.0
LA1019,ANH VAN TANG CUONG 1,LA,,2,675,0,45,0,0,225,0,PRACTICAL,,GENERAL,1.0
LA1021,Tiếng Nhật 1,LA,,0,300,30,120,0,0,0,0,LECTURE,,GENERAL,1.0
LA1023,Tiếng Nhật 2,LA,,0,300,30,120,0,0,0,0,LECTURE,,GENERAL,1.0
LA1027,Tiếng Việt 1,LA,,3,150,30,0,0,0,45,0,LECTURE,,GENERAL,1.0
LA1029,TOEIC 350,LA,,0,40,0,40,0,0,0,0,PRACTICAL,,GENERAL,1.0
LA1031,TOEIC 400,LA,,0,40,0,40,0,0,0,0,PRACTICAL,,GENERAL,1.0
LA1033,TOEIC 450,LA,,0,40,0,40,0,0,0,0,PRACTICAL,,GENERAL,1.0
LA1035,TOEIC 500,LA,,0,40,0,40,0,0,0,0,PRACTICAL,,GENERAL,1.0
LA1037,ANH VAN 1A (NHU CAU),LA,,0,60,0,60,0,0,0,0,PRACTICAL,,GENERAL,1.0
LA1039,ANH VAN 2A (NHU CAU),LA,,0,60,0,60,0,0,0,0,PRACTICAL,,GENERAL,1.0
LA1041,ANH VAN 3A (NHU CAU),LA,,0,60,0,60,0,0,0,0,PRACTICAL,,GENERAL,1.0
LA1043,ANH VAN 4A (NHU CAU),LA,,0,60,0,60,0,0,0,0,PRACTICAL,,GENERAL,1.0
LA1045,TIENG NHAT 1,LA,,0,300,30,120,0,0,0,0,LECTURE,,GENERAL,1.0
LA1047,TIENG NHAT 2,LA,,0,300,30,120,0,0,0,0,LECTURE,,GENERAL,1.0
LA1049,Tiếng Nhật - Kiến thức n,LA,,3,150,30,0,0,0,45,0,LECTURE,,GENERAL,1.0
LA1051,Tiếng Nhật - Kỹ năng ngô,LA,,3,150,30,0,0,0,45,0,LECTURE,,GENERAL,1.0
LA1053,Tiếng Nhật - Kiến thức n,LA,,3,150,30,0,0,0,45,0,LECTURE,,GENERAL,1.0
LA1055,Tiếng Nhật - Kỹ năng ngô,LA,,3,150,30,0,0,0,45,0,LECTURE,,GENERAL,1.0
LA1057,ANH VAN 5A (NHU CAU),LA,,0,30,0,30,0,0,0,0,PRACTICAL,,GENERAL,1.0
LA2003,ANH VAN TANG CUONG 2,LA,,2,675,0,45,0,0,225,0,PRACTICAL,,GENERAL,1.0
LA2007,Tiếng Nhật 4,LA,,0,300,30,120,0,0,0,0,LECTURE,,GENERAL,1.0
LA2009,Tiếng Nhật 5,LA,,0,300,30,120,0,0,0,0,LECTURE,,GENERAL,1.0
LA2015,Tiếng Việt 2,LA,,3,150,30,0,0,0,45,0,LECTURE,,GENERAL,1.0
LA2017,TIENG NHAT 3,LA,,0,300,30,120,0,0,0,0,LECTURE,,GENERAL,1.0
LA2019,TIENG NHAT 4,LA,,0,300,30,120,0,0,0,0,LECTURE,,GENERAL,1.0
LA2021,Tiếng Nhật - Kiến thức n,LA,,3,150,30,0,0,0,45,0,LECTURE,,GENERAL,1.0
LA2023,Tiếng Nhật - Kỹ năng ngô,LA,,3,150,30,0,0,0,45,0,LECTURE,,GENERAL,1.0
LA2025,Tiếng Nhật - Kiến thức n,LA,,3,150,30,0,0,0,45,0,LECTURE,,GENERAL,1.0
LA2027,Tiếng Nhật - Kỹ năng ngô,LA,,3,150,30,0,0,0,45,0,LECTURE,,GENERAL,1.0
LA3003,PHAP VAN 5 (AUF),LA,,0,45,45,0,0,0,0,0,LECTURE,,GENERAL,1.0
LA3005,PHAP VAN 6 (AUF),LA,,0,35,35,0,0,0,0,0,LECTURE,,GENERAL,1.0
LA3007,PHAP VAN 7 (AUF),LA,,0,35,35,0,0,0,0,0,LECTURE,,GENERAL,1.0
LA3009,PHAP VAN 8 (AUF),LA,,0,35,35,0,0,0,0,0,LECTURE,,GENERAL,1.0
LA3011,ANH VAN TANG CUONG 3,LA,,2,675,0,45,0,0,225,0,PRACTICAL,,GENERAL,1.0
LA3015,K/HOC T/NHAT DB KTD-DTTT,LA,,0,45,45,0,0,0,0,0,LECTURE,,GENERAL,1.0
LA3019,Tiếng Việt 3,LA,,3,150,30,0,0,0,45,0,LECTURE,,GENERAL,1.0
LA3021,Pháp văn 5,LA,,2,100,30,30,0,0,0,0,LECTURE,LA3022,GENERAL,1.0
LA3022,PHAP VAN TANG CUONG 5,LA,,0,30,30,0,0,0,0,0,LECTURE,,GENERAL,1.0
LA3023,Pháp văn 6,LA,,2,100,30,30,0,0,0,0,LECTURE,LA3024,GENERAL,1.0
LA3024,PHAP VAN TANG CUONG 6,LA,,0,30,30,0,0,0,0,0,LECTURE,,GENERAL,1.0
LA3025,TIENG NHAT 5,LA,,0,300,30,120,0,0,0,0,LECTURE,,GENERAL,1.0
LA3027,TIENG NHAT 6,LA,,0,300,30,120,0,0,0,0,LECTURE,,GENERAL,1.0
LA3029,Tiếng Nhật - Kiến thức n,LA,,3,150,30,0,0,0,45,0,LECTURE,,GENERAL,1.0
LA3031,Tiếng Nhật - Kỹ năng ngô,LA,,3,150,30,0,0,0,45,0,LECTURE,,GENERAL,1.0
LA3033,Tiếng Nhật - Kiến thức n,LA,,3,150,30,0,0,0,45,0,LECTURE,,GENERAL,1.0
LA3035,Tiếng Nhật - Kỹ năng ngô,LA,,3,150,30,0,0,0,45,0,LECTURE,,GENERAL,1.0
LA4003,ANH VAN TANG CUONG 4,LA,,2,675,0,45,0,0,225,0,PRACTICAL,,GENERAL,1.0
LA4005,Tiếng Việt 4,LA,,3,150,30,0,0,0,45,0,LECTURE,,GENERAL,1.0
LA4007,TIENG NHAT 7,LA,,0,0,0,0,0,0,0,0,UNKNOWN,,GENERAL,1.0
LA4009,TIENG NHAT 8,LA,,0,150,30,120,0,0,0,0,LECTURE,,GENERAL,1.0
LA4011,Tiếng Nhật - Kiến thức n,LA,,3,150,30,0,0,0,45,0,LECTURE,,GENERAL,1.0
LA4013,Tiếng Nhật - Kỹ năng ngô,LA,,3,150,30,0,0,0,45,0,LECTURE,,GENERAL,1.0
LA4015,Tiếng Nhật - Kiến thức n,LA,,3,150,30,0,0,0,45,0,LECTURE,,GENERAL,1.0
LA4017,Tiếng Nhật - Kỹ năng ngô,LA,,3,150,30,0,0,0,45,0,LECTURE,,GENERAL,1.0
MA1001,Nhập môn Về Kỹ thuật,MA,,3,150,30,0,0,0,45,0,LECTURE,,GENERAL,1.0
MA1002,NHAP MON VE KTHUAT(BTTN),MA,,0,20,0,0,20,0,0,0,LAB,,GENERAL,1.0
MA1003,Cơ sở Khoa học Vật liệu,MA,,3,150,30,18,0,0,18,0,LECTURE,MA1004,GENERAL,1.0
MA1004,CO SO KHOA HOC V/LIEU(BT,MA,,0,18,0,18,0,0,0,0,PRACTICAL,,GENERAL,1.0
MA1005,Nhập môn về kỹ thuật Bán,MA,,3,150,30,0,0,0,45,0,LECTURE,,GENERAL,1.0
MA2001,VAT LY CHAT RAN,MA,,2,42,24,0,0,0,18,0,LECTURE,,GENERAL,1.0
MA2003,DO LUONG VA TU DONG HOA,MA,,2,42,24,0,0,0,18,0,LECTURE,,GENERAL,1.0
MA2005,Hóa học chất rắn,MA,,3,150,30,0,0,0,45,0,LECTURE,,GENERAL,1.0
MA2006,HOA HOC CHAT RAN (THL),MA,,0,12,0,12,0,0,0,0,PRACTICAL,,GENERAL,1.0
MA2007,Hóa học Polyme,MA,,3,150,30,24,0,0,9,0,LECTURE,MA2008,GENERAL,1.0
MA2008,HOA HOC POLYME(BT),MA,,0,24,0,24,0,0,0,0,PRACTICAL,,GENERAL,1.0
MA2009,KIM LOAI HOC,MA,,3,63,30,24,0,0,9,0,LECTURE,,GENERAL,1.0
MA2011,Điện hóa học,MA,,3,150,30,24,0,0,9,0,LECTURE,MA2012,GENERAL,1.0
MA2012,DIEN HOA HOC(BT),MA,,0,24,0,24,0,0,0,0,PRACTICAL,,GENERAL,1.0
MA2013,Các nguồn Năng lượng Tái,MA,,3,150,30,0,0,0,45,0,LECTURE,,GENERAL,1.0
MA2014,CAC NGUON N/L TAITAO(BT),MA,,0,24,0,24,0,0,0,0,PRACTICAL,,GENERAL,1.0
MA2015,Hóa lý Polymer,MA,,3,150,30,24,0,0,9,0,LECTURE,MA2016,GENERAL,1.0
MA2016,HOA LY POLYMER(BT),MA,,0,24,0,24,0,0,0,0,PRACTICAL,,GENERAL,1.0
MA2017,LY THUYET &C/NGHE L/KIM1,MA,,3,63,30,24,0,0,9,0,LECTURE,,GENERAL,1.0
MA2019,Q/TR &THIET BI SILICAT 1,MA,,3,75,30,0,0,0,45,0,LECTURE,,GENERAL,1.0
MA2033,Vật lý Chất rắn,MA,,3,150,30,12,0,0,27,0,LECTURE,MA2034,GENERAL,1.0
MA2034,VAT LY CHAT RAN(BT),MA,,0,12,0,12,0,0,0,0,PRACTICAL,,GENERAL,1.0
MA2035,Công nghệ Vật liệu,MA,,3,150,30,24,0,0,9,0,LECTURE,MA2036,GENERAL,1.0
MA2036,CONG NGHE VAT LIEU(BT),MA,,0,24,0,24,0,0,0,0,PRACTICAL,,GENERAL,1.0
MA2037,Hóa lý - Công nghệ Vật l,MA,,3,150,30,10,20,0,0,0,LECTURE,MA2038,GENERAL,1.0
MA2037.P,Hóa lý - Công nghệ Vật l,MA,,3,150,30,10,20,0,0,0,PRACTICAL,MA2038,GENERAL,1.0
MA2038,HOA LY-CN VL (BTTN),MA,,0,30,0,0,20,0,0,0,LAB,,GENERAL,1.0
MA2039,Hóa hữu Cơ - Công nghệ V,MA,,3,150,30,0,30,0,0,0,LECTURE,MA2040,GENERAL,1.0
MA2040,HOA HUU CO-CN VL (TN),MA,,0,30,0,0,30,0,0,0,LAB,,GENERAL,1.0
MA2041,HOA VO CO - CN VAT LIEU,MA,,3,150,30,0,30,0,0,0,LECTURE,MA2042,GENERAL,1.0
MA2042,HOA VO CO-CN VL (TN),MA,,0,30,0,0,30,0,0,0,LAB,,GENERAL,1.0
MA2043,Cơ sở hóa học vật liệu,MA,,3,150,30,10,20,0,0,0,LECTURE,MA2044,GENERAL,1.0
MA2044,CO SO HOA HOC VL (TN),MA,,0,30,0,0,20,0,0,0,LAB,,GENERAL,1.0
MA2121,Phương pháp tính toán cá,MA,,3,150,30,0,0,0,45,0,LECTURE,,GENERAL,1.0
MA3001,CAC PP N/CUU CT VL VO CO,MA,,3,68,30,14,0,0,24,0,LECTURE,MA3002,GENERAL,1.0
MA3002,CAC PP N/CUU CT VLVC(THL,MA,,0,14,0,14,0,0,0,0,PRACTICAL,,GENERAL,1.0
MA3003,NHIEUXA TIAX &CAC PPNCVL,MA,,3,60,30,0,30,0,0,0,LECTURE,MA3004,GENERAL,1.0
MA3004,NHIEUXA TIAX &PPNCVL (TN,MA,,0,30,0,0,30,0,0,0,LAB,,GENERAL,1.0
MA3005,PP P/T CAUTRUC VL POLYME,MA,,3,75,30,0,0,0,45,0,LECTURE,,GENERAL,1.0
MA3006,PP P/T CTVL POLYME (THL),MA,,0,14,0,14,0,0,0,0,PRACTICAL,,GENERAL,1.0
MA3007,Phương pháp Đánh giá Vật,MA,,3,150,30,12,0,0,27,0,LECTURE,MA3008,GENERAL,1.0
MA3008,P/PHAP DANH GIA VL (THL),MA,,0,24,0,12,0,0,0,0,PRACTICAL,,GENERAL,1.0
MA3009,Công nghệ Cao su,MA,,4,200,45,0,25,0,8,0,LECTURE,MA3010,GENERAL,1.0
MA3010,CONG NGHE CAO SU (BTTN),MA,,0,48,0,0,30,0,0,0,LAB,,GENERAL,1.0
MA3011,Hóa học Xúc tác,MA,,3,150,30,12,0,0,27,0,LECTURE,MA3012,GENERAL,1.0
MA3012,HOA HOC XUC TAC (THL),MA,,0,12,0,12,0,0,0,0,PRACTICAL,,GENERAL,1.0
MA3013,HOA LY SILICATE,MA,,3,75,30,0,0,0,45,0,LECTURE,,GENERAL,1.0
MA3015,L/T & CONG NGHE L/KIM 2,MA,,3,63,30,24,0,0,9,0,LECTURE,,GENERAL,1.0
MA3017,CN CHE TAO VL &CAC HE NL,MA,,4,105,30,0,30,0,45,0,LECTURE,MA3018,GENERAL,1.0
MA3018,CNCT VL&CAC HE NL (TN),MA,,0,30,0,0,30,0,0,0,LAB,,GENERAL,1.0
MA3019,Kỹ thuật Sản xuất các ch,MA,,3,150,30,0,30,0,0,0,LECTURE,MA3020,GENERAL,1.0
MA3020,KTSX CAC CHAT CAO PT(TN),MA,,0,30,0,0,30,0,0,0,LAB,,GENERAL,1.0
MA3021,Nguyên lý Lò công nghiệp,MA,,3,150,30,12,0,0,27,0,LECTURE,MA3022,GENERAL,1.0
MA3022,NGUYEN LY LO C/NGHIEP(TH,MA,,0,12,0,12,0,0,0,0,PRACTICAL,,GENERAL,1.0
MA3023,Q/TRINH &TH/BI SILICAT 2,MA,,3,75,30,0,0,0,45,0,LECTURE,,GENERAL,1.0
MA3025,C/NGHE CAC CHAT TAO MANG,MA,,2,42,24,0,0,0,18,0,LECTURE,,GENERAL,1.0
MA3027,CONG NGHE S/XUAT XI MANG,MA,,3,69,30,12,0,0,27,0,LECTURE,,GENERAL,1.0
MA3028,CONG NGHE S/X XI MANG(TH,MA,,0,12,0,12,0,0,0,0,PRACTICAL,,GENERAL,1.0
MA3029,CONG NGHE DUC,MA,,3,75,30,0,0,0,45,0,LECTURE,,GENERAL,1.0
MA3031,Vật liệu Chuyển hóa và T,MA,,3,150,30,0,0,0,45,0,LECTURE,,GENERAL,1.0
MA3032,VL CH/HOA &TONTRU NL(THL,MA,,0,24,0,24,0,0,0,0,PRACTICAL,,GENERAL,1.0
MA3033,T/N NAU-DUC KL,MA,,2,60,0,0,60,0,0,0,LAB,,GENERAL,1.0
MA3035,THI NGHIEM SILICAT DC,MA,,1,50,0,0,30,0,0,0,LAB,,GENERAL,1.0
MA3037,CONG NGHE VAT LIEU,MA,,3,63,30,24,0,0,9,0,LECTURE,,GENERAL,1.0
MA3039,Kỹ thuật Sản xuất các Sả,MA,,3,150,30,0,0,0,45,0,LECTURE,,GENERAL,1.0
MA3040,K/T SX CAC SP TTINH (BT),MA,,0,24,0,24,0,0,0,0,PRACTICAL,,GENERAL,1.0
MA3041,TINH CHAT CUA POLYME,MA,,3,63,30,24,0,0,9,0,LECTURE,,GENERAL,1.0
MA3043,VAT LIEU NANO TRONG CHNL,MA,,3,75,30,0,0,0,45,0,LECTURE,,GENERAL,1.0
MA3045,CONGNGHE CANKEO KIM LOAI,MA,,3,75,30,0,0,0,45,0,LECTURE,,GENERAL,1.0
MA3047,KY THUAT GIA CONG POLYME,MA,,3,60,30,0,30,0,0,0,LECTURE,MA3048,GENERAL,1.0
MA3048,KY THUAT GIA CONG PO (TN,MA,,0,30,0,0,30,0,0,0,LAB,,GENERAL,1.0
MA3049,N/CUU VI CAUTRUC &DGTCVL,MA,,3,68,30,14,0,0,24,0,LECTURE,MA3050,GENERAL,1.0
MA3050,NC VICAUTRUC &DGTCVL(THL,MA,,0,14,0,14,0,0,0,0,PRACTICAL,,GENERAL,1.0
MA3051,THI NGHIEM SILICAT CN,MA,,2,100,0,0,60,0,0,0,LAB,,GENERAL,1.0
MA3053,THIET KE SAN PHAM POLYME,MA,,2,42,24,0,0,0,18,0,LECTURE,,GENERAL,1.0
MA3061,KY THUAT SX XENLULO&GIAY,MA,,2,42,24,0,0,0,18,0,LECTURE,,GENERAL,1.0
MA3063,VAT LIEU COMPOSITE,MA,,2,42,24,0,0,0,18,0,LECTURE,,GENERAL,1.0
MA3077,VAT LIEU KY THUAT,MA,,3,63,30,24,0,0,9,0,LECTURE,MA3078,GENERAL,1.0
MA3078,VAT LIEU KY THUAT(BT),MA,,0,24,0,24,0,0,0,0,PRACTICAL,,GENERAL,1.0
MA3079,CONG NGHE NHIET LUYEN,MA,,4,75,45,0,30,0,0,0,LECTURE,MA3080,GENERAL,1.0
MA3080,CONG NGHE NHIET LUYEN(TN,MA,,0,30,0,0,30,0,0,0,LAB,,GENERAL,1.0
MA3081,TN HOAHOC & HOALY POLYME,MA,,2,60,0,0,60,0,0,0,LAB,,GENERAL,1.0
MA3083,Cơ học Vật liệu,MA,,3,150,30,18,0,0,18,0,LECTURE,MA3084,GENERAL,1.0
MA3084,CO HOC VAT LIEU (THL),MA,,0,18,0,18,0,0,0,0,PRACTICAL,,GENERAL,1.0
MA3085,HOA HOC & HOA LY SILICAT,MA,,4,200,45,24,0,0,9,0,LECTURE,MA3086,GENERAL,1.0
MA3086,HOAHOC &H/LY SILICAT(BT),MA,,0,24,0,24,0,0,0,0,PRACTICAL,,GENERAL,1.0
MA3087,T/HANH HH & H/LY SILICAT,MA,,1,50,0,0,30,0,0,0,LAB,,GENERAL,1.0
MA3089,Quá trình và Thiết bị Cơ,MA,,4,200,45,24,0,0,9,0,LECTURE,MA3090,GENERAL,1.0
MA3090,"Q/TR & T/BI CO,NHIET(BT)",MA,,0,24,0,24,0,0,0,0,PRACTICAL,,GENERAL,1.0
MA3091,Công nghệ Chế tạo các hệ,MA,,4,200,45,0,0,0,45,0,LECTURE,,GENERAL,1.0
MA3092,C/NGHE CT CAC HE NL (TN),MA,,0,30,0,0,30,0,0,0,LAB,,GENERAL,1.0
MA3093,Công nghệ Gốm sứ,MA,,3,150,30,0,0,0,45,0,LECTURE,,GENERAL,1.0
MA3094,CONG NGHE GOM SU(BT),MA,,0,12,0,12,0,0,0,0,PRACTICAL,,GENERAL,1.0
MA3095,Lý Thuyết và Công nghệ đ,MA,,4,200,45,24,0,0,9,0,LECTURE,MA3096,GENERAL,1.0
MA3096,L/T &CONG NGHE DUC (BT),MA,,0,24,0,24,0,0,0,0,PRACTICAL,,GENERAL,1.0
MA3097,Nhiễu xạ Tia X trong Ngh,MA,,3,150,30,10,0,0,30,0,LECTURE,MA3098,GENERAL,1.0
MA3098,NXTX TNCCTVL&HDSDPMXL(TN,MA,,0,30,0,10,0,0,0,0,LAB,,GENERAL,1.0
MA3099,T/NGHIEM DIEN HOA HOC,MA,,2,100,0,0,60,0,0,0,LAB,,GENERAL,1.0
MA3101,Truyền nhiệt và Truyền k,MA,,3,150,30,12,0,0,27,0,LECTURE,MA3102,GENERAL,1.0
MA3102,TR/NHIET &TRUYENKHOI(BT),MA,,0,12,0,12,0,0,0,0,PRACTICAL,,GENERAL,1.0
MA3103,Kim loại học và Nhiệt lu,MA,,4,200,45,0,30,0,0,0,LECTURE,MA3104,GENERAL,1.0
MA3104,KIM LOAI HOC (TN),MA,,0,30,0,0,30,0,0,0,LAB,,GENERAL,1.0
MA3105,Luyện kim đen,MA,,3,150,30,24,0,0,9,0,LECTURE,MA3106,GENERAL,1.0
MA3106,LUYEN KIM DEN(BT),MA,,0,24,0,24,0,0,0,0,PRACTICAL,,GENERAL,1.0
MA3107,Các Phương pháp Phân tíc,MA,,3,150,30,0,30,0,0,0,LECTURE,MA3108,GENERAL,1.0
MA3108,"CPPKT&DGVL:PTTCTV,TPH(TN",MA,,0,30,0,0,30,0,0,0,LAB,,GENERAL,1.0
MA3109,THI NGHIEM DUC,MA,,1,50,0,0,30,0,0,0,LAB,,GENERAL,1.0
MA3111,Vật lý Vật liệu,MA,,3,150,30,12,0,0,27,0,LECTURE,MA3112,GENERAL,1.0
MA3112,VAT LY VAT LIEU (THL),MA,,0,12,0,12,0,0,0,0,PRACTICAL,,GENERAL,1.0
MA3113,Hóa học Vật liệu,MA,,3,150,30,12,0,0,27,0,LECTURE,MA3114,GENERAL,1.0
MA3114,HOA HOC VAT LIEU (THL),MA,,0,12,0,12,0,0,0,0,PRACTICAL,,GENERAL,1.0
MA3119,T/H DANHGIA TINH CHAT VL,MA,,2,60,0,0,60,0,0,0,LAB,,GENERAL,1.0
MA3121,TN HOA HOC POLYME,MA,,1,50,0,0,30,0,0,0,LAB,,GENERAL,1.0
MA3123,TN HOA LY POLYME,MA,,1,50,0,0,30,0,0,0,LAB,,GENERAL,1.0
MA3125,THUC HANH VAT LIEU 1,MA,,2,100,0,0,60,0,0,0,LAB,,GENERAL,1.0
MA3127,Vật liệu Siêu dẫn,MA,,3,150,30,12,0,0,27,0,LECTURE,MA3128,GENERAL,1.0
MA3128,VAT LIEU SIEU DAN (THL),MA,,0,12,0,12,0,0,0,0,PRACTICAL,,GENERAL,1.0
MA3129,Khoa học ăn mòn,MA,,3,150,30,12,0,0,27,0,LECTURE,MA3130,GENERAL,1.0
MA3130,KHOA HOC AN MON (THL),MA,,0,12,0,12,0,0,0,0,PRACTICAL,,GENERAL,1.0
MA3131,Vật liệu và mô phỏng số,MA,,3,150,30,12,0,0,27,0,LECTURE,MA3132,GENERAL,1.0
MA3132,VAT LIEU &MO PHONG SO(TH,MA,,0,12,0,12,0,0,0,0,PRACTICAL,,GENERAL,1.0
MA3133,Kỹ thuật sản xuất bán dẫ,MA,,3,150,30,10,0,0,30,0,LECTURE,MA3134,GENERAL,1.0
MA3134,KY THUAT S/X BAN DAN(THL,MA,,0,12,0,12,0,0,0,0,PRACTICAL,,GENERAL,1.0
MA3135,Công nghệ sản xuất và lắ,MA,,3,150,30,10,0,0,30,0,LECTURE,MA3136,GENERAL,1.0
MA3136,CN SX&LAP DAT TAM Q/D(TH,MA,,0,12,0,12,0,0,0,0,PRACTICAL,,GENERAL,1.0
MA3137,Kỹ thuật Xúc tác,MA,,3,150,30,12,0,0,27,0,LECTURE,MA3138,GENERAL,1.0
MA3138,KY THUAT XUC TAC (THL),MA,,0,12,0,12,0,0,0,0,PRACTICAL,,GENERAL,1.0
MA3139,Vật liệu Nano Cacbon,MA,,3,150,30,12,0,0,27,0,LECTURE,MA3140,GENERAL,1.0
MA3140,VAT LIEU NANO CACBON(THL,MA,,0,12,0,12,0,0,0,0,PRACTICAL,,GENERAL,1.0
MA3141,Kỹ thuật Phân tích Vật l,MA,,3,150,30,12,0,0,27,0,LECTURE,MA3142,GENERAL,1.0
MA3142,KYTHUAT PHAN TICH V/L(TH,MA,,0,12,0,12,0,0,0,0,PRACTICAL,,GENERAL,1.0
MA3143,T/HANH PHAN TICH VATLIEU,MA,,2,100,0,0,60,0,0,0,LAB,,GENERAL,1.0
MA3145,Các nguồn Năng lượng Bền,MA,,3,150,30,12,0,0,27,0,LECTURE,MA3146,GENERAL,1.0
MA3146,CAC NGUON N/LUONG BV(THL,MA,,0,12,0,12,0,0,0,0,PRACTICAL,,GENERAL,1.0
MA3147,Công nghệ Vật liệu Đại c,MA,,3,150,30,12,0,0,27,0,LECTURE,MA3148,GENERAL,1.0
MA3148,CONG NGHE VAT LIEU DC(TH,MA,,0,12,0,12,0,0,0,0,PRACTICAL,,GENERAL,1.0
MA3149,TN CHE TAO CAC HE N/LUOG,MA,,1,50,0,0,30,0,0,0,LAB,,GENERAL,1.0
MA3151,CAC TINH CHAT VAT LIEU,MA,,3,150,30,30,0,0,0,0,LECTURE,MA3152,GENERAL,1.0
MA3152,CAC TINH CHAT VL (THL),MA,,0,30,0,30,0,0,0,0,PRACTICAL,,GENERAL,1.0
MA3153,Môi trường và An toàn Nh,MA,,3,150,30,24,0,0,9,0,LECTURE,,GENERAL,1.0
MA3154,MT &ATNMSX & GCVL (THL),MA,,0,14,0,14,0,0,0,0,PRACTICAL,,GENERAL,1.0
MA3157,Kỹ thuật thực nghiệm tro,MA,,3,150,30,10,20,0,0,0,LECTURE,MA3158,GENERAL,1.0
MA3158,KT THUC NGHIEM TRG VL(TN,MA,,0,20,0,0,20,0,0,0,LAB,,GENERAL,1.0
MA3159,Mô phỏng trong kỹ thuật,MA,,3,150,30,0,0,0,45,0,LECTURE,,GENERAL,1.0
MA3161,Khoa học và công nghệ vậ,MA,,3,150,30,14,0,0,24,0,LECTURE,MA3162,GENERAL,1.0
MA3162,KHOA HOC VA CNVL POLYME,MA,,0,14,0,14,0,0,0,0,PRACTICAL,,GENERAL,1.0
MA3163,Công nghệ vật liệu ceram,MA,,3,150,30,14,0,0,24,0,LECTURE,MA3164,GENERAL,1.0
MA3164,CNVL CERAMIC CB DEN NC,MA,,0,14,0,14,0,0,0,0,PRACTICAL,,GENERAL,1.0
MA3165,Vật liệu kim loaị và các,MA,,3,150,30,10,0,0,30,0,LECTURE,MA3166,GENERAL,1.0
MA3166,VLKL& CAC QUA TRINH CN,MA,,0,30,0,30,0,0,0,0,PRACTICAL,,GENERAL,1.0
MA3167,Hóa lý silicat,MA,,4,200,45,24,0,0,9,0,LECTURE,MA3168,GENERAL,1.0
MA3168,HOA LY SILICAT,MA,,0,24,0,24,0,0,0,0,PRACTICAL,,GENERAL,1.0
MA3169,THUC HANH HOA LY SILICAT,MA,,1,50,0,0,30,0,0,0,LAB,,GENERAL,1.0
MA3171,Phương pháp phân tích và,MA,,3,150,30,0,0,0,45,0,LECTURE,,GENERAL,1.0
MA4001,KY THUAT GOM SU,MA,,3,63,30,24,0,0,9,0,LECTURE,MA4002,GENERAL,1.0
MA4002,KY THUAT GOM SU (THL),MA,,0,24,0,24,0,0,0,0,PRACTICAL,,GENERAL,1.0
MA4007,VAT LIEU VA CONG NGHE MM,MA,,2,42,24,0,0,0,18,0,LECTURE,,GENERAL,1.0
MA4009,VAT LIEU XAY DUNG,MA,,3,63,30,24,0,0,9,0,LECTURE,MA4010,GENERAL,1.0
MA4010,VAT LIEU XAY DUNG (THL),MA,,0,24,0,24,0,0,0,0,PRACTICAL,,GENERAL,1.0
MA4013,POLYMER CO TINH NANG DB,MA,,2,42,24,0,0,0,18,0,LECTURE,,GENERAL,1.0
MA4015,TINH CHAT &CONG NGHE VL,MA,,3,63,30,24,0,0,9,0,LECTURE,MA4016,GENERAL,1.0
MA4016,T/CHAT &CONG NGHE VL(THL,MA,,0,24,0,24,0,0,0,0,PRACTICAL,,GENERAL,1.0
MA4017,VAT LIEU &LINH KIEN DTQH,MA,,3,63,30,24,0,0,9,0,LECTURE,MA4018,GENERAL,1.0
MA4018,V/LIEU &L/KIEN DTQH (BT),MA,,0,24,0,24,0,0,0,0,PRACTICAL,,GENERAL,1.0
MA4019,LOP PHU CERAMIC,MA,,2,42,24,0,0,0,18,0,LECTURE,,GENERAL,1.0
MA4021,VL NANOCOMPOSITE NEN POL,MA,,2,42,24,0,0,0,18,0,LECTURE,,GENERAL,1.0
MA4023,VL &CN IN ANH LITHO&KHAC,MA,,3,75,30,0,0,0,45,0,LECTURE,,GENERAL,1.0
MA4025,Công nghệ Sản xuất Gạch,MA,,3,150,30,0,0,0,45,0,LECTURE,,GENERAL,1.0
MA4026,C/N SX GACH OL-SU VS(TN),MA,,0,30,0,0,30,0,0,0,LAB,,GENERAL,1.0
MA4027,VAT LY BAN DAN,MA,,3,63,30,24,0,0,9,0,LECTURE,MA4028,GENERAL,1.0
MA4028,VAT LY BAN DAN(BT),MA,,0,24,0,24,0,0,0,0,PRACTICAL,,GENERAL,1.0
MA4029,DUC LIEN TUC,MA,,2,42,24,0,0,0,18,0,LECTURE,,GENERAL,1.0
MA4031,POLYME DAN DIEN,MA,,2,42,24,0,0,0,18,0,LECTURE,,GENERAL,1.0
MA4033,Vật liệu Y sinh,MA,,3,150,30,0,0,0,45,0,LECTURE,,GENERAL,1.0
MA4034,VAT LIEU Y SINH(BT),MA,,0,24,0,24,0,0,0,0,PRACTICAL,,GENERAL,1.0
MA4035,POLYMER YSINH &POLYME PH,MA,,2,42,24,0,0,0,18,0,LECTURE,,GENERAL,1.0
MA4037,VAT LIEU KY THUAT,MA,,2,42,24,0,0,0,18,0,LECTURE,,GENERAL,1.0
MA4039,VAT LIEU MOI TRUONG,MA,,2,42,24,0,0,0,18,0,LECTURE,,GENERAL,1.0
MA4041,KY THUAT SX VAT LIEU CL,MA,,2,42,24,0,0,0,18,0,LECTURE,,GENERAL,1.0
MA4043,VAT LIEU TINH TOAN,MA,,2,42,24,0,0,0,18,0,LECTURE,,GENERAL,1.0
MA4045,AN MON & BAO VE VAT LIEU,MA,,2,42,24,0,0,0,18,0,LECTURE,,GENERAL,1.0
MA4047,Thiết kế Đúc,MA,,3,150,30,24,0,0,9,0,LECTURE,MA4048,GENERAL,1.0
MA4048,THIET KE DUC (THL),MA,,0,24,0,24,0,0,0,0,PRACTICAL,,GENERAL,1.0
MA4049,XU LY BE MAT VAT LIEU KL,MA,,3,63,30,24,0,0,9,0,LECTURE,MA4050,GENERAL,1.0
MA4050,XL BE MAT VAT LIEU KL(TH,MA,,0,24,0,24,0,0,0,0,PRACTICAL,,GENERAL,1.0
MA4055,LUA CHON VA SU DUNG VLKT,MA,,2,42,24,0,0,0,18,0,LECTURE,,GENERAL,1.0
MA4057,CONG NGHE CHE TAO SOI,MA,,2,42,24,0,0,0,18,0,LECTURE,,GENERAL,1.0
MA4059,VAT LIEU &CONG NGHE SXBB,MA,,2,42,24,0,0,0,18,0,LECTURE,,GENERAL,1.0
MA4061,XL M/TRUONG NM SX VL KL,MA,,2,42,24,0,0,0,18,0,LECTURE,,GENERAL,1.0
MA4063,DIEN HOA CONG NGHIEP,MA,,2,42,24,0,0,0,18,0,LECTURE,,GENERAL,1.0
MA4065,Đo lường và Tự động hóa,MA,,3,150,30,0,0,0,45,0,LECTURE,,GENERAL,1.0
MA4067,Kỹ thuật Gia công Polyme,MA,,4,200,45,0,30,0,0,0,LECTURE,MA4068,GENERAL,1.0
MA4068,K/T GIA CONG POLYME (TN),MA,,0,30,0,0,30,0,0,0,LAB,,GENERAL,1.0
MA4069,Các Tính chất của Vật li,MA,,3,150,30,0,0,0,45,0,LECTURE,,GENERAL,1.0
MA4070,CAC T/C CUA VL POLYME(TH,MA,,0,10,0,10,0,0,0,0,PRACTICAL,,GENERAL,1.0
MA4079,Công nghệ Các chất Tạo m,MA,,3,150,30,0,0,0,45,0,LECTURE,,GENERAL,1.0
MA4081,Vật liệu polyme có tính,MA,,3,150,30,0,0,0,45,0,LECTURE,,GENERAL,1.0
MA4083,Vật liệu Polymer Composi,MA,,3,150,30,0,0,0,45,0,LECTURE,,GENERAL,1.0
MA4084,V/L POLYME COMPOSITE(THL,MA,,0,12,0,12,0,0,0,0,PRACTICAL,,GENERAL,1.0
MA4085,Polyme Blend,MA,,3,150,30,0,0,0,45,0,LECTURE,,GENERAL,1.0
MA4086,POLYME BLEND (THL),MA,,0,12,0,12,0,0,0,0,PRACTICAL,,GENERAL,1.0
MA4087,"Công nghệ Xi-măng, Bê tô",MA,,4,200,45,24,0,0,9,0,LECTURE,MA4088,GENERAL,1.0
MA4088,"C/N XI-MANG, BE TONG(BT)",MA,,0,24,0,24,0,0,0,0,PRACTICAL,,GENERAL,1.0
MA4089,Vật liệu gốm kỹ thuật đi,MA,,3,150,30,0,0,0,45,0,LECTURE,,GENERAL,1.0
MA4090,"VL GOM KT DIEN,DIENTU(BT",MA,,0,24,0,24,0,0,0,0,PRACTICAL,,GENERAL,1.0
MA4091,Vật liệu Môi trường,MA,,3,150,30,0,0,0,45,0,LECTURE,,GENERAL,1.0
MA4092,VAT LIEU MOI TRUONG(BT),MA,,0,24,0,24,0,0,0,0,PRACTICAL,,GENERAL,1.0
MA4093,Kỹ thuật sản xuất vật li,MA,,3,150,30,0,0,0,45,0,LECTURE,,GENERAL,1.0
MA4094,KT SX V/LIEU CHIU LUA(BT,MA,,0,24,0,24,0,0,0,0,PRACTICAL,,GENERAL,1.0
MA4095,Phụ gia công nghệ xi-măn,MA,,3,150,30,14,0,0,24,0,LECTURE,MA4096,GENERAL,1.0
MA4096,"P/G CN XIMANG,BETONG(BT)",MA,,0,24,0,14,0,0,0,0,PRACTICAL,,GENERAL,1.0
MA4097,Lớp phủ ceramic,MA,,3,150,30,0,0,0,45,0,LECTURE,,GENERAL,1.0
MA4098,LOP PHU CERAMIC(TN),MA,,0,30,0,0,30,0,0,0,LAB,,GENERAL,1.0
MA4099,CAC KT GIA CONG THUYTINH,MA,,3,150,30,0,0,0,45,0,LECTURE,,GENERAL,1.0
MA4100,CAC KT GIACONG T/TINH(BT,MA,,0,24,0,24,0,0,0,0,PRACTICAL,,GENERAL,1.0
MA4101,MEN VA MAU,MA,,3,150,30,10,0,0,30,0,LECTURE,MA4102,GENERAL,1.0
MA4102,MEN VA MAU(TN),MA,,0,10,0,10,0,0,0,0,PRACTICAL,,GENERAL,1.0
MA4103,Luyện kim màu,MA,,3,150,30,10,20,0,0,0,LECTURE,MA4104,GENERAL,1.0
MA4103.P,Luyện kim màu,MA,,3,150,30,10,20,0,0,0,PRACTICAL,MA4104,GENERAL,1.0
MA4104,LUYEN KIM MAU (ThL+TN),MA,,0,30,0,0,20,0,0,0,LAB,,GENERAL,1.0
MA4105,Công nghệ kim loại bột,MA,,3,150,30,24,0,0,9,0,LECTURE,MA4106,GENERAL,1.0
MA4106,CONG NGHE KIMLOAI BOT(BT,MA,,0,24,0,24,0,0,0,0,PRACTICAL,,GENERAL,1.0
MA4107,Ăn mòn và phá hủy trong,MA,,3,150,30,14,0,0,24,0,LECTURE,MA4108,GENERAL,1.0
MA4108,A/M &PHA HUY TRG VLKL(BT,MA,,0,24,0,14,0,0,0,0,PRACTICAL,,GENERAL,1.0
MA4109,Đúc liên tục,MA,,3,150,30,24,0,0,9,0,LECTURE,MA4110,GENERAL,1.0
MA4110,DUC LIEN TUC (THL),MA,,0,24,0,24,0,0,0,0,PRACTICAL,,GENERAL,1.0
MA4111,T/NGHIEM PHAN TICH HOALY,MA,,1,50,0,0,30,0,0,0,LAB,,GENERAL,1.0
MA4113,Vật liệu Tiên tiến trong,MA,,3,150,30,0,0,0,45,0,LECTURE,,GENERAL,1.0
MA4115,Các phương pháp gia công,MA,,3,150,30,0,0,0,45,0,LECTURE,,GENERAL,1.0
MA4117,Polyme dẫn điện,MA,,3,150,30,0,0,0,45,0,LECTURE,,GENERAL,1.0
MA4119,Vật liệu và Công nghệ Qu,MA,,3,150,30,10,0,0,30,0,LECTURE,MA4120,GENERAL,1.0
MA4120,VL &CONG NGHE QUANG KHAC,MA,,0,10,0,10,0,0,0,0,PRACTICAL,,GENERAL,1.0
MA4121,Kỹ thuật Tính toán và Mô,MA,,3,150,30,0,0,0,45,0,LECTURE,,GENERAL,1.0
MA4123,Phát triển Bền vững và C,MA,,3,150,30,0,0,0,45,0,LECTURE,,GENERAL,1.0
MA4124,P/T BEN VUNG &CNXLMT(THL,MA,,0,12,0,12,0,0,0,0,PRACTICAL,,GENERAL,1.0
MA4125,Tạo hình Kim loại,MA,,4,200,45,24,0,0,9,0,LECTURE,MA4126,GENERAL,1.0
MA4126,TAO HINH KIM LOAI (THL),MA,,0,24,0,24,0,0,0,0,PRACTICAL,,GENERAL,1.0
MA4127,Công nghệ Nhiệt luyện,MA,,3,150,30,0,30,0,0,0,LECTURE,MA4128,GENERAL,1.0
MA4128,C/NGHE NHIET LUYEN (TN),MA,,0,30,0,0,30,0,0,0,LAB,,GENERAL,1.0
MA4129,Công nghệ phun phủ kim l,MA,,3,150,30,24,0,0,9,0,LECTURE,MA4130,GENERAL,1.0
MA4130,C/NGHE PHUN PHU KLOAI(BT,MA,,0,24,0,24,0,0,0,0,PRACTICAL,,GENERAL,1.0
MA4131,Điện hóa kim loại,MA,,3,150,30,12,0,0,27,0,LECTURE,MA4132,GENERAL,1.0
MA4132,DIEN HOA KIM LOAI (THL),MA,,0,12,0,12,0,0,0,0,PRACTICAL,,GENERAL,1.0
MA4133,Lý thuyết và công nghệ b,MA,,3,150,30,12,0,0,27,0,LECTURE,MA4134,GENERAL,1.0
MA4134,L/T &CN B/DANG DEO (THL),MA,,0,12,0,12,0,0,0,0,PRACTICAL,,GENERAL,1.0
MA4139,Kỹ thuật Phân tích Hóa l,MA,,3,150,30,12,0,0,27,0,LECTURE,MA4140,GENERAL,1.0
MA4140,KY THUAT PHANTICH H/L(TH,MA,,0,12,0,12,0,0,0,0,PRACTICAL,,GENERAL,1.0
MA4141,Công nghệ Điện hóa,MA,,3,150,30,12,0,0,27,0,LECTURE,MA4142,GENERAL,1.0
MA4142,CONG NGHE DIEN HOA (THL),MA,,0,12,0,12,0,0,0,0,PRACTICAL,,GENERAL,1.0
MA4145,THUC HANH DIEN HOA,MA,,2,100,0,0,60,0,0,0,LAB,,GENERAL,1.0
MA4147,THUC HANH P/TICH HOA LY,MA,,2,60,0,0,60,0,0,0,LAB,,GENERAL,1.0
MA4153,Công nghệ Cao su,MA,,3,150,30,10,0,0,30,0,LECTURE,MA4154,GENERAL,1.0
MA4154,CONG NGHE CAO SU (THL),MA,,0,10,0,12,0,0,0,0,PRACTICAL,,GENERAL,1.0
MA4155,T/NGHIEM CONG NGHE CAOSU,MA,,2,100,0,0,60,0,0,0,LAB,,GENERAL,1.0
MA4159,Công nghệ Phân loại và T,MA,,3,150,30,12,0,0,27,0,LECTURE,MA4160,GENERAL,1.0
MA4160,CN PL&TC RACTHAI NHUA(TH,MA,,0,12,0,12,0,0,0,0,PRACTICAL,,GENERAL,1.0
MA4161,Công nghệ sản xuất bao b,MA,,3,150,30,0,0,0,45,0,LECTURE,,GENERAL,1.0
MA4162,C/NGHE SAN XUAT BAOBI(TH,MA,,0,12,0,12,0,0,0,0,PRACTICAL,,GENERAL,1.0
MA4163,Kỹ thuật sản xuất xenlul,MA,,3,150,30,0,0,0,45,0,LECTURE,,GENERAL,1.0
MA4164,K/T SX XENLULO &GIAY (TH,MA,,0,12,0,12,0,0,0,0,PRACTICAL,,GENERAL,1.0
MA4165,Polyme Y sinh và Polyme,MA,,3,150,30,12,0,0,27,0,LECTURE,MA4166,GENERAL,1.0
MA4166,POLYME YS &POLYME P/H(TH,MA,,0,12,0,12,0,0,0,0,PRACTICAL,,GENERAL,1.0
MA4167,Vật liệu cao su ứng dụng,MA,,3,150,30,0,0,0,45,0,LECTURE,,GENERAL,1.0
MA4168,VAT LIEU CAOSU U/DUNG(TH,MA,,0,12,0,12,0,0,0,0,PRACTICAL,,GENERAL,1.0
MA4169,VAT LIEU POLYME XOP,MA,,3,150,30,0,0,0,45,0,LECTURE,,GENERAL,1.0
MA4175,THUC HANH VAT LIEU 2,MA,,2,100,0,0,60,0,0,0,LAB,,GENERAL,1.0
MA4177,Các phương pháp phân tíc,MA,,3,150,30,0,0,0,45,0,LECTURE,,GENERAL,1.0
MA4178,CAC P/P P/T VAT LIEU(THL,MA,,0,24,0,24,0,0,0,0,PRACTICAL,,GENERAL,1.0
MA4179,Lựa chọn và Sử dụng Vật,MA,,3,150,30,24,0,0,9,0,LECTURE,MA4180,GENERAL,1.0
MA4180,LUA CHON&SU DUNG VLKT(BT,MA,,0,24,0,24,0,0,0,0,PRACTICAL,,GENERAL,1.0
MA4181,Vật liệu & Công nghệ nan,MA,,3,150,30,10,0,0,30,0,LECTURE,,GENERAL,1.0
MA4183,Vật liệu và Công nghệ Bá,MA,,4,200,45,14,0,0,24,0,LECTURE,MA4184,GENERAL,1.0
MA4185,Vật liệu sinh học và ứng,MA,,3,150,30,0,0,0,45,0,LECTURE,,GENERAL,1.0
MA4187,Vật liệu và công nghệ in,MA,,3,150,30,0,0,0,45,0,LECTURE,,GENERAL,1.0
MA4189,Vật liệu thông minh và đ,MA,,3,150,30,0,0,0,45,0,LECTURE,,GENERAL,1.0
MA4191,Vật liệu ứng dụng cho cô,MA,,3,150,30,0,0,0,45,0,LECTURE,,GENERAL,1.0
MA4195,HOA HUU CO - CONG NGHE V,MA,,3,60,30,0,30,0,0,0,LECTURE,,GENERAL,1.0
MA4197,CONG NGHE VAT LIEU,MA,,3,63,30,0,24,0,9,0,LECTURE,,GENERAL,1.0
MA4199,CO HOC VAT LIEU,MA,,3,66,30,0,18,0,18,0,LECTURE,,GENERAL,1.0
MA4201,TRUYEN NHIET VA TRUYEN K,MA,,3,66,30,0,18,0,18,0,LECTURE,,GENERAL,1.0
MA4203,KIM LOAI HOC VA NHIET LU,MA,,4,75,45,0,30,0,0,0,LECTURE,,GENERAL,1.0
MA4205,HOA LY - CONG NGHE VAT L,MA,,3,60,30,0,30,0,0,0,LECTURE,,GENERAL,1.0
MA4207,HOA HOC VA HOA LY SILICA,MA,,4,78,45,0,24,0,9,0,LECTURE,,GENERAL,1.0
MA4209,KY THUAT SAN XUAT CAC SA,MA,,3,63,30,0,24,0,9,0,LECTURE,,GENERAL,1.0
MA4211,LUYEN KIM DEN,MA,,3,63,30,0,24,0,9,0,LECTURE,,GENERAL,1.0
MA4213,QUA TRINH VA THIET BI CO,MA,,4,78,45,0,24,0,9,0,LECTURE,,GENERAL,1.0
MA4215,VAT LY CHAT RAN,MA,,3,69,30,0,12,0,27,0,LECTURE,,GENERAL,1.0
MA4217,HOA HOC POLYME,MA,,3,63,30,0,24,0,9,0,LECTURE,,GENERAL,1.0
MA4219,HOA LY POLYME,MA,,3,63,30,0,24,0,9,0,LECTURE,,GENERAL,1.0
MA4221,CO SO KHOA HOC VAT LIEU,MA,,3,63,30,0,24,0,9,0,LECTURE,,GENERAL,1.0
MA4223,DIEN HOA HOC,MA,,3,63,30,0,24,0,9,0,LECTURE,,GENERAL,1.0
MA4225,VAN CHUYEN HOA VA TON TR,MA,,3,63,30,0,24,0,9,0,LECTURE,,GENERAL,1.0
MA4227,HOA VO CO - CONG NGHE VA,MA,,3,60,30,0,30,0,0,0,LECTURE,,GENERAL,1.0
MA5015,Các Phương pháp Phân tíc,MA,,3,150,30,0,0,0,45,0,LECTURE,,GENERAL,1.0
MA5019,T/H TAO MANG &CTCCVL POL,MA,,1,50,0,0,30,0,0,0,LAB,,GENERAL,1.0
MA5023,Pin: Từ Cổ điển đến Hiện,MA,,3,150,30,10,0,0,30,0,LECTURE,MA5024,GENERAL,1.0
MA5024,PIN:TU CODIEN DEN H/D(TH,MA,,0,12,0,10,0,0,0,0,PRACTICAL,,GENERAL,1.0
MA5025,V/L POLYME COMPOSITE(PBL,MA,,3,150,15,0,0,90,0,0,LECTURE,,GENERAL,1.0
MA5029,VAT LIEU POLYME COMPOSIT,MA,,3,69,30,12,0,0,27,0,LECTURE,,GENERAL,1.0
MA5031,HON HOP CAO SU - NHUA,MA,,4,99,30,12,30,0,27,0,LECTURE,,GENERAL,1.0
MA5033,KY THUAT PHAN TICH CAU T,MA,,3,675,30,0,15,0,225,0,LECTURE,,GENERAL,1.0
MA5035,QUA TRINH CERAMIC,MA,,3,675,30,0,15,0,225,0,LECTURE,,GENERAL,1.0
MA5037,VAT LIEU SINH HOC,MA,,3,675,30,15,0,0,225,0,LECTURE,,GENERAL,1.0
MA5039,HOA HOC XI-MANG BE-TONG,MA,,4,80,45,0,20,0,15,0,LECTURE,,GENERAL,1.0
MA5041,VAT LIEU GEOPOLYMER,MA,,3,675,30,0,15,0,225,0,LECTURE,,GENERAL,1.0
MA5043,POLYME DAN DIEN UNG DUNG,MA,,3,69,30,12,0,0,27,0,LECTURE,,GENERAL,1.0
MA5045,VAT LIEU VA MO PHONG SO,MA,,3,69,30,12,0,0,27,0,LECTURE,,GENERAL,1.0
MA5047,CONG NGHE CHE TAO CAC HE,MA,,4,75,45,30,0,0,0,0,LECTURE,,GENERAL,1.0
MA5049,POLYME PHAN HUY SINH HOC,MA,,3,675,30,15,0,0,225,0,LECTURE,,GENERAL,1.0
MA5051,THIET BI VA HE THONG DIE,MA,,3,675,30,0,15,0,225,0,LECTURE,,GENERAL,1.0
MA5053,CAC NGUON NANG LUONG BEN,MA,,3,69,30,12,0,0,27,0,LECTURE,,GENERAL,1.0
MA5055,CONG NGHE BAN DAN,MA,,3,69,30,12,0,0,27,0,LECTURE,,GENERAL,1.0
MA5057,HON HOP POLYMER,MA,,3,66,33,6,0,0,27,0,LECTURE,,GENERAL,1.0
MA5063,LUA CHON VAT LIEU TRONG,MA,,3,57,39,0,0,0,18,0,LECTURE,,GENERAL,1.0
MA5065,HOA HOC XI-MANG BE-TONG,MA,,3,675,30,15,0,0,225,0,LECTURE,,GENERAL,1.0
MA5067,CO SO CAC TINH CHAT VAT,MA,,3,63,36,0,0,0,27,0,LECTURE,,GENERAL,1.0
MA5069,KY THUAT THUC NGHIEM VA,MA,,3,675,30,0,15,0,225,0,LECTURE,,GENERAL,1.0
MA5071,GIAM CAP & BAO VE VAT LI,MA,,3,63,36,0,0,0,27,0,LECTURE,,GENERAL,1.0
MA5073,LUA CHON VAT LIEU,MA,,3,63,36,0,0,0,27,0,LECTURE,,GENERAL,1.0
MA5075,KHOA HOC VA CONG NGHE VA,MA,,3,66,33,6,0,0,27,0,LECTURE,,GENERAL,1.0
MA5077,PHUONG PHAP PHAN TICH &,MA,,3,675,30,0,15,0,225,0,LECTURE,,GENERAL,1.0
MA5079,CO SO MO PHONG VAT LIEU,MA,,3,57,39,0,0,0,18,0,LECTURE,,GENERAL,1.0
MA5081,HOA HOC NANO,MA,,3,150,30,0,0,0,45,0,LECTURE,,GENERAL,1.0
MA5083,HOA HOC NANO,MA,,3,63,36,0,0,0,27,0,LECTURE,,GENERAL,1.0
MA5085,PHAN TICH VAT LIEU BANG,MA,,3,57,39,0,0,0,18,0,LECTURE,,GENERAL,1.0
MA5087,CONG NGHE NHIET LUYEN TI,MA,,3,57,39,0,0,0,18,0,LECTURE,,GENERAL,1.0
MA5089,CONG NGHE VA UNG DUNG LU,MA,,3,57,39,0,0,0,18,0,LECTURE,,GENERAL,1.0
MA5091,LUA CHON VAT LIEU TRONG,MA,,4,72,54,0,0,0,18,0,LECTURE,,GENERAL,1.0
MA5093,VAT LIEU COMPOSITE TIEN,MA,,3,57,39,0,0,0,18,0,LECTURE,,GENERAL,1.0
MA5095,VAT LIEU CO CAU TRUC NAN,MA,,3,57,39,0,0,0,18,0,LECTURE,,GENERAL,1.0
MA5097,"CAU TRUC, TINH CHAT VA U",MA,,3,75,30,0,0,0,45,0,LECTURE,,GENERAL,1.0
MA5099,PHAN TICH TINH CHAT CO N,MA,,3,675,30,15,0,0,225,0,LECTURE,,GENERAL,1.0
MA5101,VAT LIEU XOP TIEN TIEN,MA,,3,69,30,12,0,0,27,0,LECTURE,,GENERAL,1.0
MA7001,KHOA HOC VA CONG NGHE VA,MA,,3,60,45,0,0,0,15,0,LECTURE,,GENERAL,1.0
MA7003,PHUONG PHAP PHAN TICH VA,MA,,3,60,30,0,30,0,0,0,LECTURE,,GENERAL,1.0
MA7005,VAT LIEU NANO TRONG HOA,MA,,2,45,30,0,0,0,15,0,LECTURE,,GENERAL,1.0
MA7007,DAC TINH VAT LIEU NANO,MA,,2,45,30,0,0,0,15,0,LECTURE,,GENERAL,1.0
MA7009,CAC PHUONG PHAP THUC NGH,MA,,2,45,30,0,0,0,15,0,LECTURE,,GENERAL,1.0
MA7011,VAT LIEU GOM DIEN,MA,,2,45,30,0,0,0,15,0,LECTURE,,GENERAL,1.0
MA7013,PHUONG PHAP NGHIEN CUU P,MA,,2,45,30,0,0,0,15,0,LECTURE,,GENERAL,1.0
MA7015,VAT LIEU TREN CO SO PHUO,MA,,2,45,30,0,0,0,15,0,LECTURE,,GENERAL,1.0
MA7017,VAT LIEU GOM THUY TINH,MA,,2,45,30,0,0,0,15,0,LECTURE,,GENERAL,1.0
MA7019,VAT LIEU XI MANG NANG CA,MA,,2,45,30,0,0,0,15,0,LECTURE,,GENERAL,1.0
MA7021,VAT LIEU KHOANG THAY THE,MA,,2,45,30,0,0,0,15,0,LECTURE,,GENERAL,1.0
MA7023,KIM LOAI HOC NANG CAO,MA,,3,60,45,0,0,0,15,0,LECTURE,,GENERAL,1.0
MA7025,CONG NGHE KIM LOAI BOT V,MA,,3,60,45,0,0,0,15,0,LECTURE,,GENERAL,1.0
MA7027,CO SO LY THUYET QUA TRIN,MA,,3,60,45,0,0,0,15,0,LECTURE,,GENERAL,1.0
MA7029,LY THUYET QUA TRINH LUYE,MA,,3,60,45,0,0,0,15,0,LECTURE,,GENERAL,1.0
MA7031,VAT LIEU NANO KIM LOAI V,MA,,3,60,45,0,0,0,15,0,LECTURE,,GENERAL,1.0
MA7033,TONG HOP VA BIEN TINH PO,MA,,2,45,30,0,0,0,15,0,LECTURE,,GENERAL,1.0
MA7035,POLYME CO TINH NANG DAC,MA,,2,45,30,0,0,0,15,0,LECTURE,,GENERAL,1.0
MA7037,PHAN TICH VAT LIEU POLYM,MA,,2,45,30,0,0,0,15,0,LECTURE,,GENERAL,1.0
MA7039,VAT LIEU Y SINH,MA,,3,60,45,0,0,0,15,0,LECTURE,,GENERAL,1.0
MA7041,CO SO LY THUYET KET KHOI,MA,,3,60,45,0,0,0,15,0,LECTURE,,GENERAL,1.0
MA7043,CONG NGHE GOM THUY TINH,MA,,2,45,30,0,0,0,15,0,LECTURE,,GENERAL,1.0
MA7045,CONG NGHE VAT LIEU CACH,MA,,2,45,30,0,0,0,15,0,LECTURE,,GENERAL,1.0
MA7047,VAT LIEU COMPOSITE NANG,MA,,2,45,30,0,0,0,15,0,LECTURE,,GENERAL,1.0
MA7049,VAT LIEU NANO VA NANOCOM,MA,,2,45,30,0,0,0,15,0,LECTURE,,GENERAL,1.0
MA7051,VAT LIEU POLYME Y SINH,MA,,2,45,30,0,0,0,15,0,LECTURE,,GENERAL,1.0
MA7053,CO SO MO PHONG VAT LIEU,MA,,3,60,30,0,15,0,15,0,LECTURE,,GENERAL,1.0
MA7055,HOA HOC NANO,MA,,3,60,45,0,0,0,15,0,LECTURE,,GENERAL,1.0
MA7057,VAT LIEU MOI TRUONG,MA,,2,45,30,0,0,0,15,0,LECTURE,,GENERAL,1.0
MA7059,KHOA HOC VA CONG NGHE VA,MA,,3,66,33,6,0,0,27,0,LECTURE,,GENERAL,1.0
MA7061,PHUONG PHAP PHAN TICH &,MA,,3,675,30,0,15,0,225,0,LECTURE,,GENERAL,1.0
MA7063,HOA HOC NANO,MA,,3,69,30,12,0,0,27,0,LECTURE,,GENERAL,1.0
MA7065,PHAN TICH VAT LIEU BANG,MA,,3,57,39,0,0,0,18,0,LECTURE,,GENERAL,1.0
MA7067,CONG NGHE NHIET LUYEN TI,MA,,3,57,39,0,0,0,18,0,LECTURE,,GENERAL,1.0
MA7069,CONG NGHE VA UNG DUNG LU,MA,,3,57,39,0,0,0,18,0,LECTURE,,GENERAL,1.0
MA7071,LUA CHON VAT LIEU TRONG,MA,,4,72,54,0,0,0,18,0,LECTURE,,GENERAL,1.0
MA7073,VAT LIEU COMPOSITE TIEN,MA,,3,57,39,0,0,0,18,0,LECTURE,,GENERAL,1.0
MA7075,VAT LIEU CO CAU TRUC NAN,MA,,3,57,39,0,0,0,18,0,LECTURE,,GENERAL,1.0
MA7077,"CAU TRUC, TINH CHAT VA U",MA,,3,75,30,0,0,0,45,0,LECTURE,,GENERAL,1.0
MA7079,PHAN TICH TINH CHAT CO N,MA,,3,675,30,15,0,0,225,0,LECTURE,,GENERAL,1.0
MA7081,VAT LIEU XOP TIEN TIEN,MA,,3,69,30,12,0,0,27,0,LECTURE,,GENERAL,1.0
MA7083,VAT LIEU POLYME COMPOSIT,MA,,3,69,30,12,0,0,27,0,LECTURE,,GENERAL,1.0
MA7085,KY THUAT PHAN TICH CAU T,MA,,3,675,30,0,15,0,225,0,LECTURE,,GENERAL,1.0
MA7087,QUA TRINH CERAMIC,MA,,3,675,30,0,15,0,225,0,LECTURE,,GENERAL,1.0
MA7089,VAT LIEU SINH HOC,MA,,3,675,30,15,0,0,225,0,LECTURE,,GENERAL,1.0
MA7091,HOA HOC XI-MANG BE-TONG,MA,,4,80,45,0,20,0,15,0,LECTURE,,GENERAL,1.0
MA7093,VAT LIEU GEOPOLYMER,MA,,3,675,30,0,15,0,225,0,LECTURE,,GENERAL,1.0
MA7095,POLYME DAN DIEN UNG DUNG,MA,,3,69,30,12,0,0,27,0,LECTURE,,GENERAL,1.0
MA7097,VAT LIEU VA MO PHONG SO,MA,,3,69,30,12,0,0,27,0,LECTURE,,GENERAL,1.0
MA7099,CONG NGHE CHE TAO CAC HE,MA,,4,75,45,30,0,0,0,0,LECTURE,,GENERAL,1.0
MA7101,POLYME PHAN HUY SINH HOC,MA,,3,675,30,15,0,0,225,0,LECTURE,,GENERAL,1.0
MA7103,THIET BI VA HE THONG DIE,MA,,3,675,30,0,15,0,225,0,LECTURE,,GENERAL,1.0
MA7105,CAC NGUON NANG LUONG BEN,MA,,3,69,30,12,0,0,27,0,LECTURE,,GENERAL,1.0
MA7107,CONG NGHE BAN DAN,MA,,3,69,30,12,0,0,27,0,LECTURE,,GENERAL,1.0
MA7109,HON HOP POLYMER,MA,,3,66,33,6,0,0,27,0,LECTURE,,GENERAL,1.0
ME0001,BO TUC K/THUC KHOI CKCT,ME,,4,60,60,0,0,0,0,0,LECTURE,,GENERAL,1.0
ME1001,NHAP MON VE KY THUAT,ME,,3,150,30,0,0,0,45,0,LECTURE,,GENERAL,1.0
ME1003,CO KHI DAI CUONG,ME,,3,150,30,0,20,0,15,0,LECTURE,ME1004,GENERAL,1.0
ME1004,CO KHI DAI CUONG (TN),ME,,0,20,0,0,20,0,0,0,LAB,,GENERAL,1.0
ME1005,THUCTAP COKHI DAI CUONG1,ME,,1,50,0,0,30,0,0,0,LAB,,GENERAL,1.0
ME1007,CO SO CONG NGHE DET MAY,ME,,3,60,30,30,0,0,0,0,LECTURE,,GENERAL,1.0
ME1009,Quản lý Sản xuất,ME,,3,150,30,0,20,0,15,0,LECTURE,ME1010,GENERAL,1.0
ME1010,QUAN LY SAN XUAT (TN),ME,,0,20,0,0,20,0,0,0,LAB,,GENERAL,1.0
ME1013,THUCTAP COKHI DAICUONG 1,ME,,2,100,0,0,60,0,0,0,LAB,,GENERAL,1.0
ME1015,NGUYEN LY MAY,ME,,4,200,45,24,0,0,9,0,LECTURE,ME1016,GENERAL,1.0
ME1016,NGUYEN LY MAY(THL),ME,,0,24,0,24,0,0,0,0,PRACTICAL,,GENERAL,1.0
ME1017,MT&PT BEN VUNG TRG D/MAY,ME,,3,150,30,0,0,0,45,0,LECTURE,,GENERAL,1.0
ME1018,MT&PT BEN VUNG TRG DM(TH,ME,,0,12,0,12,0,0,0,0,PRACTICAL,,GENERAL,1.0
ME1019,QUAN LY NANG SUAT VA CHA,ME,,3,150,30,24,0,0,9,0,LECTURE,ME1020,GENERAL,1.0
ME1020,QUAN LY NANG SUAT&CHA(BT,ME,,0,20,0,24,0,0,0,0,PRACTICAL,,GENERAL,1.0
ME1021,VAT LY DIEN TU,ME,,4,200,45,24,0,0,9,0,LECTURE,ME1022,GENERAL,1.0
ME1022,VAT LY DIEN TU(THL),ME,,0,24,0,24,0,0,0,0,PRACTICAL,,GENERAL,1.0
ME2001,THUC TAP COKHI DAICUONG2,ME,,1,30,0,0,30,0,0,0,LAB,,GENERAL,1.0
ME2003,NGUYEN LY MAY,ME,,3,150,30,12,0,0,27,0,LECTURE,ME2004,GENERAL,1.0
ME2004,NGUYEN LY MAY (THL),ME,,0,12,0,12,0,0,0,0,PRACTICAL,,GENERAL,1.0
ME2005,TRANGBI DIEN-DTU TRG MCN,ME,,4,200,45,0,20,0,15,0,LECTURE,ME2006,GENERAL,1.0
ME2006,TRBI DIEN-DTU TRGMCN (TN,ME,,0,20,0,0,20,0,0,0,LAB,,GENERAL,1.0
ME2007,CHI TIET MAY,ME,,3,150,30,24,0,0,9,0,LECTURE,ME2008,GENERAL,1.0
ME2008,CHI TIET MAY (THL),ME,,0,24,0,24,0,0,0,0,PRACTICAL,,GENERAL,1.0
ME2009,KYTHUAT DIEUKHIEN TUDONG,ME,,3,150,30,0,20,0,15,0,LECTURE,ME2010,GENERAL,1.0
ME2010,KYTHUAT DKHIEN TUDONG(TN,ME,,0,20,0,0,20,0,0,0,LAB,,GENERAL,1.0
ME2013,NHIETDONGLUCHOC&TR/NHIET,ME,,3,150,30,0,20,0,15,0,LECTURE,ME2014,GENERAL,1.0
ME2014,NHIET DL HOC&TR/NHIET(TN,ME,,0,20,0,0,20,0,0,0,LAB,,GENERAL,1.0
ME2015,VAT LIEU HOC VA XU LY,ME,,3,150,30,0,20,0,15,0,LECTURE,ME2016,GENERAL,1.0
ME2016,VAT LIEU HOC & XU LY (TN,ME,,0,20,0,0,20,0,0,0,LAB,,GENERAL,1.0
ME2019,MOI TRUONG VA CON NGUOI,ME,,3,150,30,0,20,0,15,0,LECTURE,ME2020,GENERAL,1.0
ME2020,MOI TRUONG&CON NGUOI(TN),ME,,0,20,0,0,20,0,0,0,LAB,,GENERAL,1.0
ME2021,VE CO KHI,ME,,3,60,30,0,30,0,0,0,LECTURE,ME2022,GENERAL,1.0
ME2022,VE CO KHI (TH),ME,,0,30,0,0,30,0,0,0,LAB,,GENERAL,1.0
ME2023,THUC TAP KY THUAT CHETAO,ME,,1,30,0,0,30,0,0,0,LAB,,GENERAL,1.0
ME2025,THUC TAP KY THUAT(CN -TK,ME,,1,50,0,0,30,0,0,0,LAB,,GENERAL,1.0
ME2029,THUC TAP KY THUAT (NHIET,ME,,1,30,0,0,30,0,0,0,LAB,,GENERAL,1.0
ME2033,THUC TAP KY THUAT (MAY),ME,,3,150,0,0,90,0,0,0,LAB,,GENERAL,1.0
ME2039,"BOM, QUAT, MAY NEN",ME,,2,100,24,0,12,0,0,0,LECTURE,ME2040,GENERAL,1.0
ME2040,"BOM, QUAT, MAY NEN (TN)",ME,,0,12,0,0,12,0,0,0,LAB,,GENERAL,1.0
ME2041,NHIET DONG & TRUYENNHIET,ME,,4,90,30,30,30,0,0,0,LECTURE,ME2042,GENERAL,1.0
ME2042,NHIETDONG&TRUYENNHIET(TN,ME,,0,60,0,0,30,0,0,0,LAB,,GENERAL,1.0
ME2043,CO HOC MAY,ME,,4,78,45,24,0,0,9,0,LECTURE,ME2044,GENERAL,1.0
ME2044,CO HOC MAY(THL),ME,,0,24,0,24,0,0,0,0,PRACTICAL,,GENERAL,1.0
ME2045,Kinh tế Kỹ thuật,ME,,3,150,30,0,0,0,45,0,LECTURE,,GENERAL,1.0
ME2046,KINH TE KY THUAT(THL),ME,,0,12,0,12,0,0,0,0,PRACTICAL,,GENERAL,1.0
ME2047,QUAN LY SAN XUAT,ME,,3,150,30,0,15,0,23,0,LECTURE,ME2048,GENERAL,1.0
ME2048,QUAN LY SAN XUAT (TN),ME,,0,15,0,0,15,0,0,0,LAB,,GENERAL,1.0
ME2049,?ng dụng Máy tính trong,ME,,3,150,30,0,15,0,23,0,LECTURE,ME2050,GENERAL,1.0
ME2050,UD MAY TINH TRG CN (TN),ME,,0,15,0,0,15,0,0,0,LAB,,GENERAL,1.0
ME2051,Vận trù học,ME,,3,150,30,10,0,0,30,0,LECTURE,ME2052,GENERAL,1.0
ME2052,VAN TRU HOC(THL),ME,,0,10,0,10,0,0,0,0,PRACTICAL,,GENERAL,1.0
ME2053,T/KE COGVIEC &DLG LAODOG,ME,,3,675,30,0,15,0,225,0,LECTURE,ME2054,GENERAL,1.0
ME2054,TK CVIEC& DO LUONG LD(TN,ME,,0,15,0,0,15,0,0,0,LAB,,GENERAL,1.0
ME2055,THONGKE TRONG CONGNGHIEP,ME,,3,60,30,18,12,0,0,0,LECTURE,ME2056,GENERAL,1.0
ME2056,THONG KE TRONG CN (TN),ME,,0,30,0,0,12,0,0,0,LAB,,GENERAL,1.0
ME2057,TIN HOC TRONG DET MAY,ME,,2,42,24,0,0,0,18,0,LECTURE,,GENERAL,1.0
ME2059,POLYMER DET,ME,,3,150,30,0,0,0,45,0,LECTURE,,GENERAL,1.0
ME2061,CONG NGHE SOI 1,ME,,3,150,30,24,0,0,9,0,LECTURE,ME2062,GENERAL,1.0
ME2062,CONG NGHE SOI 1(THL),ME,,0,24,0,24,0,0,0,0,PRACTICAL,,GENERAL,1.0
ME2063,KHOA HOC VAT LIEU DET,ME,,4,75,45,0,30,0,0,0,LECTURE,ME2064,GENERAL,1.0
ME2064,KHOA HOC VATLIEU DET(TN),ME,,0,30,0,0,30,0,0,0,LAB,,GENERAL,1.0
ME2065,CONG NGHE MAY 1,ME,,3,150,30,0,0,0,45,0,LECTURE,,GENERAL,1.0
ME2067,NG/LY THIET KE THOITRANG,ME,,4,90,30,30,30,0,0,0,LECTURE,ME2068,GENERAL,1.0
ME2068,NG/LY TK THOITRANG (TN),ME,,0,60,0,0,30,0,0,0,LAB,,GENERAL,1.0
ME2071,CAC QUA TRINH CHE TAO,ME,,3,150,30,0,20,0,15,0,LECTURE,ME2072,GENERAL,1.0
ME2072,CAC QUA TRINH CHE TAO(TN,ME,,0,20,0,0,20,0,0,0,LAB,,GENERAL,1.0
ME2073,AN TOAN VS L/DONG DETMAY,ME,,3,60,30,30,0,0,0,0,LECTURE,,GENERAL,1.0
ME2077,CO HOC MAY,ME,,3,63,30,24,0,0,9,0,LECTURE,ME2078,GENERAL,1.0
ME2078,CO HOC MAY (THL),ME,,0,24,0,24,0,0,0,0,PRACTICAL,,GENERAL,1.0
ME2079,TRNHIET &TB TRAODOINHIET,ME,,2,42,24,0,0,0,18,0,LECTURE,,GENERAL,1.0
ME2083,HOA PHAN TICH DET,ME,,3,60,30,0,30,0,0,0,LECTURE,ME2084,GENERAL,1.0
ME2084,HOA PHAN TICH DET(TN),ME,,0,30,0,0,30,0,0,0,LAB,,GENERAL,1.0
ME2087,THUC TAP CO KHI D/CUONG2,ME,,2,100,0,0,60,0,0,0,LAB,,GENERAL,1.0
ME2089,VE KY THUAT CO KHI,ME,,4,200,30,30,30,0,0,0,LECTURE,ME2090,GENERAL,1.0
ME2089.P,VE KY THUAT CO KHI,ME,,4,200,30,30,30,0,0,0,PRACTICAL,ME2090,GENERAL,1.0
ME2090,"VE KY THUAT COKHI(THL,TN",ME,,0,30,0,0,30,0,0,0,LAB,,GENERAL,1.0
ME2091,PHUONG PHAP SO,ME,,3,150,30,12,0,0,27,0,LECTURE,ME2092,GENERAL,1.0
ME2092,PHUONG PHAP SO (THL),ME,,0,12,0,12,0,0,0,0,PRACTICAL,,GENERAL,1.0
ME2099,NHIET D/LUC HOC KY THUAT,ME,,3,150,30,0,20,0,15,0,LECTURE,ME2100,GENERAL,1.0
ME2100,NH/D/LUC HOC KY THUAT(TN,ME,,0,20,0,0,20,0,0,0,LAB,,GENERAL,1.0
ME2101,CO HOC MAY,ME,,3,150,30,24,0,0,9,0,LECTURE,ME2102,GENERAL,1.0
ME2102,CO HOC MAY(THL),ME,,0,24,0,24,0,0,0,0,PRACTICAL,,GENERAL,1.0
ME2103,KHOA HOC VAT LIEU DET,ME,,3,150,30,12,0,0,27,0,LECTURE,ME2104,GENERAL,1.0
ME2104,KHOA HOC VAT LIEU DET(TH,ME,,0,12,0,12,0,0,0,0,PRACTICAL,,GENERAL,1.0
ME2105,CONG NGHE MAY 2,ME,,3,150,30,0,0,0,45,0,LECTURE,,GENERAL,1.0
ME2107,TN K/TRA PT VAT LIEU DET,ME,,2,100,0,0,60,0,0,0,LAB,,GENERAL,1.0
ME2109,MY THUAT TRANG PHUC,ME,,3,150,30,0,0,0,45,0,LECTURE,,GENERAL,1.0
ME2111,T/KE CONG VIEC & NT HOC,ME,,3,150,30,0,20,0,15,0,LECTURE,ME2112,GENERAL,1.0
ME2112,T/KE CONG VIEC & NT(TN),ME,,0,20,0,0,20,0,0,0,LAB,,GENERAL,1.0
ME2113,Quản lý Thu mua,ME,,3,150,30,0,0,0,45,0,LECTURE,,GENERAL,1.0
ME2114,QUAN LY THU MUA(THL),ME,,0,12,0,12,0,0,0,0,PRACTICAL,,GENERAL,1.0
ME2117,THI NGHIEM CO HOC MAY,ME,,1,50,0,0,30,0,0,0,LAB,,GENERAL,1.0
ME2119,THUC TAP CONG NHAN,ME,,2,100,0,0,60,0,0,0,LAB,,GENERAL,1.0
ME2121,"BOM, QUAT, MAY NEN",ME,,3,150,30,0,20,0,15,0,LECTURE,ME2122,GENERAL,1.0
ME2122,"BOM, QUAT, MAY NEN (TN)",ME,,0,20,0,0,20,0,0,0,LAB,,GENERAL,1.0
ME2123,Kỹ thuật Hệ thống,ME,,3,150,30,0,0,0,45,0,LECTURE,,GENERAL,1.0
ME2124,KY THUAT HE THONG(THL),ME,,0,12,0,12,0,0,0,0,PRACTICAL,,GENERAL,1.0
ME2125,QUAN LY LOGISTICS,ME,,3,150,30,0,0,0,45,0,LECTURE,,GENERAL,1.0
ME2127,CONG NGHE DET THOI,ME,,3,150,30,12,0,0,27,0,LECTURE,,GENERAL,1.0
ME2129,CO SO THIET KE MAY,ME,,3,150,30,24,0,0,9,0,LECTURE,ME2130,GENERAL,1.0
ME2130,C/S THIET KE MAY (THL),ME,,0,24,0,24,0,0,0,0,PRACTICAL,,GENERAL,1.0
ME2131,VL CO KHI & CN KIM LOAI,ME,,3,150,30,0,20,0,15,0,LECTURE,ME2132,GENERAL,1.0
ME2132,VL CO KHI & CN K/LOAI(TN,ME,,0,20,0,0,20,0,0,0,LAB,,GENERAL,1.0
ME2133,TIEP THI,ME,,3,150,30,0,0,0,45,0,LECTURE,,GENERAL,1.0
ME2137,T/H TD HOA THIET KE (CA,ME,,1,50,0,0,30,0,0,0,LAB,,GENERAL,1.0
ME2139,Thiết kế mặt bằng,ME,,3,150,30,0,20,0,15,0,LECTURE,ME2140,GENERAL,1.0
ME2140,THIET KE MAT BANG (TN),ME,,0,20,0,0,20,0,0,0,LAB,,GENERAL,1.0
ME2141,Kỹ thuật dự báo,ME,,3,150,30,0,0,0,45,0,LECTURE,,GENERAL,1.0
ME2142,KY THUAT DU BAO(THL),ME,,0,12,0,12,0,0,0,0,PRACTICAL,,GENERAL,1.0
ME2147,Thực hành mô hình hóa và,ME,,2,100,0,0,60,0,0,0,LAB,,GENERAL,1.0
ME2149,Kỹ thuật mô hình hóa và,ME,,3,150,30,0,0,0,45,0,LECTURE,,GENERAL,1.0
ME2150,KT MO HINH HOA &MP (TN),ME,,0,20,0,0,20,0,0,0,LAB,,GENERAL,1.0
ME2151,Quản lý chuỗi cung ứng,ME,,3,150,30,0,0,0,45,0,LECTURE,,GENERAL,1.0
ME2153,THUC HANH QUAN LY DU AN,ME,,2,100,0,0,60,0,0,0,LAB,,GENERAL,1.0
ME2157,Kiểm soát và quản lý chấ,ME,,3,150,30,0,10,0,30,0,LECTURE,ME2158,GENERAL,1.0
ME2158,K/SOAT QLY CHATLUONG(TN),ME,,0,15,0,0,15,0,0,0,LAB,,GENERAL,1.0
ME2159,KY THUAT LANH,ME,,3,150,30,0,20,0,15,0,LECTURE,ME2160,GENERAL,1.0
ME2160,KY THUAT LANH (TN),ME,,0,15,0,0,15,0,0,0,LAB,,GENERAL,1.0
ME2161,TRUYEN NHIET &TBTD NHIET,ME,,3,150,30,0,20,0,15,0,LECTURE,ME2162,GENERAL,1.0
ME2162,TR/NHIET &TBTD NHIET (TN,ME,,0,15,0,0,15,0,0,0,LAB,,GENERAL,1.0
ME2163,CONG NGHE DET NHUOM,ME,,3,150,30,0,0,0,45,0,LECTURE,,GENERAL,1.0
ME2167,CAD-CAM TRONG DET MAY,ME,,3,150,30,0,20,0,15,0,LECTURE,ME2168,GENERAL,1.0
ME2168,CAD-CAM TRG DET MAY (TN),ME,,0,20,0,0,20,0,0,0,LAB,,GENERAL,1.0
ME2169,KD &DANH GIA CL TRONG DM,ME,,3,150,30,0,0,0,45,0,LECTURE,,GENERAL,1.0
ME2171,CONG NGHE MAY MAC,ME,,3,150,30,0,0,0,45,0,LECTURE,,GENERAL,1.0
ME2173,CAC CN 4.0 TRONG QLNS&CL,ME,,3,150,30,0,0,0,45,0,LECTURE,,GENERAL,1.0
ME2175,KINH DOANH THOI TRANG,ME,,3,150,30,0,0,0,45,0,LECTURE,,GENERAL,1.0
ME2177,Thiết kế công việc và Er,ME,,3,150,30,0,15,0,23,0,LECTURE,ME2178,GENERAL,1.0
ME2178,T/KE CONG VIEC VA ER (BT,ME,,0,0,0,0,15,0,0,0,LAB,,GENERAL,1.0
ME2179,HE TRUYEN DONG DIEN,ME,,3,150,30,0,20,0,15,0,LECTURE,ME2180,GENERAL,1.0
ME2180,HE TRUYEN DONG DIEN(TN),ME,,0,20,0,0,20,0,0,0,LAB,,GENERAL,1.0
ME2181,Quản lý Dự án trong Công,ME,,3,150,30,0,15,0,23,0,LECTURE,ME2182,GENERAL,1.0
ME2182,QUAN LY DU AN TRONG CONG,ME,,0,15,0,0,15,0,0,0,LAB,,GENERAL,1.0
ME2319,Kỹ thuật và Quản lý Logi,ME,,3,150,30,0,0,0,45,0,LECTURE,,GENERAL,1.0
ME2321,Thực hành ứng dụng các p,ME,,2,100,0,0,60,0,0,0,LAB,,GENERAL,1.0
ME3001,K/THUAT THUY LUC &KHINEN,ME,,3,150,30,0,20,0,15,0,LECTURE,ME3002,GENERAL,1.0
ME3002,K/THUAT THUY LUC (TN),ME,,0,20,0,0,20,0,0,0,LAB,,GENERAL,1.0
ME3003,DUNG SAI VA KY THUAT DO,ME,,3,150,30,0,20,0,15,0,LECTURE,ME3004,GENERAL,1.0
ME3004,DUNG SAI VA K/TH DO (TN),ME,,0,20,0,0,20,0,0,0,LAB,,GENERAL,1.0
ME3005,THIETKE HETHONG CODIENTU,ME,,3,150,30,24,0,0,9,0,LECTURE,ME3006,GENERAL,1.0
ME3006,T/KEHETHONG CODIENTU(TN),ME,,0,24,0,24,0,0,0,0,PRACTICAL,,GENERAL,1.0
ME3007,VI DIEU KHIEN,ME,,3,150,30,0,20,0,15,0,LECTURE,ME3008,GENERAL,1.0
ME3008,VI DIEU KHIEN (TN),ME,,0,20,0,0,20,0,0,0,LAB,,GENERAL,1.0
ME3009,CAC QUA TRINH CHE TAO,ME,,3,150,30,0,20,0,15,0,LECTURE,ME3010,GENERAL,1.0
ME3010,CAC QTRINH CHE TAO (TN),ME,,0,20,0,0,20,0,0,0,LAB,,GENERAL,1.0
ME3011,DONG LUC HOC &DIEU KHIEN,ME,,3,150,30,24,0,0,9,0,LECTURE,ME3012,GENERAL,1.0
ME3012,DONG LUC HOC &D/KHIEN(TH,ME,,0,24,0,24,0,0,0,0,PRACTICAL,,GENERAL,1.0
ME3013,HE THONG PLC,ME,,3,150,30,0,20,0,15,0,LECTURE,ME3014,GENERAL,1.0
ME3014,HE THONG PLC (TN),ME,,0,20,0,0,20,0,0,0,LAB,,GENERAL,1.0
ME3015,KY THUAT ROBOT,ME,,3,150,30,0,20,0,15,0,LECTURE,ME3016,GENERAL,1.0
ME3016,KY THUAT ROBOT(TN),ME,,0,20,0,0,20,0,0,0,LAB,,GENERAL,1.0
ME3021,KY THUAT NANG VAN CHUYEN,ME,,3,150,30,12,0,0,27,0,LECTURE,ME3022,GENERAL,1.0
ME3022,KT NANG VAN CHUYEN (TN),ME,,0,20,0,0,20,0,0,0,LAB,,GENERAL,1.0
ME3023,KY THUAT RUNG & UD TMXD,ME,,3,150,30,12,0,0,27,0,LECTURE,ME3024,GENERAL,1.0
ME3024,KT RUNG & UD TMXD (TN),ME,,0,15,0,0,15,0,0,0,LAB,,GENERAL,1.0
ME3025,PHUONG PHAP PHAN TU HH,ME,,3,69,30,12,0,0,27,0,LECTURE,ME3026,GENERAL,1.0
ME3026,P/PHAP PHAN TU HH (THL),ME,,0,12,0,12,0,0,0,0,PRACTICAL,,GENERAL,1.0
ME3027,MO HINH HOA HINH HOC &MP,ME,,3,150,30,0,30,0,0,0,LECTURE,ME3028,GENERAL,1.0
ME3028,MO HINH HOA HINH HOC(TN),ME,,0,30,0,0,30,0,0,0,LAB,,GENERAL,1.0
ME3031,KY THUAT CHE TAO 1,ME,,3,150,30,0,20,0,15,0,LECTURE,ME3032,GENERAL,1.0
ME3032,KY THUAT CHE TAO 1 (TN),ME,,0,20,0,0,20,0,0,0,LAB,,GENERAL,1.0
ME3033,KY THUAT CHE TAO 2,ME,,3,150,30,0,20,0,15,0,LECTURE,ME3034,GENERAL,1.0
ME3034,KY THUAT CHE TAO 2(TN),ME,,0,20,0,0,20,0,0,0,LAB,,GENERAL,1.0
ME3035,KY THUAT LANH,ME,,3,150,30,0,20,0,15,0,LECTURE,ME3036,GENERAL,1.0
ME3036,KY THUAT LANH (TN),ME,,0,20,0,0,20,0,0,0,LAB,,GENERAL,1.0
ME3037,DIEU HOA KHONG KHI,ME,,2,36,24,0,12,0,0,0,LECTURE,ME3038,GENERAL,1.0
ME3038,DIEU HOA KHONG KHI (TN),ME,,0,12,0,0,12,0,0,0,LAB,,GENERAL,1.0
ME3041,KY THUAT SAY,ME,,2,100,24,0,0,0,18,0,LECTURE,,GENERAL,1.0
ME3043,LO HOI VA THIET BI DOT,ME,,3,150,30,0,15,0,23,0,LECTURE,ME3044,GENERAL,1.0
ME3044,LO HOI VA THIETBI DOT(TN,ME,,0,15,0,0,15,0,0,0,LAB,,GENERAL,1.0
ME3045,NANG LUONG TAI TAO,ME,,2,42,24,0,0,0,18,0,LECTURE,,GENERAL,1.0
ME3047,CONG NGHE KHONG DET,ME,,3,150,30,0,0,0,45,0,LECTURE,,GENERAL,1.0
ME3051,CONG NGHE DET THOI,ME,,3,150,30,14,0,0,24,0,LECTURE,ME3052,GENERAL,1.0
ME3052,CONG NGHE DET THOI(BT),ME,,0,14,0,14,0,0,0,0,PRACTICAL,,GENERAL,1.0
ME3053,CONG NGHE NHUOM,ME,,3,60,30,0,30,0,0,0,LECTURE,ME3054,GENERAL,1.0
ME3054,CONG NGHE NHUOM (TN),ME,,0,30,0,0,30,0,0,0,LAB,,GENERAL,1.0
ME3055,CONG NGHE SOI 2,ME,,4,200,45,0,0,0,45,0,LECTURE,,GENERAL,1.0
ME3057,CONG NGHE TIEN XU LY,ME,,3,75,30,0,0,0,45,0,LECTURE,,GENERAL,1.0
ME3061,HOA HOC THUOC NHUOM,ME,,3,150,30,0,15,0,23,0,LECTURE,ME3062,GENERAL,1.0
ME3062,HOA HOC THUOC NHUOM (TN),ME,,0,15,0,0,15,0,0,0,LAB,,GENERAL,1.0
ME3063,CONG NGHE DET KIM,ME,,3,150,30,14,0,0,24,0,LECTURE,ME3064,GENERAL,1.0
ME3064,CONG NGHE DET KIM(THL),ME,,0,12,0,14,0,0,0,0,PRACTICAL,,GENERAL,1.0
ME3065,VATLIEU DET HIEUNANG CAO,ME,,3,150,30,0,0,0,45,0,LECTURE,,GENERAL,1.0
ME3067,C/NGHE NHUOM HOANTAT VAI,ME,,3,150,30,0,30,0,0,0,LECTURE,ME3068,GENERAL,1.0
ME3068,C/NGHE NHUOM HT VAI (TN),ME,,0,30,0,0,30,0,0,0,LAB,,GENERAL,1.0
ME3071,CONG NGHE SOI DET,ME,,4,78,45,24,0,0,9,0,LECTURE,,GENERAL,1.0
ME3073,THIET BI NHUOM - IN,ME,,3,75,30,0,0,0,45,0,LECTURE,,GENERAL,1.0
ME3075,KY THUAT IN HOA,ME,,3,60,30,0,30,0,0,0,LECTURE,ME3076,GENERAL,1.0
ME3076,KY THUAT IN HOA (TN),ME,,0,30,0,0,30,0,0,0,LAB,,GENERAL,1.0
ME3077,CAU TRUC VAI,ME,,3,63,30,24,0,0,9,0,LECTURE,ME3078,GENERAL,1.0
ME3078,CAU TRUC VAI(THL),ME,,0,24,0,24,0,0,0,0,PRACTICAL,,GENERAL,1.0
ME3081,THIET BI SOI DET,ME,,3,150,30,14,0,0,24,0,LECTURE,ME3082,GENERAL,1.0
ME3082,THIET BI SOI DET(THL),ME,,0,14,0,14,0,0,0,0,PRACTICAL,,GENERAL,1.0
ME3083,CONG NGHE MAY 2,ME,,5,120,45,30,0,0,45,0,LECTURE,ME3084,GENERAL,1.0
ME3084,CONG NGHE MAY 2(THL),ME,,0,30,0,30,0,0,0,0,PRACTICAL,,GENERAL,1.0
ME3085,THIET KE TRANG PHUC 1,ME,,5,120,45,30,0,0,45,0,LECTURE,ME3086,GENERAL,1.0
ME3086,THIET KE TRANG PHUC 1(TH,ME,,0,30,0,30,0,0,0,0,PRACTICAL,,GENERAL,1.0
ME3091,TAO MAU TREN MANOCANH,ME,,5,120,45,0,30,0,45,0,LECTURE,ME3092,GENERAL,1.0
ME3092,TAO MAU TREN MANOCA (TN),ME,,0,30,0,0,30,0,0,0,LAB,,GENERAL,1.0
ME3093,VE THOI TRANG,ME,,3,60,30,30,0,0,0,0,LECTURE,,GENERAL,1.0
ME3095,K/THUAT TR/TRI TRANGPHUC,ME,,3,150,30,0,30,0,0,0,LECTURE,ME3096,GENERAL,1.0
ME3096,K/THUAT TR/TRI TPHUC(TN),ME,,0,20,0,0,20,0,0,0,LAB,,GENERAL,1.0
ME3097,TT TH/KE & TT TRANG PHUC,ME,,3,90,0,0,90,0,0,0,LAB,,GENERAL,1.0
ME3101,DO LUONG VA DAM BAO CL,ME,,3,63,30,24,0,0,9,0,LECTURE,ME3102,GENERAL,1.0
ME3102,DO LUONG &DAM BAO CL(THL,ME,,0,24,0,24,0,0,0,0,PRACTICAL,,GENERAL,1.0
ME3105,THIET KE DO HOA,ME,,3,150,30,0,0,0,45,0,LECTURE,,GENERAL,1.0
ME3107,THAM MY HOC,ME,,3,75,30,0,0,0,45,0,LECTURE,,GENERAL,1.0
ME3113,MY THUAT TRANG PHUC,ME,,5,120,45,0,30,0,45,0,LECTURE,ME3114,GENERAL,1.0
ME3114,MY THUAT TRANG PHUC (TN),ME,,0,30,0,0,30,0,0,0,LAB,,GENERAL,1.0
ME3115,THIET KE TRANG PHUC 2,ME,,3,150,30,0,30,0,0,0,LECTURE,ME3116,GENERAL,1.0
ME3116,THIET KE TRANG PHUC 2(TN,ME,,0,30,0,0,30,0,0,0,LAB,,GENERAL,1.0
ME3117,THIET KE MAT BANG,ME,,3,150,30,0,20,0,15,0,LECTURE,ME3118,GENERAL,1.0
ME3118,THIET KE MAT BANG (TN),ME,,0,20,0,0,20,0,0,0,LAB,,GENERAL,1.0
ME3137,THIET KE TRANG PHUC 1,ME,,3,150,30,0,30,0,0,0,LECTURE,ME3138,GENERAL,1.0
ME3138,THIET KE TRANG PHUC 1(TH,ME,,0,30,0,0,30,0,0,0,LAB,,GENERAL,1.0
ME3141,T/H TD HOA THIET KE (CAD,ME,,1,50,0,0,30,0,0,0,LAB,,GENERAL,1.0
ME3143,THUC TAP KY THUAT CO KHI,ME,,2,100,0,0,60,0,0,0,LAB,,GENERAL,1.0
ME3147,TRUYEN NHIET &TBTD NHIET,ME,,3,150,30,0,20,0,15,0,LECTURE,ME3148,GENERAL,1.0
ME3148,TR/NHIET &TBTD NHIET (TN,ME,,0,20,0,0,20,0,0,0,LAB,,GENERAL,1.0
ME3149,THUC TAP NHIET DAI CUONG,ME,,2,100,0,0,60,0,0,0,LAB,,GENERAL,1.0
ME3153,KY THUAT DIEU HOA K/KHI,ME,,3,150,30,0,20,0,15,0,LECTURE,ME3154,GENERAL,1.0
ME3154,KY THUAT D/HOA K/KHI (TN,ME,,0,15,0,0,15,0,0,0,LAB,,GENERAL,1.0
ME3155,THUC TAP KY THUAT N/LANH,ME,,2,100,0,0,60,0,0,0,LAB,,GENERAL,1.0
ME3157,KY THUAT DU BAO,ME,,3,150,30,0,0,0,45,0,LECTURE,,GENERAL,1.0
ME3161,Quản lý Vật tư và Tồn Kh,ME,,3,150,30,0,0,0,45,0,LECTURE,ME3162,GENERAL,1.0
ME3162,Q/LY VAT TU & TON KHO(TH,ME,,0,12,0,10,0,0,0,0,PRACTICAL,,GENERAL,1.0
ME3163,THUC HANH MO HINHHOA &MP,ME,,2,100,0,0,60,0,0,0,LAB,,GENERAL,1.0
ME3165,QUAN LY CHUOI CUNG UNG,ME,,3,150,30,0,0,0,45,0,LECTURE,,GENERAL,1.0
ME3167,THUC HANH QUAN LY DU AN,ME,,2,100,0,0,60,0,0,0,LAB,,GENERAL,1.0
ME3171,CAU TRUC VAI,ME,,4,200,45,24,0,0,9,0,LECTURE,ME3172,GENERAL,1.0
ME3172,CAU TRUC VAI(THL),ME,,0,24,0,24,0,0,0,0,PRACTICAL,,GENERAL,1.0
ME3173,TIEP THI,ME,,3,150,30,0,0,0,45,0,LECTURE,,GENERAL,1.0
ME3175,THIET BI MAY,ME,,3,150,30,0,0,0,45,0,LECTURE,,GENERAL,1.0
ME3177,THUC TAP THIET KE DO HOA,ME,,1,50,0,0,30,0,0,0,LAB,,GENERAL,1.0
ME3179,HE THONG DIEU KHIEN T/M,ME,,3,63,30,24,0,0,9,0,LECTURE,,GENERAL,1.0
ME3180,H/T DIEU KHIEN T/M (THL),ME,,0,24,0,24,0,0,0,0,PRACTICAL,,GENERAL,1.0
ME3181,TRI TUE NHAN TAO UNGDUNG,ME,,3,150,30,24,0,0,9,0,LECTURE,ME3182,GENERAL,1.0
ME3182,TRI TUE NHAN TAO U/D(THL,ME,,0,24,0,24,0,0,0,0,PRACTICAL,,GENERAL,1.0
ME3183,INTERNET VAN VAT,ME,,3,63,30,24,0,0,9,0,LECTURE,,GENERAL,1.0
ME3184,INTERNET VAN VAT (THL),ME,,0,24,0,24,0,0,0,0,PRACTICAL,,GENERAL,1.0
ME3185,ROBOT PHONG SINH HOC,ME,,3,75,30,0,0,0,45,0,LECTURE,,GENERAL,1.0
ME3187,ROBOT DI DONG,ME,,3,150,30,12,0,0,27,0,LECTURE,,GENERAL,1.0
ME3189,"H/T THU THAP DL,GS &DK",ME,,3,63,30,24,0,0,9,0,LECTURE,,GENERAL,1.0
ME3190,"H/T T/THAP DL,GS &DK(THL",ME,,0,24,0,24,0,0,0,0,PRACTICAL,,GENERAL,1.0
ME3191,MAY DIEN &DAN DONG DIEN,ME,,3,63,30,24,0,0,9,0,LECTURE,ME3192,GENERAL,1.0
ME3192,MAY DIEN &D/D DIEN (THL),ME,,0,24,0,24,0,0,0,0,PRACTICAL,,GENERAL,1.0
ME3193,HE THONG NHUNG,ME,,3,63,30,24,0,0,9,0,LECTURE,,GENERAL,1.0
ME3194,HE THONG NHUNG (THL),ME,,0,24,0,24,0,0,0,0,PRACTICAL,,GENERAL,1.0
ME3195,U/D CAC HCTN TRG DET MAY,ME,,3,75,30,0,0,0,45,0,LECTURE,,GENERAL,1.0
ME3197,U/D C/N MOI TRG NGANHDET,ME,,3,75,30,0,0,0,45,0,LECTURE,,GENERAL,1.0
ME3201,KY THUAT CHE TAO 3,ME,,3,150,30,0,20,0,15,0,LECTURE,ME3202,GENERAL,1.0
ME3202,KY THUAT CHE TAO 3 (TN),ME,,0,20,0,0,20,0,0,0,LAB,,GENERAL,1.0
ME3203,CAC QT CHE TAO TIEN TIEN,ME,,3,65,30,0,20,0,15,0,LECTURE,ME3204,GENERAL,1.0
ME3204,CAC QT CHE TAO TTIEN(TN),ME,,0,20,0,0,20,0,0,0,LAB,,GENERAL,1.0
ME3205,MAY CONG CU,ME,,3,65,30,0,20,0,15,0,LECTURE,ME3206,GENERAL,1.0
ME3206,MAY CONG CU (TN),ME,,0,20,0,0,20,0,0,0,LAB,,GENERAL,1.0
ME3207,C/NGHE VLN & GC KHUONMAU,ME,,3,150,30,0,20,0,15,0,LECTURE,ME3208,GENERAL,1.0
ME3208,C/NGHE VLN & GC KM (TN),ME,,0,20,0,0,20,0,0,0,LAB,,GENERAL,1.0
ME3209,CONG NGHE BOI DAP V/LIEU,ME,,3,65,30,0,20,0,15,0,LECTURE,ME3210,GENERAL,1.0
ME3210,CONG NGHE BOI DAPVL (TN),ME,,0,20,0,0,20,0,0,0,LAB,,GENERAL,1.0
ME3211,KY THUAT DUC KIM LOAI,ME,,3,150,30,0,20,0,15,0,LECTURE,ME3212,GENERAL,1.0
ME3212,KY THUAT DUC KIM LOAI(TN,ME,,0,20,0,0,20,0,0,0,LAB,,GENERAL,1.0
ME3213,QUA TRINH THIETKE KTHUAT,ME,,3,150,30,12,0,0,27,0,LECTURE,ME3214,GENERAL,1.0
ME3214,Q/T THIETKE KTHUAT (THL),ME,,0,12,0,12,0,0,0,0,PRACTICAL,,GENERAL,1.0
ME3215,TOI UU HOA &QUY HOACH TN,ME,,3,150,30,12,0,0,27,0,LECTURE,ME3216,GENERAL,1.0
ME3216,TOI UU HOA &Q/H TN (THL),ME,,0,12,0,12,0,0,0,0,PRACTICAL,,GENERAL,1.0
ME3217,KY THUAT TAO DANG CN,ME,,3,60,30,0,30,0,0,0,LECTURE,ME3218,GENERAL,1.0
ME3218,KY THUAT TAO DANG CN(TN),ME,,0,30,0,0,30,0,0,0,LAB,,GENERAL,1.0
ME3219,DAO DONG KY THUAT,ME,,3,69,30,12,0,0,27,0,LECTURE,ME3220,GENERAL,1.0
ME3220,DAO DONG KY THUAT (THL),ME,,0,12,0,12,0,0,0,0,PRACTICAL,,GENERAL,1.0
ME3221,KY THUAT HE THONG,ME,,3,150,30,18,12,0,0,0,LECTURE,ME3222,GENERAL,1.0
ME3222,KY THUAT HE THONG (TN),ME,,0,30,0,0,12,0,0,0,LAB,,GENERAL,1.0
ME3223,Quản lý Dự án,ME,,3,150,30,0,15,0,23,0,LECTURE,ME3224,GENERAL,1.0
ME3224,QUAN LY DU AN(TN),ME,,0,15,0,0,15,0,0,0,LAB,,GENERAL,1.0
ME3225,Kiểm soát và Quản lý chấ,ME,,3,150,30,0,15,0,23,0,LECTURE,ME3226,GENERAL,1.0
ME3226,K/SOAT QLY CHATLUONG(TN),ME,,0,15,0,0,15,0,0,0,LAB,,GENERAL,1.0
ME3229,Kỹ thuật ra Quyết định,ME,,3,150,30,0,0,0,45,0,LECTURE,,GENERAL,1.0
ME3231,KY THUAT MHH & MO PHONG,ME,,3,150,30,0,0,0,45,0,LECTURE,,GENERAL,1.0
ME3233,QUAN LY LOGISTICS,ME,,3,150,30,0,0,0,45,0,LECTURE,,GENERAL,1.0
ME3234,QUAN LY LOGISTICS(BT),ME,,0,24,0,24,0,0,0,0,PRACTICAL,,GENERAL,1.0
ME3235,D/KHIEN TUDONG TRONGKTDK,ME,,2,42,24,0,0,0,18,0,LECTURE,,GENERAL,1.0
ME3237,HE THONG DIEU KHIEN SO,ME,,3,65,30,0,20,0,15,0,LECTURE,ME3238,GENERAL,1.0
ME3238,HE THONG D/KHIEN SO (TN),ME,,0,20,0,0,20,0,0,0,LAB,,GENERAL,1.0
ME3239,CONG NGHE CNC,ME,,3,150,30,0,20,0,15,0,LECTURE,ME3240,GENERAL,1.0
ME3240,CONG NGHE CNC (TN),ME,,0,20,0,0,20,0,0,0,LAB,,GENERAL,1.0
ME3241,KY THUAT BIEN DANG THKL,ME,,3,150,30,24,0,0,9,0,LECTURE,ME3242,GENERAL,1.0
ME3242,KY THUAT B/DANG THKL(TN),ME,,0,24,0,24,0,0,0,0,PRACTICAL,,GENERAL,1.0
ME3243,KY THUAT LAP RAP,ME,,3,65,30,0,20,0,15,0,LECTURE,ME3244,GENERAL,1.0
ME3244,KY THUAT LAP RAP (TN),ME,,0,20,0,0,20,0,0,0,LAB,,GENERAL,1.0
ME3245,THANG MAY,ME,,3,150,30,12,0,0,27,0,LECTURE,ME3246,GENERAL,1.0
ME3246,THANG MAY (TN),ME,,0,20,0,0,20,0,0,0,LAB,,GENERAL,1.0
ME3247,DONG LUC HOC MAY XD &NC,ME,,3,65,30,0,20,0,15,0,LECTURE,ME3248,GENERAL,1.0
ME3248,DONGLUC HOC MAY XD&NC(TN,ME,,0,20,0,0,20,0,0,0,LAB,,GENERAL,1.0
ME3249,UD T/HOC TRONG TKM XD&NC,ME,,3,65,30,0,20,0,15,0,LECTURE,ME3250,GENERAL,1.0
ME3250,UD T/HOC TRONG TKM (TN),ME,,0,20,0,0,20,0,0,0,LAB,,GENERAL,1.0
ME3251,MAY VAN CHUYEN LIEN TUC,ME,,3,150,30,12,0,0,27,0,LECTURE,ME3252,GENERAL,1.0
ME3252,MAY VAN CHUYEN L/TUC(TN),ME,,0,24,0,24,0,0,0,0,PRACTICAL,,GENERAL,1.0
ME3253,Hoạch định Mặt bằng,ME,,3,150,30,0,20,0,15,0,LECTURE,ME3254,GENERAL,1.0
ME3254,HOACH DINH MAT BANG (TN),ME,,0,20,0,0,20,0,0,0,LAB,,GENERAL,1.0
ME3257,Mô hình ra Quyết định tr,ME,,3,150,30,0,0,0,45,0,LECTURE,,GENERAL,1.0
ME3263,THIET BI NANG VAN CHUYEN,ME,,3,65,30,0,20,0,15,0,LECTURE,ME3264,GENERAL,1.0
ME3264,THIET BI NANG VC (TN),ME,,0,20,0,0,20,0,0,0,LAB,,GENERAL,1.0
ME3265,Q/L T/BI NANG VAN CHUYEN,ME,,3,75,30,0,0,0,45,0,LECTURE,,GENERAL,1.0
ME3281,VAT LIEU HOC VA XU LY,ME,,3,150,30,0,20,0,15,0,LECTURE,ME3282,GENERAL,1.0
ME3282,VAT LIEU HOC & XU LY (TN,ME,,0,20,0,0,20,0,0,0,LAB,,GENERAL,1.0
ME3283,CONG NGHE SOI 1,ME,,3,150,30,14,0,0,24,0,LECTURE,ME3284,GENERAL,1.0
ME3284,CONG NGHE SOI 1(THL),ME,,0,14,0,14,0,0,0,0,PRACTICAL,,GENERAL,1.0
ME3285,CONG NGHE MAY 2,ME,,3,150,30,0,0,0,45,0,LECTURE,,GENERAL,1.0
ME3286,CONG NGHE MAY 2(THL),ME,,0,24,0,24,0,0,0,0,PRACTICAL,,GENERAL,1.0
ME3287,THUC TAP KY THUAT (CDM),ME,,3,150,0,0,90,0,0,0,LAB,,GENERAL,1.0
ME3289,THIET KE CHUYEN,ME,,3,150,30,0,0,0,45,0,LECTURE,,GENERAL,1.0
ME3290,THIET KE CHUYEN(THL),ME,,0,24,0,24,0,0,0,0,PRACTICAL,,GENERAL,1.0
ME3291,MY THUAT TRANG PHUC,ME,,3,150,30,0,0,0,45,0,LECTURE,,GENERAL,1.0
ME3292,MY THUAT TRANG PHUC(THL),ME,,0,24,0,24,0,0,0,0,PRACTICAL,,GENERAL,1.0
ME3293,NHIETDONGLUCHOC&TR/NHIET,ME,,3,65,30,0,20,0,15,0,LECTURE,ME3294,GENERAL,1.0
ME3294,NHIET DL HOC&TR/NHIET(TN,ME,,0,20,0,0,20,0,0,0,LAB,,GENERAL,1.0
ME3295,UNG DUNG THONG KE TRG CN,ME,,3,75,30,0,0,0,45,0,LECTURE,,GENERAL,1.0
ME3297,?ng dụng Trí tuệ nhân tạ,ME,,3,150,30,0,0,0,45,0,LECTURE,,GENERAL,1.0
ME3299,Chuỗi cung ứng điện tử,ME,,3,150,30,0,0,0,45,0,LECTURE,,GENERAL,1.0
ME3323,PTDL VA HM TRONG HTCN,ME,,3,150,30,0,0,0,45,0,LECTURE,,GENERAL,1.0
ME3345,Thiết kế và vận hành nhà,ME,,3,150,30,0,0,0,45,0,LECTURE,,GENERAL,1.0
ME3351,KY THUAT THUY LUC VA KHI,ME,,4,200,45,0,20,0,15,0,LECTURE,,GENERAL,1.0
ME3353,THUC HANH KY THUAT CHE T,ME,,2,100,0,0,60,0,0,0,LAB,,GENERAL,1.0
ME3355,TU DONG HOA TRONG CO KHI,ME,,3,150,30,24,0,0,9,0,LECTURE,,GENERAL,1.0
ME3381,NHIET D/LUC HOC KY THUAT,ME,,3,75,30,0,0,0,45,0,LECTURE,,GENERAL,1.0
ME3801,DUNG SAI VA KY THUAT DO,ME,,2,36,24,0,12,0,0,0,LECTURE,ME3802,GENERAL,1.0
ME3802,DUNG/SAI&KY THUAT DO(TN),ME,,0,12,0,0,12,0,0,0,LAB,,GENERAL,1.0
ME3803,CONG NGHE IN NHUOM,ME,,3,60,30,0,30,0,0,0,LECTURE,,GENERAL,1.0
ME3804,CONG NGHE IN NHUOM (TN),ME,,0,30,0,0,30,0,0,0,LAB,,GENERAL,1.0
ME3805,MO PHONG HE THONG ROBOT,ME,,3,150,30,12,0,0,27,0,LECTURE,,GENERAL,1.0
ME4003,THIET KE HE THONG CO KHI,ME,,3,150,30,12,0,0,27,0,LECTURE,ME4004,GENERAL,1.0
ME4004,THIET KE HE THONG CK(THL,ME,,0,12,0,12,0,0,0,0,PRACTICAL,,GENERAL,1.0
ME4005,MAY SX VAT LIEU & CKXD,ME,,3,675,30,0,15,0,225,0,LECTURE,ME4006,GENERAL,1.0
ME4006,MAY SX VAT LIEU &CKXD(TN,ME,,0,15,0,0,15,0,0,0,LAB,,GENERAL,1.0
ME4007,CAD/CAM,ME,,3,150,30,0,20,0,15,0,LECTURE,ME4008,GENERAL,1.0
ME4008,CAD/CAM (TN),ME,,0,20,0,0,20,0,0,0,LAB,,GENERAL,1.0
ME4009,DONG LUC HOC CO HE,ME,,3,150,30,12,0,0,27,0,LECTURE,ME4010,GENERAL,1.0
ME4010,DONG LUC HOC CO HE (THL),ME,,0,12,0,12,0,0,0,0,PRACTICAL,,GENERAL,1.0
ME4011,MAY THI CONG CO GIOI,ME,,3,65,30,0,20,0,15,0,LECTURE,ME4012,GENERAL,1.0
ME4012,MAY THI CONG CO GIOI(TN),ME,,0,20,0,0,20,0,0,0,LAB,,GENERAL,1.0
ME4013,DO LUONG &TDH CAC QTNL,ME,,3,65,30,0,20,0,15,0,LECTURE,ME4014,GENERAL,1.0
ME4014,DO LUONG &TDHCACQTNL(TN),ME,,0,20,0,0,20,0,0,0,LAB,,GENERAL,1.0
ME4015,TRUNG TAM NHIET DIEN,ME,,3,150,30,0,20,0,15,0,LECTURE,ME4016,GENERAL,1.0
ME4016,TRUNG TAM NHIET DIEN(TN),ME,,0,20,0,0,20,0,0,0,LAB,,GENERAL,1.0
ME4017,THIET KE SP CONG NGHIEP,ME,,3,65,30,0,20,0,15,0,LECTURE,ME4018,GENERAL,1.0
ME4018,THIET KE SP CNGHIEP (TN),ME,,0,20,0,0,20,0,0,0,LAB,,GENERAL,1.0
ME4021,Vận tải Hàng hóa,ME,,3,150,30,0,0,0,45,0,LECTURE,,GENERAL,1.0
ME4023,Điều độ trong Chuỗi cung,ME,,3,150,30,0,0,0,45,0,LECTURE,,GENERAL,1.0
ME4024,DIEUDO TRONG CHUOI (TN),ME,,0,15,0,0,15,0,0,0,LAB,,GENERAL,1.0
ME4025,Quản lý Tồn kho trong Ch,ME,,3,150,30,0,0,0,45,0,LECTURE,,GENERAL,1.0
ME4026,QUAN LY TONKHO TRONG(THL,ME,,0,12,0,12,0,0,0,0,PRACTICAL,,GENERAL,1.0
ME4027,Q/LY VAT TU &TONKHO(HTCN,ME,,3,69,30,12,0,0,27,0,LECTURE,ME4028,GENERAL,1.0
ME4028,Q/L V/T &TONKHO(HTCN)(TH,ME,,0,12,0,12,0,0,0,0,PRACTICAL,,GENERAL,1.0
ME4031,Kỹ thuật Điều độ (KT Hệ,ME,,3,150,30,0,15,0,23,0,LECTURE,ME4032,GENERAL,1.0
ME4032,KY THUAT DIEUDO(HTCN)(TN,ME,,0,15,0,0,15,0,0,0,LAB,,GENERAL,1.0
ME4033,CONG NGHE HOAN TAT VAI,ME,,3,75,30,0,0,0,45,0,LECTURE,,GENERAL,1.0
ME4041,THIET BI MAY,ME,,3,75,30,0,0,0,45,0,LECTURE,,GENERAL,1.0
ME4043,KINH DOANH THOI TRANG,ME,,3,75,30,0,0,0,45,0,LECTURE,,GENERAL,1.0
ME4055,THIET KE PHUKIEN T/TRANG,ME,,4,105,30,0,30,0,45,0,LECTURE,ME4056,GENERAL,1.0
ME4056,THIET KE PHUKIEN TTR(TN),ME,,0,30,0,0,30,0,0,0,LAB,,GENERAL,1.0
ME4063,CONG NGHE 4.0 TRG LVCK,ME,,3,150,30,24,0,0,9,0,LECTURE,ME4064,GENERAL,1.0
ME4064,C/NGHE 4.0 TRG LVCK (TN),ME,,0,24,0,24,0,0,0,0,PRACTICAL,,GENERAL,1.0
ME4073,NANG LUONG TAI TAO,ME,,3,150,30,0,0,0,45,0,LECTURE,,GENERAL,1.0
ME4074,NANG LUONG TAI TAO(THL),ME,,0,12,0,12,0,0,0,0,PRACTICAL,,GENERAL,1.0
ME4075,THUC HANH TTMP TRONG NL,ME,,1,50,15,0,0,0,0,0,LECTURE,,GENERAL,1.0
ME4083,KY THUAT DO LUONG TRG NL,ME,,3,150,30,0,20,0,15,0,LECTURE,ME4084,GENERAL,1.0
ME4084,K/T DO LUONG TRG NL (TN),ME,,0,20,0,0,20,0,0,0,LAB,,GENERAL,1.0
ME4105,CAD-CAM TRONG DET MAY,ME,,3,150,30,0,20,0,15,0,LECTURE,ME4106,GENERAL,1.0
ME4106,CAD-CAM TRG DET MAY (TN),ME,,0,20,0,0,20,0,0,0,LAB,,GENERAL,1.0
ME4111,KD & DANH GIA CL HANG DM,ME,,3,150,30,0,0,0,45,0,LECTURE,,GENERAL,1.0
ME4115,CONG NGHE MAY MAC,ME,,3,150,30,0,0,0,45,0,LECTURE,,GENERAL,1.0
ME4123,THIET KE CHUYEN,ME,,3,150,30,0,0,0,45,0,LECTURE,,GENERAL,1.0
ME4124,THIET KE CHUYEN(THL),ME,,0,12,0,12,0,0,0,0,PRACTICAL,,GENERAL,1.0
ME4125,CONG NGHE DET NHUOM,ME,,3,150,30,0,0,0,45,0,LECTURE,,GENERAL,1.0
ME4127,THIETKE HETHONG CODIENTU,ME,,3,150,30,0,0,0,45,0,LECTURE,,GENERAL,1.0
ME4131,KY THUAT SAY,ME,,3,150,30,0,15,0,23,0,LECTURE,ME4132,GENERAL,1.0
ME4132,KY THUAT SAY (TN),ME,,0,15,0,0,15,0,0,0,LAB,,GENERAL,1.0
ME4133,HT PLC TRONG ROBOT &TDH,ME,,3,150,30,0,20,0,15,0,LECTURE,ME4134,GENERAL,1.0
ME4134,HT PLC TRG ROBOT &TDH(TN,ME,,0,20,0,0,20,0,0,0,LAB,,GENERAL,1.0
ME4135,THIET KE HE THONG ROBOT,ME,,3,150,30,24,0,0,9,0,LECTURE,ME4136,GENERAL,1.0
ME4136,T/KE HE THONG ROBOT (THL,ME,,0,24,0,24,0,0,0,0,PRACTICAL,,GENERAL,1.0
ME4137,DLH & DK CAC HT ROBOT,ME,,3,150,30,24,0,0,9,0,LECTURE,ME4138,GENERAL,1.0
ME4138,DLH &DK CAC HT ROBOT(THL,ME,,0,24,0,24,0,0,0,0,PRACTICAL,,GENERAL,1.0
ME4139,VI DIEU KHIEN,ME,,3,150,30,0,0,0,45,0,LECTURE,,GENERAL,1.0
ME4141,KY THUAT THONG GIO CN,ME,,3,150,30,0,0,0,45,0,LECTURE,,GENERAL,1.0
ME4201,NHAP MON THIGIAC MAYTINH,ME,,3,150,30,12,0,0,27,0,LECTURE,ME4202,GENERAL,1.0
ME4202,NHAP MON THIGIAC M/T(THL,ME,,0,12,0,12,0,0,0,0,PRACTICAL,,GENERAL,1.0
ME4203,NHAP MON DIEU KHIEN HD,ME,,3,150,30,24,0,0,9,0,LECTURE,ME4204,GENERAL,1.0
ME4204,NHAP MON D/K HD (THL),ME,,0,24,0,24,0,0,0,0,PRACTICAL,,GENERAL,1.0
ME4205,TU DONG HOA SAN XUAT,ME,,3,150,30,30,0,0,0,0,LECTURE,ME4206,GENERAL,1.0
ME4206,TU DONG HOA SAN XUAT(THL,ME,,0,30,0,30,0,0,0,0,PRACTICAL,,GENERAL,1.0
ME4207,HE THONG DIEU KHIEN MO,ME,,3,150,30,18,12,0,0,0,LECTURE,ME4208,GENERAL,1.0
ME4207.P,HE THONG DIEU KHIEN MO,ME,,3,150,30,18,12,0,0,0,PRACTICAL,ME4208,GENERAL,1.0
ME4208,"HE THONG D/K MO(THL,TN)",ME,,0,30,0,0,12,0,0,0,LAB,,GENERAL,1.0
ME4211,HE THONG THOI GIAN THUC,ME,,3,150,30,24,0,0,9,0,LECTURE,ME4212,GENERAL,1.0
ME4212,H/T THOI GIAN THUC (THL),ME,,0,24,0,24,0,0,0,0,PRACTICAL,,GENERAL,1.0
ME4215,NHAP MON DIEU KHIEN QTCN,ME,,3,150,30,24,0,0,9,0,LECTURE,ME4216,GENERAL,1.0
ME4216,NHAP MON D/K QTCN (THL),ME,,0,24,0,24,0,0,0,0,PRACTICAL,,GENERAL,1.0
ME4217,D/KHIEN CAC HETHONGSERVO,ME,,3,150,30,18,12,0,0,0,LECTURE,ME4218,GENERAL,1.0
ME4217.P,D/KHIEN CAC HETHONGSERVO,ME,,3,150,30,18,12,0,0,0,PRACTICAL,ME4218,GENERAL,1.0
ME4218,"D/K CAC HETHONG(THL,TN)",ME,,0,30,0,0,12,0,0,0,LAB,,GENERAL,1.0
ME4229,KY THUAT DIEU KHIEN TU D,ME,,3,60,30,15,15,0,0,0,LECTURE,,GENERAL,1.0
ME4231,VAT LIEU HOC VA XU LY,ME,,3,60,30,15,15,0,0,0,LECTURE,,GENERAL,1.0
ME4233,KY THUAT HE THONG,ME,,3,675,30,15,0,0,225,0,LECTURE,,GENERAL,1.0
ME4235,KINH TE KY THUAT,ME,,3,675,30,15,0,0,225,0,LECTURE,,GENERAL,1.0
ME4237,VAN TRU HOC,ME,,3,675,30,15,0,0,225,0,LECTURE,,GENERAL,1.0
ME4239,KIEM SOAT VA QUAN LY CHA,ME,,3,675,30,15,0,0,225,0,LECTURE,,GENERAL,1.0
ME4241,THONG KE TRONG CONG NGHI,ME,,3,675,30,15,0,0,225,0,LECTURE,,GENERAL,1.0
ME4243,VI DIEU KHIEN,ME,,3,60,30,15,15,0,0,0,LECTURE,,GENERAL,1.0
ME4245,NGUYEN LY MAY,ME,,3,69,30,12,0,0,27,0,LECTURE,,GENERAL,1.0
ME4247,CHI TIET MAY,ME,,3,60,30,15,15,0,0,0,LECTURE,,GENERAL,1.0
ME4249,KY THUAT THUY LUC VA KHI,ME,,3,60,30,15,15,0,0,0,LECTURE,,GENERAL,1.0
ME4251,DONG LUC HOC VA DIEU KHI,ME,,3,60,30,15,15,0,0,0,LECTURE,,GENERAL,1.0
ME4253,THIET KE HE THONG CO DIE,ME,,3,60,30,15,15,0,0,0,LECTURE,,GENERAL,1.0
ME4255,CAC QUA TRINH CHE TAO,ME,,3,60,30,15,15,0,0,0,LECTURE,,GENERAL,1.0
ME4257,NHIET DONG LUC HOC VA TR,ME,,3,60,30,15,15,0,0,0,LECTURE,,GENERAL,1.0
ME4259,QUAN LY SAN XUAT,ME,,3,675,30,15,0,0,225,0,LECTURE,,GENERAL,1.0
ME4261,QUAN LY DU AN,ME,,3,675,30,15,0,0,225,0,LECTURE,,GENERAL,1.0
ME4263,QUAN LY LOGISTICS,ME,,3,675,30,15,0,0,225,0,LECTURE,,GENERAL,1.0
ME4265,TU DONG HOA SAN XUAT,ME,,3,60,30,15,15,0,0,0,LECTURE,,GENERAL,1.0
ME4267,KY THUAT DIEU KHIEN TU D,ME,,3,60,30,15,15,0,0,0,LECTURE,,GENERAL,1.0
ME4269,CAD/CAM,ME,,3,60,30,15,15,0,0,0,LECTURE,,GENERAL,1.0
ME4271,CO SO CONG NGHE DET MAY,ME,,3,75,30,0,0,0,45,0,LECTURE,,GENERAL,1.0
ME4273,KHOA HOC VAT LIEU DET,ME,,3,75,30,0,0,0,45,0,LECTURE,,GENERAL,1.0
ME4275,TIN HOC TRONG DET MAY,ME,,3,75,30,0,0,0,45,0,LECTURE,,GENERAL,1.0
ME4277,QUAN LY SAN XUAT,ME,,3,75,30,0,0,0,45,0,LECTURE,,GENERAL,1.0
ME4279,"BOM, QUAT, MAY NEN",ME,,3,645,33,0,9,0,225,0,LECTURE,,GENERAL,1.0
ME4301,VAT LIEU NHIET LANH,ME,,3,150,30,0,20,0,15,0,LECTURE,ME4302,GENERAL,1.0
ME4302,VAT LIEU NHIET LANH(THL),ME,,0,20,0,0,20,0,0,0,LAB,,GENERAL,1.0
ME4303,KY THUAT CHAY,ME,,3,150,30,0,10,0,30,0,LECTURE,ME4304,GENERAL,1.0
ME4304,KY THUAT CHAY (TN),ME,,0,10,0,0,10,0,0,0,LAB,,GENERAL,1.0
ME4305,TUABIN HOI VA TUABIN KHI,ME,,3,150,30,0,20,0,15,0,LECTURE,ME4306,GENERAL,1.0
ME4306,TUABIN HOI&TUABIN KHI(TH,ME,,0,20,0,0,20,0,0,0,LAB,,GENERAL,1.0
ME4307,KINH TE NANG LUONG,ME,,3,150,30,0,0,0,45,0,LECTURE,,GENERAL,1.0
ME4309,"LAP DAT, VANHANH, SC HTL",ME,,3,75,30,0,0,0,45,0,LECTURE,,GENERAL,1.0
ME4311,DIEN TRONG KY THUAT LANH,ME,,3,150,30,0,0,0,45,0,LECTURE,,GENERAL,1.0
ME4313,ANH VAN CHUYEN NGANH,ME,,3,150,30,0,0,0,45,0,LECTURE,,GENERAL,1.0
ME4401,T/KE DAM BAO KN CT & LR,ME,,3,65,30,0,20,0,15,0,LECTURE,ME4402,GENERAL,1.0
ME4402,T/KE DAM BAO KN CT (TN),ME,,0,20,0,0,20,0,0,0,LAB,,GENERAL,1.0
ME4409,QUAN LY VA KY THUAT BTCN,ME,,3,65,30,0,20,0,15,0,LECTURE,ME4410,GENERAL,1.0
ME4410,QLY &KYTHUAT B/TRI CN(TN,ME,,0,20,0,0,20,0,0,0,LAB,,GENERAL,1.0
ME4411,DAM BAO CHAT LUONG,ME,,3,65,30,0,20,0,15,0,LECTURE,ME4412,GENERAL,1.0
ME4412,DAM BAO CHAT LUONG (TN),ME,,0,20,0,0,20,0,0,0,LAB,,GENERAL,1.0
ME4413,KETCAU THEP THIETBI NANG,ME,,3,150,30,12,0,0,27,0,LECTURE,ME4414,GENERAL,1.0
ME4414,KETCAU THEP T/BI NANG(TN,ME,,0,24,0,24,0,0,0,0,PRACTICAL,,GENERAL,1.0
ME4417,THIET KE MAY TRUC,ME,,3,65,30,0,20,0,15,0,LECTURE,ME4418,GENERAL,1.0
ME4418,THIET KE MAY TRUC (TN),ME,,0,20,0,0,20,0,0,0,LAB,,GENERAL,1.0
ME4421,TD HOA TRONG MAY XD & NC,ME,,3,65,30,0,20,0,15,0,LECTURE,ME4422,GENERAL,1.0
ME4422,TD HOA TRG MAY XD&NC(TN),ME,,0,20,0,0,20,0,0,0,LAB,,GENERAL,1.0
ME4431,KY THUAT CAN KIM LOAI,ME,,3,65,30,0,20,0,15,0,LECTURE,ME4432,GENERAL,1.0
ME4432,KY THUAT CAN KIM LOAI(TN,ME,,0,20,0,0,20,0,0,0,LAB,,GENERAL,1.0
ME4435,KY THUAT HAN,ME,,3,150,30,24,0,0,9,0,LECTURE,ME4436,GENERAL,1.0
ME4436,KY THUAT HAN(TN),ME,,0,24,0,24,0,0,0,0,PRACTICAL,,GENERAL,1.0
ME4451,VAT LIEU PHI KIM,ME,,3,65,30,0,20,0,15,0,LECTURE,ME4452,GENERAL,1.0
ME4452,VAT LIEU PHI KIM(TN),ME,,0,20,0,0,20,0,0,0,LAB,,GENERAL,1.0
ME4459,TK KHUON TREN HTHCAD/CAE,ME,,3,60,30,0,30,0,0,0,LECTURE,ME4460,GENERAL,1.0
ME4460,TK KHUON TREN HTHCAD(TN),ME,,0,30,0,0,30,0,0,0,LAB,,GENERAL,1.0
ME4461,LUA CHON VATLIEU TRONGTK,ME,,3,65,30,0,20,0,15,0,LECTURE,ME4462,GENERAL,1.0
ME4462,LUA CHON VATLIEU TTK(TN),ME,,0,20,0,0,20,0,0,0,LAB,,GENERAL,1.0
ME4463,PHAN TICH VA TOI UU KC,ME,,3,150,30,12,0,0,27,0,LECTURE,ME4464,GENERAL,1.0
ME4464,P/TICH VA TOI UU KC (THL,ME,,0,12,0,12,0,0,0,0,PRACTICAL,,GENERAL,1.0
ME4465,KY THUAT DO TIN CAY,ME,,3,150,30,12,0,0,27,0,LECTURE,ME4466,GENERAL,1.0
ME4466,KY THUAT DO TIN CAY (THL,ME,,0,12,0,12,0,0,0,0,PRACTICAL,,GENERAL,1.0
ME4467,TINH TOAN CO HOC &KC MAY,ME,,3,69,30,12,0,0,27,0,LECTURE,ME4468,GENERAL,1.0
ME4468,T/TOAN CO HOC &KC MAY(TH,ME,,0,12,0,12,0,0,0,0,PRACTICAL,,GENERAL,1.0
ME4473,KY THUAT AN TOAN,ME,,3,65,30,0,20,0,15,0,LECTURE,ME4474,GENERAL,1.0
ME4474,KY THUAT AN TOAN(TN),ME,,0,20,0,0,20,0,0,0,LAB,,GENERAL,1.0
ME4475,CAC CAM BIEN,ME,,3,65,30,0,20,0,15,0,LECTURE,ME4476,GENERAL,1.0
ME4476,CAC CAM BIEN(TN),ME,,0,20,0,0,20,0,0,0,LAB,,GENERAL,1.0
ME4477,KY THUAT MA SAT,ME,,3,65,30,0,20,0,15,0,LECTURE,ME4478,GENERAL,1.0
ME4478,KY THUAT MA SAT(TN),ME,,0,20,0,0,20,0,0,0,LAB,,GENERAL,1.0
ME4479,KY THUAT MO PHONG,ME,,3,65,30,0,20,0,15,0,LECTURE,ME4480,GENERAL,1.0
ME4480,KY THUAT MO PHONG(TN),ME,,0,20,0,0,20,0,0,0,LAB,,GENERAL,1.0
ME4483,KIEM TRA KHONG PHA HUY,ME,,3,65,30,0,20,0,15,0,LECTURE,ME4484,GENERAL,1.0
ME4484,K/TRA KHONG PHA HUY (TN),ME,,0,20,0,0,20,0,0,0,LAB,,GENERAL,1.0
ME4487,THIET KE &CT HT VI CO DT,ME,,3,65,30,0,20,0,15,0,LECTURE,ME4488,GENERAL,1.0
ME4488,THIET KE &CT HT VICDT(TN,ME,,0,20,0,0,20,0,0,0,LAB,,GENERAL,1.0
ME4489,"KHAI THAC &BD MAY,XD &NC",ME,,3,65,30,0,20,0,15,0,LECTURE,ME4490,GENERAL,1.0
ME4490,"KH/THAC &BD MAY,XD&NC(TN",ME,,0,20,0,0,20,0,0,0,LAB,,GENERAL,1.0
ME4491,KY THUAT XL HINH ANH &AT,ME,,3,65,30,0,20,0,15,0,LECTURE,ME4492,GENERAL,1.0
ME4492,KY THUAT XL H/ANH &AT(TN,ME,,0,20,0,0,20,0,0,0,LAB,,GENERAL,1.0
ME4493,KY THUAT CO Y SINH,ME,,3,65,30,0,20,0,15,0,LECTURE,ME4494,GENERAL,1.0
ME4494,KY THUAT CO Y SINH (TN),ME,,0,20,0,0,20,0,0,0,LAB,,GENERAL,1.0
ME4495,CONG NGHE PLC VA SCADA,ME,,3,60,30,15,15,0,0,0,LECTURE,,GENERAL,1.0
ME4497,VI GIA CONG,ME,,3,65,30,0,20,0,15,0,LECTURE,ME4498,GENERAL,1.0
ME4498,VI GIA CONG(TN),ME,,0,20,0,0,20,0,0,0,LAB,,GENERAL,1.0
ME4499,TU DONG HOA SAN XUAT,ME,,3,60,30,18,12,0,0,0,LECTURE,ME4500,GENERAL,1.0
ME4500,TU DONG HOA SAN XUAT(TN),ME,,0,30,0,0,12,0,0,0,LAB,,GENERAL,1.0
ME4501,CAU TRUC SOI,ME,,3,75,30,0,0,0,45,0,LECTURE,,GENERAL,1.0
ME4505,THIET KE TRANG PHUC 3,ME,,3,150,30,0,30,0,0,0,LECTURE,ME4506,GENERAL,1.0
ME4506,THIET KE TRANGPHUC 3(TN),ME,,0,30,0,0,30,0,0,0,LAB,,GENERAL,1.0
ME4509,SAN PHAM DET SINH THAI,ME,,3,75,30,0,0,0,45,0,LECTURE,,GENERAL,1.0
ME4511,TAI CHE VAT LIEU DET,ME,,3,150,30,12,0,0,27,0,LECTURE,ME4512,GENERAL,1.0
ME4512,TAI CHE VAT LIEU DET(THL,ME,,0,12,0,12,0,0,0,0,PRACTICAL,,GENERAL,1.0
ME4515,NHAP MON CONGNGHE DAGIAY,ME,,3,63,30,24,0,0,9,0,LECTURE,ME4516,GENERAL,1.0
ME4516,NHAP MON C/N DA GIAY(THL,ME,,0,24,0,24,0,0,0,0,PRACTICAL,,GENERAL,1.0
ME4517,LY THUYET THOI TRANG,ME,,3,63,30,24,0,0,9,0,LECTURE,ME4518,GENERAL,1.0
ME4518,LY THUYET THOI TRANG(THL,ME,,0,24,0,24,0,0,0,0,PRACTICAL,,GENERAL,1.0
ME4519,KY THUAT MAY NANG CAO,ME,,3,150,0,0,90,0,0,0,LAB,,GENERAL,1.0
ME4521,NHANTRACHOC TRG NGANHMAY,ME,,3,63,30,24,0,0,9,0,LECTURE,ME4522,GENERAL,1.0
ME4522,N/T/HOC TRG NGANHMAY(THL,ME,,0,24,0,24,0,0,0,0,PRACTICAL,,GENERAL,1.0
ME4523,THIET KE RAP,ME,,3,60,30,30,0,0,0,0,LECTURE,,GENERAL,1.0
ME4525,NGHE THUAT HOA TRANG,ME,,3,60,30,30,0,0,0,0,LECTURE,,GENERAL,1.0
ME4527,THIET KE BO SUU TAP TT,ME,,3,60,30,18,12,0,0,0,LECTURE,ME4528,GENERAL,1.0
ME4528,THIET KE BO SUUTAP TT(TN,ME,,0,30,0,0,12,0,0,0,LAB,,GENERAL,1.0
ME4529,LICH SU THOI TRANG,ME,,3,63,30,24,0,0,9,0,LECTURE,ME4530,GENERAL,1.0
ME4530,LICH SU THOI TRANG(THL),ME,,0,24,0,24,0,0,0,0,PRACTICAL,,GENERAL,1.0
ME4531,THIET KE HOAVAN TREN VAI,ME,,3,60,30,18,12,0,0,0,LECTURE,ME4532,GENERAL,1.0
ME4532,THIETKE HOAVAN TR.VAI(TN,ME,,0,30,0,0,12,0,0,0,LAB,,GENERAL,1.0
ME4533,QUAN LY DON HANG,ME,,3,75,30,0,0,0,45,0,LECTURE,,GENERAL,1.0
ME4601,KY THUAT DU BAO,ME,,3,150,30,0,0,0,45,0,LECTURE,,GENERAL,1.0
ME4602,KY THUAT DU BAO(THL),ME,,0,12,0,12,0,0,0,0,PRACTICAL,,GENERAL,1.0
ME4603,QUAN LY BAO TRI,ME,,3,75,30,0,0,0,45,0,LECTURE,,GENERAL,1.0
ME4605,HOACH DINH NGUON LUC SX,ME,,3,69,30,12,0,0,27,0,LECTURE,ME4606,GENERAL,1.0
ME4606,H/DINH NGUON LUC SX(THL),ME,,0,12,0,12,0,0,0,0,PRACTICAL,,GENERAL,1.0
ME4607,Phân tích và Thiết kế Hệ,ME,,3,150,30,0,0,0,45,0,LECTURE,,GENERAL,1.0
ME4608,PT &THIETKE HTTT Q/L(THL,ME,,0,12,0,12,0,0,0,0,PRACTICAL,,GENERAL,1.0
ME4609,HOACH DINH CHIEN LUOC,ME,,3,75,30,0,0,0,45,0,LECTURE,,GENERAL,1.0
ME4611,Cải tiến Chất lượng,ME,,3,150,30,10,0,0,30,0,LECTURE,ME4612,GENERAL,1.0
ME4612,CAI TIEN CHAT LUONG(THL),ME,,0,12,0,12,0,0,0,0,PRACTICAL,,GENERAL,1.0
ME4613,QUAN LY &DANH GIA C/NGHE,ME,,3,75,30,0,0,0,45,0,LECTURE,,GENERAL,1.0
ME4615,Sản xuất Tinh gọn,ME,,3,150,30,0,0,0,45,0,LECTURE,,GENERAL,1.0
ME4616,SAN XUAT TINH GON(THL),ME,,0,12,0,12,0,0,0,0,PRACTICAL,,GENERAL,1.0
ME4617,ERP,ME,,3,150,30,0,0,0,45,0,LECTURE,ME4618,GENERAL,1.0
ME4618,ERP(THL),ME,,0,12,0,12,0,0,0,0,PRACTICAL,,GENERAL,1.0
ME4619,HE THONG VCHUYEN VATLIEU,ME,,3,75,30,0,0,0,45,0,LECTURE,,GENERAL,1.0
ME4621,HE THONG SX LINH HOAT,ME,,3,75,30,0,0,0,45,0,LECTURE,,GENERAL,1.0
ME4623,HE THONG SX TICH HOP,ME,,3,75,30,0,0,0,45,0,LECTURE,,GENERAL,1.0
ME4625,Kỹ năng Lãnh đạo,ME,,3,150,30,0,0,0,45,0,LECTURE,,GENERAL,1.0
ME4627,KINH TE VI MO,ME,,3,75,30,0,0,0,45,0,LECTURE,,GENERAL,1.0
ME4629,KINH TE VI MO,ME,,3,75,30,0,0,0,45,0,LECTURE,,GENERAL,1.0
ME4631,LEAN SIX SIGMA,ME,,3,69,30,12,0,0,27,0,LECTURE,ME4632,GENERAL,1.0
ME4632,LEAN SIX SIGMA(THL),ME,,0,12,0,12,0,0,0,0,PRACTICAL,,GENERAL,1.0
ME4633,NHAN TRAC HOC,ME,,3,75,30,0,0,0,45,0,LECTURE,,GENERAL,1.0
ME4635,NGUYENLY CHUONG TRINH DK,ME,,3,75,30,0,0,0,45,0,LECTURE,,GENERAL,1.0
ME4637,PHAN TICH HETHONG DICHVU,ME,,3,75,30,0,0,0,45,0,LECTURE,,GENERAL,1.0
ME4639,THAM DINH DU AN,ME,,3,75,30,0,0,0,45,0,LECTURE,,GENERAL,1.0
ME4641,Quản lý và Vận hành Cảng,ME,,3,150,30,0,0,0,45,0,LECTURE,,GENERAL,1.0
ME4643,VAN TAI DA PHUONG THUC,ME,,3,75,30,0,0,0,45,0,LECTURE,,GENERAL,1.0
ME4645,HETHONG LOGISTICS THUHOI,ME,,3,75,30,0,0,0,45,0,LECTURE,,GENERAL,1.0
ME4647,QL TINH GON TRG CHUOI CU,ME,,3,75,30,0,0,0,45,0,LECTURE,,GENERAL,1.0
ME4649,TIEP THI LOGISTICS,ME,,3,75,30,0,0,0,45,0,LECTURE,,GENERAL,1.0
ME4651,QUAN LY CHUOI CUNG UNG,ME,,3,150,30,0,0,0,45,0,LECTURE,,GENERAL,1.0
ME4653,CHIENLUOC P/TR CANG BIEN,ME,,3,75,30,0,0,0,45,0,LECTURE,,GENERAL,1.0
ME4655,THUONG MAI QUOC TE,ME,,3,75,30,0,0,0,45,0,LECTURE,,GENERAL,1.0
ME4657,QUAN LY THU MUA,ME,,3,150,30,0,0,0,45,0,LECTURE,,GENERAL,1.0
ME4658,QUAN LY THU MUA (THL),ME,,0,12,0,12,0,0,0,0,PRACTICAL,,GENERAL,1.0
ME4659,VAN TAI HANG HAI,ME,,3,75,30,0,0,0,45,0,LECTURE,,GENERAL,1.0
ME4661,QUAN LY NHA KHO &TON KHO,ME,,3,69,30,12,0,0,27,0,LECTURE,ME4662,GENERAL,1.0
ME4662,Q/LY NHA KHO &TON KHO(TH,ME,,0,12,0,12,0,0,0,0,PRACTICAL,,GENERAL,1.0
ME4663,H/DONG LOGISTICS QUOC TE,ME,,3,75,30,0,0,0,45,0,LECTURE,,GENERAL,1.0
ME4667,AN TOAN VA NHAN TRAC HOC,ME,,3,75,30,0,0,0,45,0,LECTURE,,GENERAL,1.0
ME4701,CAC QUATRINH CHETAO TINH,ME,,3,65,30,0,20,0,15,0,LECTURE,ME4702,GENERAL,1.0
ME4702,CAC QUATRINH CT TINH (TN,ME,,0,20,0,0,20,0,0,0,LAB,,GENERAL,1.0
ME4703,KY THUAT P/TICH CAC QTCT,ME,,3,65,30,0,20,0,15,0,LECTURE,ME4704,GENERAL,1.0
ME4704,KY THUAT PT CAC QTCT(TN),ME,,0,20,0,0,20,0,0,0,LAB,,GENERAL,1.0
ME4705,KHOA HOC LAO DONG,ME,,3,60,30,18,12,0,0,0,LECTURE,ME4706,GENERAL,1.0
ME4706,KHOA HOC LAO DONG(TN),ME,,0,30,0,0,12,0,0,0,LAB,,GENERAL,1.0
ME4707,CAC HTCHETAO CO SU HTCMT,ME,,3,65,30,0,20,0,15,0,LECTURE,ME4708,GENERAL,1.0
ME4708,CAC HTCHETAO COSHTCMT(TN,ME,,0,20,0,0,20,0,0,0,LAB,,GENERAL,1.0
ME4709,KY THUAT CHAT DEO,ME,,3,65,30,0,20,0,15,0,LECTURE,ME4710,GENERAL,1.0
ME4710,KY THUAT CHAT DEO (TN),ME,,0,20,0,0,20,0,0,0,LAB,,GENERAL,1.0
ME4711,NGUYEN LY CAT KIM LOAI,ME,,3,65,30,0,20,0,15,0,LECTURE,ME4712,GENERAL,1.0
ME4712,NGUYEN LY CAT KIMLOAI(TN,ME,,0,20,0,0,20,0,0,0,LAB,,GENERAL,1.0
ME4713,THIET KE & CT CAC HTTM,ME,,3,65,30,0,20,0,15,0,LECTURE,ME4714,GENERAL,1.0
ME4714,THIET KE &CT CAC HTTM(TN,ME,,0,20,0,0,20,0,0,0,LAB,,GENERAL,1.0
ME4717,CAD,ME,,3,60,30,15,15,0,0,0,LECTURE,,GENERAL,1.0
ME4719,THIET KE DUNG CU CAT KL,ME,,3,65,30,0,20,0,15,0,LECTURE,ME4720,GENERAL,1.0
ME4720,THIETKE DUNGCU CAT KL(TN,ME,,0,20,0,0,20,0,0,0,LAB,,GENERAL,1.0
ME4721,NGUYEN LY CAT VAT LIEU,ME,,3,65,30,0,20,0,15,0,LECTURE,ME4722,GENERAL,1.0
ME4722,NGUYEN LY CAT VL (TN),ME,,0,20,0,0,20,0,0,0,LAB,,GENERAL,1.0
ME4723,CHUYEN DE KYTHUAT CHETAO,ME,,3,65,30,0,20,0,15,0,LECTURE,ME4724,GENERAL,1.0
ME4724,CHUYEN DE KT CHETAO (TN),ME,,0,20,0,0,20,0,0,0,LAB,,GENERAL,1.0
ME4729,UNG DUNG THI GIAC MAY TI,ME,,3,150,30,12,0,0,27,0,LECTURE,,GENERAL,1.0
ME5003,KY THUAT ROBOT,ME,,3,150,30,0,0,0,45,0,LECTURE,,GENERAL,1.0
ME5005,HE THONG PLC,ME,,3,150,30,0,0,0,45,0,LECTURE,,GENERAL,1.0
ME5006,HE THONG PLC(BT),ME,,0,20,0,0,20,0,0,0,LAB,,GENERAL,1.0
ME5019,DONG LUC HOC,ME,,3,675,30,0,15,0,225,0,LECTURE,,GENERAL,1.0
ME5021,THIET KE TOI UU VA QUY H,ME,,3,675,30,15,0,0,225,0,LECTURE,,GENERAL,1.0
ME5023,CO SO BIEN DANG TAO HINH,ME,,3,675,30,0,15,0,225,0,LECTURE,,GENERAL,1.0
ME5025,CO SO KY THUAT CHE TAO,ME,,3,75,30,0,0,0,45,0,LECTURE,,GENERAL,1.0
ME5027,DO LUONG NANG CAO,ME,,3,70,30,0,10,0,30,0,LECTURE,,GENERAL,1.0
ME5029,CAD/CAM NANG CAO,ME,,3,75,30,0,0,0,45,0,LECTURE,,GENERAL,1.0
ME5031,KY THUAT MO PHONG,ME,,3,70,30,0,10,0,30,0,LECTURE,,GENERAL,1.0
ME5033,HE THONG THUY LUC NANG C,ME,,3,75,30,0,0,0,45,0,LECTURE,,GENERAL,1.0
ME5035,CAC QUA TRINH CHE TAO MI,ME,,3,70,30,0,10,0,30,0,LECTURE,,GENERAL,1.0
ME5037,HE THONG MICRO VA NANO,ME,,3,70,30,0,10,0,30,0,LECTURE,,GENERAL,1.0
ME5039,CAC PHUONG PHAP GIA CONG,ME,,3,70,30,0,10,0,30,0,LECTURE,,GENERAL,1.0
ME5041,VAT LIEU TIEN TIEN,ME,,3,675,30,0,15,0,225,0,LECTURE,,GENERAL,1.0
ME5043,KIM LOAI HOC VAT LY,ME,,3,675,30,0,15,0,225,0,LECTURE,,GENERAL,1.0
ME5045,LUA CHON VAT LIEU TRONG,ME,,3,675,30,0,15,0,225,0,LECTURE,,GENERAL,1.0
ME5047,CAC PHUONG PHAP BIEN DAN,ME,,3,675,30,0,15,0,225,0,LECTURE,,GENERAL,1.0
ME5049,CAC PHUONG PHAP DUC DAC,ME,,3,675,30,0,15,0,225,0,LECTURE,,GENERAL,1.0
ME5051,BIEN DANG TAO HINH KIM L,ME,,3,675,30,0,15,0,225,0,LECTURE,,GENERAL,1.0
ME5053,MO PHONG CAC QUA TRINH T,ME,,3,675,30,0,15,0,225,0,LECTURE,,GENERAL,1.0
ME5055,THIET BI NANG VAN CHUYEN,ME,,3,675,30,15,0,0,225,0,LECTURE,,GENERAL,1.0
ME5057,CAC TO HOP THIET BI SAN,ME,,3,675,30,15,0,0,225,0,LECTURE,,GENERAL,1.0
ME5059,MAY VA THIET BI THI CONG,ME,,3,675,30,15,0,0,225,0,LECTURE,,GENERAL,1.0
ME5061,CO HOC DAT NANG CAO,ME,,3,675,30,15,0,0,225,0,LECTURE,,GENERAL,1.0
ME5063,DONG LUC HOC MAY XAY DUN,ME,,3,675,30,15,0,0,225,0,LECTURE,,GENERAL,1.0
ME5065,QUAN LY DU AN THIET KE V,ME,,3,675,30,15,0,0,225,0,LECTURE,,GENERAL,1.0
ME5067,DAO DONG TRONG MAY XAY D,ME,,3,675,30,15,0,0,225,0,LECTURE,,GENERAL,1.0
ME5069,VAT LIEU COMPOSITE NANG,ME,,3,675,30,0,15,0,225,0,LECTURE,,GENERAL,1.0
ME5071,CAC PHUONG PHAP TINH NAN,ME,,3,675,30,0,15,0,225,0,LECTURE,,GENERAL,1.0
ME5073,THIET KE VA PHAT TRIEN S,ME,,3,675,30,0,15,0,225,0,LECTURE,,GENERAL,1.0
ME5075,THIET KE VA PHAN TICH TH,ME,,3,675,30,15,0,0,225,0,LECTURE,,GENERAL,1.0
ME5077,QUAN LY CHAT LUONG TONG,ME,,3,63,36,0,0,0,27,0,LECTURE,,GENERAL,1.0
ME5079,CONG NGHE TINH GON TRONG,ME,,3,75,30,0,0,0,45,0,LECTURE,,GENERAL,1.0
ME5081,HO TRO RA QUYET DINH,ME,,3,675,30,15,0,0,225,0,LECTURE,,GENERAL,1.0
ME5083,LOGISTICS - SCM,ME,,3,45,45,0,0,0,0,0,LECTURE,,GENERAL,1.0
ME5085,MO HINH HOA & MO PHONG H,ME,,3,675,30,0,15,0,225,0,LECTURE,,GENERAL,1.0
ME5087,KY THUAT THIET KE MAT BA,ME,,3,75,30,0,0,0,45,0,LECTURE,,GENERAL,1.0
ME5089,DANH GIA KINH TE & QUAN,ME,,3,675,30,15,0,0,225,0,LECTURE,,GENERAL,1.0
ME5091,LAP KE HOACH VA DIEU DO,ME,,3,675,30,15,0,0,225,0,LECTURE,,GENERAL,1.0
ME5093,HOACH DINH TON KHO VA VA,ME,,3,75,30,0,0,0,45,0,LECTURE,,GENERAL,1.0
ME5095,SAN XUAT TINH GON NANG C,ME,,3,75,30,0,0,0,45,0,LECTURE,,GENERAL,1.0
ME5097,HE THONG THONG TIN QUAN,ME,,3,45,45,0,0,0,0,0,LECTURE,,GENERAL,1.0
ME5099,PHAN TICH & THIET KE CON,ME,,3,75,30,0,0,0,45,0,LECTURE,,GENERAL,1.0
ME5101,HOACH DINH NGUON LUC ERP,ME,,3,45,45,0,0,0,0,0,LECTURE,,GENERAL,1.0
ME5103,LEAN – 6 SIGMA,ME,,3,75,30,0,0,0,45,0,LECTURE,,GENERAL,1.0
ME5105,TINH GON TRONG CHUOI CUN,ME,,3,45,45,0,0,0,0,0,LECTURE,,GENERAL,1.0
ME5107,QUAN LY VAN TAI LOGISTIC,ME,,3,75,30,0,0,0,45,0,LECTURE,,GENERAL,1.0
ME5109,CAM BIEN VA ?NG DUNG,ME,,3,66,33,6,0,0,27,0,LECTURE,,GENERAL,1.0
ME5111,MO HINH HOA HE THONG CO,ME,,3,66,33,6,0,0,27,0,LECTURE,,GENERAL,1.0
ME5113,HE THONG DIEU KHIEN HIEN,ME,,3,69,30,12,0,0,27,0,LECTURE,,GENERAL,1.0
ME5115,HE THONG DIEU KHIEN PHI,ME,,3,66,33,6,0,0,27,0,LECTURE,,GENERAL,1.0
ME5117,DIEU KHIEN THONG MINH,ME,,3,75,30,0,0,0,45,0,LECTURE,,GENERAL,1.0
ME5119,DIEU KHIEN MAT TRUOT,ME,,3,69,30,12,0,0,27,0,LECTURE,,GENERAL,1.0
ME5121,HE TUYEN TINH VA DIEU KH,ME,,3,66,33,6,0,0,27,0,LECTURE,,GENERAL,1.0
ME5123,THIET KE VA PHAN TICH CO,ME,,3,75,30,0,0,0,45,0,LECTURE,,GENERAL,1.0
ME5125,DONG LUC HOC TAY MAY VA,ME,,3,63,33,12,0,0,18,0,LECTURE,,GENERAL,1.0
ME5127,DIEU KHIEN QUA TRINH,ME,,3,75,30,0,0,0,45,0,LECTURE,,GENERAL,1.0
ME5129,THI GIAC MAY TINH,ME,,3,66,33,6,0,0,27,0,LECTURE,,GENERAL,1.0
ME5131,TRUNG TAM NHIET DIEN,ME,,3,69,33,0,0,0,36,0,LECTURE,,GENERAL,1.0
ME5133,THU HOI NHIET THAI,ME,,3,81,24,12,0,0,45,0,LECTURE,,GENERAL,1.0
ME5135,BAO TOAN VA QUAN LY NANG,ME,,3,81,24,12,0,0,45,0,LECTURE,,GENERAL,1.0
ME5137,TUABIN HOI VA TUABIN KHI,ME,,3,69,33,0,0,0,36,0,LECTURE,,GENERAL,1.0
ME5139,DONG HAI PHA VA ONG NHIE,ME,,2,36,27,0,0,0,9,0,LECTURE,,GENERAL,1.0
ME5141,THU HOI NHIET THAI,ME,,2,40,25,0,0,0,15,0,LECTURE,,GENERAL,1.0
ME5143,TRUNG TAM NHIET DIEN,ME,,3,69,33,0,0,0,36,0,LECTURE,,GENERAL,1.0
ME5145,QUA TRINH CHAY VA THIET,ME,,3,81,24,9,3,0,45,0,LECTURE,,GENERAL,1.0
ME5147,KY THUAT DET HIEN DAI,ME,,3,75,30,0,0,0,45,0,LECTURE,,GENERAL,1.0
ME5149,KHOA HOC QUAN LY TRONG D,ME,,3,75,30,0,0,0,45,0,LECTURE,,GENERAL,1.0
ME5151,CONG NGHE MAY HIEN DAI,ME,,3,75,30,0,0,0,45,0,LECTURE,,GENERAL,1.0
ME5153,KIEM DINH VA DANH GIA TR,ME,,3,75,30,0,0,0,45,0,LECTURE,,GENERAL,1.0
ME5155,VAT LIEU DET CHUC NANG T,ME,,3,75,30,0,0,0,45,0,LECTURE,,GENERAL,1.0
ME5157,SAN PHAM DA THUOC TRONG,ME,,3,75,30,0,0,0,45,0,LECTURE,,GENERAL,1.0
ME5159,CONG NGHE MAY THONG MINH,ME,,3,75,30,0,0,0,45,0,LECTURE,,GENERAL,1.0
ME5161,VAT LIEU TIEN TIEN TRONG,ME,,3,75,30,0,0,0,45,0,LECTURE,,GENERAL,1.0
ME5163,TU DONG HOA TRONG DET MA,ME,,3,75,30,0,0,0,45,0,LECTURE,,GENERAL,1.0
ME5165,AN TOAN VA PHAT TRIEN BE,ME,,3,75,30,0,0,0,45,0,LECTURE,,GENERAL,1.0
ME5167,DONG HOC NHUOM,ME,,3,75,30,0,0,0,45,0,LECTURE,,GENERAL,1.0
ME5169,CONG NGHE HOAN TAT HIEN,ME,,3,75,30,0,0,0,45,0,LECTURE,,GENERAL,1.0
ME5171,HE THONG CO DIEN TU TIEN,ME,,3,69,30,12,0,0,27,0,LECTURE,,GENERAL,1.0
ME5173,HE THONG DIEU KHIEN SO,ME,,3,66,33,6,0,0,27,0,LECTURE,,GENERAL,1.0
ME5175,UNG DUNG KHOA HOC DU LIE,ME,,3,75,30,0,0,0,45,0,LECTURE,,GENERAL,1.0
ME5177,QUAN LY CHUOI CUNG UNG T,ME,,3,75,30,0,0,0,45,0,LECTURE,,GENERAL,1.0
ME5179,NHIET DONG LUC HOC VA TR,ME,,3,60,30,15,15,0,0,0,LECTURE,,GENERAL,1.0
ME5181,UNG DUNG KHOA HOC DU LIE,ME,,3,675,30,15,0,0,225,0,LECTURE,,GENERAL,1.0
ME5183,THUONG MAI DIEN TU,ME,,3,675,30,15,0,0,225,0,LECTURE,,GENERAL,1.0
ME5185,QUAN LY TRI THUC TRONG C,ME,,3,675,30,15,0,0,225,0,LECTURE,,GENERAL,1.0
ME5187,KHAI THAC DU LIEU TRONG,ME,,3,675,30,15,0,0,225,0,LECTURE,,GENERAL,1.0
ME5189,THIET KE VA VAN HANH KHO,ME,,3,675,30,15,0,0,225,0,LECTURE,,GENERAL,1.0
ME5193,DIEU KHIEN THICH NGHI,ME,,3,675,30,15,0,0,225,0,LECTURE,,GENERAL,1.0
ME5195,DIEU KHIEN TOI UU CHO CA,ME,,3,675,30,15,0,0,225,0,LECTURE,,GENERAL,1.0
ME5197,UNG DUNG TRI TUE NHAN TA,ME,,3,675,30,15,0,0,225,0,LECTURE,,GENERAL,1.0
ME5201,HE THONG SAN XUAT TU DON,ME,,3,675,30,0,15,0,225,0,LECTURE,,GENERAL,1.0
ME5205,SAN PHAM DET SINH THAI N,ME,,3,75,30,0,0,0,45,0,LECTURE,,GENERAL,1.0
ME5207,NHIET DONG LUC HOC NANG,ME,,3,81,24,12,0,0,45,0,LECTURE,,GENERAL,1.0
ME5209,TRUYEN NHIET NANG CAO,ME,,3,81,24,12,0,0,45,0,LECTURE,,GENERAL,1.0
ME5211,NANG LUONG TAI TAO NANG,ME,,3,75,30,0,0,0,45,0,LECTURE,,GENERAL,1.0
ME5213,KY THUAT LANH CONG NGHIE,ME,,3,81,24,12,0,0,45,0,LECTURE,,GENERAL,1.0
ME5215,TRUNG TAM NHIET DIEN NAN,ME,,3,69,33,0,0,0,36,0,LECTURE,,GENERAL,1.0
ME5217,THIET KE HE THONG NANG L,ME,,3,81,24,12,0,0,45,0,LECTURE,,GENERAL,1.0
ME5219,MAY LANH HAP THU TRONG K,ME,,3,81,24,12,0,0,45,0,LECTURE,,GENERAL,1.0
ME5221,UNG DUNG PHAN TICH EXERG,ME,,3,81,24,12,0,0,45,0,LECTURE,,GENERAL,1.0
ME5223,DONG 2 PHA VA ONG NHIET,ME,,3,75,30,0,0,0,45,0,LECTURE,,GENERAL,1.0
ME5225,UNG DUNG CFD TRONG NHIET,ME,,3,81,24,12,0,0,45,0,LECTURE,,GENERAL,1.0
ME5231,KY THUAT DET HIEN DAI,ME,,4,105,30,0,30,0,45,0,LECTURE,,GENERAL,1.0
ME5233,KHOA HOC QUAN LY TRONG D,ME,,4,105,30,0,30,0,45,0,LECTURE,,GENERAL,1.0
ME5235,KIEM DINH VA DANH GIA TR,ME,,4,105,30,30,0,0,45,0,LECTURE,,GENERAL,1.0
ME5237,MY THUAT CONG NGHIEP TRO,ME,,3,75,30,0,0,0,45,0,LECTURE,,GENERAL,1.0
ME5239,MO HINH HOA VA MO PHONG,ME,,3,675,30,0,15,0,225,0,LECTURE,,GENERAL,1.0
ME5247,KIEN TRUC MAY TINH,ME,,3,72,30,6,0,0,36,0,LECTURE,,GENERAL,1.0
ME5249,DO LUONG VA DAM BAO CHAT,ME,,3,75,30,0,0,0,45,0,LECTURE,,GENERAL,1.0
ME5253,THIET KE TOI UU CHO CAC,ME,,3,675,30,15,0,0,225,0,LECTURE,,GENERAL,1.0
ME5255,XU LY TIN HIEU CHO CAC H,ME,,3,675,30,15,0,0,225,0,LECTURE,,GENERAL,1.0
ME5257,DIEN TU CONG NGHIEP CHO,ME,,3,675,30,15,0,0,225,0,LECTURE,,GENERAL,1.0
ME5259,CHE TAO THONG MINH,ME,,3,675,30,0,15,0,225,0,LECTURE,,GENERAL,1.0
ME5261,KY THUAT LUA CHON VAT LI,ME,,3,75,30,0,0,0,45,0,LECTURE,,GENERAL,1.0
ME5263,THIET KE HE THONG CO KHI,ME,,3,675,30,15,0,0,225,0,LECTURE,,GENERAL,1.0
ME5265,DONG LUC HOC VA DAO DONG,ME,,3,675,30,0,15,0,225,0,LECTURE,,GENERAL,1.0
ME5267,CAI TIEN VA DAM BAO CHAT,ME,,3,45,45,0,0,0,0,0,LECTURE,,GENERAL,1.0
ME5269,PHAN TICH VA THIET KE CO,ME,,3,675,30,0,15,0,225,0,LECTURE,,GENERAL,1.0
ME5271,LOGISTICS - SCM,ME,,3,45,45,0,0,0,0,0,LECTURE,,GENERAL,1.0
ME5273,UNG DUNG TU DONG HOA TRO,ME,,3,75,30,0,0,0,45,0,LECTURE,,GENERAL,1.0
ME5275,CHUOI GIA TRI DET MAY,ME,,3,75,30,0,0,0,45,0,LECTURE,,GENERAL,1.0
ME5277,AN TOAN VA PHAT TRIEN BE,ME,,3,75,30,0,0,0,45,0,LECTURE,,GENERAL,1.0
ME5279,TRUYEN NHIET,ME,,3,81,24,12,0,0,45,0,LECTURE,,GENERAL,1.0
ME5281,NHIET DONG,ME,,2,555,15,9,0,0,315,0,LECTURE,,GENERAL,1.0
ME5283,NANG LUONG TAI TAO,ME,,3,75,30,0,0,0,45,0,LECTURE,,GENERAL,1.0
ME5285,KY THUAT LANH CONG NGHIE,ME,,2,36,27,0,0,0,9,0,LECTURE,,GENERAL,1.0
ME5287,MAY LANH HAP THU TRONG K,ME,,2,555,15,9,0,0,315,0,LECTURE,,GENERAL,1.0
ME5289,PHUONG PHAP THUC NGHIEM,ME,,2,42,24,0,0,0,18,0,LECTURE,,GENERAL,1.0
ME5291,PHUONG PHAP SO TRONG TRU,ME,,2,36,27,0,0,0,9,0,LECTURE,,GENERAL,1.0
ME5293,UNG DUNG PHAN TICH EXERG,ME,,2,525,15,15,0,0,225,0,LECTURE,,GENERAL,1.0
ME5295,THIET KE HE THONG NANG L,ME,,2,525,15,15,0,0,225,0,LECTURE,,GENERAL,1.0
ME7001,KY THUAT LANH CONG NGHIE,ME,,2,45,15,0,0,0,30,0,LECTURE,,GENERAL,1.0
ME7003,MAY LANH HAP THU TRONG K,ME,,2,45,15,0,0,0,30,0,LECTURE,,GENERAL,1.0
ME7005,NANG LUONG TAI TAO,ME,,3,60,30,0,0,0,30,0,LECTURE,,GENERAL,1.0
ME7007,QUA TRINH CHAY,ME,,2,45,15,0,0,0,30,0,LECTURE,,GENERAL,1.0
ME7009,TRUNG TAM NHIET DIEN,ME,,3,60,30,0,0,0,30,0,LECTURE,,GENERAL,1.0
ME7011,BAO TOAN VA QUAN LY NANG,ME,,2,45,15,0,0,0,30,0,LECTURE,,GENERAL,1.0
ME7013,DONG LUC HOC,ME,,3,60,30,0,15,0,15,0,LECTURE,,GENERAL,1.0
ME7015,THIET KE TOI UU VA QUY H,ME,,3,60,30,0,15,0,15,0,LECTURE,,GENERAL,1.0
ME7017,CO SO BIEN DANG TAO HINH,ME,,3,60,30,0,15,0,15,0,LECTURE,,GENERAL,1.0
ME7019,CO SO KY THUAT CHE TAO,ME,,3,60,30,0,15,0,15,0,LECTURE,,GENERAL,1.0
ME7021,DO LUONG NANG CAO,ME,,3,60,30,0,15,0,15,0,LECTURE,,GENERAL,1.0
ME7023,CONG NGHE VAT LIEU NHUA,ME,,3,60,30,0,15,0,15,0,LECTURE,,GENERAL,1.0
ME7025,CAC PHUONG PHAP GIA CONG,ME,,3,60,30,0,15,0,15,0,LECTURE,,GENERAL,1.0
ME7027,KY THUAT CHAN DOAN VA GI,ME,,3,60,30,0,15,0,15,0,LECTURE,,GENERAL,1.0
ME7029,SAN XUAT TINH GON,ME,,3,60,30,0,15,0,15,0,LECTURE,,GENERAL,1.0
ME7031,HE THONG THONG MINH,ME,,3,60,30,0,15,0,15,0,LECTURE,,GENERAL,1.0
ME7033,HE THONG SAN XUAT TIEN T,ME,,3,60,30,0,15,0,15,0,LECTURE,,GENERAL,1.0
ME7035,KY THUAT MO PHONG,ME,,3,60,30,0,15,0,15,0,LECTURE,,GENERAL,1.0
ME7037,KY THUAT MO PHONG CAC QU,ME,,3,60,30,0,15,0,15,0,LECTURE,,GENERAL,1.0
ME7039,HE THONG THUY LUC NANG C,ME,,3,60,30,0,15,0,15,0,LECTURE,,GENERAL,1.0
ME7041,KY THUAT MO PHONG CAC HE,ME,,3,60,30,0,15,0,15,0,LECTURE,,GENERAL,1.0
ME7043,MA SAT HOC,ME,,3,60,30,0,15,0,15,0,LECTURE,,GENERAL,1.0
ME7045,HE THONG MICRO VA NANO,ME,,3,60,30,0,15,0,15,0,LECTURE,,GENERAL,1.0
ME7047,CAC QUA TRINH CHE TAO MI,ME,,3,60,30,0,15,0,15,0,LECTURE,,GENERAL,1.0
ME7049,KY THUAT NGUOC,ME,,3,60,30,0,15,0,15,0,LECTURE,,GENERAL,1.0
ME7051,CAD/CAM NANG CAO,ME,,3,60,30,0,15,0,15,0,LECTURE,,GENERAL,1.0
ME7053,DONG LUC HOC LUU CHAT NA,ME,,3,60,30,0,15,0,15,0,LECTURE,,GENERAL,1.0
ME7055,CONG NGHE VA THIET BI NA,ME,,3,60,30,0,15,0,15,0,LECTURE,,GENERAL,1.0
ME7057,QUAN LY DU AN THIET KE V,ME,,3,60,45,0,0,0,15,0,LECTURE,,GENERAL,1.0
ME7059,DAO DONG TRONG MAY XAY D,ME,,3,60,30,0,15,0,15,0,LECTURE,,GENERAL,1.0
ME7061,VAT LIEU TIEN TIEN,ME,,3,60,30,0,15,0,15,0,LECTURE,,GENERAL,1.0
ME7063,KIM LOAI HOC VAT LY,ME,,3,60,30,0,15,0,15,0,LECTURE,,GENERAL,1.0
ME7065,LUA CHON VAT LIEU TRONG,ME,,3,60,30,0,15,0,15,0,LECTURE,,GENERAL,1.0
ME7067,CAC PHUONG PHAP BIEN DAN,ME,,3,60,30,0,15,0,15,0,LECTURE,,GENERAL,1.0
ME7069,CAC PHUONG PHAP DUC DAC,ME,,3,60,30,0,15,0,15,0,LECTURE,,GENERAL,1.0
ME7071,BIEN DANG TAO HINH KIM L,ME,,3,60,30,0,15,0,15,0,LECTURE,,GENERAL,1.0
ME7073,MO PHONG CAC QUA TRINH T,ME,,3,60,30,0,15,0,15,0,LECTURE,,GENERAL,1.0
ME7075,THI GIAC MAY TINH,ME,,2,45,30,0,0,0,15,0,LECTURE,,GENERAL,1.0
ME7077,CAM BIEN VA UNG DUNG,ME,,3,60,45,0,0,0,15,0,LECTURE,,GENERAL,1.0
ME7079,HE HO TRO QUYET DINH,ME,,3,60,45,0,15,0,0,0,LECTURE,,GENERAL,1.0
ME7081,CAC TO HOP THIET BI SAN,ME,,3,60,30,0,15,0,15,0,LECTURE,,GENERAL,1.0
ME7083,MAY VA THIET BI THI CONG,ME,,2,45,30,0,0,0,15,0,LECTURE,,GENERAL,1.0
ME7085,CO HOC DAT NANG CAO,ME,,3,60,30,0,15,0,15,0,LECTURE,,GENERAL,1.0
ME7087,DONG LUC HOC MAY XAY DUN,ME,,2,45,30,0,9,0,6,0,LECTURE,,GENERAL,1.0
ME7089,THU HOI NHIET THAI,ME,,2,45,15,0,0,0,30,0,LECTURE,,GENERAL,1.0
ME7091,DO LUONG VA DAM BAO CHAT,ME,,3,75,30,0,0,0,45,0,LECTURE,,GENERAL,1.0
ME7093,UNG DUNG TU DONG HOA TRO,ME,,3,75,30,0,0,0,45,0,LECTURE,,GENERAL,1.0
ME7095,CHUOI GIA TRI DET MAY,ME,,3,75,30,0,0,0,45,0,LECTURE,,GENERAL,1.0
ME7097,AN TOAN VA PHAT TRIEN BE,ME,,3,75,30,0,0,0,45,0,LECTURE,,GENERAL,1.0
ME7099,THIET KE TOI UU VA QUY H,ME,,3,675,30,15,0,0,225,0,LECTURE,,GENERAL,1.0
ME7101,CAC PHUONG PHAP TINH NAN,ME,,3,675,30,0,15,0,225,0,LECTURE,,GENERAL,1.0
ME7103,THU HOI NHIET THAI,ME,,3,81,24,12,0,0,45,0,LECTURE,,GENERAL,1.0
ME7105,BAO TOAN VA QUAN LY NANG,ME,,3,81,24,12,0,0,45,0,LECTURE,,GENERAL,1.0
ME7107,TUABIN HOI VA TUABIN KHI,ME,,3,69,33,0,0,0,36,0,LECTURE,,GENERAL,1.0
ME7109,QUA TRINH CHAY VA THIET,ME,,3,81,24,9,3,0,45,0,LECTURE,,GENERAL,1.0
ME7111,UNG DUNG KHOA HOC DU LIE,ME,,3,75,30,0,0,0,45,0,LECTURE,,GENERAL,1.0
ME7113,SAN PHAM DET SINH THAI N,ME,,3,75,30,0,0,0,45,0,LECTURE,,GENERAL,1.0
ME7115,NHIET DONG LUC HOC NANG,ME,,3,81,24,12,0,0,45,0,LECTURE,,GENERAL,1.0
ME7117,TRUYEN NHIET NANG CAO,ME,,3,81,24,12,0,0,45,0,LECTURE,,GENERAL,1.0
ME7119,NANG LUONG TAI TAO NANG,ME,,3,75,30,0,0,0,45,0,LECTURE,,GENERAL,1.0
ME7121,KY THUAT LANH CONG NGHIE,ME,,3,81,24,12,0,0,45,0,LECTURE,,GENERAL,1.0
ME7123,TRUNG TAM NHIET DIEN NAN,ME,,3,69,33,0,0,0,36,0,LECTURE,,GENERAL,1.0
ME7125,THIET KE HE THONG NANG L,ME,,3,81,24,12,0,0,45,0,LECTURE,,GENERAL,1.0
ME7127,MAY LANH HAP THU TRONG K,ME,,3,81,24,12,0,0,45,0,LECTURE,,GENERAL,1.0
ME7129,UNG DUNG PHAN TICH EXERG,ME,,3,81,24,12,0,0,45,0,LECTURE,,GENERAL,1.0
ME7131,DONG 2 PHA VA ONG NHIET,ME,,3,75,30,0,0,0,45,0,LECTURE,,GENERAL,1.0
ME7133,UNG DUNG CFD TRONG NHIET,ME,,3,81,24,12,0,0,45,0,LECTURE,,GENERAL,1.0
ME7135,THI GIAC MAY TINH,ME,,3,66,33,6,0,0,27,0,LECTURE,,GENERAL,1.0
MT0001,TOAN CAO CAP,MT,,3,45,45,0,0,0,0,0,LECTURE,,GENERAL,1.0
MT1003,Giải tích 1,MT,,4,200,45,0,0,0,45,0,LECTURE,,GENERAL,1.0
MT1004,GIAI TICH 1 (BT),MT,,0,14,0,14,0,0,0,0,PRACTICAL,,GENERAL,1.0
MT1005,Giải tích 2,MT,,4,200,45,0,0,0,45,0,LECTURE,,GENERAL,1.0
MT1006,GIAI TICH 2 (BT),MT,,0,14,0,14,0,0,0,0,PRACTICAL,,GENERAL,1.0
MT1007,Đại số Tuyến tính,MT,,3,150,30,0,0,0,45,0,LECTURE,,GENERAL,1.0
MT1009,Phương pháp tính,MT,,3,150,30,0,0,0,45,0,LECTURE,,GENERAL,1.0
MT1011,Giải tích 1,MT,,4,200,45,0,0,0,45,0,LECTURE,,GENERAL,1.0
MT1012,GIAI TICH 1 (BT),MT,,0,14,0,14,0,0,0,0,PRACTICAL,,GENERAL,1.0
MT1013,Giải tích 2,MT,,4,200,45,0,0,0,45,0,LECTURE,,GENERAL,1.0
MT1014,GIAI TICH 2 (BT),MT,,0,14,0,14,0,0,0,0,PRACTICAL,,GENERAL,1.0
MT1015,Đại số Tuyến tính,MT,,3,150,30,0,0,0,45,0,LECTURE,,GENERAL,1.0
MT1016,DAI SO TUYEN TINH (BT),MT,,0,14,0,14,0,0,0,0,PRACTICAL,,GENERAL,1.0
MT1017,Giải tích trong Kinh doa,MT,,3,150,30,0,0,0,45,0,LECTURE,,GENERAL,1.0
MT1018,GIAI TICH TROG K/D(THL),MT,,0,24,0,24,0,0,0,0,PRACTICAL,,GENERAL,1.0
MT1019,Giải tích 1 (CT Tiên tiế,MT,,4,200,45,0,0,0,45,0,LECTURE,,GENERAL,1.0
MT1020,GIAI TICH 1 (BT),MT,,0,14,0,14,0,0,0,0,PRACTICAL,,GENERAL,1.0
MT1021,Giải tích 2 (CT Tiên tiế,MT,,4,200,45,0,0,0,45,0,LECTURE,,GENERAL,1.0
MT1022,GIAI TICH 2 (BT),MT,,0,14,0,14,0,0,0,0,PRACTICAL,,GENERAL,1.0
MT1023,Cơ sở Phương trình Vi ph,MT,,3,150,30,0,0,0,45,0,LECTURE,,GENERAL,1.0
MT1024,CO SO PH/TRINH VIPHAN(BT,MT,,0,24,0,24,0,0,0,0,PRACTICAL,,GENERAL,1.0
MT2001,XAC SUAT VA THONG KE,MT,,3,68,30,14,0,0,24,0,LECTURE,MT2002,GENERAL,1.0
MT2002,XAC SUAT VA THONG KE (TH,MT,,0,14,0,14,0,0,0,0,PRACTICAL,,GENERAL,1.0
MT2005,Phương trình Toán lý và,MT,,3,150,30,0,0,0,45,0,LECTURE,MT2006,GENERAL,1.0
MT2006,PT TOAN LY & CS TUD(ThL),MT,,0,30,0,30,0,0,0,0,PRACTICAL,,GENERAL,1.0
MT2007,Giải tích 3,MT,,3,150,30,0,0,0,45,0,LECTURE,,GENERAL,1.0
MT2008,GIAI TICH 3(BT),MT,,0,30,0,30,0,0,0,0,PRACTICAL,,GENERAL,1.0
MT2009,Xác suất và Thống kê,MT,,4,200,45,0,0,0,45,0,LECTURE,,GENERAL,1.0
MT2011,Phương pháp tính,MT,,3,150,30,0,0,0,45,0,LECTURE,,GENERAL,1.0
MT2013,Xác suất và Thống kê,MT,,4,200,45,0,0,0,45,0,LECTURE,,GENERAL,1.0
MT2014,XAC SUAT VA THONG KE(BT),MT,,0,24,0,24,0,0,0,0,PRACTICAL,,GENERAL,1.0
MT2015,Xác suất và ?ng dụng kỹ,MT,,3,150,30,0,0,0,45,0,LECTURE,,GENERAL,1.0
P00001,TIENG ANH 1,P0,,7,105,105,0,0,0,0,0,LECTURE,,GENERAL,1.0
P00002,PHAP LUAT DAI CUONG,P0,,2,30,30,0,0,0,0,0,LECTURE,,GENERAL,1.0
P00003,MOI TRUONG,P0,,2,30,30,0,0,0,0,0,LECTURE,,GENERAL,1.0
P00004,TRIET HOC,P0,,5,75,75,0,0,0,0,0,LECTURE,,GENERAL,1.0
P00005,TOAN 1,P0,,8,165,75,90,0,0,0,0,LECTURE,,GENERAL,1.0
P00006,HINH HOA,P0,,2,375,225,15,0,0,0,0,LECTURE,,GENERAL,1.0
P00007,TIENG ANH 2,P0,,8,120,120,0,0,0,0,0,LECTURE,,GENERAL,1.0
P00008,K/TE CHINH TRI MAC-LENIN,P0,,5,75,75,0,0,0,0,0,LECTURE,,GENERAL,1.0
P00009,TOAN 2,P0,,7,150,60,90,0,0,0,0,LECTURE,,GENERAL,1.0
P00010,XAC SUAT THONG KE,P0,,4,825,375,45,0,0,0,0,LECTURE,,GENERAL,1.0
P00011,VAT LY 1,P0,,6,100,1005,0,0,0,0,0,LECTURE,,GENERAL,1.0
P00012,TIN HOC DAI CUONG,P0,,5,90,30,30,30,0,0,0,LECTURE,,GENERAL,1.0
P00013,THE DUC 1,P0,,0,30,0,30,0,0,0,0,PRACTICAL,,GENERAL,1.0
P00015,TIENG ANH 3,P0,,5,75,75,0,0,0,0,0,LECTURE,,GENERAL,1.0
P00016,TIENG PHAP 1,P0,,5,75,75,0,0,0,0,0,LECTURE,,GENERAL,1.0
P00017,TOAN 3,P0,,7,135,75,60,0,0,0,0,LECTURE,,GENERAL,1.0
P00018,VE KY THUAT,P0,,2,30,75,0,225,0,0,0,LECTURE,,GENERAL,1.0
P00019,VAT LY 2,P0,,6,90,90,0,0,0,0,0,LECTURE,,GENERAL,1.0
P00020,HOA HOC,P0,,6,91,54,30,7,0,0,0,LECTURE,,GENERAL,1.0
P00021,QUAN TRI HOC,P0,,4,60,60,0,0,0,0,0,LECTURE,,GENERAL,1.0
P00022,DIEN TU,P0,,3,39,18,24,5,0,0,0,LECTURE,,GENERAL,1.0
P00023,NHIET HOC&CO HOC CHATLUU,P0,,3,60,30,30,0,0,0,0,LECTURE,,GENERAL,1.0
P00024,LY THUYET DIEN,P0,,4,67,33,30,4,0,0,0,LECTURE,,GENERAL,1.0
P00025,VAT LY SONG,P0,,4,67,48,18,1,0,0,0,LECTURE,,GENERAL,1.0
P00026,CO HOC VAT RAN & SONG CO,P0,,3,52,33,18,1,0,0,0,LECTURE,,GENERAL,1.0
P00028,TRUYEN NHIET,P0,,1,15,12,3,0,0,0,0,LECTURE,,GENERAL,1.0
P00029,KINH TE DAI CUONG 1,P0,,1,15,15,0,0,0,0,0,LECTURE,,GENERAL,1.0
P00030,NHIET DONG HOC THONG KE,P0,,1,15,75,75,0,0,0,0,LECTURE,,GENERAL,1.0
P00031,"BD FOURIER,LAPLACE,HUHOA",P0,,2,30,27,3,0,0,0,0,LECTURE,,GENERAL,1.0
P00033,DAMH AM HOC,P0,,1,15,75,75,0,0,0,0,LECTURE,,GENERAL,1.0
P00034,DTU HOC TUONG TU&UNGDUNG,P0,,3,425,30,75,5,0,0,0,LECTURE,,GENERAL,1.0
P00035,GIAI TICH SO &TOI UU HOA,P0,,2,30,24,6,0,0,0,0,LECTURE,,GENERAL,1.0
P00036,MACH & NANG LUONG DIEN,P0,,2,29,195,75,2,0,0,0,LECTURE,,GENERAL,1.0
P00037,CON NGUOI & MOI TRUONG,P0,,1,15,15,0,0,0,0,0,LECTURE,,GENERAL,1.0
P00038,THIET BI & CAM BIEN,P0,,2,285,18,75,3,0,0,0,LECTURE,,GENERAL,1.0
P00039,COHOC DC &CH MTR LIENTUC,P0,,3,44,30,12,2,0,0,0,LECTURE,,GENERAL,1.0
P00040,LICH SU DANG CS VIET NAM,P0,,4,60,60,0,0,0,0,0,LECTURE,,GENERAL,1.0
P00041,HAM BIEN PHUC &DSO MTRAN,P0,,2,30,24,6,0,0,0,0,LECTURE,,GENERAL,1.0
P00043,KINH TE DAI CUONG 2,P0,,1,15,15,0,0,0,0,0,LECTURE,,GENERAL,1.0
P00044,KY THUAT VAT LIEU,P0,,2,29,27,0,2,0,0,0,LECTURE,,GENERAL,1.0
P00045,CN XA HOI KHOA HOC,P0,,4,60,60,0,0,0,0,0,LECTURE,,GENERAL,1.0
P00046,BIEN DOI T/HIEU SO&UDUNG,P0,,2,30,255,45,0,0,0,0,LECTURE,,GENERAL,1.0
P00047,PT THIET KE HUONG DTUONG,P0,,1,15,15,0,0,0,0,0,LECTURE,,GENERAL,1.0
P00048,TD HOA & D/KHIEN TOI UU,P0,,2,30,255,45,0,0,0,0,LECTURE,,GENERAL,1.0
P00049,SINH THAI CONG NGHIEP,P0,,1,15,15,0,0,0,0,0,LECTURE,,GENERAL,1.0
P00050,NGUYEN LY HOA CONGNGHIEP,P0,,2,225,15,75,0,0,0,0,LECTURE,,GENERAL,1.0
P00051,MACH TU & MAY BIEN THE,P0,,2,285,18,75,3,0,0,0,LECTURE,,GENERAL,1.0
P00052,TUONG TU & CAC MO HINH,P0,,1,15,15,0,0,0,0,0,LECTURE,,GENERAL,1.0
P00053,PPHAP THONG KE &PTICH DL,P0,,1,15,105,45,0,0,0,0,LECTURE,,GENERAL,1.0
P00054,PHEP TINH HINH THUC & UD,P0,,1,13,105,0,3,0,0,0,LECTURE,,GENERAL,1.0
P00055,CO HOC CHAT LONG & UDUNG,P0,,2,30,18,9,3,0,0,0,LECTURE,,GENERAL,1.0
P00057,CONG CU & MH HOA BANG SO,P0,,1,15,75,75,0,0,0,0,LECTURE,,GENERAL,1.0
P00058,THE DUC 4,P0,,2,30,0,0,30,0,0,0,LAB,,GENERAL,1.0
P00059,TIENG PHAP 2,P0,,5,75,75,0,0,0,0,0,LECTURE,,GENERAL,1.0
P00060,SUC BEN VAT LIEU,P0,,4,555,405,15,0,0,0,0,LECTURE,,GENERAL,1.0
P00061,"BUC XA,BAO BOC,GIAO THOA",P0,,1,15,15,0,0,0,0,0,LECTURE,,GENERAL,1.0
P00062,BSUNG VE DIEN TU TUONGTU,P0,,3,45,45,0,0,0,0,0,LECTURE,,GENERAL,1.0
P00063,PHAN TICH CAC HE T/TINH,P0,,3,45,375,75,0,0,0,0,LECTURE,,GENERAL,1.0
P00064,"TU DONG HOA,KTRA &DKHIEN",P0,,4,60,60,0,0,0,0,0,LECTURE,,GENERAL,1.0
P00065,NANG LUONG TAI TAO,P0,,1,15,15,0,0,0,0,0,LECTURE,,GENERAL,1.0
P00066,BDIEN &XLY T/HIEU NNHIEN,P0,,3,45,45,0,0,0,0,0,LECTURE,,GENERAL,1.0
P00067,XLY CAC TINHIEU TGTU &SO,P0,,3,45,45,0,0,0,0,0,LECTURE,,GENERAL,1.0
P00068,SU PHAN PHOI DIEN NANG,P0,,1,15,15,0,0,0,0,0,LECTURE,,GENERAL,1.0
P00069,CAC KTHUAT & TTUC CAIDAT,P0,,1,15,15,0,0,0,0,0,LECTURE,,GENERAL,1.0
P00070,CAC UDUNG CNG CUA DNANG,P0,,2,30,30,0,0,0,0,0,LECTURE,,GENERAL,1.0
P00071,"HOPDONG,THTRUONG &TCHUAN",P0,,1,15,15,0,0,0,0,0,LECTURE,,GENERAL,1.0
P00072,DAMH MO PHONG-DU ANTHOC,P0,,2,30,30,0,0,0,0,0,LECTURE,,GENERAL,1.0
P00073,BAO HO SANG CHE,P0,,1,15,15,0,0,0,0,0,LECTURE,,GENERAL,1.0
P00074,TIENG PHAP 2,P0,,5,45,45,0,0,0,0,0,LECTURE,,GENERAL,1.0
P00075,XU LY TIN HIEU,P0,,2,30,30,0,0,0,0,0,LECTURE,,GENERAL,1.0
P00076,MANG MAY TINH,P0,,3,45,45,0,0,0,0,0,LECTURE,,GENERAL,1.0
P00077,CAC HE THOI GIAN THUC 1,P0,,1,15,15,0,0,0,0,0,LECTURE,,GENERAL,1.0
P00078,THIET BI KHOI DONG DIEN,P0,,2,21,21,0,0,0,0,0,LECTURE,,GENERAL,1.0
P00079,CSO DULIEU &CAC HE THTIN,P0,,2,30,30,0,0,0,0,0,LECTURE,,GENERAL,1.0
P00080,CAC HE DC TDONGTT&PTUYEN,P0,,3,45,45,0,3,0,0,0,LECTURE,,GENERAL,1.0
P00081,CHE TAO,P0,,2,30,30,0,0,0,0,0,LECTURE,,GENERAL,1.0
P00082,THE DUC 3,P0,,0,30,0,0,30,0,0,0,LAB,,GENERAL,1.0
P00083,AN MON & CHONG AN MON 2,P0,,1,15,15,0,0,0,0,0,LECTURE,,GENERAL,1.0
P00084,TR/DONG THUY LUC &KHINEN,P0,,2,30,30,0,0,0,0,0,LECTURE,,GENERAL,1.0
P00085,CTRUC NGUOI MAY LT DUOC,P0,,2,30,30,0,0,0,0,0,LECTURE,,GENERAL,1.0
P00086,THIET BI KHOIDONG THMINH,P0,,1,15,15,0,0,0,0,0,LECTURE,,GENERAL,1.0
P00087,CAC CTRUCHK-C/HOC PHAHUY,P0,,1,15,15,0,0,0,0,0,LECTURE,,GENERAL,1.0
P00088,TINH TOAN SO CAC CAUTRUC,P0,,3,45,45,0,0,0,0,0,LECTURE,,GENERAL,1.0
P00089,PHAN TICH GIATRI &CLUONG,P0,,1,15,15,0,0,0,0,0,LECTURE,,GENERAL,1.0
P00090,HU HONG & PHA HUY 1,P0,,1,15,15,0,0,0,0,0,LECTURE,,GENERAL,1.0
P00091,PHAN TU DAN HUONG 1,P0,,1,15,15,0,0,0,0,0,LECTURE,,GENERAL,1.0
P00092,TINH DAN HOI KHI DONGHOC,P0,,2,30,30,0,0,0,0,0,LECTURE,,GENERAL,1.0
P00093,THE DUC 2,P0,,0,30,0,0,30,0,0,0,LAB,,GENERAL,1.0
P00094,DONG CO & BO DAN TIEN,P0,,2,30,30,0,0,0,0,0,LECTURE,,GENERAL,1.0
P00095,DIEN TU HANG KHONG,P0,,2,30,30,0,0,0,0,0,LECTURE,,GENERAL,1.0
P00096,LUA CHON VAT LIEU,P0,,1,15,15,0,0,0,0,0,LECTURE,,GENERAL,1.0
P00097,THIET KE MAY DIENQUAY CS,P0,,1,15,15,0,0,0,0,0,LECTURE,,GENERAL,1.0
P00098,CAC CONG TRINH VE DIEN,P0,,1,15,15,0,0,0,0,0,LECTURE,,GENERAL,1.0
P00099,THIET KE LUOI DIEN(DAMH),P0,,3,45,0,45,0,0,0,0,PRACTICAL,,GENERAL,1.0
P00100,CAC HE THOI GIAN THUC 2,P0,,1,15,15,0,0,0,0,0,LECTURE,,GENERAL,1.0
P00101,THIET BI KHOI DONG DIEN2,P0,,2,24,24,0,0,0,0,0,LECTURE,,GENERAL,1.0
P00102,CAC PHUONG PHAP GIA CONG,P0,,1,15,15,0,0,0,0,0,LECTURE,,GENERAL,1.0
P00103,CAC PHUONG PHAP TAO DANG,P0,,1,15,15,0,0,0,0,0,LECTURE,,GENERAL,1.0
P00104,PHAN TU DAN HUONG 2,P0,,1,15,15,0,0,0,0,0,LECTURE,,GENERAL,1.0
P00105,VAT LY SONG,P0,,4,54,54,0,0,0,0,0,LECTURE,,GENERAL,1.0
P00106,LY THUYET DIEN,P0,,4,60,45,0,15,0,0,0,LECTURE,,GENERAL,1.0
P00107,PHUONG PHAP TINH,P0,,3,60,30,15,15,0,0,0,LECTURE,,GENERAL,1.0
P00108,PHAP VAN A1 (TU CHON),P0,,3,45,45,0,0,0,0,0,LECTURE,,GENERAL,1.0
P00109,PHAP VAN A2 (TU CHON),P0,,3,45,45,0,0,0,0,0,LECTURE,,GENERAL,1.0
P00110,PHAP VAN A3 (TU CHON),P0,,0,45,45,0,0,0,0,0,LECTURE,,GENERAL,1.0
P00111,PHAP VAN A4 (TU CHON),P0,,0,45,45,0,0,0,0,0,LECTURE,,GENERAL,1.0
P00112,KINH TE VI MO-QL KE TOAN,P0,,1,30,30,0,0,0,0,0,LECTURE,,GENERAL,1.0
P00113,KT VI MO-CH/LUOC & TCXN,P0,,1,15,15,0,0,0,0,0,LECTURE,,GENERAL,1.0
P00114,QUAN LY SAN XUAT,P0,,2,30,30,0,0,0,0,0,LECTURE,,GENERAL,1.0
P00116,CO HOC LUU CHAT THUC,P0,,2,30,30,0,0,0,0,0,LECTURE,,GENERAL,1.0
P00117,CO HOC CAC CAU TRUC,P0,,3,45,45,0,0,0,0,0,LECTURE,,GENERAL,1.0
P00118,DAO DONG 1,P0,,1,15,15,0,0,0,0,0,LECTURE,,GENERAL,1.0
P00119,CO KHI DAI CUONG,P0,,2,30,30,0,0,0,0,0,LECTURE,,GENERAL,1.0
P00120,TR/DONG CK CSUAT LON 1,P0,,1,15,15,0,0,0,0,0,LECTURE,,GENERAL,1.0
P00121,CAC HE DIEU KHIEN 1,P0,,1,15,15,0,0,0,0,0,LECTURE,,GENERAL,1.0
P00122,NGON NGU LTRINHTIEN TIEN,P0,,1,15,15,0,0,0,0,0,LECTURE,,GENERAL,1.0
P00125,CAC HE DIEU KHIEN 2,P0,,2,30,30,0,0,0,0,0,LECTURE,,GENERAL,1.0
P00126,TCHAT CAC VL TIEN TIEN,P0,,2,30,30,0,0,0,0,0,LECTURE,,GENERAL,1.0
P00127,HU HONG & PHA HUY 2,P0,,2,30,30,0,0,0,0,0,LECTURE,,GENERAL,1.0
P00129,DONG LUC HOC HK CO BAN,P0,,2,30,30,0,0,0,0,0,LECTURE,,GENERAL,1.0
P00130,CO HOC BAY,P0,,2,30,30,0,0,0,0,0,LECTURE,,GENERAL,1.0
P00131,SU CHAY,P0,,1,15,15,0,0,0,0,0,LECTURE,,GENERAL,1.0
P00132,DIEU BIEN TT & DBIEN SO,P0,,3,45,45,0,0,0,0,0,LECTURE,,GENERAL,1.0
P00133,CAC TINH CHAT PHO,P0,,2,30,30,0,0,0,0,0,LECTURE,,GENERAL,1.0
P00134,DTU HOC CAC MACH LOGIC,P0,,3,45,45,0,0,0,0,0,LECTURE,,GENERAL,1.0
P00135,CS DT HOC CONG SUAT LON,P0,,3,45,45,0,0,0,0,0,LECTURE,,GENERAL,1.0
P00136,CAC L/KIEN & SU LAP RAP,P0,,2,30,30,0,0,0,0,0,LECTURE,,GENERAL,1.0
P00137,CAC MAY DIEN 1CHIEU &XC,P0,,2,30,30,0,0,0,0,0,LECTURE,,GENERAL,1.0
P00138,CAC BO BIEN DOI TINH,P0,,1,15,15,0,0,0,0,0,LECTURE,,GENERAL,1.0
P00139,NGUYEN LY BIEN DICH &LT,P0,,3,45,45,0,0,0,0,0,LECTURE,,GENERAL,1.0
P00140,"KTRUC CAC HTTH& MANG,VXL",P0,,3,45,45,0,0,0,0,0,LECTURE,,GENERAL,1.0
P00141,SAN XUAT NANG LUONG DIEN,P0,,2,30,30,0,0,0,0,0,LECTURE,,GENERAL,1.0
P00142,BT TIN HOC DAI CUONG,P0,,0,30,0,0,30,0,0,0,LAB,,GENERAL,1.0
P00144,BT HOA,P0,,0,7,0,0,7,0,0,0,LAB,,GENERAL,1.0
P00145,BT TOAN 3,P0,,0,60,0,60,0,0,0,0,PRACTICAL,,GENERAL,1.0
P00146,CAU TRUC DU LIEU NANGCAO,P0,,2,30,24,6,0,0,0,0,LECTURE,,GENERAL,1.0
P00147,TKE BG MTINH-TK CT BG MT,P0,,3,45,45,0,0,0,0,0,LECTURE,,GENERAL,1.0
P00148,CH/NANG CAC HTHONG TRTAI,P0,,3,425,30,75,5,0,0,0,LECTURE,,GENERAL,1.0
P00149,SAN XUAT DIEN NANG,P0,,3,425,30,75,5,0,0,0,LECTURE,,GENERAL,1.0
P00150,LY THUYET VE KHI CU DIEN,P0,,3,425,225,15,5,0,0,0,LECTURE,,GENERAL,1.0
P00152,MO HINH HOA & SU CO,P0,,3,45,30,15,0,0,0,0,LECTURE,,GENERAL,1.0
P00153,DKHIEN DOGCO DIEN 1CHIEU,P0,,3,425,30,75,5,0,0,0,LECTURE,,GENERAL,1.0
P00154,KHI CU DIEN,P0,,3,40,30,0,10,0,0,0,LECTURE,,GENERAL,1.0
P00155,BO BIEN DOI CONG SUAT,P0,,3,425,30,75,5,0,0,0,LECTURE,,GENERAL,1.0
P00156,TINH TOAN CAC LUOI DIEN,P0,,3,425,30,75,5,0,0,0,LECTURE,,GENERAL,1.0
P00157,DIEU KHIEN CAC MAY DIEN,P0,,3,425,30,75,5,0,0,0,LECTURE,,GENERAL,1.0
P00158,CAC HE TRUYEN THONG,P0,,3,45,405,45,0,0,0,0,LECTURE,,GENERAL,1.0
P00159,QUANG DIEN TU HOC,P0,,3,435,375,3,3,0,0,0,LECTURE,,GENERAL,1.0
P00160,DTU HOC TAN SO VO TUYEN,P0,,2,285,21,45,3,0,0,0,LECTURE,,GENERAL,1.0
P00161,KENH TRUYEN RADIOMOBILE,P0,,2,30,27,3,0,0,0,0,LECTURE,,GENERAL,1.0
P00162,DTU HOC DV CAC SONG VIBA,P0,,2,29,225,45,2,0,0,0,LECTURE,,GENERAL,1.0
P00163,MA HOA & TRUYEN BG KT SO,P0,,2,285,255,0,3,0,0,0,LECTURE,,GENERAL,1.0
P00164,MANG DIGITAL,P0,,2,29,27,0,2,0,0,0,LECTURE,,GENERAL,1.0
P00165,"LT TH/TIN,MA HOA TRTHONG",P0,,2,30,225,75,0,0,0,0,LECTURE,,GENERAL,1.0
P00166,KHUYECH DAI SONG VI BA,P0,,1,15,13,2,0,0,0,0,LECTURE,,GENERAL,1.0
P00167,CAC KY THUAT VI BA,P0,,2,275,18,45,5,0,0,0,LECTURE,,GENERAL,1.0
P00168,TR/SONG VT DIEN & ANTEN,P0,,3,425,30,75,5,0,0,0,LECTURE,,GENERAL,1.0
P00169,TONG HOP TAN SO,P0,,1,15,15,0,0,0,0,0,LECTURE,,GENERAL,1.0
P00170,THU TRONG TRUYEN THONGSO,P0,,2,30,255,45,0,0,0,0,LECTURE,,GENERAL,1.0
P00171,XL SO TIN HIEU &HINH ANH,P0,,1,15,13,0,2,0,0,0,LECTURE,,GENERAL,1.0
P00172,XU LY THONG KE TIN HIEU,P0,,2,30,24,6,0,0,0,0,LECTURE,,GENERAL,1.0
P00173,VAT LIEU HANG KHONG,P0,,2,30,14,12,4,0,0,0,LECTURE,,GENERAL,1.0
P00174,MAY BAY TRUC THANG,P0,,3,45,21,18,6,0,0,0,LECTURE,,GENERAL,1.0
P00175,PP SO TRONG COHOC CHLONG,P0,,3,45,21,18,6,0,0,0,LECTURE,,GENERAL,1.0
P00176,DONG CO & THIET BI DAY 2,P0,,3,45,21,18,6,0,0,0,LECTURE,,GENERAL,1.0
P00177,MAY CANHDAN &MAYTL TTICH,P0,,4,60,28,24,8,0,0,0,LECTURE,,GENERAL,1.0
P00178,KHI DONGLUCHOC CHUYENSAU,P0,,2,30,14,12,4,0,0,0,LECTURE,,GENERAL,1.0
P00179,CO HOC BAY 2,P0,,2,30,14,12,4,0,0,0,LECTURE,,GENERAL,1.0
P00180,BAO DUONG HANG KHONG,P0,,3,45,21,18,6,0,0,0,LECTURE,,GENERAL,1.0
P00181,THIET KE MAY BAY,P0,,3,45,21,18,6,0,0,0,LECTURE,,GENERAL,1.0
P00182,LUAT HANG KHONG,P0,,2,30,14,12,4,0,0,0,LECTURE,,GENERAL,1.0
P00183,CAC HE THONG TREN MAYBAY,P0,,3,45,21,18,6,0,0,0,LECTURE,,GENERAL,1.0
P00184,KHAI THAC & QLY MAY BAY,P0,,2,30,30,0,0,0,0,0,LECTURE,,GENERAL,1.0
P00185,DK CAC COCAU THUAHANH TM,P0,,4,52,225,15,45,0,0,0,LECTURE,,GENERAL,1.0
P00186,TN DK CAC CCAU THHANH TM,P0,,2,45,0,0,45,0,0,0,LAB,,GENERAL,1.0
P00187,KTHUC VE CAC XINGHIEP CN,P0,,1,15,15,0,0,0,0,0,LECTURE,,GENERAL,1.0
P00188,CAC CAM BIEN,P0,,2,30,30,0,0,0,0,0,LECTURE,,GENERAL,1.0
P00189,KY THUAT ROBOT,P0,,6,80,30,30,60,0,0,0,LECTURE,,GENERAL,1.0
P00190,CAC CO CAU THUA HANH,P0,,2,25,15,0,30,0,0,0,LECTURE,,GENERAL,1.0
P00191,THIET KE HE THONG CDTU,P0,,6,85,375,375,30,0,0,0,LECTURE,,GENERAL,1.0
P00192,TH THIET KE HE THONG,P0,,2,30,0,0,30,0,0,0,LAB,,GENERAL,1.0
P00193,TIN HOC,P0,,3,45,30,15,0,0,0,0,LECTURE,,GENERAL,1.0
P00194,THUC HANH TIN HOC,P0,,2,60,0,0,60,0,0,0,LAB,,GENERAL,1.0
P00197,TC VAT LIEU TIEN TIEN 2,P0,,1,15,15,0,0,0,0,0,LECTURE,,GENERAL,1.0
P00198,BO CHAP HANH DIEN 1,P0,,1,15,15,0,0,0,0,0,LECTURE,,GENERAL,1.0
P00199,BO CHAP HANH DIEN 2,P0,,1,15,15,0,0,0,0,0,LECTURE,,GENERAL,1.0
P00200,THIET BI DIEN,P0,,1,15,15,0,0,0,0,0,LECTURE,,GENERAL,1.0
P00201,DIEN HOC,P0,,4,60,60,0,0,0,0,0,LECTURE,,GENERAL,1.0
P00202,CO HOC VAT RAN & SONG CO,P0,,3,51,51,0,0,0,0,0,LECTURE,,GENERAL,1.0
P00203,DELF A4,P0,,3,45,45,0,0,0,0,0,LECTURE,,GENERAL,1.0
P00204,TIENG PHAP 4 (TU CHON),P0,,0,45,45,0,0,0,0,0,LECTURE,,GENERAL,1.0
P00205,NHIETHOC & COHOC CHATLUU,P0,,3,60,60,0,0,0,0,0,LECTURE,,GENERAL,1.0
P00207,CAC CAUTRUC HK-COHOC P/H,P0,,1,15,15,0,0,0,0,0,LECTURE,,GENERAL,1.0
P00208,BO CHAP HANH THONG MINH,P0,,1,15,15,0,0,0,0,0,LECTURE,,GENERAL,1.0
P00209,TIENG PHAP 5 (TU CHON),P0,,0,45,45,0,0,0,0,0,LECTURE,,GENERAL,1.0
P00210,TIEN HANH THUC NGHIEM,P0,,2,30,30,0,0,0,0,0,LECTURE,,GENERAL,1.0
P00214,P/TICH CAC HE TUYEN TINH,P0,,3,45,45,0,0,0,0,0,LECTURE,,GENERAL,1.0
P00215,MIP(TPHAP HNHAP NNGHIEP),P0,,1,20,20,0,0,0,0,0,LECTURE,,GENERAL,1.0
P00216,TIENG PHAP 3,P0,,10,150,150,0,0,0,0,0,LECTURE,,GENERAL,1.0
P00217,RDM,P0,,4,585,405,15,3,0,0,0,LECTURE,,GENERAL,1.0
P00218,T/CHAT VAT LIEU T/TIEN 3,P0,,1,15,15,0,0,0,0,0,LECTURE,,GENERAL,1.0
P00219,HOA HOC VAT LIEU,P0,,3,45,45,0,0,0,0,0,LECTURE,,GENERAL,1.0
P00220,VAT LY HOC V/LIEU T/TIEN,P0,,3,45,45,0,0,0,0,0,LECTURE,,GENERAL,1.0
P00221,NANG LUONG MOI,P0,,1,15,15,0,0,0,0,0,LECTURE,,GENERAL,1.0
P00222,HU HONG VA PHA HUY 1,P0,,1,15,15,0,0,0,0,0,LECTURE,,GENERAL,1.0
P00227,HE THONG NANG LUONG,P0,,3,45,45,0,0,0,0,0,LECTURE,,GENERAL,1.0
P00228,HOA LY,P0,,2,30,30,0,0,0,0,0,LECTURE,,GENERAL,1.0
P00229,VAT LY CHAT RAN,P0,,2,30,30,0,0,0,0,0,LECTURE,,GENERAL,1.0
P00230,TINH THE HOC,P0,,2,30,30,0,0,0,0,0,LECTURE,,GENERAL,1.0
P00231,TONG HOP TAN SO,P0,,1,15,15,0,0,0,0,0,LECTURE,,GENERAL,1.0
P00232,D/TU HOC TAN SO VO TUYEN,P0,,2,30,26,0,9,0,0,0,LECTURE,,GENERAL,1.0
P00233,CAC KY THUAT VI BA,P0,,2,30,26,0,9,0,0,0,LECTURE,,GENERAL,1.0
P00234,KHUECH DAI SONG VI BA,P0,,1,15,15,0,0,0,0,0,LECTURE,,GENERAL,1.0
P00235,LINH KIEN DIEN TU VI BA,P0,,2,30,30,0,0,0,0,0,LECTURE,,GENERAL,1.0
P00236,ANTEN VA TRUYEN SONG VTD,P0,,2,30,28,0,3,0,0,0,LECTURE,,GENERAL,1.0
P00237,QUANG DIEN TU,P0,,3,45,45,0,3,0,0,0,LECTURE,,GENERAL,1.0
P00238,CAC HE TRUYEN THONG,P0,,2,30,30,0,0,0,0,0,LECTURE,,GENERAL,1.0
P00239,LY THUYET T/HIEU& MA HOA,P0,,2,30,30,0,0,0,0,0,LECTURE,,GENERAL,1.0
P00240,XU LY THONG KE TIN HIEU,P0,,2,30,30,0,0,0,0,0,LECTURE,,GENERAL,1.0
P00241,XU LY SO H/ANH &AM THANH,P0,,2,30,26,0,12,0,0,0,LECTURE,,GENERAL,1.0
P00242,THU TRONG TRUYEN THONGSO,P0,,3,45,45,0,0,0,0,0,LECTURE,,GENERAL,1.0
P00243,THONG TIN DU LIEU & MANG,P0,,4,45,30,0,6,0,0,0,LECTURE,,GENERAL,1.0
P00244,THONG TIN DI DONG,P0,,2,30,30,0,0,0,0,0,LECTURE,,GENERAL,1.0
P00245,HU HONG & GAY VO CUA VL,P0,,2,30,30,0,0,0,0,0,LECTURE,,GENERAL,1.0
P00246,KY THUAT PHAN TICH HOALY,P0,,3,45,45,0,0,0,0,0,LECTURE,,GENERAL,1.0
P00247,KIEM TRA KHONG PHA HUY,P0,,2,30,30,0,0,0,0,0,LECTURE,,GENERAL,1.0
P00248,THPT CTRUC &TCVLY CUA VL,P0,,2,30,0,0,30,0,0,0,LAB,,GENERAL,1.0
P00249,VAT LIEU COMPOSIT,P0,,2,30,21,9,0,0,0,0,LECTURE,,GENERAL,1.0
P00250,"V/LIEU BD, DD, CACH DIEN",P0,,2,30,24,6,0,0,0,0,LECTURE,,GENERAL,1.0
P00251,VAT LIEU SIEU DAN T/TIEN,P0,,2,30,24,0,6,0,0,0,LECTURE,,GENERAL,1.0
P00252,VL L/KIEN DIEN TU &Q/HOC,P0,,2,30,30,0,0,0,0,0,LECTURE,,GENERAL,1.0
P00253,VAT LIEU MANG MONG,P0,,2,30,30,0,0,0,0,0,LECTURE,,GENERAL,1.0
P00254,V/LIEU NANO &VL SINH HOC,P0,,2,30,30,0,0,0,0,0,LECTURE,,GENERAL,1.0
P00255,N/MON V/LY L/KIEN &VI DT,P0,,2,30,21,9,0,0,0,0,LECTURE,,GENERAL,1.0
P00256,VL &QT IN ANH LITO &KHAC,P0,,2,30,21,9,0,0,0,0,LECTURE,,GENERAL,1.0
P00257,THUC HANH MO PHONG,P0,,2,30,0,0,30,0,0,0,LAB,,GENERAL,1.0
P00258,"VI HT:LT, TKE & UNG DUNG",P0,,3,45,30,15,0,0,0,0,LECTURE,,GENERAL,1.0
P00259,C/NGHE C/BAN C/TAO VI HT,P0,,2,30,21,9,0,0,0,0,LECTURE,,GENERAL,1.0
P00260,TH C/NGHE CHE TAO VI HT,P0,,2,30,0,0,30,0,0,0,LAB,,GENERAL,1.0
P00261,VI DAU DO,P0,,3,45,30,15,0,0,0,0,LECTURE,,GENERAL,1.0
P00262,LINH KIEN QUANG TU,P0,,2,30,21,9,0,0,0,0,LECTURE,,GENERAL,1.0
P00263,TIENG PHAP 6 (TU CHON),P0,,0,45,45,0,0,0,0,0,LECTURE,,GENERAL,1.0
P00264,TIENG PHAP 7 (TU CHON),P0,,0,45,45,0,0,0,0,0,LECTURE,,GENERAL,1.0
P00265,TIENG PHAP 8 (TU CHON),P0,,0,45,45,0,0,0,0,0,LECTURE,,GENERAL,1.0
PE1003,GIAO DUC THE CHAT 1,PE,,0,30,8,0,22,0,0,0,LECTURE,,GENERAL,1.0
PE1005,GIAO DUC THE CHAT 2,PE,,0,30,8,0,22,0,0,0,LECTURE,,GENERAL,1.0
PE1007,GIAO DUC THE CHAT 3,PE,,0,30,8,0,22,0,0,0,LECTURE,,GENERAL,1.0
PE1009,BONG DA (HOC PHAN 1),PE,,0,45,0,0,45,0,0,0,LAB,,GENERAL,1.0
PE1011,BONG CHUYEN (HOC PHAN 1),PE,,0,45,0,0,45,0,0,0,LAB,,GENERAL,1.0
PE1013,BONG BAN (HOC PHAN 1),PE,,0,45,0,0,45,0,0,0,LAB,,GENERAL,1.0
PE1015,BONG RO (HOC PHAN 1),PE,,0,45,0,0,45,0,0,0,LAB,,GENERAL,1.0
PE1017,CAU LONG (HOC PHAN 1),PE,,0,45,0,0,45,0,0,0,LAB,,GENERAL,1.0
PE1019,BOI (HOC PHAN 1),PE,,0,45,0,0,45,0,0,0,LAB,,GENERAL,1.0
PE1021,AEROBIC (HOC PHAN 1),PE,,0,45,0,0,45,0,0,0,LAB,,GENERAL,1.0
PE1023,"VO(VOVI.,KAR.,TAEW.)(HP1",PE,,0,45,0,0,45,0,0,0,LAB,,GENERAL,1.0
PE1025,DIEN KINH (HOC PHAN 1),PE,,0,45,0,0,45,0,0,0,LAB,,GENERAL,1.0
PE1027,QUAN VOT (HOC PHAN 1),PE,,0,45,0,0,45,0,0,0,LAB,,GENERAL,1.0
PE1029,GIAO DUC THE CHAT 1,PE,,0,45,0,0,45,0,0,0,LAB,,GENERAL,1.0
PE1031,GIAO DUC THE CHAT 2,PE,,0,45,0,0,45,0,0,0,LAB,,GENERAL,1.0
PE1033,BONG DA (HOC PHAN 2),PE,,0,45,0,0,45,0,0,0,LAB,,GENERAL,1.0
PE1035,BONG CHUYEN (HOC PHAN 2),PE,,0,45,0,0,45,0,0,0,LAB,,GENERAL,1.0
PE1037,BONG BAN (HOC PHAN 2),PE,,0,45,0,0,45,0,0,0,LAB,,GENERAL,1.0
PE1039,BONG RO (HOC PHAN 2),PE,,0,45,0,0,45,0,0,0,LAB,,GENERAL,1.0
PE1041,CAU LONG (HOC PHAN 2),PE,,0,45,0,0,45,0,0,0,LAB,,GENERAL,1.0
PE1043,BOI (HOC PHAN 2),PE,,0,45,0,0,45,0,0,0,LAB,,GENERAL,1.0
PE1045,AEROBIC (HOC PHAN 2),PE,,0,45,0,0,45,0,0,0,LAB,,GENERAL,1.0
PE1047,"VO(VOVI.,KAR.,TAEW.)(HP2",PE,,0,45,0,0,45,0,0,0,LAB,,GENERAL,1.0
PE1049,DIEN KINH (HOC PHAN 2),PE,,0,45,0,0,45,0,0,0,LAB,,GENERAL,1.0
PE1051,QUAN VOT (HOC PHAN 2),PE,,0,45,0,0,45,0,0,0,LAB,,GENERAL,1.0
PE1053,CO VUA (HOC PHAN 1),PE,,0,45,0,0,45,0,0,0,LAB,,GENERAL,1.0
PE1055,CO VUA (HOC PHAN 2),PE,,0,45,0,0,45,0,0,0,LAB,,GENERAL,1.0
PE1057,BOWLING (HOC PHAN 1),PE,,0,45,0,0,45,0,0,0,LAB,,GENERAL,1.0
PE1059,BOWLING (HOC PHAN 2),PE,,0,45,0,0,45,0,0,0,LAB,,GENERAL,1.0
PE1061,PICKLEBALL (HOC PHAN 1),PE,,0,45,0,0,45,0,0,0,LAB,,GENERAL,1.0
PE1063,PICKLEBALL (HOC PHAN 2),PE,,0,45,0,0,45,0,0,0,LAB,,GENERAL,1.0
PH0001,VAT LY CAN BAN,PH,,0,30,30,0,0,0,0,0,LECTURE,,GENERAL,1.0
PH1003,Vật lý 1,PH,,4,200,45,0,0,0,45,0,LECTURE,,GENERAL,1.0
PH1004,VAT LY 1 (BT),PH,,0,14,0,14,0,0,0,0,PRACTICAL,,GENERAL,1.0
PH1005,Vật lý 2,PH,,4,200,45,0,0,0,45,0,LECTURE,,GENERAL,1.0
PH1006,VAT LY 2 (BT),PH,,0,14,0,14,0,0,0,0,PRACTICAL,,GENERAL,1.0
PH1007,Thí nghiệm Vật lý,PH,,1,50,0,0,30,0,0,0,LAB,,GENERAL,1.0
PH1009,Vật lý 1,PH,,4,200,45,14,0,0,24,0,LECTURE,PH1010,GENERAL,1.0
PH1010,VAT LY 1(BT),PH,,0,14,0,14,0,0,0,0,PRACTICAL,,GENERAL,1.0
PH1011,Vật lý - Cơ Học,PH,,4,200,45,0,0,0,45,0,LECTURE,,GENERAL,1.0
PH1013,"Vật lý - Nhiệt, Lượng tử",PH,,3,150,30,0,0,0,45,0,LECTURE,,GENERAL,1.0
PH2001,Cơ sở Kỹ thuật Y sinh,PH,,3,150,30,0,0,0,45,0,LECTURE,,GENERAL,1.0
PH2002,CO SO KY THUAT Y SINH(BT,PH,,0,24,0,24,0,0,0,0,PRACTICAL,,GENERAL,1.0
PH2003,Tin học Vật lý Kỹ thuật,PH,,3,150,30,0,20,0,15,0,LECTURE,PH2004,GENERAL,1.0
PH2004,TIN HOC VATLY KTHUAT(TN),PH,,0,20,0,0,20,0,0,0,LAB,,GENERAL,1.0
PH2005,Vật lý 2,PH,,4,200,45,14,0,0,24,0,LECTURE,PH2006,GENERAL,1.0
PH2006,VAT LY 2 (BT),PH,,0,14,0,14,0,0,0,0,PRACTICAL,,GENERAL,1.0
PH2007,Thí nghiệm Vật lý,PH,,1,50,0,0,30,0,0,0,LAB,,GENERAL,1.0
SA0001,SINH HOAT SINH VIEN,SA,,0,30,0,30,0,0,0,0,PRACTICAL,,GENERAL,1.0
SA0002,SINH HOAT SINH VIEN,SA,,0,30,0,30,0,0,0,0,PRACTICAL,,GENERAL,1.0
SA0003,SINH HOAT SINH VIEN,SA,,0,30,0,30,0,0,0,0,PRACTICAL,,GENERAL,1.0
SK1001,Kỹ năng Giao tiếp hiệu q,SK,,1,50,15,0,0,0,0,0,LECTURE,,GENERAL,1.0
SK1003,Kỹ năng Quản lý bản thân,SK,,1,50,15,0,0,0,0,0,LECTURE,,GENERAL,1.0
SK2001,Kỹ năng Tư duy khoa học,SK,,1,50,15,0,0,0,0,0,LECTURE,,GENERAL,1.0
SK3001,"Kỹ năng Viết đề án, báo",SK,,1,50,15,0,0,0,0,0,LECTURE,,GENERAL,1.0
SP0001,CHINH TRI - XA HOI,SP,,6,90,90,0,0,0,0,0,LECTURE,,GENERAL,1.0
SP0003,CHINH TRI - XA HOI 1,SP,,3,45,45,0,0,0,0,0,LECTURE,,GENERAL,1.0
SP0005,CHINH TRI - XA HOI 2,SP,,3,45,45,0,0,0,0,0,LECTURE,,GENERAL,1.0
SP1003,NHUNG NGLY COBAN CN M-LE,SP,,5,120,45,30,0,0,45,0,LECTURE,SP1004,GENERAL,1.0
SP1004,NHUNG N/L C/B CN M-LE(BT,SP,,0,30,0,30,0,0,0,0,PRACTICAL,,GENERAL,1.0
SP1005,TU TUONG HO CHI MINH,SP,,2,42,24,0,0,0,18,0,LECTURE,,GENERAL,1.0
SP1007,Pháp luật Việt Nam Đại c,SP,,2,100,24,0,0,0,18,0,LECTURE,,GENERAL,1.0
SP1009,DUONGLOI CM CUA DANGCSVN,SP,,3,69,30,12,0,0,27,0,LECTURE,SP1010,GENERAL,1.0
SP1010,DUONGLOI CM CUA DCSVN(BT,SP,,0,12,0,12,0,0,0,0,PRACTICAL,,GENERAL,1.0
SP1011,KY NANG MEM,SP,,2,42,24,0,0,0,18,0,LECTURE,,GENERAL,1.0
SP1013,KY NANG XA HOI A,SP,,0,555,15,9,0,0,315,0,LECTURE,,GENERAL,1.0
SP1015,KY NANG XA HOI B,SP,,0,555,15,9,0,0,315,0,LECTURE,,GENERAL,1.0
SP1017,KY NANG XA HOI C,SP,,0,555,15,9,0,0,315,0,LECTURE,,GENERAL,1.0
SP1019,KY NANG XA HOI D,SP,,0,555,15,9,0,0,315,0,LECTURE,,GENERAL,1.0
SP1021,KY NANG XA HOI E,SP,,0,22,0,22,0,0,0,0,PRACTICAL,,GENERAL,1.0
SP1023,KY NANG XA HOI F,SP,,0,22,0,22,0,0,0,0,PRACTICAL,,GENERAL,1.0
SP1025,KY NANG XA HOI G,SP,,0,22,0,22,0,0,0,0,PRACTICAL,,GENERAL,1.0
SP1027,KY NANG XA HOI H,SP,,0,22,0,22,0,0,0,0,PRACTICAL,,GENERAL,1.0
SP1029,VAN HOA NHAT,SP,,3,75,30,0,0,0,45,0,LECTURE,,GENERAL,1.0
SP1031,Triết học Mác - Lênin,SP,,3,150,30,0,0,0,45,0,LECTURE,,GENERAL,1.0
SP1032,TRIET HOC MAC - LENIN(BT,SP,,0,12,0,12,0,0,0,0,PRACTICAL,,GENERAL,1.0
SP1033,Kinh tế Chính trị Mác -,SP,,2,100,24,0,0,0,18,0,LECTURE,,GENERAL,1.0
SP1035,Chủ nghĩa Xã hội Khoa họ,SP,,2,100,24,0,0,0,18,0,LECTURE,,GENERAL,1.0
SP1037,Tư tưởng Hồ Chí Minh,SP,,2,100,24,0,0,0,18,0,LECTURE,,GENERAL,1.0
SP1039,Lịch sử Đảng Cộng sản Vi,SP,,2,100,21,0,0,0,27,0,LECTURE,,GENERAL,1.0
SP1041,KY NANG MEM,SP,,0,93,15,24,0,0,54,0,LECTURE,,GENERAL,1.0
SP1043,Văn hóa Nhật,SP,,3,150,30,0,0,0,45,0,LECTURE,,GENERAL,1.0
SP1045,KY NANG XA HOI I,SP,,0,555,15,9,0,0,315,0,LECTURE,,GENERAL,1.0
SP3001,KHOA HOC L/T LUU HOC NB,SP,,0,30,30,0,0,0,0,0,LECTURE,,GENERAL,1.0
TR0007,KET CAU DONG CO DOTTRONG,TR,,1,15,15,0,0,0,0,0,LECTURE,,GENERAL,1.0
TR0013,KET CAU O TO,TR,,1,15,15,0,0,0,0,0,LECTURE,,GENERAL,1.0
TR0021,LY THUYET O TO,TR,,1,15,15,0,0,0,0,0,LECTURE,,GENERAL,1.0
TR0121,HETHONG DIEN-DIEN TU OTO,TR,,1,15,15,0,0,0,0,0,LECTURE,,GENERAL,1.0
TR1001,Nhập môn Về Kỹ thuật,TR,,3,150,30,0,0,0,45,0,LECTURE,,GENERAL,1.0
TR1003,Vẽ kỹ thuật Giao thông,TR,,3,150,30,24,0,0,9,0,LECTURE,TR1004,GENERAL,1.0
TR1004,VE KY THUAT GIAOTHONG(BT,TR,,0,24,0,24,0,0,0,0,PRACTICAL,,GENERAL,1.0
TR1005,Cơ học Thủy khí,TR,,3,150,30,18,12,0,0,0,LECTURE,TR1006,GENERAL,1.0
TR1005.P,Cơ học Thủy khí,TR,,3,150,30,18,12,0,0,0,PRACTICAL,TR1006,GENERAL,1.0
TR1006,"CO HOC THUY KHI  (THL,TN",TR,,0,12,0,0,12,0,0,0,LAB,,GENERAL,1.0
TR1007,Nhập môn kỹ thuật về kỹ,TR,,3,150,30,0,0,0,45,0,LECTURE,,GENERAL,1.0
TR2001,CO KY THUAT VA DAO DONG,TR,,3,150,30,0,20,0,15,0,LECTURE,TR2002,GENERAL,1.0
TR2002,CO KY THUAT&DAO DONG(TN),TR,,0,20,0,0,20,0,0,0,LAB,,GENERAL,1.0
TR2003,DO HOA VI TINH VA CAD,TR,,2,42,24,0,0,0,18,0,LECTURE,,GENERAL,1.0
TR2005,Cơ học Vật rắn Biến dạng,TR,,3,150,30,24,0,0,9,0,LECTURE,TR2006,GENERAL,1.0
TR2006,C/H VAT RAN BIEN DANG(BT,TR,,0,24,0,24,0,0,0,0,PRACTICAL,,GENERAL,1.0
TR2007,Kết cấu Động cơ Đốt tron,TR,,3,150,30,0,20,0,15,0,LECTURE,TR2008,GENERAL,1.0
TR2008,KET CAU D/C DOT TRONG(TN,TR,,0,20,0,0,20,0,0,0,LAB,,GENERAL,1.0
TR2009,KYTHUAT TAUTHUY DAICUONG,TR,,3,60,30,18,12,0,0,0,LECTURE,TR2010,GENERAL,1.0
TR2010,KTHUAT TAUTHUY DCUONG(TN,TR,,0,30,0,0,12,0,0,0,LAB,,GENERAL,1.0
TR2011,Khí động lực học 1,TR,,3,150,30,24,0,0,9,0,LECTURE,TR2012,GENERAL,1.0
TR2012,KHI DONG LUC HOC 1(BT),TR,,0,24,0,24,0,0,0,0,PRACTICAL,,GENERAL,1.0
TR2013,Kết cấu Ô tô,TR,,3,150,30,0,20,0,15,0,LECTURE,TR2014,GENERAL,1.0
TR2014,KET CAU O TO(TN),TR,,0,20,0,0,20,0,0,0,LAB,,GENERAL,1.0
TR2015,LYTHUYET T/THUY1-TINHHOC,TR,,3,60,30,0,30,0,0,0,LECTURE,TR2016,GENERAL,1.0
TR2016,LT T/THUY1-TINHHOC (TN),TR,,0,30,0,0,30,0,0,0,LAB,,GENERAL,1.0
TR2017,thiết bị Năng lượng Tàu,TR,,3,150,30,0,20,0,15,0,LECTURE,TR2018,GENERAL,1.0
TR2018,T/BI N/LUONG TAUTHUY1(TN,TR,,0,20,0,0,20,0,0,0,LAB,,GENERAL,1.0
TR2019,DONG CO DOT TRONG,TR,,3,75,30,0,0,0,45,0,LECTURE,,GENERAL,1.0
TR2020,DONG CO DOT TRONG(BT),TR,,0,12,0,12,0,0,0,0,PRACTICAL,,GENERAL,1.0
TR2021,LY THUYET O TO,TR,,3,75,30,0,0,0,45,0,LECTURE,,GENERAL,1.0
TR2022,LY THUYET O TO(BT),TR,,0,12,0,12,0,0,0,0,PRACTICAL,,GENERAL,1.0
TR2029,THUC TAP KY THUAT (TAU),TR,,2,60,0,0,60,0,0,0,LAB,,GENERAL,1.0
TR2033,Kỹ thuật Chế tạo,TR,,3,150,30,12,0,0,27,0,LECTURE,TR2034,GENERAL,1.0
TR2034,KY THUAT CHE TAO(BT),TR,,0,12,0,12,0,0,0,0,PRACTICAL,,GENERAL,1.0
TR2035,Cơ kết cấu Giao thông,TR,,3,150,30,18,12,0,0,0,LECTURE,TR2036,GENERAL,1.0
TR2035.P,Cơ kết cấu Giao thông,TR,,3,150,30,18,12,0,0,0,PRACTICAL,TR2036,GENERAL,1.0
TR2036,CO KET CAU GIAO THONG TN,TR,,0,30,0,0,30,0,0,0,LAB,,GENERAL,1.0
TR2037,Lý thuyết Tàu thủy 1 - T,TR,,4,200,45,0,20,0,15,0,LECTURE,TR2038,GENERAL,1.0
TR2038,L/T T/THUY1-TINHHOC (TN),TR,,0,20,0,0,20,0,0,0,LAB,,GENERAL,1.0
TR2039,Cơ kỹ thuật,TR,,4,200,45,24,0,0,9,0,LECTURE,TR2040,GENERAL,1.0
TR2040,CO KY THUAT (THL),TR,,0,24,0,24,0,0,0,0,PRACTICAL,,GENERAL,1.0
TR2041,Kỹ thuật Cơ lưu chất - N,TR,,4,200,45,24,0,0,9,0,LECTURE,TR2042,GENERAL,1.0
TR2109,THUC TAP CONG NHAN,TR,,2,60,0,0,60,0,0,0,LAB,,GENERAL,1.0
TR3001,Cơ học bay,TR,,3,150,30,24,0,0,9,0,LECTURE,TR3002,GENERAL,1.0
TR3002,CO HOC BAY(BT),TR,,0,24,0,24,0,0,0,0,PRACTICAL,,GENERAL,1.0
TR3003,Cơ học Vật liệu Hàng khô,TR,,3,150,30,0,0,0,45,0,LECTURE,,GENERAL,1.0
TR3004,CO HOC V/L HANGKHONG(BT),TR,,0,24,0,24,0,0,0,0,PRACTICAL,,GENERAL,1.0
TR3005,Lý thuyết Tàu thủy 2 - Đ,TR,,3,150,30,0,20,0,15,0,LECTURE,TR3006,GENERAL,1.0
TR3006,LY THUYET T/THUY 2 (TN),TR,,0,20,0,0,20,0,0,0,LAB,,GENERAL,1.0
TR3007,HETHONG LUC DAY MAYBAY 1,TR,,3,63,30,24,0,0,9,0,LECTURE,TR3008,GENERAL,1.0
TR3008,H/TH LUC DAY MAYBAY 1(BT,TR,,0,24,0,24,0,0,0,0,PRACTICAL,,GENERAL,1.0
TR3009,L/T TAUTHUY 3-HTCV &TBD,TR,,3,60,30,0,30,0,0,0,LECTURE,TR3010,GENERAL,1.0
TR3010,L/T TAUTHUY 3-HTCV (TN),TR,,0,30,0,0,30,0,0,0,LAB,,GENERAL,1.0
TR3011,Khí động lực học 2,TR,,3,150,30,24,0,0,9,0,LECTURE,TR3012,GENERAL,1.0
TR3011.VP,Khí động lực học 2,TR,,3,150,30,24,0,0,9,0,LECTURE,TR3012,GENERAL,1.0
TR3012.VP,KHI DONG LUC HOC 2(BT),TR,,0,24,0,24,0,0,0,0,PRACTICAL,,GENERAL,1.0
TR3012,KHI DONG LUC HOC 2(BT),TR,,0,24,0,24,0,0,0,0,PRACTICAL,,GENERAL,1.0
TR3013,THIETKE DONGCO DOT TRONG,TR,,3,150,30,0,0,0,45,0,LECTURE,,GENERAL,1.0
TR3015,CO HOC KET CAU,TR,,3,150,30,18,12,0,0,0,LECTURE,TR3016,GENERAL,1.0
TR3016,CO HOC KET CAU (TN),TR,,0,30,0,0,12,0,0,0,LAB,,GENERAL,1.0
TR3017,Kết cấu và Sức bền tàu,TR,,3,150,30,12,0,0,27,0,LECTURE,TR3018,GENERAL,1.0
TR3018,KET CAU & SUC BEN TAU(BT,TR,,0,12,0,12,0,0,0,0,PRACTICAL,,GENERAL,1.0
TR3019,Thiết bị Năng lượng Tàu,TR,,3,150,30,12,0,0,27,0,LECTURE,TR3020,GENERAL,1.0
TR3020,T/BI N/LUONG TAUTHUY2(BT,TR,,0,12,0,12,0,0,0,0,PRACTICAL,,GENERAL,1.0
TR3021,CONG NGHE O TO,TR,,2,42,24,0,0,0,18,0,LECTURE,,GENERAL,1.0
TR3023,HE THONG LUCDAY MAYBAY 2,TR,,2,42,24,0,0,0,18,0,LECTURE,,GENERAL,1.0
TR3025,Phân tích Phần tử hữu hạ,TR,,3,150,30,0,0,0,45,0,LECTURE,,GENERAL,1.0
TR3026,P/TICH PTHH TRONG OTO(BT,TR,,0,12,0,12,0,0,0,0,PRACTICAL,,GENERAL,1.0
TR3027,Thiết kế Hệ thống động l,TR,,3,150,30,12,0,0,27,0,LECTURE,TR3028,GENERAL,1.0
TR3028,THIETKE HE THONG DLTT(BT,TR,,0,12,0,12,0,0,0,0,PRACTICAL,,GENERAL,1.0
TR3029,Động cơ gió,TR,,3,150,30,0,0,0,45,0,LECTURE,,GENERAL,1.0
TR3030,DONG CO GIO (THL),TR,,0,12,0,12,0,0,0,0,PRACTICAL,,GENERAL,1.0
TR3031,MAY BAY TRUC THANG,TR,,2,42,24,0,0,0,18,0,LECTURE,,GENERAL,1.0
TR3035,LAP RAP SUA CHUA TB DLTT,TR,,3,60,30,30,0,0,0,0,LECTURE,,GENERAL,1.0
TR3037,Các Hệ thống Trang thiết,TR,,3,150,30,0,20,0,15,0,LECTURE,TR3038,GENERAL,1.0
TR3038,CAC HT TRANG T/BI TAU(TN,TR,,0,20,0,0,20,0,0,0,LAB,,GENERAL,1.0
TR3039,?n định và Điều khiển ba,TR,,3,150,30,24,0,0,9,0,LECTURE,TR3040,GENERAL,1.0
TR3040,ON DINH & D/KHIEN BAY(BT,TR,,0,24,0,24,0,0,0,0,PRACTICAL,,GENERAL,1.0
TR3041,KET CAU H/KHONG 2-PTKCMB,TR,,3,63,30,24,0,0,9,0,LECTURE,TR3042,GENERAL,1.0
TR3042,KET CAU H/K 2-PTKCMB (BT,TR,,0,24,0,24,0,0,0,0,PRACTICAL,,GENERAL,1.0
TR3045,HE THONG DIEN-DIENTU OTO,TR,,2,42,24,0,0,0,18,0,LECTURE,,GENERAL,1.0
TR3047,THIET KE KY THUAT HK 1,TR,,2,42,24,0,0,0,18,0,LECTURE,,GENERAL,1.0
TR3049,THIET KE O TO,TR,,3,150,30,0,0,0,45,0,LECTURE,,GENERAL,1.0
TR3051,Thí nghiệm Kỹ thuật Hàng,TR,,1,50,0,0,30,0,0,0,LAB,,GENERAL,1.0
TR3053,Thiết kế Tàu thủy,TR,,3,150,30,12,0,0,27,0,LECTURE,TR3054,GENERAL,1.0
TR3054,THIET KE TAU THUY(BT),TR,,0,12,0,12,0,0,0,0,PRACTICAL,,GENERAL,1.0
TR3055,Các Hệ thời gian thực,TR,,3,150,30,24,0,0,9,0,LECTURE,TR3056,GENERAL,1.0
TR3056,CAC HE THOI GIAN THUC(TH,TR,,0,24,0,24,0,0,0,0,PRACTICAL,,GENERAL,1.0
TR3057,Phương pháp phân tích Kế,TR,,3,150,30,0,20,0,15,0,LECTURE,TR3058,GENERAL,1.0
TR3058,PP P/TICH KET CAU TAU(TN,TR,,0,20,0,0,20,0,0,0,LAB,,GENERAL,1.0
TR3059,CAD ?ng dụng trong Thiết,TR,,3,150,30,0,0,0,45,0,LECTURE,,GENERAL,1.0
TR3060,CAD UD TRG T/KE OTO (BT),TR,,0,12,0,12,0,0,0,0,PRACTICAL,,GENERAL,1.0
TR3061,Công nghệ Đóng tàu và Tổ,TR,,3,150,30,12,0,0,27,0,LECTURE,TR3062,GENERAL,1.0
TR3062,C/NGHE DONG TAU&TCSX(BT),TR,,0,12,0,12,0,0,0,0,PRACTICAL,,GENERAL,1.0
TR3063,PHAN TICH THIET KE HDK,TR,,3,150,30,0,0,0,45,0,LECTURE,,GENERAL,1.0
TR3064,PHAN TICH T/KE HDK (THL),TR,,0,12,0,12,0,0,0,0,PRACTICAL,,GENERAL,1.0
TR3065,HAN VA GIAM SAT DONG MOI,TR,,3,75,30,0,0,0,45,0,LECTURE,,GENERAL,1.0
TR3067,Mô phỏng Động cơ đốt tro,TR,,3,150,30,0,0,0,45,0,LECTURE,,GENERAL,1.0
TR3068,MO PHONG D/CO DT &OTO(BT,TR,,0,12,0,12,0,0,0,0,PRACTICAL,,GENERAL,1.0
TR3071,O TO VA MOI TRUONG,TR,,3,150,30,0,0,0,45,0,LECTURE,,GENERAL,1.0
TR3073,NHIEN LIEU VA DAU MO OTO,TR,,3,150,30,0,0,0,45,0,LECTURE,,GENERAL,1.0
TR3074,NH/LIEU VA DAU MO OTO(BT,TR,,0,12,0,12,0,0,0,0,PRACTICAL,,GENERAL,1.0
TR3075,Thực tập Kỹ thuật Ô tô,TR,,2,100,0,0,60,0,0,0,LAB,,GENERAL,1.0
TR3077,Thí nghiệm Kỹ thuật Hàng,TR,,1,50,0,0,30,0,0,0,LAB,,GENERAL,1.0
TR3079,KY THUAT SO &H/THONGTBDT,TR,,2,42,24,0,0,0,18,0,LECTURE,,GENERAL,1.0
TR3081,LUAT HANG KHONG DAN DUNG,TR,,3,75,30,0,0,0,45,0,LECTURE,,GENERAL,1.0
TR3083,Máy Thủy khí,TR,,3,150,30,0,0,0,45,0,LECTURE,,GENERAL,1.0
TR3084,MAY THUY KHI (THL),TR,,0,12,0,12,0,0,0,0,PRACTICAL,,GENERAL,1.0
TR3085,TRANG BI DIEN-DIEN TU TT,TR,,3,150,30,12,0,0,27,0,LECTURE,TR3086,GENERAL,1.0
TR3086,TR/BI DIEN-DIEN TU TT(BT,TR,,0,12,0,12,0,0,0,0,PRACTICAL,,GENERAL,1.0
TR3087,Khí đàn hồi,TR,,3,150,30,0,0,0,45,0,LECTURE,,GENERAL,1.0
TR3088,KHI DAN HOI(BT),TR,,0,12,0,12,0,0,0,0,PRACTICAL,,GENERAL,1.0
TR3089,TIN HOC UNGDUNG TRONG DT,TR,,3,150,30,24,0,0,9,0,LECTURE,,GENERAL,1.0
TR3090,TIN HOC U/D TRONG DT(THL,TR,,0,24,0,24,0,0,0,0,PRACTICAL,,GENERAL,1.0
TR3091,Ô tô Chuyên dùng,TR,,3,150,30,0,0,0,45,0,LECTURE,,GENERAL,1.0
TR3092,O TO CHUYEN DUNG(BT),TR,,0,12,0,12,0,0,0,0,PRACTICAL,,GENERAL,1.0
TR3095,BAO DUONG HANG KHONG,TR,,3,60,30,30,0,0,0,0,LECTURE,,GENERAL,1.0
TR3097,PHUONG PHAP SO - DLH LC,TR,,3,60,30,30,0,0,0,0,LECTURE,,GENERAL,1.0
TR3099,PHUONG PHAP PHAN TU HHAN,TR,,3,675,30,15,0,0,225,0,LECTURE,,GENERAL,1.0
TR3101,KHI DONG LUC HOC HOATIEN,TR,,3,60,30,30,0,0,0,0,LECTURE,,GENERAL,1.0
TR3103,HE THONG LUCDAY HOA TIEN,TR,,3,60,30,30,0,0,0,0,LECTURE,,GENERAL,1.0
TR3107,KETCAU H/KHONG 3: CHRN&M,TR,,3,675,30,15,0,0,225,0,LECTURE,,GENERAL,1.0
TR3109,CO HOC VA CHAM,TR,,3,60,30,30,0,0,0,0,LECTURE,,GENERAL,1.0
TR3111,CAM BIEN VA TIN HIEU,TR,,3,675,30,15,0,0,225,0,LECTURE,,GENERAL,1.0
TR3113,NHAN DANG HETHONG MAYBAY,TR,,3,675,30,15,0,0,225,0,LECTURE,,GENERAL,1.0
TR3115,DIEN -DIEN TU HANG KHONG,TR,,3,60,30,30,0,0,0,0,LECTURE,,GENERAL,1.0
TR3117,THIET KE TOI UU,TR,,3,60,30,30,0,0,0,0,LECTURE,,GENERAL,1.0
TR3119,Thí nghiệm Ô tô và Động,TR,,3,150,0,0,75,0,23,0,LAB,,GENERAL,1.0
TR3121,Hệ thống Điện - Điện tử,TR,,3,150,30,0,30,0,0,0,LECTURE,TR3122,GENERAL,1.0
TR3122,H/T DIEN-DIENTU OTO (TN),TR,,0,30,0,0,30,0,0,0,LAB,,GENERAL,1.0
TR3123,Kỹ thuật Khai thác và Bả,TR,,3,150,30,0,30,0,0,0,LECTURE,TR3124,GENERAL,1.0
TR3124,KT K/THAC&BD D/CO-OTO(TN,TR,,0,30,0,0,30,0,0,0,LAB,,GENERAL,1.0
TR3133,Động lực học Tàu thủy và,TR,,3,150,30,12,0,0,27,0,LECTURE,TR3134,GENERAL,1.0
TR3134,DONGLUC HOC TT & CTNK(BT,TR,,0,12,0,12,0,0,0,0,PRACTICAL,,GENERAL,1.0
TR3135,Phân tích kết cấu Máy ba,TR,,3,150,30,24,0,0,9,0,LECTURE,TR3136,GENERAL,1.0
TR3136,PHAN TICH KET CAU MB(THL,TR,,0,24,0,24,0,0,0,0,PRACTICAL,,GENERAL,1.0
TR3137,Hệ thống lực đẩy Máy bay,TR,,3,150,30,18,0,0,18,0,LECTURE,TR3138,GENERAL,1.0
TR3138,HETHONG LUC DAY MBAY(THL,TR,,0,24,0,18,0,0,0,0,PRACTICAL,,GENERAL,1.0
TR3139,KET CAU DONGCO DOT TRONG,TR,,3,65,30,0,20,0,15,0,LECTURE,,GENERAL,1.0
TR3140,KET CAU D/C DOT TRONG(TN,TR,,0,20,0,0,20,0,0,0,LAB,,GENERAL,1.0
TR3141,KET CAU O TO,TR,,3,65,30,0,20,0,15,0,LECTURE,,GENERAL,1.0
TR3142,KET CAU O TO(TN),TR,,0,20,0,0,20,0,0,0,LAB,,GENERAL,1.0
TR3143,Động cơ Đốt trong,TR,,3,150,30,24,0,0,9,0,LECTURE,TR3144,GENERAL,1.0
TR3144,DONG CO DOT TRONG (BT),TR,,0,24,0,24,0,0,0,0,PRACTICAL,,GENERAL,1.0
TR3145,Lý Thuyết Ô tô,TR,,3,150,30,24,0,0,9,0,LECTURE,TR3146,GENERAL,1.0
TR3146,LY THUYET O TO (BT),TR,,0,24,0,24,0,0,0,0,PRACTICAL,,GENERAL,1.0
TR3147,THIETBI N/LUONG TAUTHUY1,TR,,3,65,30,0,20,0,15,0,LECTURE,,GENERAL,1.0
TR3148,T/BI N/LUONG TAUTHUY1(TN,TR,,0,20,0,0,20,0,0,0,LAB,,GENERAL,1.0
TR3149,LYTHUYET T/THUY1-TINHHOC,TR,,4,80,45,0,20,0,15,0,LECTURE,,GENERAL,1.0
TR3150,L/T T/THUY1-TINHHOC (TN),TR,,0,20,0,0,20,0,0,0,LAB,,GENERAL,1.0
TR3151,TO CHUC KHAI THAC VA QUA,TR,,3,150,30,0,0,0,45,0,LECTURE,,GENERAL,1.0
TR3153,GIAO THONG HANG HAI VA L,TR,,3,150,30,0,0,0,45,0,LECTURE,,GENERAL,1.0
TR3155,PHAN TICH MO HINH VA DAN,TR,,3,150,30,0,0,0,45,0,LECTURE,,GENERAL,1.0
TR3157,GIAM DINH KY THUAT DOI T,TR,,3,150,30,24,0,0,9,0,LECTURE,,GENERAL,1.0
TR3159,Phân tích Kết cấu Tàu th,TR,,3,150,30,24,0,0,9,0,LECTURE,,GENERAL,1.0
TR4001,Kỹ thuật Chẩn đoán và Bả,TR,,3,150,30,0,30,0,0,0,LECTURE,TR4002,GENERAL,1.0
TR4002,KYTHUAT C/DOAN &BD DC(TN,TR,,0,30,0,30,30,0,0,0,LAB,,GENERAL,1.0
TR4003,TUDONG HOA HE DONGLUC TT,TR,,3,69,30,12,0,0,27,0,LECTURE,,GENERAL,1.0
TR4004,TUDONG HOA HE D/L TT(THL,TR,,0,12,0,12,0,0,0,0,PRACTICAL,,GENERAL,1.0
TR4005,KHI DONG LUC HOC HOATIEN,TR,,3,69,30,12,0,0,27,0,LECTURE,TR4006,GENERAL,1.0
TR4006,KHI D/LUC HOC HOATIEN(BT,TR,,0,12,0,12,0,0,0,0,PRACTICAL,,GENERAL,1.0
TR4007,NHIEN LIEU &DAU BOI TRON,TR,,3,69,30,12,0,0,27,0,LECTURE,,GENERAL,1.0
TR4008,N/LIEU &DAU BOI TRON(THL,TR,,0,12,0,12,0,0,0,0,PRACTICAL,,GENERAL,1.0
TR4009,P/PHAP THU NGHIEM OTO,TR,,3,150,30,0,0,0,45,0,LECTURE,,GENERAL,1.0
TR4010,P/PHAP THU NGHIEM OTO(BT,TR,,0,12,0,12,0,0,0,0,PRACTICAL,,GENERAL,1.0
TR4011,C/NGHE LAP RAP HT ONG TT,TR,,2,42,24,0,0,0,18,0,LECTURE,,GENERAL,1.0
TR4015,Thí nghiệm Kỹ thuật Hàng,TR,,1,50,0,0,30,0,0,0,LAB,,GENERAL,1.0
TR4017,KHAI THAC HE DONG LUC TT,TR,,2,42,24,0,0,0,18,0,LECTURE,,GENERAL,1.0
TR4019,Kỹ thuật Thủy lực và Khí,TR,,3,150,30,0,0,0,45,0,LECTURE,,GENERAL,1.0
TR4020,K/T T/LUC &KN TRGOTO(BT),TR,,0,12,0,12,0,0,0,0,PRACTICAL,,GENERAL,1.0
TR4021,Kỹ thuật Chẩn đoán và Bả,TR,,3,150,30,0,30,0,0,0,LECTURE,TR4022,GENERAL,1.0
TR4022,KYTHUAT C/DOAN&BD OTO(TN,TR,,0,30,0,0,30,0,0,0,LAB,,GENERAL,1.0
TR4023,D/KHIEN TU DONG TREN OTO,TR,,2,42,24,0,0,0,18,0,LECTURE,,GENERAL,1.0
TR4025,Kỹ thuật Tàu cao tốc,TR,,3,150,30,12,0,0,27,0,LECTURE,TR4026,GENERAL,1.0
TR4026,KY THUAT TAU CAO TOC(BT),TR,,0,12,0,12,0,0,0,0,PRACTICAL,,GENERAL,1.0
TR4027,DONG LUC HOC TT & CTNK,TR,,3,150,30,30,0,0,0,0,LECTURE,,GENERAL,1.0
TR4028,D/LUC HOC TT & CTNK (THL,TR,,0,12,0,12,0,0,0,0,PRACTICAL,,GENERAL,1.0
TR4029,THIET KE KY THUAT HK 2,TR,,2,42,24,0,0,0,18,0,LECTURE,,GENERAL,1.0
TR4033,KETCAU H/KHONG 3: CHRN&M,TR,,3,69,30,12,0,0,27,0,LECTURE,TR4034,GENERAL,1.0
TR4034,KETCAU H/K 3: CHRN&M(BT),TR,,0,12,0,12,0,0,0,0,PRACTICAL,,GENERAL,1.0
TR4035,THIET KE GK NK & TDVDK,TR,,3,69,30,12,0,0,27,0,LECTURE,,GENERAL,1.0
TR4036,T/KE GK NK & TDVDK (THL),TR,,0,12,0,12,0,0,0,0,PRACTICAL,,GENERAL,1.0
TR4039,"CT,VC TREN BIEN, LDGKDNK",TR,,2,42,24,0,0,0,18,0,LECTURE,,GENERAL,1.0
TR4043,Cảm biến và Tín hiệu,TR,,3,150,30,0,0,0,45,0,LECTURE,,GENERAL,1.0
TR4044,CAM BIEN VA TIN HIEU(BT),TR,,0,12,0,12,0,0,0,0,PRACTICAL,,GENERAL,1.0
TR4045,DO BEN KC VL COMPOSITE,TR,,2,42,24,0,0,0,18,0,LECTURE,,GENERAL,1.0
TR4047,Phương pháp số - Động lự,TR,,3,150,30,0,0,0,45,0,LECTURE,,GENERAL,1.0
TR4048,PH/PHAP SO - DLH LC(BT),TR,,0,24,0,24,0,0,0,0,PRACTICAL,,GENERAL,1.0
TR4049,RUNG DONG TAU,TR,,3,69,30,12,0,0,27,0,LECTURE,TR4050,GENERAL,1.0
TR4050,RUNG DONG TAU(BT),TR,,0,12,0,12,0,0,0,0,PRACTICAL,,GENERAL,1.0
TR4051,Phương pháp Phần tử hữu,TR,,3,150,30,0,0,0,45,0,LECTURE,,GENERAL,1.0
TR4052,PH/PHAP PHAN TU HHAN(BT),TR,,0,24,0,24,0,0,0,0,PRACTICAL,,GENERAL,1.0
TR4053,PP THUC NGHIEM DONG CO,TR,,3,150,30,0,0,0,45,0,LECTURE,,GENERAL,1.0
TR4054,PP THUC NGHIEM D/CO(BT),TR,,0,12,0,12,0,0,0,0,PRACTICAL,,GENERAL,1.0
TR4057,Hệ thống lực đẩy hỏa tiễ,TR,,3,150,30,0,0,0,45,0,LECTURE,,GENERAL,1.0
TR4058,HETHONG LUCDAY H/TIEN(BT,TR,,0,12,0,12,0,0,0,0,PRACTICAL,,GENERAL,1.0
TR4059,KHAI QUAT VE HANG KHONG,TR,,2,42,24,0,0,0,18,0,LECTURE,,GENERAL,1.0
TR4061,BAO DUONG HANG KHONG,TR,,3,75,30,0,0,0,45,0,LECTURE,,GENERAL,1.0
TR4062,BAO DUONG HANG KHONG(BT),TR,,0,12,0,12,0,0,0,0,PRACTICAL,,GENERAL,1.0
TR4063,YEU TO CON NGUOI,TR,,2,42,24,0,0,0,18,0,LECTURE,,GENERAL,1.0
TR4065,CANH QUAT MAY BAY,TR,,2,42,24,0,0,0,18,0,LECTURE,,GENERAL,1.0
TR4067,NHAN DANG HETHONG MAYBAY,TR,,3,150,30,0,0,0,45,0,LECTURE,,GENERAL,1.0
TR4068,NHAN DANG HETHONG M/B(BT,TR,,0,12,0,12,0,0,0,0,PRACTICAL,,GENERAL,1.0
TR4069,DIEN -DIEN TU HANG KHONG,TR,,3,150,30,0,0,0,45,0,LECTURE,,GENERAL,1.0
TR4070,DIEN -DIEN TU H/KHONG(BT,TR,,0,12,0,12,0,0,0,0,PRACTICAL,,GENERAL,1.0
TR4071,THIET KE TOI UU,TR,,3,150,30,0,0,0,45,0,LECTURE,,GENERAL,1.0
TR4072,THIET KE TOI UU(BT),TR,,0,12,0,12,0,0,0,0,PRACTICAL,,GENERAL,1.0
TR4073,Cơ học va chạm,TR,,3,150,30,0,0,0,45,0,LECTURE,,GENERAL,1.0
TR4074,CO HOC VA CHAM(BT),TR,,0,12,0,12,0,0,0,0,PRACTICAL,,GENERAL,1.0
TR4075,DO TIN CAY THIET BI NLTT,TR,,3,60,30,30,0,0,0,0,LECTURE,,GENERAL,1.0
TR4077,THI NGHIEM O TO &DONG CO,TR,,2,60,0,0,60,0,0,0,LAB,,GENERAL,1.0
TR4081,Thiết kế Máy bay,TR,,3,150,30,0,0,0,45,0,LECTURE,,GENERAL,1.0
TR4083,Động cơ Tuabin,TR,,3,150,30,0,0,0,45,0,LECTURE,,GENERAL,1.0
TR4084,HE THONG LUCDAY M/B 2(BT,TR,,0,24,0,24,0,0,0,0,PRACTICAL,,GENERAL,1.0
TR4085,Phương pháp Thiết kế độn,TR,,3,150,30,0,0,0,45,0,LECTURE,,GENERAL,1.0
TR4086,P/P T/KE DONG CO &OTO(BT,TR,,0,12,0,12,0,0,0,0,PRACTICAL,,GENERAL,1.0
TR4087,Công nghệ Ô tô,TR,,3,150,30,0,0,0,45,0,LECTURE,,GENERAL,1.0
TR4088,CONG NGHE O TO(BT),TR,,0,12,0,12,0,0,0,0,PRACTICAL,,GENERAL,1.0
TR4089,Điều khiển Tự động trên,TR,,3,150,30,0,0,0,45,0,LECTURE,,GENERAL,1.0
TR4090,D/K TU DONG TREN OTO(BT),TR,,0,12,0,12,0,0,0,0,PRACTICAL,,GENERAL,1.0
TR4095,Máy bay Trực thăng,TR,,3,150,30,0,0,0,45,0,LECTURE,,GENERAL,1.0
TR4096,MAY BAY TRUC THANG (THL),TR,,0,12,0,12,0,0,0,0,PRACTICAL,,GENERAL,1.0
TR4097,Cơ học rạn nứt và mỏi,TR,,3,150,30,0,0,0,45,0,LECTURE,,GENERAL,1.0
TR4098,CO HOC RAN NUT VA MOI(TH,TR,,0,12,0,12,0,0,0,0,PRACTICAL,,GENERAL,1.0
TR4103,LY THUYET TAU THUY 2,TR,,3,75,30,0,0,0,45,0,LECTURE,,GENERAL,1.0
TR4105,LY THUYET TAU THUY 3,TR,,3,75,30,0,0,0,45,0,LECTURE,,GENERAL,1.0
TR4107,KET CAU VA SUC BEN TAU,TR,,3,75,30,0,0,0,45,0,LECTURE,,GENERAL,1.0
TR4109,THIET BI NANG LUONG TAU,TR,,3,75,30,0,0,0,45,0,LECTURE,,GENERAL,1.0
TR4125,CO HOC BAY,TR,,3,75,30,0,0,0,45,0,LECTURE,,GENERAL,1.0
TR4127,CO HOC VAT RAN BIEN DANG,TR,,3,75,30,0,0,0,45,0,LECTURE,,GENERAL,1.0
TR4129,HE THONG LUC DAY MAY BAY,TR,,3,75,30,0,0,0,45,0,LECTURE,,GENERAL,1.0
TR4131,LY THUYET TAU THUY 1,TR,,3,75,30,0,0,0,45,0,LECTURE,,GENERAL,1.0
TR4133,KET CAU DONG CO DOT TRON,TR,,3,75,30,0,0,0,45,0,LECTURE,,GENERAL,1.0
TR4135,DONG CO DOT TRONG,TR,,3,75,30,0,0,0,45,0,LECTURE,,GENERAL,1.0
TR4137,KET CAU O TO,TR,,3,75,30,0,0,0,45,0,LECTURE,,GENERAL,1.0
TR4139,LY THUYET O TO,TR,,3,75,30,0,0,0,45,0,LECTURE,,GENERAL,1.0
TR4141,THIET KE O TO,TR,,3,75,30,0,0,0,45,0,LECTURE,,GENERAL,1.0
TR4143,THIET KE DONG CO DOT TRO,TR,,3,75,30,0,0,0,45,0,LECTURE,,GENERAL,1.0
TR4145,KHI DONG LUC HOC 1,TR,,3,75,30,0,0,0,45,0,LECTURE,,GENERAL,1.0
TR4315,DE CUONG LUAN VAN TN,TR,,0,300,0,120,0,0,0,0,PRACTICAL,,GENERAL,1.0
TR4331,DE CUONG LUAN VAN TN,TR,,0,300,30,120,0,0,0,0,LECTURE,,GENERAL,1.0
TR4335,DE CUONG LUAN VAN TN,TR,,0,300,30,120,0,0,0,0,LECTURE,,GENERAL,1.0
TR5005,Cơ học Môi trường liên t,TR,,3,150,30,12,0,0,27,0,LECTURE,TR5006,GENERAL,1.0
TR5006,COHOC MOITRUONG L/T(THL),TR,,0,12,0,12,0,0,0,0,PRACTICAL,,GENERAL,1.0
TR5007,DONG LUC HOC O TO NANG C,TR,,3,90,15,30,0,0,45,0,LECTURE,,GENERAL,1.0
TR5009,DIEU KHIEN TU DONG TREN,TR,,3,675,30,15,0,0,225,0,LECTURE,,GENERAL,1.0
TR5011,DONG LUC HOC PHUONG TIEN,TR,,3,75,30,0,0,0,45,0,LECTURE,,GENERAL,1.0
TR5013,DONG CO TUA BIN KHI,TR,,3,675,30,15,0,0,225,0,LECTURE,,GENERAL,1.0
TR5015,PHAN TICH UNG SUAT BANG,TR,,3,75,30,0,0,0,45,0,LECTURE,,GENERAL,1.0
TR5019,TOI UU HOA UNG DUNG,TR,,3,675,30,15,0,0,225,0,LECTURE,,GENERAL,1.0
TR5021,KY THUAT THIET KE PHUONG,TR,,3,90,15,30,0,0,45,0,LECTURE,,GENERAL,1.0
TR5023,PHUONG PHAP TINH TOAN SO,TR,,3,675,30,15,0,0,225,0,LECTURE,,GENERAL,1.0
TR5025,PHUONG PHAP THUC NGHIEM,TR,,3,675,30,15,0,0,225,0,LECTURE,,GENERAL,1.0
TR5027,NANG LUONG MOI VA NHIEN,TR,,3,75,25,20,0,0,30,0,LECTURE,,GENERAL,1.0
TR5029,MO PHONG DONG CO DOT TRO,TR,,3,75,25,20,0,0,30,0,LECTURE,,GENERAL,1.0
TR5031,PHAN TICH PTHH TRONG THI,TR,,3,90,15,30,0,0,45,0,LECTURE,,GENERAL,1.0
TR5033,HE THONG TRUYEN LUC HIEN,TR,,3,675,30,15,0,0,225,0,LECTURE,,GENERAL,1.0
TR5035,DONG LUC HOC KET CAU NAN,TR,,3,675,30,15,0,0,225,0,LECTURE,,GENERAL,1.0
TR5037,TOI UU HOA THIET KE UNG,TR,,3,75,30,0,0,0,45,0,LECTURE,,GENERAL,1.0
TR5039,DONG CO VA CAC HE THONG,TR,,3,90,15,30,0,0,45,0,LECTURE,,GENERAL,1.0
TR5041,KHI DONG LUC HOC UNG DUN,TR,,3,675,30,15,0,0,225,0,LECTURE,,GENERAL,1.0
TR5043,DONG ROI VA MO HINH HOA,TR,,3,75,30,0,0,0,45,0,LECTURE,,GENERAL,1.0
TR5045,KHI DONG LUC HOC MAY BAY,TR,,3,675,30,15,0,0,225,0,LECTURE,,GENERAL,1.0
TR5047,DONG LUC HOC KET CAU NAN,TR,,3,675,30,15,0,0,225,0,LECTURE,,GENERAL,1.0
TR5049,KHI DAN HOI NANG CAO,TR,,3,675,30,15,0,0,225,0,LECTURE,,GENERAL,1.0
TR5051,CO HOC RAN NUT VA MOI CU,TR,,3,75,30,0,0,0,45,0,LECTURE,,GENERAL,1.0
TR5053,NHAN DANG HE THONG MAY B,TR,,3,675,30,15,0,0,225,0,LECTURE,,GENERAL,1.0
TR5055,THIET KE HE DIEU KHIEN,TR,,3,675,30,15,0,0,225,0,LECTURE,,GENERAL,1.0
TR5057,"DA?N DUO?NG, DI?NH VI? V",TR,,3,675,30,15,0,0,225,0,LECTURE,,GENERAL,1.0
TR5059,THIET KE TOI UU,TR,,3,75,30,0,0,0,45,0,LECTURE,,GENERAL,1.0
TR5061,HE THONG GIAO THONG HANG,TR,,3,75,30,0,0,0,45,0,LECTURE,,GENERAL,1.0
TR5063,KHI DONG LUC HOC UNG DUN,TR,,3,675,30,15,0,0,225,0,LECTURE,,GENERAL,1.0
TR5065,DONG LUC HOC VA DIEU KH,TR,,3,675,30,15,0,0,225,0,LECTURE,,GENERAL,1.0
TR5067,KET CAU HANG KHONG CHUYE,TR,,3,675,30,15,0,0,225,0,LECTURE,,GENERAL,1.0
TR5069,DONG CO TUA BIN KHI,TR,,3,675,30,15,0,0,225,0,LECTURE,,GENERAL,1.0
TR5071,PHUONG PHAP TINH TOAN MO,TR,,3,60,30,0,30,0,0,0,LECTURE,,GENERAL,1.0
TR5073,PHUONG PHA?P PHA?N TU? H,TR,,3,60,30,0,30,0,0,0,LECTURE,,GENERAL,1.0
TR5075,MAY BAY TRUC THANG,TR,,3,75,30,0,0,0,45,0,LECTURE,,GENERAL,1.0
TR5077,KHI DAN HOI,TR,,3,75,30,0,0,0,45,0,LECTURE,,GENERAL,1.0
TR5079,MAY THUY KHI,TR,,3,75,30,0,0,0,45,0,LECTURE,,GENERAL,1.0
TR5081,DO?NG CO GIO?,TR,,3,75,30,0,0,0,45,0,LECTURE,,GENERAL,1.0
TR5083,CO HO?C VA CHA?M,TR,,3,75,30,0,0,0,45,0,LECTURE,,GENERAL,1.0
TR5085,DO AN KY THUAT HANG KHON,TR,,3,90,15,0,30,0,45,0,LECTURE,,GENERAL,1.0
TR5087,CHUYEN DE CONG NGHIEP,TR,,3,75,30,0,0,0,45,0,LECTURE,,GENERAL,1.0
TR5089,CO HOC KET CAU,TR,,3,75,30,0,0,0,45,0,LECTURE,,GENERAL,1.0
TR5091,DONG LUC HOC HE THONG CO,TR,,3,75,30,0,0,0,45,0,LECTURE,,GENERAL,1.0
TR5093,CO HOC THUY KHI,TR,,3,675,30,15,0,0,225,0,LECTURE,,GENERAL,1.0
TR5095,CO SO DIEU KHIEN TU DONG,TR,,3,675,30,15,0,0,225,0,LECTURE,,GENERAL,1.0
TR5099,MAY BAY KHONG NGUOI LAI,TR,,3,75,30,0,0,0,45,0,LECTURE,,GENERAL,1.0
TR5105,CO HOC BAY & DIEU KHIEN,TR,,3,675,30,15,0,0,225,0,LECTURE,,GENERAL,1.0
TR5107,KET CAU HANG KHONG CHUYE,TR,,3,675,30,15,0,0,225,0,LECTURE,,GENERAL,1.0
TR5109,QUA TRINH CHAY TRONG DON,TR,,3,75,25,20,0,0,30,0,LECTURE,,GENERAL,1.0
TR5111,CO HOC MOI TRUONG LIEN T,TR,,3,675,30,15,0,0,225,0,LECTURE,,GENERAL,1.0
TR5143,KET CAU HANG KHONG CHUYE,TR,,3,675,30,15,0,0,225,0,LECTURE,,GENERAL,1.0
TR7001,DONG LUC HOC O TO NANG C,TR,,3,60,45,0,0,0,15,0,LECTURE,,GENERAL,1.0
TR7003,KY THUAT THAN XE,TR,,2,45,30,0,0,0,15,0,LECTURE,,GENERAL,1.0
TR7005,DAO DONG O TO,TR,,2,45,30,0,0,0,15,0,LECTURE,,GENERAL,1.0
TR7007,QUA TRINH CHAY NANG CAO,TR,,3,60,45,0,0,0,15,0,LECTURE,,GENERAL,1.0
TR7009,NHIEN LIEU VA NANG LUONG,TR,,2,45,30,0,0,0,15,0,LECTURE,,GENERAL,1.0
TR7011,QUA TRINH CHAY TRONG DON,TR,,3,75,25,20,0,0,30,0,LECTURE,,GENERAL,1.0
TR7013,DIEU KHIEN TU DONG TREN,TR,,3,675,30,15,0,0,225,0,LECTURE,,GENERAL,1.0
TR7015,KY THUAT THIET KE PHUONG,TR,,3,90,15,30,0,0,45,0,LECTURE,,GENERAL,1.0
TR7017,PHUONG PHAP TINH TOAN SO,TR,,3,675,30,15,0,0,225,0,LECTURE,,GENERAL,1.0
TR7019,PHUONG PHAP THUC NGHIEM,TR,,3,675,30,15,0,0,225,0,LECTURE,,GENERAL,1.0
TR7021,NANG LUONG MOI VA NHIEN,TR,,3,75,25,20,0,0,30,0,LECTURE,,GENERAL,1.0
TR7023,MO PHONG DONG CO DOT TRO,TR,,3,75,25,20,0,0,30,0,LECTURE,,GENERAL,1.0
TR7025,PHAN TICH PTHH TRONG THI,TR,,3,90,15,30,0,0,45,0,LECTURE,,GENERAL,1.0
TR7027,HE THONG TRUYEN LUC HIEN,TR,,3,675,30,15,0,0,225,0,LECTURE,,GENERAL,1.0
TR7029,DONG LUC HOC KET CAU NAN,TR,,3,675,30,15,0,0,225,0,LECTURE,,GENERAL,1.0
TR7031,TOI UU HOA THIET KE UNG,TR,,3,75,30,0,0,0,45,0,LECTURE,,GENERAL,1.0
TR7033,DONG ROI VA MO HINH HOA,TR,,3,75,30,0,0,0,45,0,LECTURE,,GENERAL,1.0
TR7035,CO HOC RAN NUT VA MOI CU,TR,,3,75,30,0,0,0,45,0,LECTURE,,GENERAL,1.0
TR7037,THIET KE TOI UU,TR,,3,75,30,0,0,0,45,0,LECTURE,,GENERAL,1.0
TR7039,KHI DONG LUC HOC UNG DUN,TR,,3,675,30,15,0,0,225,0,LECTURE,,GENERAL,1.0
TR7041,MAY THUY KHI,TR,,3,75,30,0,0,0,45,0,LECTURE,,GENERAL,1.0
TR7043,PHUONG PHAP THUC NGHIEM,TR,,3,75,30,0,0,0,45,0,LECTURE,,GENERAL,1.0
U31265,COMMUNICATION FOR IT PRO,U3,,38,90,45,0,0,0,45,0,LECTURE,,GENERAL,1.0
U31268,WEB SYSTEMS,U3,,38,105,30,0,30,0,45,0,LECTURE,U3126T,GENERAL,1.0
U31269,BUSINESS REQUIREMENTS MO,U3,,38,105,30,30,0,0,45,0,LECTURE,U3126T,GENERAL,1.0
U33130,MATHEMATICS 1,U3,,38,105,30,30,0,0,45,0,LECTURE,,GENERAL,1.0
U3313T,MATHEMATICS 1 (TUTORIAL),U3,,0,0,0,30,0,0,0,0,PRACTICAL,,GENERAL,1.0
U33230,MATHEMATICS 2,U3,,38,105,30,30,0,0,45,0,LECTURE,U3323T,GENERAL,1.0
U37181,DISCRETE MATHEMATICS,U3,,38,105,30,0,30,0,45,0,LECTURE,U3718L,GENERAL,1.0
U3718L,DISCRETE MATHEMATICS (LA,U3,,0,0,0,0,30,0,0,0,LAB,,GENERAL,1.0
U41039,PROGRAMMING 1,U4,,38,105,30,0,30,0,45,0,LECTURE,U4123L,GENERAL,1.0
U4103L,PROGRAMMING 1 (LAB),U4,,0,0,0,0,30,0,0,0,LAB,,GENERAL,1.0
U41092,NETWORK FUNDAMENTALS,U4,,38,105,30,0,30,0,45,0,LECTURE,U4109T,GENERAL,1.0
U4109T,NETWORK FUNDAMENTALS(Tut,U4,,0,0,0,0,30,0,0,0,LAB,,GENERAL,1.0
